raceId,driverId,constructorId,circuitId,statusId,year,round,date,driverRef,code,forename,surname,driver_nationality,constructorRef,constructor_name,constructor_nationality,circuit_name,race_name,location,country,alt,length_km,race_distance_km,is_night_race,track_type,laps,milliseconds,position,points,sprint_position,sprint_points
926,1,131,1,1,2015,1,2015-03-15,hamilton,HAM,Lewis,Hamilton,British,mercedes,Mercedes,German,Albert Park Grand Prix Circuit,Australian Grand Prix,Melbourne,Australia,10,5.278,306.124,False,balanced,58,5514067,1,25.0,,
926,3,131,1,1,2015,1,2015-03-15,rosberg,ROS,Nico,Rosberg,German,mercedes,Mercedes,German,Albert Park Grand Prix Circuit,Australian Grand Prix,Melbourne,Australia,10,5.278,306.124,False,balanced,58,5515427,2,18.0,,
926,20,6,1,1,2015,1,2015-03-15,vettel,VET,Sebastian,Vettel,German,ferrari,Ferrari,Italian,Albert Park Grand Prix Circuit,Australian Grand Prix,Melbourne,Australia,10,5.278,306.124,False,balanced,58,5548590,3,15.0,,
926,13,3,1,1,2015,1,2015-03-15,massa,MAS,Felipe,Massa,Brazilian,williams,Williams,British,Albert Park Grand Prix Circuit,Australian Grand Prix,Melbourne,Australia,10,5.278,306.124,False,balanced,58,5552263,4,12.0,,
926,831,15,1,1,2015,1,2015-03-15,nasr,NAS,Felipe,Nasr,Brazilian,sauber,Sauber,Swiss,Albert Park Grand Prix Circuit,Australian Grand Prix,Melbourne,Australia,10,5.278,306.124,False,balanced,58,5609216,5,10.0,,
926,817,9,1,11,2015,1,2015-03-15,ricciardo,RIC,Daniel,Ricciardo,Australian,red_bull,Red Bull,Austrian,Albert Park Grand Prix Circuit,Australian Grand Prix,Melbourne,Australia,10,5.278,306.124,False,balanced,57,\N,6,8.0,,
926,807,10,1,11,2015,1,2015-03-15,hulkenberg,HUL,Nico,Hülkenberg,German,force_india,Force India,Indian,Albert Park Grand Prix Circuit,Australian Grand Prix,Melbourne,Australia,10,5.278,306.124,False,balanced,57,\N,7,6.0,,
926,828,15,1,11,2015,1,2015-03-15,ericsson,ERI,Marcus,Ericsson,Swedish,sauber,Sauber,Swiss,Albert Park Grand Prix Circuit,Australian Grand Prix,Melbourne,Australia,10,5.278,306.124,False,balanced,57,\N,8,4.0,,
926,832,5,1,11,2015,1,2015-03-15,sainz,SAI,Carlos,Sainz,Spanish,toro_rosso,Toro Rosso,Italian,Albert Park Grand Prix Circuit,Australian Grand Prix,Melbourne,Australia,10,5.278,306.124,False,balanced,57,\N,9,2.0,,
926,815,10,1,11,2015,1,2015-03-15,perez,PER,Sergio,Pérez,Mexican,force_india,Force India,Indian,Albert Park Grand Prix Circuit,Australian Grand Prix,Melbourne,Australia,10,5.278,306.124,False,balanced,57,\N,10,1.0,,
926,18,1,1,12,2015,1,2015-03-15,button,BUT,Jenson,Button,British,mclaren,McLaren,British,Albert Park Grand Prix Circuit,Australian Grand Prix,Melbourne,Australia,10,5.278,306.124,False,balanced,56,\N,11,0.0,,
926,8,6,1,36,2015,1,2015-03-15,raikkonen,RAI,Kimi,Räikkönen,Finnish,ferrari,Ferrari,Italian,Albert Park Grand Prix Circuit,Australian Grand Prix,Melbourne,Australia,10,5.278,306.124,False,balanced,40,\N,\N,0.0,,
926,830,5,1,5,2015,1,2015-03-15,max_verstappen,VER,Max,Verstappen,Dutch,toro_rosso,Toro Rosso,Italian,Albert Park Grand Prix Circuit,Australian Grand Prix,Melbourne,Australia,10,5.278,306.124,False,balanced,32,\N,\N,0.0,,
926,154,208,1,75,2015,1,2015-03-15,grosjean,GRO,Romain,Grosjean,French,lotus_f1,Lotus F1,British,Albert Park Grand Prix Circuit,Australian Grand Prix,Melbourne,Australia,10,5.278,306.124,False,balanced,0,\N,\N,0.0,,
926,813,208,1,3,2015,1,2015-03-15,maldonado,MAL,Pastor,Maldonado,Venezuelan,lotus_f1,Lotus F1,British,Albert Park Grand Prix Circuit,Australian Grand Prix,Melbourne,Australia,10,5.278,306.124,False,balanced,0,\N,\N,0.0,,
926,826,9,1,54,2015,1,2015-03-15,kvyat,KVY,Daniil,Kvyat,Russian,red_bull,Red Bull,Austrian,Albert Park Grand Prix Circuit,Australian Grand Prix,Melbourne,Australia,10,5.278,306.124,False,balanced,0,\N,\N,0.0,,
926,825,1,1,54,2015,1,2015-03-15,kevin_magnussen,MAG,Kevin,Magnussen,Danish,mclaren,McLaren,British,Albert Park Grand Prix Circuit,Australian Grand Prix,Melbourne,Australia,10,5.278,306.124,False,balanced,0,\N,\N,0.0,,
926,822,3,1,54,2015,1,2015-03-15,bottas,BOT,Valtteri,Bottas,Finnish,williams,Williams,British,Albert Park Grand Prix Circuit,Australian Grand Prix,Melbourne,Australia,10,5.278,306.124,False,balanced,0,\N,\N,0.0,,
927,20,6,2,1,2015,2,2015-03-29,vettel,VET,Sebastian,Vettel,German,ferrari,Ferrari,Italian,Sepang International Circuit,Malaysian Grand Prix,Kuala Lumpur,Malaysia,18,5.543,310.408,False,balanced,56,6065793,1,25.0,,
927,1,131,2,1,2015,2,2015-03-29,hamilton,HAM,Lewis,Hamilton,British,mercedes,Mercedes,German,Sepang International Circuit,Malaysian Grand Prix,Kuala Lumpur,Malaysia,18,5.543,310.408,False,balanced,56,6074362,2,18.0,,
927,3,131,2,1,2015,2,2015-03-29,rosberg,ROS,Nico,Rosberg,German,mercedes,Mercedes,German,Sepang International Circuit,Malaysian Grand Prix,Kuala Lumpur,Malaysia,18,5.543,310.408,False,balanced,56,6078103,3,15.0,,
927,8,6,2,1,2015,2,2015-03-29,raikkonen,RAI,Kimi,Räikkönen,Finnish,ferrari,Ferrari,Italian,Sepang International Circuit,Malaysian Grand Prix,Kuala Lumpur,Malaysia,18,5.543,310.408,False,balanced,56,6119615,4,12.0,,
927,822,3,2,1,2015,2,2015-03-29,bottas,BOT,Valtteri,Bottas,Finnish,williams,Williams,British,Sepang International Circuit,Malaysian Grand Prix,Kuala Lumpur,Malaysia,18,5.543,310.408,False,balanced,56,6136202,5,10.0,,
927,13,3,2,1,2015,2,2015-03-29,massa,MAS,Felipe,Massa,Brazilian,williams,Williams,British,Sepang International Circuit,Malaysian Grand Prix,Kuala Lumpur,Malaysia,18,5.543,310.408,False,balanced,56,6139379,6,8.0,,
927,830,5,2,1,2015,2,2015-03-29,max_verstappen,VER,Max,Verstappen,Dutch,toro_rosso,Toro Rosso,Italian,Sepang International Circuit,Malaysian Grand Prix,Kuala Lumpur,Malaysia,18,5.543,310.408,False,balanced,56,6163555,7,6.0,,
927,832,5,2,11,2015,2,2015-03-29,sainz,SAI,Carlos,Sainz,Spanish,toro_rosso,Toro Rosso,Italian,Sepang International Circuit,Malaysian Grand Prix,Kuala Lumpur,Malaysia,18,5.543,310.408,False,balanced,55,\N,8,4.0,,
927,826,9,2,11,2015,2,2015-03-29,kvyat,KVY,Daniil,Kvyat,Russian,red_bull,Red Bull,Austrian,Sepang International Circuit,Malaysian Grand Prix,Kuala Lumpur,Malaysia,18,5.543,310.408,False,balanced,55,\N,9,2.0,,
927,817,9,2,11,2015,2,2015-03-29,ricciardo,RIC,Daniel,Ricciardo,Australian,red_bull,Red Bull,Austrian,Sepang International Circuit,Malaysian Grand Prix,Kuala Lumpur,Malaysia,18,5.543,310.408,False,balanced,55,\N,10,1.0,,
927,154,208,2,11,2015,2,2015-03-29,grosjean,GRO,Romain,Grosjean,French,lotus_f1,Lotus F1,British,Sepang International Circuit,Malaysian Grand Prix,Kuala Lumpur,Malaysia,18,5.543,310.408,False,balanced,55,\N,11,0.0,,
927,831,15,2,11,2015,2,2015-03-29,nasr,NAS,Felipe,Nasr,Brazilian,sauber,Sauber,Swiss,Sepang International Circuit,Malaysian Grand Prix,Kuala Lumpur,Malaysia,18,5.543,310.408,False,balanced,55,\N,12,0.0,,
927,815,10,2,11,2015,2,2015-03-29,perez,PER,Sergio,Pérez,Mexican,force_india,Force India,Indian,Sepang International Circuit,Malaysian Grand Prix,Kuala Lumpur,Malaysia,18,5.543,310.408,False,balanced,55,\N,13,0.0,,
927,807,10,2,11,2015,2,2015-03-29,hulkenberg,HUL,Nico,Hülkenberg,German,force_india,Force India,Indian,Sepang International Circuit,Malaysian Grand Prix,Kuala Lumpur,Malaysia,18,5.543,310.408,False,balanced,55,\N,14,0.0,,
927,833,209,2,13,2015,2,2015-03-29,merhi,MER,Roberto,Merhi,Spanish,manor,Manor Marussia,British,Sepang International Circuit,Malaysian Grand Prix,Kuala Lumpur,Malaysia,18,5.543,310.408,False,balanced,53,\N,15,0.0,,
927,813,208,2,31,2015,2,2015-03-29,maldonado,MAL,Pastor,Maldonado,Venezuelan,lotus_f1,Lotus F1,British,Sepang International Circuit,Malaysian Grand Prix,Kuala Lumpur,Malaysia,18,5.543,310.408,False,balanced,47,\N,\N,0.0,,
927,18,1,2,101,2015,2,2015-03-29,button,BUT,Jenson,Button,British,mclaren,McLaren,British,Sepang International Circuit,Malaysian Grand Prix,Kuala Lumpur,Malaysia,18,5.543,310.408,False,balanced,41,\N,\N,0.0,,
927,4,1,2,132,2015,2,2015-03-29,alonso,ALO,Fernando,Alonso,Spanish,mclaren,McLaren,British,Sepang International Circuit,Malaysian Grand Prix,Kuala Lumpur,Malaysia,18,5.543,310.408,False,balanced,21,\N,\N,0.0,,
927,828,15,2,20,2015,2,2015-03-29,ericsson,ERI,Marcus,Ericsson,Swedish,sauber,Sauber,Swiss,Sepang International Circuit,Malaysian Grand Prix,Kuala Lumpur,Malaysia,18,5.543,310.408,False,balanced,3,\N,\N,0.0,,
927,829,209,2,69,2015,2,2015-03-29,stevens,STE,Will,Stevens,British,manor,Manor Marussia,British,Sepang International Circuit,Malaysian Grand Prix,Kuala Lumpur,Malaysia,18,5.543,310.408,False,balanced,0,\N,\N,0.0,,
928,1,131,17,1,2015,3,2015-04-12,hamilton,HAM,Lewis,Hamilton,British,mercedes,Mercedes,German,Shanghai International Circuit,Chinese Grand Prix,Shanghai,China,5,5.451,305.256,False,balanced,56,5982008,1,25.0,,
928,3,131,17,1,2015,3,2015-04-12,rosberg,ROS,Nico,Rosberg,German,mercedes,Mercedes,German,Shanghai International Circuit,Chinese Grand Prix,Shanghai,China,5,5.451,305.256,False,balanced,56,5982722,2,18.0,,
928,20,6,17,1,2015,3,2015-04-12,vettel,VET,Sebastian,Vettel,German,ferrari,Ferrari,Italian,Shanghai International Circuit,Chinese Grand Prix,Shanghai,China,5,5.451,305.256,False,balanced,56,5984996,3,15.0,,
928,8,6,17,1,2015,3,2015-04-12,raikkonen,RAI,Kimi,Räikkönen,Finnish,ferrari,Ferrari,Italian,Shanghai International Circuit,Chinese Grand Prix,Shanghai,China,5,5.451,305.256,False,balanced,56,5985843,4,12.0,,
928,13,3,17,1,2015,3,2015-04-12,massa,MAS,Felipe,Massa,Brazilian,williams,Williams,British,Shanghai International Circuit,Chinese Grand Prix,Shanghai,China,5,5.451,305.256,False,balanced,56,5990552,5,10.0,,
928,822,3,17,1,2015,3,2015-04-12,bottas,BOT,Valtteri,Bottas,Finnish,williams,Williams,British,Shanghai International Circuit,Chinese Grand Prix,Shanghai,China,5,5.451,305.256,False,balanced,56,5991893,6,8.0,,
928,154,208,17,1,2015,3,2015-04-12,grosjean,GRO,Romain,Grosjean,French,lotus_f1,Lotus F1,British,Shanghai International Circuit,Chinese Grand Prix,Shanghai,China,5,5.451,305.256,False,balanced,56,6001016,7,6.0,,
928,831,15,17,1,2015,3,2015-04-12,nasr,NAS,Felipe,Nasr,Brazilian,sauber,Sauber,Swiss,Shanghai International Circuit,Chinese Grand Prix,Shanghai,China,5,5.451,305.256,False,balanced,56,6004633,8,4.0,,
928,817,9,17,1,2015,3,2015-04-12,ricciardo,RIC,Daniel,Ricciardo,Australian,red_bull,Red Bull,Austrian,Shanghai International Circuit,Chinese Grand Prix,Shanghai,China,5,5.451,305.256,False,balanced,56,6014125,9,2.0,,
928,828,15,17,11,2015,3,2015-04-12,ericsson,ERI,Marcus,Ericsson,Swedish,sauber,Sauber,Swiss,Shanghai International Circuit,Chinese Grand Prix,Shanghai,China,5,5.451,305.256,False,balanced,55,\N,10,1.0,,
928,815,10,17,11,2015,3,2015-04-12,perez,PER,Sergio,Pérez,Mexican,force_india,Force India,Indian,Shanghai International Circuit,Chinese Grand Prix,Shanghai,China,5,5.451,305.256,False,balanced,55,\N,11,0.0,,
928,4,1,17,11,2015,3,2015-04-12,alonso,ALO,Fernando,Alonso,Spanish,mclaren,McLaren,British,Shanghai International Circuit,Chinese Grand Prix,Shanghai,China,5,5.451,305.256,False,balanced,55,\N,12,0.0,,
928,832,5,17,11,2015,3,2015-04-12,sainz,SAI,Carlos,Sainz,Spanish,toro_rosso,Toro Rosso,Italian,Shanghai International Circuit,Chinese Grand Prix,Shanghai,China,5,5.451,305.256,False,balanced,55,\N,13,0.0,,
928,18,1,17,11,2015,3,2015-04-12,button,BUT,Jenson,Button,British,mclaren,McLaren,British,Shanghai International Circuit,Chinese Grand Prix,Shanghai,China,5,5.451,305.256,False,balanced,55,\N,14,0.0,,
928,829,209,17,12,2015,3,2015-04-12,stevens,STE,Will,Stevens,British,manor,Manor Marussia,British,Shanghai International Circuit,Chinese Grand Prix,Shanghai,China,5,5.451,305.256,False,balanced,54,\N,15,0.0,,
928,833,209,17,12,2015,3,2015-04-12,merhi,MER,Roberto,Merhi,Spanish,manor,Manor Marussia,British,Shanghai International Circuit,Chinese Grand Prix,Shanghai,China,5,5.451,305.256,False,balanced,54,\N,16,0.0,,
928,830,5,17,7,2015,3,2015-04-12,max_verstappen,VER,Max,Verstappen,Dutch,toro_rosso,Toro Rosso,Italian,Shanghai International Circuit,Chinese Grand Prix,Shanghai,China,5,5.451,305.256,False,balanced,52,\N,17,0.0,,
928,813,208,17,23,2015,3,2015-04-12,maldonado,MAL,Pastor,Maldonado,Venezuelan,lotus_f1,Lotus F1,British,Shanghai International Circuit,Chinese Grand Prix,Shanghai,China,5,5.451,305.256,False,balanced,49,\N,\N,0.0,,
928,826,9,17,131,2015,3,2015-04-12,kvyat,KVY,Daniil,Kvyat,Russian,red_bull,Red Bull,Austrian,Shanghai International Circuit,Chinese Grand Prix,Shanghai,China,5,5.451,305.256,False,balanced,15,\N,\N,0.0,,
928,807,10,17,6,2015,3,2015-04-12,hulkenberg,HUL,Nico,Hülkenberg,German,force_india,Force India,Indian,Shanghai International Circuit,Chinese Grand Prix,Shanghai,China,5,5.451,305.256,False,balanced,9,\N,\N,0.0,,
929,1,131,3,1,2015,4,2015-04-19,hamilton,HAM,Lewis,Hamilton,British,mercedes,Mercedes,German,Bahrain International Circuit,Bahrain Grand Prix,Sakhir,Bahrain,7,5.412,308.484,True,balanced,57,5705809,1,25.0,,
929,8,6,3,1,2015,4,2015-04-19,raikkonen,RAI,Kimi,Räikkönen,Finnish,ferrari,Ferrari,Italian,Bahrain International Circuit,Bahrain Grand Prix,Sakhir,Bahrain,7,5.412,308.484,True,balanced,57,5709189,2,18.0,,
929,3,131,3,1,2015,4,2015-04-19,rosberg,ROS,Nico,Rosberg,German,mercedes,Mercedes,German,Bahrain International Circuit,Bahrain Grand Prix,Sakhir,Bahrain,7,5.412,308.484,True,balanced,57,5711842,3,15.0,,
929,822,3,3,1,2015,4,2015-04-19,bottas,BOT,Valtteri,Bottas,Finnish,williams,Williams,British,Bahrain International Circuit,Bahrain Grand Prix,Sakhir,Bahrain,7,5.412,308.484,True,balanced,57,5748766,4,12.0,,
929,20,6,3,1,2015,4,2015-04-19,vettel,VET,Sebastian,Vettel,German,ferrari,Ferrari,Italian,Bahrain International Circuit,Bahrain Grand Prix,Sakhir,Bahrain,7,5.412,308.484,True,balanced,57,5749798,5,10.0,,
929,817,9,3,1,2015,4,2015-04-19,ricciardo,RIC,Daniel,Ricciardo,Australian,red_bull,Red Bull,Austrian,Bahrain International Circuit,Bahrain Grand Prix,Sakhir,Bahrain,7,5.412,308.484,True,balanced,57,5767560,6,8.0,,
929,154,208,3,1,2015,4,2015-04-19,grosjean,GRO,Romain,Grosjean,French,lotus_f1,Lotus F1,British,Bahrain International Circuit,Bahrain Grand Prix,Sakhir,Bahrain,7,5.412,308.484,True,balanced,57,5790572,7,6.0,,
929,815,10,3,11,2015,4,2015-04-19,perez,PER,Sergio,Pérez,Mexican,force_india,Force India,Indian,Bahrain International Circuit,Bahrain Grand Prix,Sakhir,Bahrain,7,5.412,308.484,True,balanced,56,\N,8,4.0,,
929,826,9,3,11,2015,4,2015-04-19,kvyat,KVY,Daniil,Kvyat,Russian,red_bull,Red Bull,Austrian,Bahrain International Circuit,Bahrain Grand Prix,Sakhir,Bahrain,7,5.412,308.484,True,balanced,56,\N,9,2.0,,
929,13,3,3,11,2015,4,2015-04-19,massa,MAS,Felipe,Massa,Brazilian,williams,Williams,British,Bahrain International Circuit,Bahrain Grand Prix,Sakhir,Bahrain,7,5.412,308.484,True,balanced,56,\N,10,1.0,,
929,4,1,3,11,2015,4,2015-04-19,alonso,ALO,Fernando,Alonso,Spanish,mclaren,McLaren,British,Bahrain International Circuit,Bahrain Grand Prix,Sakhir,Bahrain,7,5.412,308.484,True,balanced,56,\N,11,0.0,,
929,831,15,3,11,2015,4,2015-04-19,nasr,NAS,Felipe,Nasr,Brazilian,sauber,Sauber,Swiss,Bahrain International Circuit,Bahrain Grand Prix,Sakhir,Bahrain,7,5.412,308.484,True,balanced,56,\N,12,0.0,,
929,807,10,3,11,2015,4,2015-04-19,hulkenberg,HUL,Nico,Hülkenberg,German,force_india,Force India,Indian,Bahrain International Circuit,Bahrain Grand Prix,Sakhir,Bahrain,7,5.412,308.484,True,balanced,56,\N,13,0.0,,
929,828,15,3,11,2015,4,2015-04-19,ericsson,ERI,Marcus,Ericsson,Swedish,sauber,Sauber,Swiss,Bahrain International Circuit,Bahrain Grand Prix,Sakhir,Bahrain,7,5.412,308.484,True,balanced,56,\N,14,0.0,,
929,813,208,3,11,2015,4,2015-04-19,maldonado,MAL,Pastor,Maldonado,Venezuelan,lotus_f1,Lotus F1,British,Bahrain International Circuit,Bahrain Grand Prix,Sakhir,Bahrain,7,5.412,308.484,True,balanced,56,\N,15,0.0,,
929,829,209,3,12,2015,4,2015-04-19,stevens,STE,Will,Stevens,British,manor,Manor Marussia,British,Bahrain International Circuit,Bahrain Grand Prix,Sakhir,Bahrain,7,5.412,308.484,True,balanced,55,\N,16,0.0,,
929,833,209,3,13,2015,4,2015-04-19,merhi,MER,Roberto,Merhi,Spanish,manor,Manor Marussia,British,Bahrain International Circuit,Bahrain Grand Prix,Sakhir,Bahrain,7,5.412,308.484,True,balanced,54,\N,17,0.0,,
929,830,5,3,10,2015,4,2015-04-19,max_verstappen,VER,Max,Verstappen,Dutch,toro_rosso,Toro Rosso,Italian,Bahrain International Circuit,Bahrain Grand Prix,Sakhir,Bahrain,7,5.412,308.484,True,balanced,34,\N,\N,0.0,,
929,832,5,3,5,2015,4,2015-04-19,sainz,SAI,Carlos,Sainz,Spanish,toro_rosso,Toro Rosso,Italian,Bahrain International Circuit,Bahrain Grand Prix,Sakhir,Bahrain,7,5.412,308.484,True,balanced,29,\N,\N,0.0,,
929,18,1,3,132,2015,4,2015-04-19,button,BUT,Jenson,Button,British,mclaren,McLaren,British,Bahrain International Circuit,Bahrain Grand Prix,Sakhir,Bahrain,7,5.412,308.484,True,balanced,0,\N,\N,0.0,,
930,3,131,4,1,2015,5,2015-05-10,rosberg,ROS,Nico,Rosberg,German,mercedes,Mercedes,German,Circuit de Barcelona-Catalunya,Spanish Grand Prix,Montmeló,Spain,109,4.657,307.362,False,balanced,66,6072555,1,25.0,,
930,1,131,4,1,2015,5,2015-05-10,hamilton,HAM,Lewis,Hamilton,British,mercedes,Mercedes,German,Circuit de Barcelona-Catalunya,Spanish Grand Prix,Montmeló,Spain,109,4.657,307.362,False,balanced,66,6090106,2,18.0,,
930,20,6,4,1,2015,5,2015-05-10,vettel,VET,Sebastian,Vettel,German,ferrari,Ferrari,Italian,Circuit de Barcelona-Catalunya,Spanish Grand Prix,Montmeló,Spain,109,4.657,307.362,False,balanced,66,6117897,3,15.0,,
930,822,3,4,1,2015,5,2015-05-10,bottas,BOT,Valtteri,Bottas,Finnish,williams,Williams,British,Circuit de Barcelona-Catalunya,Spanish Grand Prix,Montmeló,Spain,109,4.657,307.362,False,balanced,66,6131772,4,12.0,,
930,8,6,4,1,2015,5,2015-05-10,raikkonen,RAI,Kimi,Räikkönen,Finnish,ferrari,Ferrari,Italian,Circuit de Barcelona-Catalunya,Spanish Grand Prix,Montmeló,Spain,109,4.657,307.362,False,balanced,66,6132557,5,10.0,,
930,13,3,4,1,2015,5,2015-05-10,massa,MAS,Felipe,Massa,Brazilian,williams,Williams,British,Circuit de Barcelona-Catalunya,Spanish Grand Prix,Montmeló,Spain,109,4.657,307.362,False,balanced,66,6153869,6,8.0,,
930,817,9,4,11,2015,5,2015-05-10,ricciardo,RIC,Daniel,Ricciardo,Australian,red_bull,Red Bull,Austrian,Circuit de Barcelona-Catalunya,Spanish Grand Prix,Montmeló,Spain,109,4.657,307.362,False,balanced,65,\N,7,6.0,,
930,154,208,4,11,2015,5,2015-05-10,grosjean,GRO,Romain,Grosjean,French,lotus_f1,Lotus F1,British,Circuit de Barcelona-Catalunya,Spanish Grand Prix,Montmeló,Spain,109,4.657,307.362,False,balanced,65,\N,8,4.0,,
930,832,5,4,11,2015,5,2015-05-10,sainz,SAI,Carlos,Sainz,Spanish,toro_rosso,Toro Rosso,Italian,Circuit de Barcelona-Catalunya,Spanish Grand Prix,Montmeló,Spain,109,4.657,307.362,False,balanced,65,\N,9,2.0,,
930,826,9,4,11,2015,5,2015-05-10,kvyat,KVY,Daniil,Kvyat,Russian,red_bull,Red Bull,Austrian,Circuit de Barcelona-Catalunya,Spanish Grand Prix,Montmeló,Spain,109,4.657,307.362,False,balanced,65,\N,10,1.0,,
930,830,5,4,11,2015,5,2015-05-10,max_verstappen,VER,Max,Verstappen,Dutch,toro_rosso,Toro Rosso,Italian,Circuit de Barcelona-Catalunya,Spanish Grand Prix,Montmeló,Spain,109,4.657,307.362,False,balanced,65,\N,11,0.0,,
930,831,15,4,11,2015,5,2015-05-10,nasr,NAS,Felipe,Nasr,Brazilian,sauber,Sauber,Swiss,Circuit de Barcelona-Catalunya,Spanish Grand Prix,Montmeló,Spain,109,4.657,307.362,False,balanced,65,\N,12,0.0,,
930,815,10,4,11,2015,5,2015-05-10,perez,PER,Sergio,Pérez,Mexican,force_india,Force India,Indian,Circuit de Barcelona-Catalunya,Spanish Grand Prix,Montmeló,Spain,109,4.657,307.362,False,balanced,65,\N,13,0.0,,
930,828,15,4,11,2015,5,2015-05-10,ericsson,ERI,Marcus,Ericsson,Swedish,sauber,Sauber,Swiss,Circuit de Barcelona-Catalunya,Spanish Grand Prix,Montmeló,Spain,109,4.657,307.362,False,balanced,65,\N,14,0.0,,
930,807,10,4,11,2015,5,2015-05-10,hulkenberg,HUL,Nico,Hülkenberg,German,force_india,Force India,Indian,Circuit de Barcelona-Catalunya,Spanish Grand Prix,Montmeló,Spain,109,4.657,307.362,False,balanced,65,\N,15,0.0,,
930,18,1,4,11,2015,5,2015-05-10,button,BUT,Jenson,Button,British,mclaren,McLaren,British,Circuit de Barcelona-Catalunya,Spanish Grand Prix,Montmeló,Spain,109,4.657,307.362,False,balanced,65,\N,16,0.0,,
930,829,209,4,13,2015,5,2015-05-10,stevens,STE,Will,Stevens,British,manor,Manor Marussia,British,Circuit de Barcelona-Catalunya,Spanish Grand Prix,Montmeló,Spain,109,4.657,307.362,False,balanced,63,\N,17,0.0,,
930,833,209,4,14,2015,5,2015-05-10,merhi,MER,Roberto,Merhi,Spanish,manor,Manor Marussia,British,Circuit de Barcelona-Catalunya,Spanish Grand Prix,Montmeló,Spain,109,4.657,307.362,False,balanced,62,\N,18,0.0,,
930,813,208,4,3,2015,5,2015-05-10,maldonado,MAL,Pastor,Maldonado,Venezuelan,lotus_f1,Lotus F1,British,Circuit de Barcelona-Catalunya,Spanish Grand Prix,Montmeló,Spain,109,4.657,307.362,False,balanced,45,\N,\N,0.0,,
930,4,1,4,23,2015,5,2015-05-10,alonso,ALO,Fernando,Alonso,Spanish,mclaren,McLaren,British,Circuit de Barcelona-Catalunya,Spanish Grand Prix,Montmeló,Spain,109,4.657,307.362,False,balanced,26,\N,\N,0.0,,
931,3,131,6,1,2015,6,2015-05-24,rosberg,ROS,Nico,Rosberg,German,mercedes,Mercedes,German,Circuit de Monaco,Monaco Grand Prix,Monte-Carlo,Monaco,7,3.337,260.286,False,technical,78,6558420,1,25.0,,
931,20,6,6,1,2015,6,2015-05-24,vettel,VET,Sebastian,Vettel,German,ferrari,Ferrari,Italian,Circuit de Monaco,Monaco Grand Prix,Monte-Carlo,Monaco,7,3.337,260.286,False,technical,78,6562906,2,18.0,,
931,1,131,6,1,2015,6,2015-05-24,hamilton,HAM,Lewis,Hamilton,British,mercedes,Mercedes,German,Circuit de Monaco,Monaco Grand Prix,Monte-Carlo,Monaco,7,3.337,260.286,False,technical,78,6564473,3,15.0,,
931,826,9,6,1,2015,6,2015-05-24,kvyat,KVY,Daniil,Kvyat,Russian,red_bull,Red Bull,Austrian,Circuit de Monaco,Monaco Grand Prix,Monte-Carlo,Monaco,7,3.337,260.286,False,technical,78,6570385,4,12.0,,
931,817,9,6,1,2015,6,2015-05-24,ricciardo,RIC,Daniel,Ricciardo,Australian,red_bull,Red Bull,Austrian,Circuit de Monaco,Monaco Grand Prix,Monte-Carlo,Monaco,7,3.337,260.286,False,technical,78,6572028,5,10.0,,
931,8,6,6,1,2015,6,2015-05-24,raikkonen,RAI,Kimi,Räikkönen,Finnish,ferrari,Ferrari,Italian,Circuit de Monaco,Monaco Grand Prix,Monte-Carlo,Monaco,7,3.337,260.286,False,technical,78,6572765,6,8.0,,
931,815,10,6,1,2015,6,2015-05-24,perez,PER,Sergio,Pérez,Mexican,force_india,Force India,Indian,Circuit de Monaco,Monaco Grand Prix,Monte-Carlo,Monaco,7,3.337,260.286,False,technical,78,6573433,7,6.0,,
931,18,1,6,1,2015,6,2015-05-24,button,BUT,Jenson,Button,British,mclaren,McLaren,British,Circuit de Monaco,Monaco Grand Prix,Monte-Carlo,Monaco,7,3.337,260.286,False,technical,78,6574483,8,4.0,,
931,831,15,6,1,2015,6,2015-05-24,nasr,NAS,Felipe,Nasr,Brazilian,sauber,Sauber,Swiss,Circuit de Monaco,Monaco Grand Prix,Monte-Carlo,Monaco,7,3.337,260.286,False,technical,78,6582046,9,2.0,,
931,832,5,6,1,2015,6,2015-05-24,sainz,SAI,Carlos,Sainz,Spanish,toro_rosso,Toro Rosso,Italian,Circuit de Monaco,Monaco Grand Prix,Monte-Carlo,Monaco,7,3.337,260.286,False,technical,78,6583476,10,1.0,,
931,807,10,6,1,2015,6,2015-05-24,hulkenberg,HUL,Nico,Hülkenberg,German,force_india,Force India,Indian,Circuit de Monaco,Monaco Grand Prix,Monte-Carlo,Monaco,7,3.337,260.286,False,technical,78,6584652,11,0.0,,
931,154,208,6,1,2015,6,2015-05-24,grosjean,GRO,Romain,Grosjean,French,lotus_f1,Lotus F1,British,Circuit de Monaco,Monaco Grand Prix,Monte-Carlo,Monaco,7,3.337,260.286,False,technical,78,6586835,12,0.0,,
931,828,15,6,1,2015,6,2015-05-24,ericsson,ERI,Marcus,Ericsson,Swedish,sauber,Sauber,Swiss,Circuit de Monaco,Monaco Grand Prix,Monte-Carlo,Monaco,7,3.337,260.286,False,technical,78,6589579,13,0.0,,
931,822,3,6,1,2015,6,2015-05-24,bottas,BOT,Valtteri,Bottas,Finnish,williams,Williams,British,Circuit de Monaco,Monaco Grand Prix,Monte-Carlo,Monaco,7,3.337,260.286,False,technical,78,6604209,14,0.0,,
931,13,3,6,11,2015,6,2015-05-24,massa,MAS,Felipe,Massa,Brazilian,williams,Williams,British,Circuit de Monaco,Monaco Grand Prix,Monte-Carlo,Monaco,7,3.337,260.286,False,technical,77,\N,15,0.0,,
931,833,209,6,12,2015,6,2015-05-24,merhi,MER,Roberto,Merhi,Spanish,manor,Manor Marussia,British,Circuit de Monaco,Monaco Grand Prix,Monte-Carlo,Monaco,7,3.337,260.286,False,technical,76,\N,16,0.0,,
931,829,209,6,12,2015,6,2015-05-24,stevens,STE,Will,Stevens,British,manor,Manor Marussia,British,Circuit de Monaco,Monaco Grand Prix,Monte-Carlo,Monaco,7,3.337,260.286,False,technical,76,\N,17,0.0,,
931,830,5,6,3,2015,6,2015-05-24,max_verstappen,VER,Max,Verstappen,Dutch,toro_rosso,Toro Rosso,Italian,Circuit de Monaco,Monaco Grand Prix,Monte-Carlo,Monaco,7,3.337,260.286,False,technical,62,\N,\N,0.0,,
931,4,1,6,6,2015,6,2015-05-24,alonso,ALO,Fernando,Alonso,Spanish,mclaren,McLaren,British,Circuit de Monaco,Monaco Grand Prix,Monte-Carlo,Monaco,7,3.337,260.286,False,technical,41,\N,\N,0.0,,
931,813,208,6,23,2015,6,2015-05-24,maldonado,MAL,Pastor,Maldonado,Venezuelan,lotus_f1,Lotus F1,British,Circuit de Monaco,Monaco Grand Prix,Monte-Carlo,Monaco,7,3.337,260.286,False,technical,5,\N,\N,0.0,,
932,1,131,7,1,2015,7,2015-06-07,hamilton,HAM,Lewis,Hamilton,British,mercedes,Mercedes,German,Circuit Gilles Villeneuve,Canadian Grand Prix,Montreal,Canada,13,4.361,305.27,False,balanced,70,5513145,1,25.0,,
932,3,131,7,1,2015,7,2015-06-07,rosberg,ROS,Nico,Rosberg,German,mercedes,Mercedes,German,Circuit Gilles Villeneuve,Canadian Grand Prix,Montreal,Canada,13,4.361,305.27,False,balanced,70,5515430,2,18.0,,
932,822,3,7,1,2015,7,2015-06-07,bottas,BOT,Valtteri,Bottas,Finnish,williams,Williams,British,Circuit Gilles Villeneuve,Canadian Grand Prix,Montreal,Canada,13,4.361,305.27,False,balanced,70,5553811,3,15.0,,
932,8,6,7,1,2015,7,2015-06-07,raikkonen,RAI,Kimi,Räikkönen,Finnish,ferrari,Ferrari,Italian,Circuit Gilles Villeneuve,Canadian Grand Prix,Montreal,Canada,13,4.361,305.27,False,balanced,70,5558770,4,12.0,,
932,20,6,7,1,2015,7,2015-06-07,vettel,VET,Sebastian,Vettel,German,ferrari,Ferrari,Italian,Circuit Gilles Villeneuve,Canadian Grand Prix,Montreal,Canada,13,4.361,305.27,False,balanced,70,5563048,5,10.0,,
932,13,3,7,1,2015,7,2015-06-07,massa,MAS,Felipe,Massa,Brazilian,williams,Williams,British,Circuit Gilles Villeneuve,Canadian Grand Prix,Montreal,Canada,13,4.361,305.27,False,balanced,70,5569526,6,8.0,,
932,813,208,7,1,2015,7,2015-06-07,maldonado,MAL,Pastor,Maldonado,Venezuelan,lotus_f1,Lotus F1,British,Circuit Gilles Villeneuve,Canadian Grand Prix,Montreal,Canada,13,4.361,305.27,False,balanced,70,5579809,7,6.0,,
932,807,10,7,11,2015,7,2015-06-07,hulkenberg,HUL,Nico,Hülkenberg,German,force_india,Force India,Indian,Circuit Gilles Villeneuve,Canadian Grand Prix,Montreal,Canada,13,4.361,305.27,False,balanced,69,\N,8,4.0,,
932,826,9,7,11,2015,7,2015-06-07,kvyat,KVY,Daniil,Kvyat,Russian,red_bull,Red Bull,Austrian,Circuit Gilles Villeneuve,Canadian Grand Prix,Montreal,Canada,13,4.361,305.27,False,balanced,69,\N,9,2.0,,
932,154,208,7,11,2015,7,2015-06-07,grosjean,GRO,Romain,Grosjean,French,lotus_f1,Lotus F1,British,Circuit Gilles Villeneuve,Canadian Grand Prix,Montreal,Canada,13,4.361,305.27,False,balanced,69,\N,10,1.0,,
932,815,10,7,11,2015,7,2015-06-07,perez,PER,Sergio,Pérez,Mexican,force_india,Force India,Indian,Circuit Gilles Villeneuve,Canadian Grand Prix,Montreal,Canada,13,4.361,305.27,False,balanced,69,\N,11,0.0,,
932,832,5,7,11,2015,7,2015-06-07,sainz,SAI,Carlos,Sainz,Spanish,toro_rosso,Toro Rosso,Italian,Circuit Gilles Villeneuve,Canadian Grand Prix,Montreal,Canada,13,4.361,305.27,False,balanced,69,\N,12,0.0,,
932,817,9,7,11,2015,7,2015-06-07,ricciardo,RIC,Daniel,Ricciardo,Australian,red_bull,Red Bull,Austrian,Circuit Gilles Villeneuve,Canadian Grand Prix,Montreal,Canada,13,4.361,305.27,False,balanced,69,\N,13,0.0,,
932,828,15,7,11,2015,7,2015-06-07,ericsson,ERI,Marcus,Ericsson,Swedish,sauber,Sauber,Swiss,Circuit Gilles Villeneuve,Canadian Grand Prix,Montreal,Canada,13,4.361,305.27,False,balanced,69,\N,14,0.0,,
932,830,5,7,11,2015,7,2015-06-07,max_verstappen,VER,Max,Verstappen,Dutch,toro_rosso,Toro Rosso,Italian,Circuit Gilles Villeneuve,Canadian Grand Prix,Montreal,Canada,13,4.361,305.27,False,balanced,69,\N,15,0.0,,
932,831,15,7,12,2015,7,2015-06-07,nasr,NAS,Felipe,Nasr,Brazilian,sauber,Sauber,Swiss,Circuit Gilles Villeneuve,Canadian Grand Prix,Montreal,Canada,13,4.361,305.27,False,balanced,68,\N,16,0.0,,
932,829,209,7,14,2015,7,2015-06-07,stevens,STE,Will,Stevens,British,manor,Manor Marussia,British,Circuit Gilles Villeneuve,Canadian Grand Prix,Montreal,Canada,13,4.361,305.27,False,balanced,66,\N,17,0.0,,
932,833,209,7,31,2015,7,2015-06-07,merhi,MER,Roberto,Merhi,Spanish,manor,Manor Marussia,British,Circuit Gilles Villeneuve,Canadian Grand Prix,Montreal,Canada,13,4.361,305.27,False,balanced,57,\N,\N,0.0,,
932,18,1,7,31,2015,7,2015-06-07,button,BUT,Jenson,Button,British,mclaren,McLaren,British,Circuit Gilles Villeneuve,Canadian Grand Prix,Montreal,Canada,13,4.361,305.27,False,balanced,54,\N,\N,0.0,,
932,4,1,7,5,2015,7,2015-06-07,alonso,ALO,Fernando,Alonso,Spanish,mclaren,McLaren,British,Circuit Gilles Villeneuve,Canadian Grand Prix,Montreal,Canada,13,4.361,305.27,False,balanced,44,\N,\N,0.0,,
933,3,131,70,1,2015,8,2015-06-21,rosberg,ROS,Nico,Rosberg,German,mercedes,Mercedes,German,Red Bull Ring,Austrian Grand Prix,Spielberg,Austria,678,4.326,307.146,False,high_speed,71,5416930,1,25.0,,
933,1,131,70,1,2015,8,2015-06-21,hamilton,HAM,Lewis,Hamilton,British,mercedes,Mercedes,German,Red Bull Ring,Austrian Grand Prix,Spielberg,Austria,678,4.326,307.146,False,high_speed,71,5425730,2,18.0,,
933,13,3,70,1,2015,8,2015-06-21,massa,MAS,Felipe,Massa,Brazilian,williams,Williams,British,Red Bull Ring,Austrian Grand Prix,Spielberg,Austria,678,4.326,307.146,False,high_speed,71,5434503,3,15.0,,
933,20,6,70,1,2015,8,2015-06-21,vettel,VET,Sebastian,Vettel,German,ferrari,Ferrari,Italian,Red Bull Ring,Austrian Grand Prix,Spielberg,Austria,678,4.326,307.146,False,high_speed,71,5435111,4,12.0,,
933,822,3,70,1,2015,8,2015-06-21,bottas,BOT,Valtteri,Bottas,Finnish,williams,Williams,British,Red Bull Ring,Austrian Grand Prix,Spielberg,Austria,678,4.326,307.146,False,high_speed,71,5470534,5,10.0,,
933,807,10,70,1,2015,8,2015-06-21,hulkenberg,HUL,Nico,Hülkenberg,German,force_india,Force India,Indian,Red Bull Ring,Austrian Grand Prix,Spielberg,Austria,678,4.326,307.146,False,high_speed,71,5481005,6,8.0,,
933,813,208,70,11,2015,8,2015-06-21,maldonado,MAL,Pastor,Maldonado,Venezuelan,lotus_f1,Lotus F1,British,Red Bull Ring,Austrian Grand Prix,Spielberg,Austria,678,4.326,307.146,False,high_speed,70,\N,7,6.0,,
933,830,5,70,11,2015,8,2015-06-21,max_verstappen,VER,Max,Verstappen,Dutch,toro_rosso,Toro Rosso,Italian,Red Bull Ring,Austrian Grand Prix,Spielberg,Austria,678,4.326,307.146,False,high_speed,70,\N,8,4.0,,
933,815,10,70,11,2015,8,2015-06-21,perez,PER,Sergio,Pérez,Mexican,force_india,Force India,Indian,Red Bull Ring,Austrian Grand Prix,Spielberg,Austria,678,4.326,307.146,False,high_speed,70,\N,9,2.0,,
933,817,9,70,11,2015,8,2015-06-21,ricciardo,RIC,Daniel,Ricciardo,Australian,red_bull,Red Bull,Austrian,Red Bull Ring,Austrian Grand Prix,Spielberg,Austria,678,4.326,307.146,False,high_speed,70,\N,10,1.0,,
933,831,15,70,11,2015,8,2015-06-21,nasr,NAS,Felipe,Nasr,Brazilian,sauber,Sauber,Swiss,Red Bull Ring,Austrian Grand Prix,Spielberg,Austria,678,4.326,307.146,False,high_speed,70,\N,11,0.0,,
933,826,9,70,11,2015,8,2015-06-21,kvyat,KVY,Daniil,Kvyat,Russian,red_bull,Red Bull,Austrian,Red Bull Ring,Austrian Grand Prix,Spielberg,Austria,678,4.326,307.146,False,high_speed,70,\N,12,0.0,,
933,828,15,70,12,2015,8,2015-06-21,ericsson,ERI,Marcus,Ericsson,Swedish,sauber,Sauber,Swiss,Red Bull Ring,Austrian Grand Prix,Spielberg,Austria,678,4.326,307.146,False,high_speed,69,\N,13,0.0,,
933,833,209,70,13,2015,8,2015-06-21,merhi,MER,Roberto,Merhi,Spanish,manor,Manor Marussia,British,Red Bull Ring,Austrian Grand Prix,Spielberg,Austria,678,4.326,307.146,False,high_speed,68,\N,14,0.0,,
933,154,208,70,6,2015,8,2015-06-21,grosjean,GRO,Romain,Grosjean,French,lotus_f1,Lotus F1,British,Red Bull Ring,Austrian Grand Prix,Spielberg,Austria,678,4.326,307.146,False,high_speed,35,\N,\N,0.0,,
933,832,5,70,75,2015,8,2015-06-21,sainz,SAI,Carlos,Sainz,Spanish,toro_rosso,Toro Rosso,Italian,Red Bull Ring,Austrian Grand Prix,Spielberg,Austria,678,4.326,307.146,False,high_speed,35,\N,\N,0.0,,
933,18,1,70,31,2015,8,2015-06-21,button,BUT,Jenson,Button,British,mclaren,McLaren,British,Red Bull Ring,Austrian Grand Prix,Spielberg,Austria,678,4.326,307.146,False,high_speed,8,\N,\N,0.0,,
933,829,209,70,44,2015,8,2015-06-21,stevens,STE,Will,Stevens,British,manor,Manor Marussia,British,Red Bull Ring,Austrian Grand Prix,Spielberg,Austria,678,4.326,307.146,False,high_speed,1,\N,\N,0.0,,
933,8,6,70,4,2015,8,2015-06-21,raikkonen,RAI,Kimi,Räikkönen,Finnish,ferrari,Ferrari,Italian,Red Bull Ring,Austrian Grand Prix,Spielberg,Austria,678,4.326,307.146,False,high_speed,0,\N,\N,0.0,,
933,4,1,70,4,2015,8,2015-06-21,alonso,ALO,Fernando,Alonso,Spanish,mclaren,McLaren,British,Red Bull Ring,Austrian Grand Prix,Spielberg,Austria,678,4.326,307.146,False,high_speed,0,\N,\N,0.0,,
934,1,131,9,1,2015,9,2015-07-05,hamilton,HAM,Lewis,Hamilton,British,mercedes,Mercedes,German,Silverstone Circuit,British Grand Prix,Silverstone,UK,153,5.891,306.332,False,high_speed,52,5487729,1,25.0,,
934,3,131,9,1,2015,9,2015-07-05,rosberg,ROS,Nico,Rosberg,German,mercedes,Mercedes,German,Silverstone Circuit,British Grand Prix,Silverstone,UK,153,5.891,306.332,False,high_speed,52,5498685,2,18.0,,
934,20,6,9,1,2015,9,2015-07-05,vettel,VET,Sebastian,Vettel,German,ferrari,Ferrari,Italian,Silverstone Circuit,British Grand Prix,Silverstone,UK,153,5.891,306.332,False,high_speed,52,5513172,3,15.0,,
934,13,3,9,1,2015,9,2015-07-05,massa,MAS,Felipe,Massa,Brazilian,williams,Williams,British,Silverstone Circuit,British Grand Prix,Silverstone,UK,153,5.891,306.332,False,high_speed,52,5524568,4,12.0,,
934,822,3,9,1,2015,9,2015-07-05,bottas,BOT,Valtteri,Bottas,Finnish,williams,Williams,British,Silverstone Circuit,British Grand Prix,Silverstone,UK,153,5.891,306.332,False,high_speed,52,5550923,5,10.0,,
934,826,9,9,1,2015,9,2015-07-05,kvyat,KVY,Daniil,Kvyat,Russian,red_bull,Red Bull,Austrian,Silverstone Circuit,British Grand Prix,Silverstone,UK,153,5.891,306.332,False,high_speed,52,5551684,6,8.0,,
934,807,10,9,1,2015,9,2015-07-05,hulkenberg,HUL,Nico,Hülkenberg,German,force_india,Force India,Indian,Silverstone Circuit,British Grand Prix,Silverstone,UK,153,5.891,306.332,False,high_speed,52,5566473,7,6.0,,
934,8,6,9,11,2015,9,2015-07-05,raikkonen,RAI,Kimi,Räikkönen,Finnish,ferrari,Ferrari,Italian,Silverstone Circuit,British Grand Prix,Silverstone,UK,153,5.891,306.332,False,high_speed,51,\N,8,4.0,,
934,815,10,9,11,2015,9,2015-07-05,perez,PER,Sergio,Pérez,Mexican,force_india,Force India,Indian,Silverstone Circuit,British Grand Prix,Silverstone,UK,153,5.891,306.332,False,high_speed,51,\N,9,2.0,,
934,4,1,9,11,2015,9,2015-07-05,alonso,ALO,Fernando,Alonso,Spanish,mclaren,McLaren,British,Silverstone Circuit,British Grand Prix,Silverstone,UK,153,5.891,306.332,False,high_speed,51,\N,10,1.0,,
934,828,15,9,11,2015,9,2015-07-05,ericsson,ERI,Marcus,Ericsson,Swedish,sauber,Sauber,Swiss,Silverstone Circuit,British Grand Prix,Silverstone,UK,153,5.891,306.332,False,high_speed,51,\N,11,0.0,,
934,833,209,9,13,2015,9,2015-07-05,merhi,MER,Roberto,Merhi,Spanish,manor,Manor Marussia,British,Silverstone Circuit,British Grand Prix,Silverstone,UK,153,5.891,306.332,False,high_speed,49,\N,12,0.0,,
934,829,209,9,13,2015,9,2015-07-05,stevens,STE,Will,Stevens,British,manor,Manor Marussia,British,Silverstone Circuit,British Grand Prix,Silverstone,UK,153,5.891,306.332,False,high_speed,49,\N,13,0.0,,
934,832,5,9,10,2015,9,2015-07-05,sainz,SAI,Carlos,Sainz,Spanish,toro_rosso,Toro Rosso,Italian,Silverstone Circuit,British Grand Prix,Silverstone,UK,153,5.891,306.332,False,high_speed,31,\N,\N,0.0,,
934,817,9,9,10,2015,9,2015-07-05,ricciardo,RIC,Daniel,Ricciardo,Australian,red_bull,Red Bull,Austrian,Silverstone Circuit,British Grand Prix,Silverstone,UK,153,5.891,306.332,False,high_speed,21,\N,\N,0.0,,
934,830,5,9,20,2015,9,2015-07-05,max_verstappen,VER,Max,Verstappen,Dutch,toro_rosso,Toro Rosso,Italian,Silverstone Circuit,British Grand Prix,Silverstone,UK,153,5.891,306.332,False,high_speed,3,\N,\N,0.0,,
934,813,208,9,4,2015,9,2015-07-05,maldonado,MAL,Pastor,Maldonado,Venezuelan,lotus_f1,Lotus F1,British,Silverstone Circuit,British Grand Prix,Silverstone,UK,153,5.891,306.332,False,high_speed,0,\N,\N,0.0,,
934,18,1,9,4,2015,9,2015-07-05,button,BUT,Jenson,Button,British,mclaren,McLaren,British,Silverstone Circuit,British Grand Prix,Silverstone,UK,153,5.891,306.332,False,high_speed,0,\N,\N,0.0,,
934,154,208,9,4,2015,9,2015-07-05,grosjean,GRO,Romain,Grosjean,French,lotus_f1,Lotus F1,British,Silverstone Circuit,British Grand Prix,Silverstone,UK,153,5.891,306.332,False,high_speed,0,\N,\N,0.0,,
934,831,15,9,6,2015,9,2015-07-05,nasr,NAS,Felipe,Nasr,Brazilian,sauber,Sauber,Swiss,Silverstone Circuit,British Grand Prix,Silverstone,UK,153,5.891,306.332,False,high_speed,0,\N,\N,0.0,,
936,20,6,11,1,2015,10,2015-07-26,vettel,VET,Sebastian,Vettel,German,ferrari,Ferrari,Italian,Hungaroring,Hungarian Grand Prix,Budapest,Hungary,264,4.381,302.289,False,technical,69,6369985,1,25.0,,
936,826,9,11,1,2015,10,2015-07-26,kvyat,KVY,Daniil,Kvyat,Russian,red_bull,Red Bull,Austrian,Hungaroring,Hungarian Grand Prix,Budapest,Hungary,264,4.381,302.289,False,technical,69,6385733,2,18.0,,
936,817,9,11,1,2015,10,2015-07-26,ricciardo,RIC,Daniel,Ricciardo,Australian,red_bull,Red Bull,Austrian,Hungaroring,Hungarian Grand Prix,Budapest,Hungary,264,4.381,302.289,False,technical,69,6395069,3,15.0,,
936,830,5,11,1,2015,10,2015-07-26,max_verstappen,VER,Max,Verstappen,Dutch,toro_rosso,Toro Rosso,Italian,Hungaroring,Hungarian Grand Prix,Budapest,Hungary,264,4.381,302.289,False,technical,69,6414236,4,12.0,,
936,4,1,11,1,2015,10,2015-07-26,alonso,ALO,Fernando,Alonso,Spanish,mclaren,McLaren,British,Hungaroring,Hungarian Grand Prix,Budapest,Hungary,264,4.381,302.289,False,technical,69,6419064,5,10.0,,
936,1,131,11,1,2015,10,2015-07-26,hamilton,HAM,Lewis,Hamilton,British,mercedes,Mercedes,German,Hungaroring,Hungarian Grand Prix,Budapest,Hungary,264,4.381,302.289,False,technical,69,6422010,6,8.0,,
936,154,208,11,1,2015,10,2015-07-26,grosjean,GRO,Romain,Grosjean,French,lotus_f1,Lotus F1,British,Hungaroring,Hungarian Grand Prix,Budapest,Hungary,264,4.381,302.289,False,technical,69,6428563,7,6.0,,
936,3,131,11,1,2015,10,2015-07-26,rosberg,ROS,Nico,Rosberg,German,mercedes,Mercedes,German,Hungaroring,Hungarian Grand Prix,Budapest,Hungary,264,4.381,302.289,False,technical,69,6428861,8,4.0,,
936,18,1,11,1,2015,10,2015-07-26,button,BUT,Jenson,Button,British,mclaren,McLaren,British,Hungaroring,Hungarian Grand Prix,Budapest,Hungary,264,4.381,302.289,False,technical,69,6437013,9,2.0,,
936,828,15,11,1,2015,10,2015-07-26,ericsson,ERI,Marcus,Ericsson,Swedish,sauber,Sauber,Swiss,Hungaroring,Hungarian Grand Prix,Budapest,Hungary,264,4.381,302.289,False,technical,69,6439115,10,1.0,,
936,831,15,11,1,2015,10,2015-07-26,nasr,NAS,Felipe,Nasr,Brazilian,sauber,Sauber,Swiss,Hungaroring,Hungarian Grand Prix,Budapest,Hungary,264,4.381,302.289,False,technical,69,6443443,11,0.0,,
936,13,3,11,1,2015,10,2015-07-26,massa,MAS,Felipe,Massa,Brazilian,williams,Williams,British,Hungaroring,Hungarian Grand Prix,Budapest,Hungary,264,4.381,302.289,False,technical,69,6444263,12,0.0,,
936,822,3,11,1,2015,10,2015-07-26,bottas,BOT,Valtteri,Bottas,Finnish,williams,Williams,British,Hungaroring,Hungarian Grand Prix,Budapest,Hungary,264,4.381,302.289,False,technical,69,6450213,13,0.0,,
936,813,208,11,1,2015,10,2015-07-26,maldonado,MAL,Pastor,Maldonado,Venezuelan,lotus_f1,Lotus F1,British,Hungaroring,Hungarian Grand Prix,Budapest,Hungary,264,4.381,302.289,False,technical,69,6455127,14,0.0,,
936,833,209,11,12,2015,10,2015-07-26,merhi,MER,Roberto,Merhi,Spanish,manor,Manor Marussia,British,Hungaroring,Hungarian Grand Prix,Budapest,Hungary,264,4.381,302.289,False,technical,67,\N,15,0.0,,
936,829,209,11,14,2015,10,2015-07-26,stevens,STE,Will,Stevens,British,manor,Manor Marussia,British,Hungaroring,Hungarian Grand Prix,Budapest,Hungary,264,4.381,302.289,False,technical,65,\N,16,0.0,,
936,832,5,11,10,2015,10,2015-07-26,sainz,SAI,Carlos,Sainz,Spanish,toro_rosso,Toro Rosso,Italian,Hungaroring,Hungarian Grand Prix,Budapest,Hungary,264,4.381,302.289,False,technical,60,\N,\N,0.0,,
936,8,6,11,131,2015,10,2015-07-26,raikkonen,RAI,Kimi,Räikkönen,Finnish,ferrari,Ferrari,Italian,Hungaroring,Hungarian Grand Prix,Budapest,Hungary,264,4.381,302.289,False,technical,55,\N,\N,0.0,,
936,815,10,11,22,2015,10,2015-07-26,perez,PER,Sergio,Pérez,Mexican,force_india,Force India,Indian,Hungaroring,Hungarian Grand Prix,Budapest,Hungary,264,4.381,302.289,False,technical,53,\N,\N,0.0,,
936,807,10,11,33,2015,10,2015-07-26,hulkenberg,HUL,Nico,Hülkenberg,German,force_india,Force India,Indian,Hungaroring,Hungarian Grand Prix,Budapest,Hungary,264,4.381,302.289,False,technical,41,\N,\N,0.0,,
937,1,131,13,1,2015,11,2015-08-23,hamilton,HAM,Lewis,Hamilton,British,mercedes,Mercedes,German,Circuit de Spa-Francorchamps,Belgian Grand Prix,Spa,Belgium,401,7.004,301.172,False,high_speed,43,5020387,1,25.0,,
937,3,131,13,1,2015,11,2015-08-23,rosberg,ROS,Nico,Rosberg,German,mercedes,Mercedes,German,Circuit de Spa-Francorchamps,Belgian Grand Prix,Spa,Belgium,401,7.004,301.172,False,high_speed,43,5022445,2,18.0,,
937,154,208,13,1,2015,11,2015-08-23,grosjean,GRO,Romain,Grosjean,French,lotus_f1,Lotus F1,British,Circuit de Spa-Francorchamps,Belgian Grand Prix,Spa,Belgium,401,7.004,301.172,False,high_speed,43,5058375,3,15.0,,
937,826,9,13,1,2015,11,2015-08-23,kvyat,KVY,Daniil,Kvyat,Russian,red_bull,Red Bull,Austrian,Circuit de Spa-Francorchamps,Belgian Grand Prix,Spa,Belgium,401,7.004,301.172,False,high_speed,43,5066079,4,12.0,,
937,815,10,13,1,2015,11,2015-08-23,perez,PER,Sergio,Pérez,Mexican,force_india,Force India,Indian,Circuit de Spa-Francorchamps,Belgian Grand Prix,Spa,Belgium,401,7.004,301.172,False,high_speed,43,5074384,5,10.0,,
937,13,3,13,1,2015,11,2015-08-23,massa,MAS,Felipe,Massa,Brazilian,williams,Williams,British,Circuit de Spa-Francorchamps,Belgian Grand Prix,Spa,Belgium,401,7.004,301.172,False,high_speed,43,5075670,6,8.0,,
937,8,6,13,1,2015,11,2015-08-23,raikkonen,RAI,Kimi,Räikkönen,Finnish,ferrari,Ferrari,Italian,Circuit de Spa-Francorchamps,Belgian Grand Prix,Spa,Belgium,401,7.004,301.172,False,high_speed,43,5076090,7,6.0,,
937,830,5,13,1,2015,11,2015-08-23,max_verstappen,VER,Max,Verstappen,Dutch,toro_rosso,Toro Rosso,Italian,Circuit de Spa-Francorchamps,Belgian Grand Prix,Spa,Belgium,401,7.004,301.172,False,high_speed,43,5076463,8,4.0,,
937,822,3,13,131,2015,11,2015-08-23,bottas,BOT,Valtteri,Bottas,Finnish,williams,Williams,British,Circuit de Spa-Francorchamps,Belgian Grand Prix,Spa,Belgium,401,7.004,301.172,False,high_speed,43,5081427,9,2.0,,
937,828,15,13,1,2015,11,2015-08-23,ericsson,ERI,Marcus,Ericsson,Swedish,sauber,Sauber,Swiss,Circuit de Spa-Francorchamps,Belgian Grand Prix,Spa,Belgium,401,7.004,301.172,False,high_speed,43,5111621,10,1.0,,
937,831,15,13,1,2015,11,2015-08-23,nasr,NAS,Felipe,Nasr,Brazilian,sauber,Sauber,Swiss,Circuit de Spa-Francorchamps,Belgian Grand Prix,Spa,Belgium,401,7.004,301.172,False,high_speed,43,5122698,11,0.0,,
937,20,6,13,27,2015,11,2015-08-23,vettel,VET,Sebastian,Vettel,German,ferrari,Ferrari,Italian,Circuit de Spa-Francorchamps,Belgian Grand Prix,Spa,Belgium,401,7.004,301.172,False,high_speed,42,\N,12,0.0,,
937,4,1,13,11,2015,11,2015-08-23,alonso,ALO,Fernando,Alonso,Spanish,mclaren,McLaren,British,Circuit de Spa-Francorchamps,Belgian Grand Prix,Spa,Belgium,401,7.004,301.172,False,high_speed,42,\N,13,0.0,,
937,18,1,13,11,2015,11,2015-08-23,button,BUT,Jenson,Button,British,mclaren,McLaren,British,Circuit de Spa-Francorchamps,Belgian Grand Prix,Spa,Belgium,401,7.004,301.172,False,high_speed,42,\N,14,0.0,,
937,833,209,13,11,2015,11,2015-08-23,merhi,MER,Roberto,Merhi,Spanish,manor,Manor Marussia,British,Circuit de Spa-Francorchamps,Belgian Grand Prix,Spa,Belgium,401,7.004,301.172,False,high_speed,42,\N,15,0.0,,
937,829,209,13,11,2015,11,2015-08-23,stevens,STE,Will,Stevens,British,manor,Manor Marussia,British,Circuit de Spa-Francorchamps,Belgian Grand Prix,Spa,Belgium,401,7.004,301.172,False,high_speed,42,\N,16,0.0,,
937,832,5,13,131,2015,11,2015-08-23,sainz,SAI,Carlos,Sainz,Spanish,toro_rosso,Toro Rosso,Italian,Circuit de Spa-Francorchamps,Belgian Grand Prix,Spa,Belgium,401,7.004,301.172,False,high_speed,32,\N,\N,0.0,,
937,817,9,13,131,2015,11,2015-08-23,ricciardo,RIC,Daniel,Ricciardo,Australian,red_bull,Red Bull,Austrian,Circuit de Spa-Francorchamps,Belgian Grand Prix,Spa,Belgium,401,7.004,301.172,False,high_speed,19,\N,\N,0.0,,
937,813,208,13,5,2015,11,2015-08-23,maldonado,MAL,Pastor,Maldonado,Venezuelan,lotus_f1,Lotus F1,British,Circuit de Spa-Francorchamps,Belgian Grand Prix,Spa,Belgium,401,7.004,301.172,False,high_speed,2,\N,\N,0.0,,
937,807,10,13,75,2015,11,2015-08-23,hulkenberg,HUL,Nico,Hülkenberg,German,force_india,Force India,Indian,Circuit de Spa-Francorchamps,Belgian Grand Prix,Spa,Belgium,401,7.004,301.172,False,high_speed,0,\N,\N,0.0,,
938,1,131,14,1,2015,12,2015-09-06,hamilton,HAM,Lewis,Hamilton,British,mercedes,Mercedes,German,Autodromo Nazionale di Monza,Italian Grand Prix,Monza,Italy,162,5.793,307.029,False,high_speed,53,4680688,1,25.0,,
938,20,6,14,1,2015,12,2015-09-06,vettel,VET,Sebastian,Vettel,German,ferrari,Ferrari,Italian,Autodromo Nazionale di Monza,Italian Grand Prix,Monza,Italy,162,5.793,307.029,False,high_speed,53,4705730,2,18.0,,
938,13,3,14,1,2015,12,2015-09-06,massa,MAS,Felipe,Massa,Brazilian,williams,Williams,British,Autodromo Nazionale di Monza,Italian Grand Prix,Monza,Italy,162,5.793,307.029,False,high_speed,53,4728323,3,15.0,,
938,822,3,14,1,2015,12,2015-09-06,bottas,BOT,Valtteri,Bottas,Finnish,williams,Williams,British,Autodromo Nazionale di Monza,Italian Grand Prix,Monza,Italy,162,5.793,307.029,False,high_speed,53,4728684,4,12.0,,
938,8,6,14,1,2015,12,2015-09-06,raikkonen,RAI,Kimi,Räikkönen,Finnish,ferrari,Ferrari,Italian,Autodromo Nazionale di Monza,Italian Grand Prix,Monza,Italy,162,5.793,307.029,False,high_speed,53,4749548,5,10.0,,
938,815,10,14,1,2015,12,2015-09-06,perez,PER,Sergio,Pérez,Mexican,force_india,Force India,Indian,Autodromo Nazionale di Monza,Italian Grand Prix,Monza,Italy,162,5.793,307.029,False,high_speed,53,4753471,6,8.0,,
938,807,10,14,11,2015,12,2015-09-06,hulkenberg,HUL,Nico,Hülkenberg,German,force_india,Force India,Indian,Autodromo Nazionale di Monza,Italian Grand Prix,Monza,Italy,162,5.793,307.029,False,high_speed,52,\N,7,6.0,,
938,817,9,14,11,2015,12,2015-09-06,ricciardo,RIC,Daniel,Ricciardo,Australian,red_bull,Red Bull,Austrian,Autodromo Nazionale di Monza,Italian Grand Prix,Monza,Italy,162,5.793,307.029,False,high_speed,52,\N,8,4.0,,
938,828,15,14,11,2015,12,2015-09-06,ericsson,ERI,Marcus,Ericsson,Swedish,sauber,Sauber,Swiss,Autodromo Nazionale di Monza,Italian Grand Prix,Monza,Italy,162,5.793,307.029,False,high_speed,52,\N,9,2.0,,
938,826,9,14,11,2015,12,2015-09-06,kvyat,KVY,Daniil,Kvyat,Russian,red_bull,Red Bull,Austrian,Autodromo Nazionale di Monza,Italian Grand Prix,Monza,Italy,162,5.793,307.029,False,high_speed,52,\N,10,1.0,,
938,832,5,14,11,2015,12,2015-09-06,sainz,SAI,Carlos,Sainz,Spanish,toro_rosso,Toro Rosso,Italian,Autodromo Nazionale di Monza,Italian Grand Prix,Monza,Italy,162,5.793,307.029,False,high_speed,52,\N,11,0.0,,
938,830,5,14,11,2015,12,2015-09-06,max_verstappen,VER,Max,Verstappen,Dutch,toro_rosso,Toro Rosso,Italian,Autodromo Nazionale di Monza,Italian Grand Prix,Monza,Italy,162,5.793,307.029,False,high_speed,52,\N,12,0.0,,
938,831,15,14,11,2015,12,2015-09-06,nasr,NAS,Felipe,Nasr,Brazilian,sauber,Sauber,Swiss,Autodromo Nazionale di Monza,Italian Grand Prix,Monza,Italy,162,5.793,307.029,False,high_speed,52,\N,13,0.0,,
938,18,1,14,11,2015,12,2015-09-06,button,BUT,Jenson,Button,British,mclaren,McLaren,British,Autodromo Nazionale di Monza,Italian Grand Prix,Monza,Italy,162,5.793,307.029,False,high_speed,52,\N,14,0.0,,
938,829,209,14,12,2015,12,2015-09-06,stevens,STE,Will,Stevens,British,manor,Manor Marussia,British,Autodromo Nazionale di Monza,Italian Grand Prix,Monza,Italy,162,5.793,307.029,False,high_speed,51,\N,15,0.0,,
938,833,209,14,12,2015,12,2015-09-06,merhi,MER,Roberto,Merhi,Spanish,manor,Manor Marussia,British,Autodromo Nazionale di Monza,Italian Grand Prix,Monza,Italy,162,5.793,307.029,False,high_speed,51,\N,16,0.0,,
938,3,131,14,13,2015,12,2015-09-06,rosberg,ROS,Nico,Rosberg,German,mercedes,Mercedes,German,Autodromo Nazionale di Monza,Italian Grand Prix,Monza,Italy,162,5.793,307.029,False,high_speed,50,\N,17,0.0,,
938,4,1,14,16,2015,12,2015-09-06,alonso,ALO,Fernando,Alonso,Spanish,mclaren,McLaren,British,Autodromo Nazionale di Monza,Italian Grand Prix,Monza,Italy,162,5.793,307.029,False,high_speed,47,\N,18,0.0,,
938,154,208,14,130,2015,12,2015-09-06,grosjean,GRO,Romain,Grosjean,French,lotus_f1,Lotus F1,British,Autodromo Nazionale di Monza,Italian Grand Prix,Monza,Italy,162,5.793,307.029,False,high_speed,1,\N,\N,0.0,,
938,813,208,14,130,2015,12,2015-09-06,maldonado,MAL,Pastor,Maldonado,Venezuelan,lotus_f1,Lotus F1,British,Autodromo Nazionale di Monza,Italian Grand Prix,Monza,Italy,162,5.793,307.029,False,high_speed,1,\N,\N,0.0,,
939,20,6,15,1,2015,13,2015-09-20,vettel,VET,Sebastian,Vettel,German,ferrari,Ferrari,Italian,Marina Bay Street Circuit,Singapore Grand Prix,Marina Bay,Singapore,18,4.927,300.547,True,technical,61,7282118,1,25.0,,
939,817,9,15,1,2015,13,2015-09-20,ricciardo,RIC,Daniel,Ricciardo,Australian,red_bull,Red Bull,Austrian,Marina Bay Street Circuit,Singapore Grand Prix,Marina Bay,Singapore,18,4.927,300.547,True,technical,61,7283596,2,18.0,,
939,8,6,15,1,2015,13,2015-09-20,raikkonen,RAI,Kimi,Räikkönen,Finnish,ferrari,Ferrari,Italian,Marina Bay Street Circuit,Singapore Grand Prix,Marina Bay,Singapore,18,4.927,300.547,True,technical,61,7299272,3,15.0,,
939,3,131,15,1,2015,13,2015-09-20,rosberg,ROS,Nico,Rosberg,German,mercedes,Mercedes,German,Marina Bay Street Circuit,Singapore Grand Prix,Marina Bay,Singapore,18,4.927,300.547,True,technical,61,7306838,4,12.0,,
939,822,3,15,1,2015,13,2015-09-20,bottas,BOT,Valtteri,Bottas,Finnish,williams,Williams,British,Marina Bay Street Circuit,Singapore Grand Prix,Marina Bay,Singapore,18,4.927,300.547,True,technical,61,7316322,5,10.0,,
939,826,9,15,1,2015,13,2015-09-20,kvyat,KVY,Daniil,Kvyat,Russian,red_bull,Red Bull,Austrian,Marina Bay Street Circuit,Singapore Grand Prix,Marina Bay,Singapore,18,4.927,300.547,True,technical,61,7317626,6,8.0,,
939,815,10,15,1,2015,13,2015-09-20,perez,PER,Sergio,Pérez,Mexican,force_india,Force India,Indian,Marina Bay Street Circuit,Singapore Grand Prix,Marina Bay,Singapore,18,4.927,300.547,True,technical,61,7332954,7,6.0,,
939,830,5,15,1,2015,13,2015-09-20,max_verstappen,VER,Max,Verstappen,Dutch,toro_rosso,Toro Rosso,Italian,Marina Bay Street Circuit,Singapore Grand Prix,Marina Bay,Singapore,18,4.927,300.547,True,technical,61,7333568,8,4.0,,
939,832,5,15,1,2015,13,2015-09-20,sainz,SAI,Carlos,Sainz,Spanish,toro_rosso,Toro Rosso,Italian,Marina Bay Street Circuit,Singapore Grand Prix,Marina Bay,Singapore,18,4.927,300.547,True,technical,61,7334978,9,2.0,,
939,831,15,15,1,2015,13,2015-09-20,nasr,NAS,Felipe,Nasr,Brazilian,sauber,Sauber,Swiss,Marina Bay Street Circuit,Singapore Grand Prix,Marina Bay,Singapore,18,4.927,300.547,True,technical,61,7372163,10,1.0,,
939,828,15,15,1,2015,13,2015-09-20,ericsson,ERI,Marcus,Ericsson,Swedish,sauber,Sauber,Swiss,Marina Bay Street Circuit,Singapore Grand Prix,Marina Bay,Singapore,18,4.927,300.547,True,technical,61,7379625,11,0.0,,
939,813,208,15,1,2015,13,2015-09-20,maldonado,MAL,Pastor,Maldonado,Venezuelan,lotus_f1,Lotus F1,British,Marina Bay Street Circuit,Singapore Grand Prix,Marina Bay,Singapore,18,4.927,300.547,True,technical,61,7379836,12,0.0,,
939,154,208,15,27,2015,13,2015-09-20,grosjean,GRO,Romain,Grosjean,French,lotus_f1,Lotus F1,British,Marina Bay Street Circuit,Singapore Grand Prix,Marina Bay,Singapore,18,4.927,300.547,True,technical,59,\N,13,0.0,,
939,834,209,15,12,2015,13,2015-09-20,rossi,RSS,Alexander,Rossi,American,manor,Manor Marussia,British,Marina Bay Street Circuit,Singapore Grand Prix,Marina Bay,Singapore,18,4.927,300.547,True,technical,59,\N,14,0.0,,
939,829,209,15,12,2015,13,2015-09-20,stevens,STE,Will,Stevens,British,manor,Manor Marussia,British,Marina Bay Street Circuit,Singapore Grand Prix,Marina Bay,Singapore,18,4.927,300.547,True,technical,59,\N,15,0.0,,
939,18,1,15,6,2015,13,2015-09-20,button,BUT,Jenson,Button,British,mclaren,McLaren,British,Marina Bay Street Circuit,Singapore Grand Prix,Marina Bay,Singapore,18,4.927,300.547,True,technical,52,\N,\N,0.0,,
939,4,1,15,6,2015,13,2015-09-20,alonso,ALO,Fernando,Alonso,Spanish,mclaren,McLaren,British,Marina Bay Street Circuit,Singapore Grand Prix,Marina Bay,Singapore,18,4.927,300.547,True,technical,33,\N,\N,0.0,,
939,1,131,15,37,2015,13,2015-09-20,hamilton,HAM,Lewis,Hamilton,British,mercedes,Mercedes,German,Marina Bay Street Circuit,Singapore Grand Prix,Marina Bay,Singapore,18,4.927,300.547,True,technical,32,\N,\N,0.0,,
939,13,3,15,6,2015,13,2015-09-20,massa,MAS,Felipe,Massa,Brazilian,williams,Williams,British,Marina Bay Street Circuit,Singapore Grand Prix,Marina Bay,Singapore,18,4.927,300.547,True,technical,30,\N,\N,0.0,,
939,807,10,15,4,2015,13,2015-09-20,hulkenberg,HUL,Nico,Hülkenberg,German,force_india,Force India,Indian,Marina Bay Street Circuit,Singapore Grand Prix,Marina Bay,Singapore,18,4.927,300.547,True,technical,12,\N,\N,0.0,,
940,1,131,22,1,2015,14,2015-09-27,hamilton,HAM,Lewis,Hamilton,British,mercedes,Mercedes,German,Suzuka Circuit,Japanese Grand Prix,Suzuka,Japan,45,5.807,307.771,False,technical,53,5286508,1,25.0,,
940,3,131,22,1,2015,14,2015-09-27,rosberg,ROS,Nico,Rosberg,German,mercedes,Mercedes,German,Suzuka Circuit,Japanese Grand Prix,Suzuka,Japan,45,5.807,307.771,False,technical,53,5305472,2,18.0,,
940,20,6,22,1,2015,14,2015-09-27,vettel,VET,Sebastian,Vettel,German,ferrari,Ferrari,Italian,Suzuka Circuit,Japanese Grand Prix,Suzuka,Japan,45,5.807,307.771,False,technical,53,5307358,3,15.0,,
940,8,6,22,1,2015,14,2015-09-27,raikkonen,RAI,Kimi,Räikkönen,Finnish,ferrari,Ferrari,Italian,Suzuka Circuit,Japanese Grand Prix,Suzuka,Japan,45,5.807,307.771,False,technical,53,5320276,4,12.0,,
940,822,3,22,1,2015,14,2015-09-27,bottas,BOT,Valtteri,Bottas,Finnish,williams,Williams,British,Suzuka Circuit,Japanese Grand Prix,Suzuka,Japan,45,5.807,307.771,False,technical,53,5323254,5,10.0,,
940,807,10,22,1,2015,14,2015-09-27,hulkenberg,HUL,Nico,Hülkenberg,German,force_india,Force India,Indian,Suzuka Circuit,Japanese Grand Prix,Suzuka,Japan,45,5.807,307.771,False,technical,53,5342067,6,8.0,,
940,154,208,22,1,2015,14,2015-09-27,grosjean,GRO,Romain,Grosjean,French,lotus_f1,Lotus F1,British,Suzuka Circuit,Japanese Grand Prix,Suzuka,Japan,45,5.807,307.771,False,technical,53,5358806,7,6.0,,
940,813,208,22,1,2015,14,2015-09-27,maldonado,MAL,Pastor,Maldonado,Venezuelan,lotus_f1,Lotus F1,British,Suzuka Circuit,Japanese Grand Prix,Suzuka,Japan,45,5.807,307.771,False,technical,53,5360083,8,4.0,,
940,830,5,22,1,2015,14,2015-09-27,max_verstappen,VER,Max,Verstappen,Dutch,toro_rosso,Toro Rosso,Italian,Suzuka Circuit,Japanese Grand Prix,Suzuka,Japan,45,5.807,307.771,False,technical,53,5381823,9,2.0,,
940,832,5,22,11,2015,14,2015-09-27,sainz,SAI,Carlos,Sainz,Spanish,toro_rosso,Toro Rosso,Italian,Suzuka Circuit,Japanese Grand Prix,Suzuka,Japan,45,5.807,307.771,False,technical,52,\N,10,1.0,,
940,4,1,22,11,2015,14,2015-09-27,alonso,ALO,Fernando,Alonso,Spanish,mclaren,McLaren,British,Suzuka Circuit,Japanese Grand Prix,Suzuka,Japan,45,5.807,307.771,False,technical,52,\N,11,0.0,,
940,815,10,22,11,2015,14,2015-09-27,perez,PER,Sergio,Pérez,Mexican,force_india,Force India,Indian,Suzuka Circuit,Japanese Grand Prix,Suzuka,Japan,45,5.807,307.771,False,technical,52,\N,12,0.0,,
940,826,9,22,11,2015,14,2015-09-27,kvyat,KVY,Daniil,Kvyat,Russian,red_bull,Red Bull,Austrian,Suzuka Circuit,Japanese Grand Prix,Suzuka,Japan,45,5.807,307.771,False,technical,52,\N,13,0.0,,
940,828,15,22,11,2015,14,2015-09-27,ericsson,ERI,Marcus,Ericsson,Swedish,sauber,Sauber,Swiss,Suzuka Circuit,Japanese Grand Prix,Suzuka,Japan,45,5.807,307.771,False,technical,52,\N,14,0.0,,
940,817,9,22,11,2015,14,2015-09-27,ricciardo,RIC,Daniel,Ricciardo,Australian,red_bull,Red Bull,Austrian,Suzuka Circuit,Japanese Grand Prix,Suzuka,Japan,45,5.807,307.771,False,technical,52,\N,15,0.0,,
940,18,1,22,11,2015,14,2015-09-27,button,BUT,Jenson,Button,British,mclaren,McLaren,British,Suzuka Circuit,Japanese Grand Prix,Suzuka,Japan,45,5.807,307.771,False,technical,52,\N,16,0.0,,
940,13,3,22,12,2015,14,2015-09-27,massa,MAS,Felipe,Massa,Brazilian,williams,Williams,British,Suzuka Circuit,Japanese Grand Prix,Suzuka,Japan,45,5.807,307.771,False,technical,51,\N,17,0.0,,
940,834,209,22,12,2015,14,2015-09-27,rossi,RSS,Alexander,Rossi,American,manor,Manor Marussia,British,Suzuka Circuit,Japanese Grand Prix,Suzuka,Japan,45,5.807,307.771,False,technical,51,\N,18,0.0,,
940,829,209,22,13,2015,14,2015-09-27,stevens,STE,Will,Stevens,British,manor,Manor Marussia,British,Suzuka Circuit,Japanese Grand Prix,Suzuka,Japan,45,5.807,307.771,False,technical,50,\N,19,0.0,,
940,831,15,22,31,2015,14,2015-09-27,nasr,NAS,Felipe,Nasr,Brazilian,sauber,Sauber,Swiss,Suzuka Circuit,Japanese Grand Prix,Suzuka,Japan,45,5.807,307.771,False,technical,49,\N,\N,0.0,,
941,1,131,71,1,2015,15,2015-10-11,hamilton,HAM,Lewis,Hamilton,British,mercedes,Mercedes,German,Sochi Autodrom,Russian Grand Prix,Sochi,Russia,2,5.848,309.944,False,balanced,53,5831024,1,25.0,,
941,20,6,71,1,2015,15,2015-10-11,vettel,VET,Sebastian,Vettel,German,ferrari,Ferrari,Italian,Sochi Autodrom,Russian Grand Prix,Sochi,Russia,2,5.848,309.944,False,balanced,53,5836977,2,18.0,,
941,815,10,71,1,2015,15,2015-10-11,perez,PER,Sergio,Pérez,Mexican,force_india,Force India,Indian,Sochi Autodrom,Russian Grand Prix,Sochi,Russia,2,5.848,309.944,False,balanced,53,5859942,3,15.0,,
941,13,3,71,1,2015,15,2015-10-11,massa,MAS,Felipe,Massa,Brazilian,williams,Williams,British,Sochi Autodrom,Russian Grand Prix,Sochi,Russia,2,5.848,309.944,False,balanced,53,5869855,4,12.0,,
941,8,6,71,1,2015,15,2015-10-11,raikkonen,RAI,Kimi,Räikkönen,Finnish,ferrari,Ferrari,Italian,Sochi Autodrom,Russian Grand Prix,Sochi,Russia,2,5.848,309.944,False,balanced,53,5903382,8,4.0,,
941,831,15,71,1,2015,15,2015-10-11,nasr,NAS,Felipe,Nasr,Brazilian,sauber,Sauber,Swiss,Sochi Autodrom,Russian Grand Prix,Sochi,Russia,2,5.848,309.944,False,balanced,53,5887532,6,8.0,,
941,813,208,71,1,2015,15,2015-10-11,maldonado,MAL,Pastor,Maldonado,Venezuelan,lotus_f1,Lotus F1,British,Sochi Autodrom,Russian Grand Prix,Sochi,Russia,2,5.848,309.944,False,balanced,53,5892112,7,6.0,,
941,18,1,71,1,2015,15,2015-10-11,button,BUT,Jenson,Button,British,mclaren,McLaren,British,Sochi Autodrom,Russian Grand Prix,Sochi,Russia,2,5.848,309.944,False,balanced,53,5910491,9,2.0,,
941,830,5,71,1,2015,15,2015-10-11,max_verstappen,VER,Max,Verstappen,Dutch,toro_rosso,Toro Rosso,Italian,Sochi Autodrom,Russian Grand Prix,Sochi,Russia,2,5.848,309.944,False,balanced,53,5919448,10,1.0,,
941,4,1,71,1,2015,15,2015-10-11,alonso,ALO,Fernando,Alonso,Spanish,mclaren,McLaren,British,Sochi Autodrom,Russian Grand Prix,Sochi,Russia,2,5.848,309.944,False,balanced,53,5922234,11,0.0,,
941,822,3,71,4,2015,15,2015-10-11,bottas,BOT,Valtteri,Bottas,Finnish,williams,Williams,British,Sochi Autodrom,Russian Grand Prix,Sochi,Russia,2,5.848,309.944,False,balanced,52,\N,12,0.0,,
941,833,209,71,11,2015,15,2015-10-11,merhi,MER,Roberto,Merhi,Spanish,manor,Manor Marussia,British,Sochi Autodrom,Russian Grand Prix,Sochi,Russia,2,5.848,309.944,False,balanced,52,\N,13,0.0,,
941,829,209,71,12,2015,15,2015-10-11,stevens,STE,Will,Stevens,British,manor,Manor Marussia,British,Sochi Autodrom,Russian Grand Prix,Sochi,Russia,2,5.848,309.944,False,balanced,51,\N,14,0.0,,
941,817,9,71,22,2015,15,2015-10-11,ricciardo,RIC,Daniel,Ricciardo,Australian,red_bull,Red Bull,Austrian,Sochi Autodrom,Russian Grand Prix,Sochi,Russia,2,5.848,309.944,False,balanced,47,\N,15,0.0,,
941,832,5,71,23,2015,15,2015-10-11,sainz,SAI,Carlos,Sainz,Spanish,toro_rosso,Toro Rosso,Italian,Sochi Autodrom,Russian Grand Prix,Sochi,Russia,2,5.848,309.944,False,balanced,45,\N,\N,0.0,,
941,154,208,71,3,2015,15,2015-10-11,grosjean,GRO,Romain,Grosjean,French,lotus_f1,Lotus F1,British,Sochi Autodrom,Russian Grand Prix,Sochi,Russia,2,5.848,309.944,False,balanced,11,\N,\N,0.0,,
941,3,131,71,37,2015,15,2015-10-11,rosberg,ROS,Nico,Rosberg,German,mercedes,Mercedes,German,Sochi Autodrom,Russian Grand Prix,Sochi,Russia,2,5.848,309.944,False,balanced,7,\N,\N,0.0,,
941,807,10,71,4,2015,15,2015-10-11,hulkenberg,HUL,Nico,Hülkenberg,German,force_india,Force India,Indian,Sochi Autodrom,Russian Grand Prix,Sochi,Russia,2,5.848,309.944,False,balanced,0,\N,\N,0.0,,
941,828,15,71,4,2015,15,2015-10-11,ericsson,ERI,Marcus,Ericsson,Swedish,sauber,Sauber,Swiss,Sochi Autodrom,Russian Grand Prix,Sochi,Russia,2,5.848,309.944,False,balanced,0,\N,\N,0.0,,
942,1,131,69,1,2015,16,2015-10-25,hamilton,HAM,Lewis,Hamilton,British,mercedes,Mercedes,German,Circuit of the Americas,United States Grand Prix,Austin,USA,161,5.513,308.728,False,balanced,56,6652703,1,25.0,,
941,826,9,71,1,2015,15,2015-10-11,kvyat,KVY,Daniil,Kvyat,Russian,red_bull,Red Bull,Austrian,Sochi Autodrom,Russian Grand Prix,Sochi,Russia,2,5.848,309.944,False,balanced,53,5878590,5,10.0,,
942,3,131,69,1,2015,16,2015-10-25,rosberg,ROS,Nico,Rosberg,German,mercedes,Mercedes,German,Circuit of the Americas,United States Grand Prix,Austin,USA,161,5.513,308.728,False,balanced,56,6655553,2,18.0,,
942,20,6,69,1,2015,16,2015-10-25,vettel,VET,Sebastian,Vettel,German,ferrari,Ferrari,Italian,Circuit of the Americas,United States Grand Prix,Austin,USA,161,5.513,308.728,False,balanced,56,6656084,3,15.0,,
942,830,5,69,1,2015,16,2015-10-25,max_verstappen,VER,Max,Verstappen,Dutch,toro_rosso,Toro Rosso,Italian,Circuit of the Americas,United States Grand Prix,Austin,USA,161,5.513,308.728,False,balanced,56,6675062,4,12.0,,
942,815,10,69,1,2015,16,2015-10-25,perez,PER,Sergio,Pérez,Mexican,force_india,Force India,Indian,Circuit of the Americas,United States Grand Prix,Austin,USA,161,5.513,308.728,False,balanced,56,6677116,5,10.0,,
942,18,1,69,1,2015,16,2015-10-25,button,BUT,Jenson,Button,British,mclaren,McLaren,British,Circuit of the Americas,United States Grand Prix,Austin,USA,161,5.513,308.728,False,balanced,56,6680761,6,8.0,,
942,832,5,69,1,2015,16,2015-10-25,sainz,SAI,Carlos,Sainz,Spanish,toro_rosso,Toro Rosso,Italian,Circuit of the Americas,United States Grand Prix,Austin,USA,161,5.513,308.728,False,balanced,56,6683322,7,6.0,,
942,813,208,69,1,2015,16,2015-10-25,maldonado,MAL,Pastor,Maldonado,Venezuelan,lotus_f1,Lotus F1,British,Circuit of the Americas,United States Grand Prix,Austin,USA,161,5.513,308.728,False,balanced,56,6684976,8,4.0,,
942,831,15,69,1,2015,16,2015-10-25,nasr,NAS,Felipe,Nasr,Brazilian,sauber,Sauber,Swiss,Circuit of the Americas,United States Grand Prix,Austin,USA,161,5.513,308.728,False,balanced,56,6692960,9,2.0,,
942,817,9,69,1,2015,16,2015-10-25,ricciardo,RIC,Daniel,Ricciardo,Australian,red_bull,Red Bull,Austrian,Circuit of the Americas,United States Grand Prix,Austin,USA,161,5.513,308.728,False,balanced,56,6706074,10,1.0,,
942,4,1,69,1,2015,16,2015-10-25,alonso,ALO,Fernando,Alonso,Spanish,mclaren,McLaren,British,Circuit of the Americas,United States Grand Prix,Austin,USA,161,5.513,308.728,False,balanced,56,6707519,11,0.0,,
942,834,209,69,1,2015,16,2015-10-25,rossi,RSS,Alexander,Rossi,American,manor,Manor Marussia,British,Circuit of the Americas,United States Grand Prix,Austin,USA,161,5.513,308.728,False,balanced,56,6727980,12,0.0,,
942,826,9,69,3,2015,16,2015-10-25,kvyat,KVY,Daniil,Kvyat,Russian,red_bull,Red Bull,Austrian,Circuit of the Americas,United States Grand Prix,Austin,USA,161,5.513,308.728,False,balanced,41,\N,\N,0.0,,
942,807,10,69,3,2015,16,2015-10-25,hulkenberg,HUL,Nico,Hülkenberg,German,force_india,Force India,Indian,Circuit of the Americas,United States Grand Prix,Austin,USA,161,5.513,308.728,False,balanced,35,\N,\N,0.0,,
942,828,15,69,31,2015,16,2015-10-25,ericsson,ERI,Marcus,Ericsson,Swedish,sauber,Sauber,Swiss,Circuit of the Americas,United States Grand Prix,Austin,USA,161,5.513,308.728,False,balanced,25,\N,\N,0.0,,
942,8,6,69,135,2015,16,2015-10-25,raikkonen,RAI,Kimi,Räikkönen,Finnish,ferrari,Ferrari,Italian,Circuit of the Americas,United States Grand Prix,Austin,USA,161,5.513,308.728,False,balanced,25,\N,\N,0.0,,
942,13,3,69,31,2015,16,2015-10-25,massa,MAS,Felipe,Massa,Brazilian,williams,Williams,British,Circuit of the Americas,United States Grand Prix,Austin,USA,161,5.513,308.728,False,balanced,23,\N,\N,0.0,,
942,154,208,69,31,2015,16,2015-10-25,grosjean,GRO,Romain,Grosjean,French,lotus_f1,Lotus F1,British,Circuit of the Americas,United States Grand Prix,Austin,USA,161,5.513,308.728,False,balanced,10,\N,\N,0.0,,
942,822,3,69,31,2015,16,2015-10-25,bottas,BOT,Valtteri,Bottas,Finnish,williams,Williams,British,Circuit of the Americas,United States Grand Prix,Austin,USA,161,5.513,308.728,False,balanced,5,\N,\N,0.0,,
942,829,209,69,31,2015,16,2015-10-25,stevens,STE,Will,Stevens,British,manor,Manor Marussia,British,Circuit of the Americas,United States Grand Prix,Austin,USA,161,5.513,308.728,False,balanced,1,\N,\N,0.0,,
943,3,131,32,1,2015,17,2015-11-01,rosberg,ROS,Nico,Rosberg,German,mercedes,Mercedes,German,Autódromo Hermanos Rodríguez,Mexican Grand Prix,Mexico City,Mexico,2227,4.304,305.584,False,balanced,71,6155038,1,25.0,,
943,1,131,32,1,2015,17,2015-11-01,hamilton,HAM,Lewis,Hamilton,British,mercedes,Mercedes,German,Autódromo Hermanos Rodríguez,Mexican Grand Prix,Mexico City,Mexico,2227,4.304,305.584,False,balanced,71,6156992,2,18.0,,
943,822,3,32,1,2015,17,2015-11-01,bottas,BOT,Valtteri,Bottas,Finnish,williams,Williams,British,Autódromo Hermanos Rodríguez,Mexican Grand Prix,Mexico City,Mexico,2227,4.304,305.584,False,balanced,71,6169630,3,15.0,,
943,826,9,32,1,2015,17,2015-11-01,kvyat,KVY,Daniil,Kvyat,Russian,red_bull,Red Bull,Austrian,Autódromo Hermanos Rodríguez,Mexican Grand Prix,Mexico City,Mexico,2227,4.304,305.584,False,balanced,71,6171610,4,12.0,,
943,817,9,32,1,2015,17,2015-11-01,ricciardo,RIC,Daniel,Ricciardo,Australian,red_bull,Red Bull,Austrian,Autódromo Hermanos Rodríguez,Mexican Grand Prix,Mexico City,Mexico,2227,4.304,305.584,False,balanced,71,6174720,5,10.0,,
943,13,3,32,1,2015,17,2015-11-01,massa,MAS,Felipe,Massa,Brazilian,williams,Williams,British,Autódromo Hermanos Rodríguez,Mexican Grand Prix,Mexico City,Mexico,2227,4.304,305.584,False,balanced,71,6176531,6,8.0,,
943,807,10,32,1,2015,17,2015-11-01,hulkenberg,HUL,Nico,Hülkenberg,German,force_india,Force India,Indian,Autódromo Hermanos Rodríguez,Mexican Grand Prix,Mexico City,Mexico,2227,4.304,305.584,False,balanced,71,6180898,7,6.0,,
943,815,10,32,1,2015,17,2015-11-01,perez,PER,Sergio,Pérez,Mexican,force_india,Force India,Indian,Autódromo Hermanos Rodríguez,Mexican Grand Prix,Mexico City,Mexico,2227,4.304,305.584,False,balanced,71,6189381,8,4.0,,
943,830,5,32,1,2015,17,2015-11-01,max_verstappen,VER,Max,Verstappen,Dutch,toro_rosso,Toro Rosso,Italian,Autódromo Hermanos Rodríguez,Mexican Grand Prix,Mexico City,Mexico,2227,4.304,305.584,False,balanced,71,6190267,9,2.0,,
943,154,208,32,1,2015,17,2015-11-01,grosjean,GRO,Romain,Grosjean,French,lotus_f1,Lotus F1,British,Autódromo Hermanos Rodríguez,Mexican Grand Prix,Mexico City,Mexico,2227,4.304,305.584,False,balanced,71,6192972,10,1.0,,
943,813,208,32,1,2015,17,2015-11-01,maldonado,MAL,Pastor,Maldonado,Venezuelan,lotus_f1,Lotus F1,British,Autódromo Hermanos Rodríguez,Mexican Grand Prix,Mexico City,Mexico,2227,4.304,305.584,False,balanced,71,6193576,11,0.0,,
943,828,15,32,1,2015,17,2015-11-01,ericsson,ERI,Marcus,Ericsson,Swedish,sauber,Sauber,Swiss,Autódromo Hermanos Rodríguez,Mexican Grand Prix,Mexico City,Mexico,2227,4.304,305.584,False,balanced,71,6195218,12,0.0,,
943,832,5,32,1,2015,17,2015-11-01,sainz,SAI,Carlos,Sainz,Spanish,toro_rosso,Toro Rosso,Italian,Autódromo Hermanos Rodríguez,Mexican Grand Prix,Mexico City,Mexico,2227,4.304,305.584,False,balanced,71,6203810,13,0.0,,
943,18,1,32,1,2015,17,2015-11-01,button,BUT,Jenson,Button,British,mclaren,McLaren,British,Autódromo Hermanos Rodríguez,Mexican Grand Prix,Mexico City,Mexico,2227,4.304,305.584,False,balanced,71,6204252,14,0.0,,
943,834,209,32,12,2015,17,2015-11-01,rossi,RSS,Alexander,Rossi,American,manor,Manor Marussia,British,Autódromo Hermanos Rodríguez,Mexican Grand Prix,Mexico City,Mexico,2227,4.304,305.584,False,balanced,69,\N,15,0.0,,
943,829,209,32,12,2015,17,2015-11-01,stevens,STE,Will,Stevens,British,manor,Manor Marussia,British,Autódromo Hermanos Rodríguez,Mexican Grand Prix,Mexico City,Mexico,2227,4.304,305.584,False,balanced,69,\N,16,0.0,,
943,831,15,32,23,2015,17,2015-11-01,nasr,NAS,Felipe,Nasr,Brazilian,sauber,Sauber,Swiss,Autódromo Hermanos Rodríguez,Mexican Grand Prix,Mexico City,Mexico,2227,4.304,305.584,False,balanced,57,\N,\N,0.0,,
943,20,6,32,3,2015,17,2015-11-01,vettel,VET,Sebastian,Vettel,German,ferrari,Ferrari,Italian,Autódromo Hermanos Rodríguez,Mexican Grand Prix,Mexico City,Mexico,2227,4.304,305.584,False,balanced,50,\N,\N,0.0,,
943,8,6,32,4,2015,17,2015-11-01,raikkonen,RAI,Kimi,Räikkönen,Finnish,ferrari,Ferrari,Italian,Autódromo Hermanos Rodríguez,Mexican Grand Prix,Mexico City,Mexico,2227,4.304,305.584,False,balanced,21,\N,\N,0.0,,
943,4,1,32,31,2015,17,2015-11-01,alonso,ALO,Fernando,Alonso,Spanish,mclaren,McLaren,British,Autódromo Hermanos Rodríguez,Mexican Grand Prix,Mexico City,Mexico,2227,4.304,305.584,False,balanced,1,\N,\N,0.0,,
944,3,131,18,1,2015,18,2015-11-15,rosberg,ROS,Nico,Rosberg,German,mercedes,Mercedes,German,Autódromo José Carlos Pace,Brazilian Grand Prix,São Paulo,Brazil,785,4.309,305.939,False,technical,71,5469090,1,25.0,,
944,1,131,18,1,2015,18,2015-11-15,hamilton,HAM,Lewis,Hamilton,British,mercedes,Mercedes,German,Autódromo José Carlos Pace,Brazilian Grand Prix,São Paulo,Brazil,785,4.309,305.939,False,technical,71,5476846,2,18.0,,
944,20,6,18,1,2015,18,2015-11-15,vettel,VET,Sebastian,Vettel,German,ferrari,Ferrari,Italian,Autódromo José Carlos Pace,Brazilian Grand Prix,São Paulo,Brazil,785,4.309,305.939,False,technical,71,5483334,3,15.0,,
944,8,6,18,1,2015,18,2015-11-15,raikkonen,RAI,Kimi,Räikkönen,Finnish,ferrari,Ferrari,Italian,Autódromo José Carlos Pace,Brazilian Grand Prix,São Paulo,Brazil,785,4.309,305.939,False,technical,71,5516633,4,12.0,,
944,822,3,18,11,2015,18,2015-11-15,bottas,BOT,Valtteri,Bottas,Finnish,williams,Williams,British,Autódromo José Carlos Pace,Brazilian Grand Prix,São Paulo,Brazil,785,4.309,305.939,False,technical,70,\N,5,10.0,,
944,807,10,18,11,2015,18,2015-11-15,hulkenberg,HUL,Nico,Hülkenberg,German,force_india,Force India,Indian,Autódromo José Carlos Pace,Brazilian Grand Prix,São Paulo,Brazil,785,4.309,305.939,False,technical,70,\N,6,8.0,,
944,826,9,18,11,2015,18,2015-11-15,kvyat,KVY,Daniil,Kvyat,Russian,red_bull,Red Bull,Austrian,Autódromo José Carlos Pace,Brazilian Grand Prix,São Paulo,Brazil,785,4.309,305.939,False,technical,70,\N,7,6.0,,
944,154,208,18,11,2015,18,2015-11-15,grosjean,GRO,Romain,Grosjean,French,lotus_f1,Lotus F1,British,Autódromo José Carlos Pace,Brazilian Grand Prix,São Paulo,Brazil,785,4.309,305.939,False,technical,70,\N,8,4.0,,
944,830,5,18,11,2015,18,2015-11-15,max_verstappen,VER,Max,Verstappen,Dutch,toro_rosso,Toro Rosso,Italian,Autódromo José Carlos Pace,Brazilian Grand Prix,São Paulo,Brazil,785,4.309,305.939,False,technical,70,\N,9,2.0,,
944,813,208,18,11,2015,18,2015-11-15,maldonado,MAL,Pastor,Maldonado,Venezuelan,lotus_f1,Lotus F1,British,Autódromo José Carlos Pace,Brazilian Grand Prix,São Paulo,Brazil,785,4.309,305.939,False,technical,70,\N,10,1.0,,
944,817,9,18,11,2015,18,2015-11-15,ricciardo,RIC,Daniel,Ricciardo,Australian,red_bull,Red Bull,Austrian,Autódromo José Carlos Pace,Brazilian Grand Prix,São Paulo,Brazil,785,4.309,305.939,False,technical,70,\N,11,0.0,,
944,815,10,18,11,2015,18,2015-11-15,perez,PER,Sergio,Pérez,Mexican,force_india,Force India,Indian,Autódromo José Carlos Pace,Brazilian Grand Prix,São Paulo,Brazil,785,4.309,305.939,False,technical,70,\N,12,0.0,,
944,831,15,18,11,2015,18,2015-11-15,nasr,NAS,Felipe,Nasr,Brazilian,sauber,Sauber,Swiss,Autódromo José Carlos Pace,Brazilian Grand Prix,São Paulo,Brazil,785,4.309,305.939,False,technical,70,\N,13,0.0,,
944,18,1,18,11,2015,18,2015-11-15,button,BUT,Jenson,Button,British,mclaren,McLaren,British,Autódromo José Carlos Pace,Brazilian Grand Prix,São Paulo,Brazil,785,4.309,305.939,False,technical,70,\N,14,0.0,,
944,4,1,18,11,2015,18,2015-11-15,alonso,ALO,Fernando,Alonso,Spanish,mclaren,McLaren,British,Autódromo José Carlos Pace,Brazilian Grand Prix,São Paulo,Brazil,785,4.309,305.939,False,technical,70,\N,15,0.0,,
944,828,15,18,12,2015,18,2015-11-15,ericsson,ERI,Marcus,Ericsson,Swedish,sauber,Sauber,Swiss,Autódromo José Carlos Pace,Brazilian Grand Prix,São Paulo,Brazil,785,4.309,305.939,False,technical,69,\N,16,0.0,,
944,829,209,18,14,2015,18,2015-11-15,stevens,STE,Will,Stevens,British,manor,Manor Marussia,British,Autódromo José Carlos Pace,Brazilian Grand Prix,São Paulo,Brazil,785,4.309,305.939,False,technical,67,\N,17,0.0,,
944,834,209,18,14,2015,18,2015-11-15,rossi,RSS,Alexander,Rossi,American,manor,Manor Marussia,British,Autódromo José Carlos Pace,Brazilian Grand Prix,São Paulo,Brazil,785,4.309,305.939,False,technical,67,\N,18,0.0,,
944,832,5,18,31,2015,18,2015-11-15,sainz,SAI,Carlos,Sainz,Spanish,toro_rosso,Toro Rosso,Italian,Autódromo José Carlos Pace,Brazilian Grand Prix,São Paulo,Brazil,785,4.309,305.939,False,technical,0,\N,\N,0.0,,
944,13,3,18,96,2015,18,2015-11-15,massa,MAS,Felipe,Massa,Brazilian,williams,Williams,British,Autódromo José Carlos Pace,Brazilian Grand Prix,São Paulo,Brazil,785,4.309,305.939,False,technical,70,\N,\N,0.0,,
945,3,131,24,1,2015,19,2015-11-29,rosberg,ROS,Nico,Rosberg,German,mercedes,Mercedes,German,Yas Marina Circuit,Abu Dhabi Grand Prix,Abu Dhabi,UAE,3,5.281,290.455,True,technical,55,5910175,1,25.0,,
945,1,131,24,1,2015,19,2015-11-29,hamilton,HAM,Lewis,Hamilton,British,mercedes,Mercedes,German,Yas Marina Circuit,Abu Dhabi Grand Prix,Abu Dhabi,UAE,3,5.281,290.455,True,technical,55,5918446,2,18.0,,
945,8,6,24,1,2015,19,2015-11-29,raikkonen,RAI,Kimi,Räikkönen,Finnish,ferrari,Ferrari,Italian,Yas Marina Circuit,Abu Dhabi Grand Prix,Abu Dhabi,UAE,3,5.281,290.455,True,technical,55,5929605,3,15.0,,
945,20,6,24,1,2015,19,2015-11-29,vettel,VET,Sebastian,Vettel,German,ferrari,Ferrari,Italian,Yas Marina Circuit,Abu Dhabi Grand Prix,Abu Dhabi,UAE,3,5.281,290.455,True,technical,55,5953910,4,12.0,,
945,815,10,24,1,2015,19,2015-11-29,perez,PER,Sergio,Pérez,Mexican,force_india,Force India,Indian,Yas Marina Circuit,Abu Dhabi Grand Prix,Abu Dhabi,UAE,3,5.281,290.455,True,technical,55,5974127,5,10.0,,
945,817,9,24,1,2015,19,2015-11-29,ricciardo,RIC,Daniel,Ricciardo,Australian,red_bull,Red Bull,Austrian,Yas Marina Circuit,Abu Dhabi Grand Prix,Abu Dhabi,UAE,3,5.281,290.455,True,technical,55,5975185,6,8.0,,
945,807,10,24,1,2015,19,2015-11-29,hulkenberg,HUL,Nico,Hülkenberg,German,force_india,Force India,Indian,Yas Marina Circuit,Abu Dhabi Grand Prix,Abu Dhabi,UAE,3,5.281,290.455,True,technical,55,6003793,7,6.0,,
945,13,3,24,1,2015,19,2015-11-29,massa,MAS,Felipe,Massa,Brazilian,williams,Williams,British,Yas Marina Circuit,Abu Dhabi Grand Prix,Abu Dhabi,UAE,3,5.281,290.455,True,technical,55,6007926,8,4.0,,
945,154,208,24,1,2015,19,2015-11-29,grosjean,GRO,Romain,Grosjean,French,lotus_f1,Lotus F1,British,Yas Marina Circuit,Abu Dhabi Grand Prix,Abu Dhabi,UAE,3,5.281,290.455,True,technical,55,6008376,9,2.0,,
945,826,9,24,1,2015,19,2015-11-29,kvyat,KVY,Daniil,Kvyat,Russian,red_bull,Red Bull,Austrian,Yas Marina Circuit,Abu Dhabi Grand Prix,Abu Dhabi,UAE,3,5.281,290.455,True,technical,55,6012546,10,1.0,,
945,832,5,24,1,2015,19,2015-11-29,sainz,SAI,Carlos,Sainz,Spanish,toro_rosso,Toro Rosso,Italian,Yas Marina Circuit,Abu Dhabi Grand Prix,Abu Dhabi,UAE,3,5.281,290.455,True,technical,55,6013700,11,0.0,,
945,18,1,24,11,2015,19,2015-11-29,button,BUT,Jenson,Button,British,mclaren,McLaren,British,Yas Marina Circuit,Abu Dhabi Grand Prix,Abu Dhabi,UAE,3,5.281,290.455,True,technical,54,\N,12,0.0,,
945,822,3,24,11,2015,19,2015-11-29,bottas,BOT,Valtteri,Bottas,Finnish,williams,Williams,British,Yas Marina Circuit,Abu Dhabi Grand Prix,Abu Dhabi,UAE,3,5.281,290.455,True,technical,54,\N,13,0.0,,
945,828,15,24,11,2015,19,2015-11-29,ericsson,ERI,Marcus,Ericsson,Swedish,sauber,Sauber,Swiss,Yas Marina Circuit,Abu Dhabi Grand Prix,Abu Dhabi,UAE,3,5.281,290.455,True,technical,54,\N,14,0.0,,
945,831,15,24,11,2015,19,2015-11-29,nasr,NAS,Felipe,Nasr,Brazilian,sauber,Sauber,Swiss,Yas Marina Circuit,Abu Dhabi Grand Prix,Abu Dhabi,UAE,3,5.281,290.455,True,technical,54,\N,15,0.0,,
945,830,5,24,11,2015,19,2015-11-29,max_verstappen,VER,Max,Verstappen,Dutch,toro_rosso,Toro Rosso,Italian,Yas Marina Circuit,Abu Dhabi Grand Prix,Abu Dhabi,UAE,3,5.281,290.455,True,technical,54,\N,16,0.0,,
945,4,1,24,12,2015,19,2015-11-29,alonso,ALO,Fernando,Alonso,Spanish,mclaren,McLaren,British,Yas Marina Circuit,Abu Dhabi Grand Prix,Abu Dhabi,UAE,3,5.281,290.455,True,technical,53,\N,17,0.0,,
945,829,209,24,12,2015,19,2015-11-29,stevens,STE,Will,Stevens,British,manor,Manor Marussia,British,Yas Marina Circuit,Abu Dhabi Grand Prix,Abu Dhabi,UAE,3,5.281,290.455,True,technical,53,\N,18,0.0,,
945,833,209,24,13,2015,19,2015-11-29,merhi,MER,Roberto,Merhi,Spanish,manor,Manor Marussia,British,Yas Marina Circuit,Abu Dhabi Grand Prix,Abu Dhabi,UAE,3,5.281,290.455,True,technical,52,\N,19,0.0,,
945,813,208,24,4,2015,19,2015-11-29,maldonado,MAL,Pastor,Maldonado,Venezuelan,lotus_f1,Lotus F1,British,Yas Marina Circuit,Abu Dhabi Grand Prix,Abu Dhabi,UAE,3,5.281,290.455,True,technical,0,\N,\N,0.0,,
948,3,131,1,1,2016,1,2016-03-20,rosberg,ROS,Nico,Rosberg,German,mercedes,Mercedes,German,Albert Park Grand Prix Circuit,Australian Grand Prix,Melbourne,Australia,10,5.278,300.846,False,balanced,57,6495565,1,25.0,,
948,1,131,1,1,2016,1,2016-03-20,hamilton,HAM,Lewis,Hamilton,British,mercedes,Mercedes,German,Albert Park Grand Prix Circuit,Australian Grand Prix,Melbourne,Australia,10,5.278,300.846,False,balanced,57,6503625,2,18.0,,
948,20,6,1,1,2016,1,2016-03-20,vettel,VET,Sebastian,Vettel,German,ferrari,Ferrari,Italian,Albert Park Grand Prix Circuit,Australian Grand Prix,Melbourne,Australia,10,5.278,300.846,False,balanced,57,6505208,3,15.0,,
948,817,9,1,1,2016,1,2016-03-20,ricciardo,RIC,Daniel,Ricciardo,Australian,red_bull,Red Bull,Austrian,Albert Park Grand Prix Circuit,Australian Grand Prix,Melbourne,Australia,10,5.278,300.846,False,balanced,57,6519895,4,12.0,,
948,13,3,1,1,2016,1,2016-03-20,massa,MAS,Felipe,Massa,Brazilian,williams,Williams,British,Albert Park Grand Prix Circuit,Australian Grand Prix,Melbourne,Australia,10,5.278,300.846,False,balanced,57,6554544,5,10.0,,
948,154,210,1,1,2016,1,2016-03-20,grosjean,GRO,Romain,Grosjean,French,haas,Haas F1 Team,American,Albert Park Grand Prix Circuit,Australian Grand Prix,Melbourne,Australia,10,5.278,300.846,False,balanced,57,6567646,6,8.0,,
948,807,10,1,1,2016,1,2016-03-20,hulkenberg,HUL,Nico,Hülkenberg,German,force_india,Force India,Indian,Albert Park Grand Prix Circuit,Australian Grand Prix,Melbourne,Australia,10,5.278,300.846,False,balanced,57,6569764,7,6.0,,
948,822,3,1,1,2016,1,2016-03-20,bottas,BOT,Valtteri,Bottas,Finnish,williams,Williams,British,Albert Park Grand Prix Circuit,Australian Grand Prix,Melbourne,Australia,10,5.278,300.846,False,balanced,57,6570718,8,4.0,,
948,832,5,1,1,2016,1,2016-03-20,sainz,SAI,Carlos,Sainz,Spanish,toro_rosso,Toro Rosso,Italian,Albert Park Grand Prix Circuit,Australian Grand Prix,Melbourne,Australia,10,5.278,300.846,False,balanced,57,6571245,9,2.0,,
948,830,5,1,1,2016,1,2016-03-20,max_verstappen,VER,Max,Verstappen,Dutch,toro_rosso,Toro Rosso,Italian,Albert Park Grand Prix Circuit,Australian Grand Prix,Melbourne,Australia,10,5.278,300.846,False,balanced,57,6572398,10,1.0,,
948,835,4,1,1,2016,1,2016-03-20,jolyon_palmer,PAL,Jolyon,Palmer,British,renault,Renault,French,Albert Park Grand Prix Circuit,Australian Grand Prix,Melbourne,Australia,10,5.278,300.846,False,balanced,57,6578964,11,0.0,,
948,825,4,1,1,2016,1,2016-03-20,kevin_magnussen,MAG,Kevin,Magnussen,Danish,renault,Renault,French,Albert Park Grand Prix Circuit,Australian Grand Prix,Melbourne,Australia,10,5.278,300.846,False,balanced,57,6581171,12,0.0,,
948,815,10,1,1,2016,1,2016-03-20,perez,PER,Sergio,Pérez,Mexican,force_india,Force India,Indian,Albert Park Grand Prix Circuit,Australian Grand Prix,Melbourne,Australia,10,5.278,300.846,False,balanced,57,6587264,13,0.0,,
948,18,1,1,11,2016,1,2016-03-20,button,BUT,Jenson,Button,British,mclaren,McLaren,British,Albert Park Grand Prix Circuit,Australian Grand Prix,Melbourne,Australia,10,5.278,300.846,False,balanced,56,\N,14,0.0,,
948,831,15,1,11,2016,1,2016-03-20,nasr,NAS,Felipe,Nasr,Brazilian,sauber,Sauber,Swiss,Albert Park Grand Prix Circuit,Australian Grand Prix,Melbourne,Australia,10,5.278,300.846,False,balanced,56,\N,15,0.0,,
948,836,209,1,11,2016,1,2016-03-20,wehrlein,WEH,Pascal,Wehrlein,German,manor,Manor Marussia,British,Albert Park Grand Prix Circuit,Australian Grand Prix,Melbourne,Australia,10,5.278,300.846,False,balanced,56,\N,16,0.0,,
948,828,15,1,5,2016,1,2016-03-20,ericsson,ERI,Marcus,Ericsson,Swedish,sauber,Sauber,Swiss,Albert Park Grand Prix Circuit,Australian Grand Prix,Melbourne,Australia,10,5.278,300.846,False,balanced,38,\N,\N,0.0,,
948,8,6,1,5,2016,1,2016-03-20,raikkonen,RAI,Kimi,Räikkönen,Finnish,ferrari,Ferrari,Italian,Albert Park Grand Prix Circuit,Australian Grand Prix,Melbourne,Australia,10,5.278,300.846,False,balanced,21,\N,\N,0.0,,
948,837,209,1,26,2016,1,2016-03-20,haryanto,HAR,Rio,Haryanto,Indonesian,manor,Manor Marussia,British,Albert Park Grand Prix Circuit,Australian Grand Prix,Melbourne,Australia,10,5.278,300.846,False,balanced,17,\N,\N,0.0,,
948,821,210,1,4,2016,1,2016-03-20,gutierrez,GUT,Esteban,Gutiérrez,Mexican,haas,Haas F1 Team,American,Albert Park Grand Prix Circuit,Australian Grand Prix,Melbourne,Australia,10,5.278,300.846,False,balanced,16,\N,\N,0.0,,
948,4,1,1,4,2016,1,2016-03-20,alonso,ALO,Fernando,Alonso,Spanish,mclaren,McLaren,British,Albert Park Grand Prix Circuit,Australian Grand Prix,Melbourne,Australia,10,5.278,300.846,False,balanced,16,\N,\N,0.0,,
948,826,9,1,31,2016,1,2016-03-20,kvyat,KVY,Daniil,Kvyat,Russian,red_bull,Red Bull,Austrian,Albert Park Grand Prix Circuit,Australian Grand Prix,Melbourne,Australia,10,5.278,300.846,False,balanced,0,\N,\N,0.0,,
949,3,131,3,1,2016,2,2016-04-03,rosberg,ROS,Nico,Rosberg,German,mercedes,Mercedes,German,Bahrain International Circuit,Bahrain Grand Prix,Sakhir,Bahrain,7,5.412,308.484,True,balanced,57,5614696,1,25.0,,
949,8,6,3,1,2016,2,2016-04-03,raikkonen,RAI,Kimi,Räikkönen,Finnish,ferrari,Ferrari,Italian,Bahrain International Circuit,Bahrain Grand Prix,Sakhir,Bahrain,7,5.412,308.484,True,balanced,57,5624978,2,18.0,,
949,1,131,3,1,2016,2,2016-04-03,hamilton,HAM,Lewis,Hamilton,British,mercedes,Mercedes,German,Bahrain International Circuit,Bahrain Grand Prix,Sakhir,Bahrain,7,5.412,308.484,True,balanced,57,5644844,3,15.0,,
949,817,9,3,1,2016,2,2016-04-03,ricciardo,RIC,Daniel,Ricciardo,Australian,red_bull,Red Bull,Austrian,Bahrain International Circuit,Bahrain Grand Prix,Sakhir,Bahrain,7,5.412,308.484,True,balanced,57,5677190,4,12.0,,
949,154,210,3,1,2016,2,2016-04-03,grosjean,GRO,Romain,Grosjean,French,haas,Haas F1 Team,American,Bahrain International Circuit,Bahrain Grand Prix,Sakhir,Bahrain,7,5.412,308.484,True,balanced,57,5692995,5,10.0,,
949,830,5,3,1,2016,2,2016-04-03,max_verstappen,VER,Max,Verstappen,Dutch,toro_rosso,Toro Rosso,Italian,Bahrain International Circuit,Bahrain Grand Prix,Sakhir,Bahrain,7,5.412,308.484,True,balanced,57,5695625,6,8.0,,
949,826,9,3,11,2016,2,2016-04-03,kvyat,KVY,Daniil,Kvyat,Russian,red_bull,Red Bull,Austrian,Bahrain International Circuit,Bahrain Grand Prix,Sakhir,Bahrain,7,5.412,308.484,True,balanced,56,\N,7,6.0,,
949,13,3,3,11,2016,2,2016-04-03,massa,MAS,Felipe,Massa,Brazilian,williams,Williams,British,Bahrain International Circuit,Bahrain Grand Prix,Sakhir,Bahrain,7,5.412,308.484,True,balanced,56,\N,8,4.0,,
949,822,3,3,11,2016,2,2016-04-03,bottas,BOT,Valtteri,Bottas,Finnish,williams,Williams,British,Bahrain International Circuit,Bahrain Grand Prix,Sakhir,Bahrain,7,5.412,308.484,True,balanced,56,\N,9,2.0,,
949,838,1,3,11,2016,2,2016-04-03,vandoorne,VAN,Stoffel,Vandoorne,Belgian,mclaren,McLaren,British,Bahrain International Circuit,Bahrain Grand Prix,Sakhir,Bahrain,7,5.412,308.484,True,balanced,56,\N,10,1.0,,
949,825,4,3,11,2016,2,2016-04-03,kevin_magnussen,MAG,Kevin,Magnussen,Danish,renault,Renault,French,Bahrain International Circuit,Bahrain Grand Prix,Sakhir,Bahrain,7,5.412,308.484,True,balanced,56,\N,11,0.0,,
949,828,15,3,11,2016,2,2016-04-03,ericsson,ERI,Marcus,Ericsson,Swedish,sauber,Sauber,Swiss,Bahrain International Circuit,Bahrain Grand Prix,Sakhir,Bahrain,7,5.412,308.484,True,balanced,56,\N,12,0.0,,
949,836,209,3,11,2016,2,2016-04-03,wehrlein,WEH,Pascal,Wehrlein,German,manor,Manor Marussia,British,Bahrain International Circuit,Bahrain Grand Prix,Sakhir,Bahrain,7,5.412,308.484,True,balanced,56,\N,13,0.0,,
949,831,15,3,11,2016,2,2016-04-03,nasr,NAS,Felipe,Nasr,Brazilian,sauber,Sauber,Swiss,Bahrain International Circuit,Bahrain Grand Prix,Sakhir,Bahrain,7,5.412,308.484,True,balanced,56,\N,14,0.0,,
949,807,10,3,11,2016,2,2016-04-03,hulkenberg,HUL,Nico,Hülkenberg,German,force_india,Force India,Indian,Bahrain International Circuit,Bahrain Grand Prix,Sakhir,Bahrain,7,5.412,308.484,True,balanced,56,\N,15,0.0,,
949,815,10,3,11,2016,2,2016-04-03,perez,PER,Sergio,Pérez,Mexican,force_india,Force India,Indian,Bahrain International Circuit,Bahrain Grand Prix,Sakhir,Bahrain,7,5.412,308.484,True,balanced,56,\N,16,0.0,,
949,837,209,3,11,2016,2,2016-04-03,haryanto,HAR,Rio,Haryanto,Indonesian,manor,Manor Marussia,British,Bahrain International Circuit,Bahrain Grand Prix,Sakhir,Bahrain,7,5.412,308.484,True,balanced,56,\N,17,0.0,,
949,832,5,3,31,2016,2,2016-04-03,sainz,SAI,Carlos,Sainz,Spanish,toro_rosso,Toro Rosso,Italian,Bahrain International Circuit,Bahrain Grand Prix,Sakhir,Bahrain,7,5.412,308.484,True,balanced,29,\N,\N,0.0,,
949,821,210,3,31,2016,2,2016-04-03,gutierrez,GUT,Esteban,Gutiérrez,Mexican,haas,Haas F1 Team,American,Bahrain International Circuit,Bahrain Grand Prix,Sakhir,Bahrain,7,5.412,308.484,True,balanced,9,\N,\N,0.0,,
949,18,1,3,131,2016,2,2016-04-03,button,BUT,Jenson,Button,British,mclaren,McLaren,British,Bahrain International Circuit,Bahrain Grand Prix,Sakhir,Bahrain,7,5.412,308.484,True,balanced,6,\N,\N,0.0,,
949,20,6,3,5,2016,2,2016-04-03,vettel,VET,Sebastian,Vettel,German,ferrari,Ferrari,Italian,Bahrain International Circuit,Bahrain Grand Prix,Sakhir,Bahrain,7,5.412,308.484,True,balanced,0,\N,\N,0.0,,
949,835,4,3,9,2016,2,2016-04-03,jolyon_palmer,PAL,Jolyon,Palmer,British,renault,Renault,French,Bahrain International Circuit,Bahrain Grand Prix,Sakhir,Bahrain,7,5.412,308.484,True,balanced,0,\N,\N,0.0,,
950,3,131,17,1,2016,3,2016-04-17,rosberg,ROS,Nico,Rosberg,German,mercedes,Mercedes,German,Shanghai International Circuit,Chinese Grand Prix,Shanghai,China,5,5.451,305.256,False,balanced,56,5933891,1,25.0,,
950,20,6,17,1,2016,3,2016-04-17,vettel,VET,Sebastian,Vettel,German,ferrari,Ferrari,Italian,Shanghai International Circuit,Chinese Grand Prix,Shanghai,China,5,5.451,305.256,False,balanced,56,5971667,2,18.0,,
950,826,9,17,1,2016,3,2016-04-17,kvyat,KVY,Daniil,Kvyat,Russian,red_bull,Red Bull,Austrian,Shanghai International Circuit,Chinese Grand Prix,Shanghai,China,5,5.451,305.256,False,balanced,56,5979827,3,15.0,,
950,817,9,17,1,2016,3,2016-04-17,ricciardo,RIC,Daniel,Ricciardo,Australian,red_bull,Red Bull,Austrian,Shanghai International Circuit,Chinese Grand Prix,Shanghai,China,5,5.451,305.256,False,balanced,56,5986579,4,12.0,,
950,8,6,17,1,2016,3,2016-04-17,raikkonen,RAI,Kimi,Räikkönen,Finnish,ferrari,Ferrari,Italian,Shanghai International Circuit,Chinese Grand Prix,Shanghai,China,5,5.451,305.256,False,balanced,56,5999763,5,10.0,,
950,13,3,17,1,2016,3,2016-04-17,massa,MAS,Felipe,Massa,Brazilian,williams,Williams,British,Shanghai International Circuit,Chinese Grand Prix,Shanghai,China,5,5.451,305.256,False,balanced,56,6009402,6,8.0,,
950,1,131,17,1,2016,3,2016-04-17,hamilton,HAM,Lewis,Hamilton,British,mercedes,Mercedes,German,Shanghai International Circuit,Chinese Grand Prix,Shanghai,China,5,5.451,305.256,False,balanced,56,6012121,7,6.0,,
950,830,5,17,1,2016,3,2016-04-17,max_verstappen,VER,Max,Verstappen,Dutch,toro_rosso,Toro Rosso,Italian,Shanghai International Circuit,Chinese Grand Prix,Shanghai,China,5,5.451,305.256,False,balanced,56,6013159,8,4.0,,
950,832,5,17,1,2016,3,2016-04-17,sainz,SAI,Carlos,Sainz,Spanish,toro_rosso,Toro Rosso,Italian,Shanghai International Circuit,Chinese Grand Prix,Shanghai,China,5,5.451,305.256,False,balanced,56,6018018,9,2.0,,
950,822,3,17,1,2016,3,2016-04-17,bottas,BOT,Valtteri,Bottas,Finnish,williams,Williams,British,Shanghai International Circuit,Chinese Grand Prix,Shanghai,China,5,5.451,305.256,False,balanced,56,6020083,10,1.0,,
950,815,10,17,1,2016,3,2016-04-17,perez,PER,Sergio,Pérez,Mexican,force_india,Force India,Indian,Shanghai International Circuit,Chinese Grand Prix,Shanghai,China,5,5.451,305.256,False,balanced,56,6028174,11,0.0,,
950,4,1,17,1,2016,3,2016-04-17,alonso,ALO,Fernando,Alonso,Spanish,mclaren,McLaren,British,Shanghai International Circuit,Chinese Grand Prix,Shanghai,China,5,5.451,305.256,False,balanced,56,6031144,12,0.0,,
950,18,1,17,1,2016,3,2016-04-17,button,BUT,Jenson,Button,British,mclaren,McLaren,British,Shanghai International Circuit,Chinese Grand Prix,Shanghai,China,5,5.451,305.256,False,balanced,56,6035881,13,0.0,,
950,821,210,17,11,2016,3,2016-04-17,gutierrez,GUT,Esteban,Gutiérrez,Mexican,haas,Haas F1 Team,American,Shanghai International Circuit,Chinese Grand Prix,Shanghai,China,5,5.451,305.256,False,balanced,55,\N,14,0.0,,
950,807,10,17,11,2016,3,2016-04-17,hulkenberg,HUL,Nico,Hülkenberg,German,force_india,Force India,Indian,Shanghai International Circuit,Chinese Grand Prix,Shanghai,China,5,5.451,305.256,False,balanced,55,\N,15,0.0,,
950,828,15,17,11,2016,3,2016-04-17,ericsson,ERI,Marcus,Ericsson,Swedish,sauber,Sauber,Swiss,Shanghai International Circuit,Chinese Grand Prix,Shanghai,China,5,5.451,305.256,False,balanced,55,\N,16,0.0,,
950,825,4,17,11,2016,3,2016-04-17,kevin_magnussen,MAG,Kevin,Magnussen,Danish,renault,Renault,French,Shanghai International Circuit,Chinese Grand Prix,Shanghai,China,5,5.451,305.256,False,balanced,55,\N,17,0.0,,
950,836,209,17,11,2016,3,2016-04-17,wehrlein,WEH,Pascal,Wehrlein,German,manor,Manor Marussia,British,Shanghai International Circuit,Chinese Grand Prix,Shanghai,China,5,5.451,305.256,False,balanced,55,\N,18,0.0,,
950,154,210,17,11,2016,3,2016-04-17,grosjean,GRO,Romain,Grosjean,French,haas,Haas F1 Team,American,Shanghai International Circuit,Chinese Grand Prix,Shanghai,China,5,5.451,305.256,False,balanced,55,\N,19,0.0,,
950,831,15,17,11,2016,3,2016-04-17,nasr,NAS,Felipe,Nasr,Brazilian,sauber,Sauber,Swiss,Shanghai International Circuit,Chinese Grand Prix,Shanghai,China,5,5.451,305.256,False,balanced,55,\N,20,0.0,,
950,837,209,17,11,2016,3,2016-04-17,haryanto,HAR,Rio,Haryanto,Indonesian,manor,Manor Marussia,British,Shanghai International Circuit,Chinese Grand Prix,Shanghai,China,5,5.451,305.256,False,balanced,55,\N,21,0.0,,
950,835,4,17,11,2016,3,2016-04-17,jolyon_palmer,PAL,Jolyon,Palmer,British,renault,Renault,French,Shanghai International Circuit,Chinese Grand Prix,Shanghai,China,5,5.451,305.256,False,balanced,55,\N,22,0.0,,
951,3,131,71,1,2016,4,2016-05-01,rosberg,ROS,Nico,Rosberg,German,mercedes,Mercedes,German,Sochi Autodrom,Russian Grand Prix,Sochi,Russia,2,5.848,309.944,False,balanced,53,5561997,1,25.0,,
951,1,131,71,1,2016,4,2016-05-01,hamilton,HAM,Lewis,Hamilton,British,mercedes,Mercedes,German,Sochi Autodrom,Russian Grand Prix,Sochi,Russia,2,5.848,309.944,False,balanced,53,5587019,2,18.0,,
951,8,6,71,1,2016,4,2016-05-01,raikkonen,RAI,Kimi,Räikkönen,Finnish,ferrari,Ferrari,Italian,Sochi Autodrom,Russian Grand Prix,Sochi,Russia,2,5.848,309.944,False,balanced,53,5593995,3,15.0,,
951,822,3,71,1,2016,4,2016-05-01,bottas,BOT,Valtteri,Bottas,Finnish,williams,Williams,British,Sochi Autodrom,Russian Grand Prix,Sochi,Russia,2,5.848,309.944,False,balanced,53,5612214,4,12.0,,
951,13,3,71,1,2016,4,2016-05-01,massa,MAS,Felipe,Massa,Brazilian,williams,Williams,British,Sochi Autodrom,Russian Grand Prix,Sochi,Russia,2,5.848,309.944,False,balanced,53,5636424,5,10.0,,
951,4,1,71,11,2016,4,2016-05-01,alonso,ALO,Fernando,Alonso,Spanish,mclaren,McLaren,British,Sochi Autodrom,Russian Grand Prix,Sochi,Russia,2,5.848,309.944,False,balanced,52,\N,6,8.0,,
951,825,4,71,11,2016,4,2016-05-01,kevin_magnussen,MAG,Kevin,Magnussen,Danish,renault,Renault,French,Sochi Autodrom,Russian Grand Prix,Sochi,Russia,2,5.848,309.944,False,balanced,52,\N,7,6.0,,
951,154,210,71,11,2016,4,2016-05-01,grosjean,GRO,Romain,Grosjean,French,haas,Haas F1 Team,American,Sochi Autodrom,Russian Grand Prix,Sochi,Russia,2,5.848,309.944,False,balanced,52,\N,8,4.0,,
951,815,10,71,11,2016,4,2016-05-01,perez,PER,Sergio,Pérez,Mexican,force_india,Force India,Indian,Sochi Autodrom,Russian Grand Prix,Sochi,Russia,2,5.848,309.944,False,balanced,52,\N,9,2.0,,
951,18,1,71,11,2016,4,2016-05-01,button,BUT,Jenson,Button,British,mclaren,McLaren,British,Sochi Autodrom,Russian Grand Prix,Sochi,Russia,2,5.848,309.944,False,balanced,52,\N,10,1.0,,
951,817,9,71,11,2016,4,2016-05-01,ricciardo,RIC,Daniel,Ricciardo,Australian,red_bull,Red Bull,Austrian,Sochi Autodrom,Russian Grand Prix,Sochi,Russia,2,5.848,309.944,False,balanced,52,\N,11,0.0,,
951,832,5,71,11,2016,4,2016-05-01,sainz,SAI,Carlos,Sainz,Spanish,toro_rosso,Toro Rosso,Italian,Sochi Autodrom,Russian Grand Prix,Sochi,Russia,2,5.848,309.944,False,balanced,52,\N,12,0.0,,
951,835,4,71,11,2016,4,2016-05-01,jolyon_palmer,PAL,Jolyon,Palmer,British,renault,Renault,French,Sochi Autodrom,Russian Grand Prix,Sochi,Russia,2,5.848,309.944,False,balanced,52,\N,13,0.0,,
951,828,15,71,11,2016,4,2016-05-01,ericsson,ERI,Marcus,Ericsson,Swedish,sauber,Sauber,Swiss,Sochi Autodrom,Russian Grand Prix,Sochi,Russia,2,5.848,309.944,False,balanced,52,\N,14,0.0,,
951,826,9,71,11,2016,4,2016-05-01,kvyat,KVY,Daniil,Kvyat,Russian,red_bull,Red Bull,Austrian,Sochi Autodrom,Russian Grand Prix,Sochi,Russia,2,5.848,309.944,False,balanced,52,\N,15,0.0,,
951,831,15,71,11,2016,4,2016-05-01,nasr,NAS,Felipe,Nasr,Brazilian,sauber,Sauber,Swiss,Sochi Autodrom,Russian Grand Prix,Sochi,Russia,2,5.848,309.944,False,balanced,52,\N,16,0.0,,
951,821,210,71,11,2016,4,2016-05-01,gutierrez,GUT,Esteban,Gutiérrez,Mexican,haas,Haas F1 Team,American,Sochi Autodrom,Russian Grand Prix,Sochi,Russia,2,5.848,309.944,False,balanced,52,\N,17,0.0,,
951,836,209,71,12,2016,4,2016-05-01,wehrlein,WEH,Pascal,Wehrlein,German,manor,Manor Marussia,British,Sochi Autodrom,Russian Grand Prix,Sochi,Russia,2,5.848,309.944,False,balanced,51,\N,18,0.0,,
951,830,5,71,131,2016,4,2016-05-01,max_verstappen,VER,Max,Verstappen,Dutch,toro_rosso,Toro Rosso,Italian,Sochi Autodrom,Russian Grand Prix,Sochi,Russia,2,5.848,309.944,False,balanced,33,\N,\N,0.0,,
951,20,6,71,4,2016,4,2016-05-01,vettel,VET,Sebastian,Vettel,German,ferrari,Ferrari,Italian,Sochi Autodrom,Russian Grand Prix,Sochi,Russia,2,5.848,309.944,False,balanced,0,\N,\N,0.0,,
951,807,10,71,4,2016,4,2016-05-01,hulkenberg,HUL,Nico,Hülkenberg,German,force_india,Force India,Indian,Sochi Autodrom,Russian Grand Prix,Sochi,Russia,2,5.848,309.944,False,balanced,0,\N,\N,0.0,,
951,837,209,71,4,2016,4,2016-05-01,haryanto,HAR,Rio,Haryanto,Indonesian,manor,Manor Marussia,British,Sochi Autodrom,Russian Grand Prix,Sochi,Russia,2,5.848,309.944,False,balanced,0,\N,\N,0.0,,
952,830,9,4,1,2016,5,2016-05-15,max_verstappen,VER,Max,Verstappen,Dutch,red_bull,Red Bull,Austrian,Circuit de Barcelona-Catalunya,Spanish Grand Prix,Montmeló,Spain,109,4.657,307.362,False,balanced,66,6100017,1,25.0,,
952,8,6,4,1,2016,5,2016-05-15,raikkonen,RAI,Kimi,Räikkönen,Finnish,ferrari,Ferrari,Italian,Circuit de Barcelona-Catalunya,Spanish Grand Prix,Montmeló,Spain,109,4.657,307.362,False,balanced,66,6100633,2,18.0,,
952,20,6,4,1,2016,5,2016-05-15,vettel,VET,Sebastian,Vettel,German,ferrari,Ferrari,Italian,Circuit de Barcelona-Catalunya,Spanish Grand Prix,Montmeló,Spain,109,4.657,307.362,False,balanced,66,6105598,3,15.0,,
952,817,9,4,1,2016,5,2016-05-15,ricciardo,RIC,Daniel,Ricciardo,Australian,red_bull,Red Bull,Austrian,Circuit de Barcelona-Catalunya,Spanish Grand Prix,Montmeló,Spain,109,4.657,307.362,False,balanced,66,6143967,4,12.0,,
952,822,3,4,1,2016,5,2016-05-15,bottas,BOT,Valtteri,Bottas,Finnish,williams,Williams,British,Circuit de Barcelona-Catalunya,Spanish Grand Prix,Montmeló,Spain,109,4.657,307.362,False,balanced,66,6145288,5,10.0,,
952,832,5,4,1,2016,5,2016-05-15,sainz,SAI,Carlos,Sainz,Spanish,toro_rosso,Toro Rosso,Italian,Circuit de Barcelona-Catalunya,Spanish Grand Prix,Montmeló,Spain,109,4.657,307.362,False,balanced,66,6161412,6,8.0,,
952,815,10,4,1,2016,5,2016-05-15,perez,PER,Sergio,Pérez,Mexican,force_india,Force India,Indian,Circuit de Barcelona-Catalunya,Spanish Grand Prix,Montmeló,Spain,109,4.657,307.362,False,balanced,66,6179555,7,6.0,,
952,13,3,4,1,2016,5,2016-05-15,massa,MAS,Felipe,Massa,Brazilian,williams,Williams,British,Circuit de Barcelona-Catalunya,Spanish Grand Prix,Montmeló,Spain,109,4.657,307.362,False,balanced,66,6180724,8,4.0,,
952,18,1,4,11,2016,5,2016-05-15,button,BUT,Jenson,Button,British,mclaren,McLaren,British,Circuit de Barcelona-Catalunya,Spanish Grand Prix,Montmeló,Spain,109,4.657,307.362,False,balanced,65,\N,9,2.0,,
952,826,5,4,11,2016,5,2016-05-15,kvyat,KVY,Daniil,Kvyat,Russian,toro_rosso,Toro Rosso,Italian,Circuit de Barcelona-Catalunya,Spanish Grand Prix,Montmeló,Spain,109,4.657,307.362,False,balanced,65,\N,10,1.0,,
952,821,210,4,11,2016,5,2016-05-15,gutierrez,GUT,Esteban,Gutiérrez,Mexican,haas,Haas F1 Team,American,Circuit de Barcelona-Catalunya,Spanish Grand Prix,Montmeló,Spain,109,4.657,307.362,False,balanced,65,\N,11,0.0,,
952,828,15,4,11,2016,5,2016-05-15,ericsson,ERI,Marcus,Ericsson,Swedish,sauber,Sauber,Swiss,Circuit de Barcelona-Catalunya,Spanish Grand Prix,Montmeló,Spain,109,4.657,307.362,False,balanced,65,\N,12,0.0,,
952,835,4,4,11,2016,5,2016-05-15,jolyon_palmer,PAL,Jolyon,Palmer,British,renault,Renault,French,Circuit de Barcelona-Catalunya,Spanish Grand Prix,Montmeló,Spain,109,4.657,307.362,False,balanced,65,\N,13,0.0,,
952,825,4,4,11,2016,5,2016-05-15,kevin_magnussen,MAG,Kevin,Magnussen,Danish,renault,Renault,French,Circuit de Barcelona-Catalunya,Spanish Grand Prix,Montmeló,Spain,109,4.657,307.362,False,balanced,65,\N,14,0.0,,
952,831,15,4,11,2016,5,2016-05-15,nasr,NAS,Felipe,Nasr,Brazilian,sauber,Sauber,Swiss,Circuit de Barcelona-Catalunya,Spanish Grand Prix,Montmeló,Spain,109,4.657,307.362,False,balanced,65,\N,15,0.0,,
952,836,209,4,11,2016,5,2016-05-15,wehrlein,WEH,Pascal,Wehrlein,German,manor,Manor Marussia,British,Circuit de Barcelona-Catalunya,Spanish Grand Prix,Montmeló,Spain,109,4.657,307.362,False,balanced,65,\N,16,0.0,,
952,837,209,4,11,2016,5,2016-05-15,haryanto,HAR,Rio,Haryanto,Indonesian,manor,Manor Marussia,British,Circuit de Barcelona-Catalunya,Spanish Grand Prix,Montmeló,Spain,109,4.657,307.362,False,balanced,65,\N,17,0.0,,
952,154,210,4,5,2016,5,2016-05-15,grosjean,GRO,Romain,Grosjean,French,haas,Haas F1 Team,American,Circuit de Barcelona-Catalunya,Spanish Grand Prix,Montmeló,Spain,109,4.657,307.362,False,balanced,56,\N,\N,0.0,,
952,4,1,4,5,2016,5,2016-05-15,alonso,ALO,Fernando,Alonso,Spanish,mclaren,McLaren,British,Circuit de Barcelona-Catalunya,Spanish Grand Prix,Montmeló,Spain,109,4.657,307.362,False,balanced,45,\N,\N,0.0,,
952,807,10,4,5,2016,5,2016-05-15,hulkenberg,HUL,Nico,Hülkenberg,German,force_india,Force India,Indian,Circuit de Barcelona-Catalunya,Spanish Grand Prix,Montmeló,Spain,109,4.657,307.362,False,balanced,20,\N,\N,0.0,,
952,1,131,4,4,2016,5,2016-05-15,hamilton,HAM,Lewis,Hamilton,British,mercedes,Mercedes,German,Circuit de Barcelona-Catalunya,Spanish Grand Prix,Montmeló,Spain,109,4.657,307.362,False,balanced,0,\N,\N,0.0,,
952,3,131,4,4,2016,5,2016-05-15,rosberg,ROS,Nico,Rosberg,German,mercedes,Mercedes,German,Circuit de Barcelona-Catalunya,Spanish Grand Prix,Montmeló,Spain,109,4.657,307.362,False,balanced,0,\N,\N,0.0,,
953,1,131,6,1,2016,6,2016-05-29,hamilton,HAM,Lewis,Hamilton,British,mercedes,Mercedes,German,Circuit de Monaco,Monaco Grand Prix,Monte-Carlo,Monaco,7,3.337,260.286,False,technical,78,7169133,1,25.0,,
953,817,9,6,1,2016,6,2016-05-29,ricciardo,RIC,Daniel,Ricciardo,Australian,red_bull,Red Bull,Austrian,Circuit de Monaco,Monaco Grand Prix,Monte-Carlo,Monaco,7,3.337,260.286,False,technical,78,7176385,2,18.0,,
953,815,10,6,1,2016,6,2016-05-29,perez,PER,Sergio,Pérez,Mexican,force_india,Force India,Indian,Circuit de Monaco,Monaco Grand Prix,Monte-Carlo,Monaco,7,3.337,260.286,False,technical,78,7182958,3,15.0,,
953,20,6,6,1,2016,6,2016-05-29,vettel,VET,Sebastian,Vettel,German,ferrari,Ferrari,Italian,Circuit de Monaco,Monaco Grand Prix,Monte-Carlo,Monaco,7,3.337,260.286,False,technical,78,7184979,4,12.0,,
953,4,1,6,1,2016,6,2016-05-29,alonso,ALO,Fernando,Alonso,Spanish,mclaren,McLaren,British,Circuit de Monaco,Monaco Grand Prix,Monte-Carlo,Monaco,7,3.337,260.286,False,technical,78,7254209,5,10.0,,
953,807,10,6,1,2016,6,2016-05-29,hulkenberg,HUL,Nico,Hülkenberg,German,force_india,Force India,Indian,Circuit de Monaco,Monaco Grand Prix,Monte-Carlo,Monaco,7,3.337,260.286,False,technical,78,7262132,6,8.0,,
953,3,131,6,1,2016,6,2016-05-29,rosberg,ROS,Nico,Rosberg,German,mercedes,Mercedes,German,Circuit de Monaco,Monaco Grand Prix,Monte-Carlo,Monaco,7,3.337,260.286,False,technical,78,7262423,7,6.0,,
953,832,5,6,11,2016,6,2016-05-29,sainz,SAI,Carlos,Sainz,Spanish,toro_rosso,Toro Rosso,Italian,Circuit de Monaco,Monaco Grand Prix,Monte-Carlo,Monaco,7,3.337,260.286,False,technical,77,\N,8,4.0,,
953,18,1,6,11,2016,6,2016-05-29,button,BUT,Jenson,Button,British,mclaren,McLaren,British,Circuit de Monaco,Monaco Grand Prix,Monte-Carlo,Monaco,7,3.337,260.286,False,technical,77,\N,9,2.0,,
953,13,3,6,11,2016,6,2016-05-29,massa,MAS,Felipe,Massa,Brazilian,williams,Williams,British,Circuit de Monaco,Monaco Grand Prix,Monte-Carlo,Monaco,7,3.337,260.286,False,technical,77,\N,10,1.0,,
953,821,210,6,11,2016,6,2016-05-29,gutierrez,GUT,Esteban,Gutiérrez,Mexican,haas,Haas F1 Team,American,Circuit de Monaco,Monaco Grand Prix,Monte-Carlo,Monaco,7,3.337,260.286,False,technical,77,\N,11,0.0,,
953,822,3,6,11,2016,6,2016-05-29,bottas,BOT,Valtteri,Bottas,Finnish,williams,Williams,British,Circuit de Monaco,Monaco Grand Prix,Monte-Carlo,Monaco,7,3.337,260.286,False,technical,77,\N,12,0.0,,
953,154,210,6,12,2016,6,2016-05-29,grosjean,GRO,Romain,Grosjean,French,haas,Haas F1 Team,American,Circuit de Monaco,Monaco Grand Prix,Monte-Carlo,Monaco,7,3.337,260.286,False,technical,76,\N,13,0.0,,
953,836,209,6,12,2016,6,2016-05-29,wehrlein,WEH,Pascal,Wehrlein,German,manor,Manor Marussia,British,Circuit de Monaco,Monaco Grand Prix,Monte-Carlo,Monaco,7,3.337,260.286,False,technical,76,\N,14,0.0,,
953,837,209,6,14,2016,6,2016-05-29,haryanto,HAR,Rio,Haryanto,Indonesian,manor,Manor Marussia,British,Circuit de Monaco,Monaco Grand Prix,Monte-Carlo,Monaco,7,3.337,260.286,False,technical,74,\N,15,0.0,,
953,828,15,6,4,2016,6,2016-05-29,ericsson,ERI,Marcus,Ericsson,Swedish,sauber,Sauber,Swiss,Circuit de Monaco,Monaco Grand Prix,Monte-Carlo,Monaco,7,3.337,260.286,False,technical,51,\N,\N,0.0,,
953,831,15,6,31,2016,6,2016-05-29,nasr,NAS,Felipe,Nasr,Brazilian,sauber,Sauber,Swiss,Circuit de Monaco,Monaco Grand Prix,Monte-Carlo,Monaco,7,3.337,260.286,False,technical,48,\N,\N,0.0,,
953,830,9,6,3,2016,6,2016-05-29,max_verstappen,VER,Max,Verstappen,Dutch,red_bull,Red Bull,Austrian,Circuit de Monaco,Monaco Grand Prix,Monte-Carlo,Monaco,7,3.337,260.286,False,technical,34,\N,\N,0.0,,
953,825,4,6,31,2016,6,2016-05-29,kevin_magnussen,MAG,Kevin,Magnussen,Danish,renault,Renault,French,Circuit de Monaco,Monaco Grand Prix,Monte-Carlo,Monaco,7,3.337,260.286,False,technical,32,\N,\N,0.0,,
953,826,5,6,3,2016,6,2016-05-29,kvyat,KVY,Daniil,Kvyat,Russian,toro_rosso,Toro Rosso,Italian,Circuit de Monaco,Monaco Grand Prix,Monte-Carlo,Monaco,7,3.337,260.286,False,technical,18,\N,\N,0.0,,
953,8,6,6,3,2016,6,2016-05-29,raikkonen,RAI,Kimi,Räikkönen,Finnish,ferrari,Ferrari,Italian,Circuit de Monaco,Monaco Grand Prix,Monte-Carlo,Monaco,7,3.337,260.286,False,technical,10,\N,\N,0.0,,
953,835,4,6,3,2016,6,2016-05-29,jolyon_palmer,PAL,Jolyon,Palmer,British,renault,Renault,French,Circuit de Monaco,Monaco Grand Prix,Monte-Carlo,Monaco,7,3.337,260.286,False,technical,7,\N,\N,0.0,,
954,1,131,7,1,2016,7,2016-06-12,hamilton,HAM,Lewis,Hamilton,British,mercedes,Mercedes,German,Circuit Gilles Villeneuve,Canadian Grand Prix,Montreal,Canada,13,4.361,305.27,False,balanced,70,5465296,1,25.0,,
954,20,6,7,1,2016,7,2016-06-12,vettel,VET,Sebastian,Vettel,German,ferrari,Ferrari,Italian,Circuit Gilles Villeneuve,Canadian Grand Prix,Montreal,Canada,13,4.361,305.27,False,balanced,70,5470307,2,18.0,,
954,822,3,7,1,2016,7,2016-06-12,bottas,BOT,Valtteri,Bottas,Finnish,williams,Williams,British,Circuit Gilles Villeneuve,Canadian Grand Prix,Montreal,Canada,13,4.361,305.27,False,balanced,70,5511718,3,15.0,,
954,830,9,7,1,2016,7,2016-06-12,max_verstappen,VER,Max,Verstappen,Dutch,red_bull,Red Bull,Austrian,Circuit Gilles Villeneuve,Canadian Grand Prix,Montreal,Canada,13,4.361,305.27,False,balanced,70,5518316,4,12.0,,
954,3,131,7,1,2016,7,2016-06-12,rosberg,ROS,Nico,Rosberg,German,mercedes,Mercedes,German,Circuit Gilles Villeneuve,Canadian Grand Prix,Montreal,Canada,13,4.361,305.27,False,balanced,70,5527389,5,10.0,,
954,8,6,7,1,2016,7,2016-06-12,raikkonen,RAI,Kimi,Räikkönen,Finnish,ferrari,Ferrari,Italian,Circuit Gilles Villeneuve,Canadian Grand Prix,Montreal,Canada,13,4.361,305.27,False,balanced,70,5528313,6,8.0,,
954,817,9,7,1,2016,7,2016-06-12,ricciardo,RIC,Daniel,Ricciardo,Australian,red_bull,Red Bull,Austrian,Circuit Gilles Villeneuve,Canadian Grand Prix,Montreal,Canada,13,4.361,305.27,False,balanced,70,5528930,7,6.0,,
954,807,10,7,11,2016,7,2016-06-12,hulkenberg,HUL,Nico,Hülkenberg,German,force_india,Force India,Indian,Circuit Gilles Villeneuve,Canadian Grand Prix,Montreal,Canada,13,4.361,305.27,False,balanced,69,\N,8,4.0,,
954,832,5,7,11,2016,7,2016-06-12,sainz,SAI,Carlos,Sainz,Spanish,toro_rosso,Toro Rosso,Italian,Circuit Gilles Villeneuve,Canadian Grand Prix,Montreal,Canada,13,4.361,305.27,False,balanced,69,\N,9,2.0,,
954,815,10,7,11,2016,7,2016-06-12,perez,PER,Sergio,Pérez,Mexican,force_india,Force India,Indian,Circuit Gilles Villeneuve,Canadian Grand Prix,Montreal,Canada,13,4.361,305.27,False,balanced,69,\N,10,1.0,,
954,4,1,7,11,2016,7,2016-06-12,alonso,ALO,Fernando,Alonso,Spanish,mclaren,McLaren,British,Circuit Gilles Villeneuve,Canadian Grand Prix,Montreal,Canada,13,4.361,305.27,False,balanced,69,\N,11,0.0,,
954,826,5,7,11,2016,7,2016-06-12,kvyat,KVY,Daniil,Kvyat,Russian,toro_rosso,Toro Rosso,Italian,Circuit Gilles Villeneuve,Canadian Grand Prix,Montreal,Canada,13,4.361,305.27,False,balanced,69,\N,12,0.0,,
954,821,210,7,12,2016,7,2016-06-12,gutierrez,GUT,Esteban,Gutiérrez,Mexican,haas,Haas F1 Team,American,Circuit Gilles Villeneuve,Canadian Grand Prix,Montreal,Canada,13,4.361,305.27,False,balanced,68,\N,13,0.0,,
954,154,210,7,12,2016,7,2016-06-12,grosjean,GRO,Romain,Grosjean,French,haas,Haas F1 Team,American,Circuit Gilles Villeneuve,Canadian Grand Prix,Montreal,Canada,13,4.361,305.27,False,balanced,68,\N,14,0.0,,
954,828,15,7,12,2016,7,2016-06-12,ericsson,ERI,Marcus,Ericsson,Swedish,sauber,Sauber,Swiss,Circuit Gilles Villeneuve,Canadian Grand Prix,Montreal,Canada,13,4.361,305.27,False,balanced,68,\N,15,0.0,,
954,825,4,7,12,2016,7,2016-06-12,kevin_magnussen,MAG,Kevin,Magnussen,Danish,renault,Renault,French,Circuit Gilles Villeneuve,Canadian Grand Prix,Montreal,Canada,13,4.361,305.27,False,balanced,68,\N,16,0.0,,
954,836,209,7,12,2016,7,2016-06-12,wehrlein,WEH,Pascal,Wehrlein,German,manor,Manor Marussia,British,Circuit Gilles Villeneuve,Canadian Grand Prix,Montreal,Canada,13,4.361,305.27,False,balanced,68,\N,17,0.0,,
954,831,15,7,12,2016,7,2016-06-12,nasr,NAS,Felipe,Nasr,Brazilian,sauber,Sauber,Swiss,Circuit Gilles Villeneuve,Canadian Grand Prix,Montreal,Canada,13,4.361,305.27,False,balanced,68,\N,18,0.0,,
954,837,209,7,12,2016,7,2016-06-12,haryanto,HAR,Rio,Haryanto,Indonesian,manor,Manor Marussia,British,Circuit Gilles Villeneuve,Canadian Grand Prix,Montreal,Canada,13,4.361,305.27,False,balanced,68,\N,19,0.0,,
954,13,3,7,31,2016,7,2016-06-12,massa,MAS,Felipe,Massa,Brazilian,williams,Williams,British,Circuit Gilles Villeneuve,Canadian Grand Prix,Montreal,Canada,13,4.361,305.27,False,balanced,35,\N,\N,0.0,,
954,835,4,7,31,2016,7,2016-06-12,jolyon_palmer,PAL,Jolyon,Palmer,British,renault,Renault,French,Circuit Gilles Villeneuve,Canadian Grand Prix,Montreal,Canada,13,4.361,305.27,False,balanced,16,\N,\N,0.0,,
954,18,1,7,131,2016,7,2016-06-12,button,BUT,Jenson,Button,British,mclaren,McLaren,British,Circuit Gilles Villeneuve,Canadian Grand Prix,Montreal,Canada,13,4.361,305.27,False,balanced,9,\N,\N,0.0,,
955,3,131,73,1,2016,8,2016-06-19,rosberg,ROS,Nico,Rosberg,German,mercedes,Mercedes,German,Baku City Circuit,European Grand Prix,Baku,Azerbaijan,-7,6.003,306.153,False,high_speed,51,5572366,1,25.0,,
955,20,6,73,1,2016,8,2016-06-19,vettel,VET,Sebastian,Vettel,German,ferrari,Ferrari,Italian,Baku City Circuit,European Grand Prix,Baku,Azerbaijan,-7,6.003,306.153,False,high_speed,51,5589062,2,18.0,,
955,815,10,73,1,2016,8,2016-06-19,perez,PER,Sergio,Pérez,Mexican,force_india,Force India,Indian,Baku City Circuit,European Grand Prix,Baku,Azerbaijan,-7,6.003,306.153,False,high_speed,51,5597607,3,15.0,,
955,8,6,73,1,2016,8,2016-06-19,raikkonen,RAI,Kimi,Räikkönen,Finnish,ferrari,Ferrari,Italian,Baku City Circuit,European Grand Prix,Baku,Azerbaijan,-7,6.003,306.153,False,high_speed,51,5605468,4,12.0,,
955,1,131,73,1,2016,8,2016-06-19,hamilton,HAM,Lewis,Hamilton,British,mercedes,Mercedes,German,Baku City Circuit,European Grand Prix,Baku,Azerbaijan,-7,6.003,306.153,False,high_speed,51,5628701,5,10.0,,
955,822,3,73,1,2016,8,2016-06-19,bottas,BOT,Valtteri,Bottas,Finnish,williams,Williams,British,Baku City Circuit,European Grand Prix,Baku,Azerbaijan,-7,6.003,306.153,False,high_speed,51,5633252,6,8.0,,
955,817,9,73,1,2016,8,2016-06-19,ricciardo,RIC,Daniel,Ricciardo,Australian,red_bull,Red Bull,Austrian,Baku City Circuit,European Grand Prix,Baku,Azerbaijan,-7,6.003,306.153,False,high_speed,51,5641595,7,6.0,,
955,830,9,73,1,2016,8,2016-06-19,max_verstappen,VER,Max,Verstappen,Dutch,red_bull,Red Bull,Austrian,Baku City Circuit,European Grand Prix,Baku,Azerbaijan,-7,6.003,306.153,False,high_speed,51,5643062,8,4.0,,
955,807,10,73,1,2016,8,2016-06-19,hulkenberg,HUL,Nico,Hülkenberg,German,force_india,Force India,Indian,Baku City Circuit,European Grand Prix,Baku,Azerbaijan,-7,6.003,306.153,False,high_speed,51,5650074,9,2.0,,
955,13,3,73,1,2016,8,2016-06-19,massa,MAS,Felipe,Massa,Brazilian,williams,Williams,British,Baku City Circuit,European Grand Prix,Baku,Azerbaijan,-7,6.003,306.153,False,high_speed,51,5657741,10,1.0,,
955,18,1,73,1,2016,8,2016-06-19,button,BUT,Jenson,Button,British,mclaren,McLaren,British,Baku City Circuit,European Grand Prix,Baku,Azerbaijan,-7,6.003,306.153,False,high_speed,51,5677183,11,0.0,,
955,831,15,73,11,2016,8,2016-06-19,nasr,NAS,Felipe,Nasr,Brazilian,sauber,Sauber,Swiss,Baku City Circuit,European Grand Prix,Baku,Azerbaijan,-7,6.003,306.153,False,high_speed,50,\N,12,0.0,,
955,154,210,73,11,2016,8,2016-06-19,grosjean,GRO,Romain,Grosjean,French,haas,Haas F1 Team,American,Baku City Circuit,European Grand Prix,Baku,Azerbaijan,-7,6.003,306.153,False,high_speed,50,\N,13,0.0,,
955,825,4,73,11,2016,8,2016-06-19,kevin_magnussen,MAG,Kevin,Magnussen,Danish,renault,Renault,French,Baku City Circuit,European Grand Prix,Baku,Azerbaijan,-7,6.003,306.153,False,high_speed,50,\N,14,0.0,,
955,835,4,73,11,2016,8,2016-06-19,jolyon_palmer,PAL,Jolyon,Palmer,British,renault,Renault,French,Baku City Circuit,European Grand Prix,Baku,Azerbaijan,-7,6.003,306.153,False,high_speed,50,\N,15,0.0,,
955,821,210,73,11,2016,8,2016-06-19,gutierrez,GUT,Esteban,Gutiérrez,Mexican,haas,Haas F1 Team,American,Baku City Circuit,European Grand Prix,Baku,Azerbaijan,-7,6.003,306.153,False,high_speed,50,\N,16,0.0,,
955,828,15,73,11,2016,8,2016-06-19,ericsson,ERI,Marcus,Ericsson,Swedish,sauber,Sauber,Swiss,Baku City Circuit,European Grand Prix,Baku,Azerbaijan,-7,6.003,306.153,False,high_speed,50,\N,17,0.0,,
955,837,209,73,12,2016,8,2016-06-19,haryanto,HAR,Rio,Haryanto,Indonesian,manor,Manor Marussia,British,Baku City Circuit,European Grand Prix,Baku,Azerbaijan,-7,6.003,306.153,False,high_speed,49,\N,18,0.0,,
955,4,1,73,6,2016,8,2016-06-19,alonso,ALO,Fernando,Alonso,Spanish,mclaren,McLaren,British,Baku City Circuit,European Grand Prix,Baku,Azerbaijan,-7,6.003,306.153,False,high_speed,42,\N,\N,0.0,,
955,836,209,73,23,2016,8,2016-06-19,wehrlein,WEH,Pascal,Wehrlein,German,manor,Manor Marussia,British,Baku City Circuit,European Grand Prix,Baku,Azerbaijan,-7,6.003,306.153,False,high_speed,39,\N,\N,0.0,,
955,832,5,73,22,2016,8,2016-06-19,sainz,SAI,Carlos,Sainz,Spanish,toro_rosso,Toro Rosso,Italian,Baku City Circuit,European Grand Prix,Baku,Azerbaijan,-7,6.003,306.153,False,high_speed,31,\N,\N,0.0,,
955,826,5,73,22,2016,8,2016-06-19,kvyat,KVY,Daniil,Kvyat,Russian,toro_rosso,Toro Rosso,Italian,Baku City Circuit,European Grand Prix,Baku,Azerbaijan,-7,6.003,306.153,False,high_speed,6,\N,\N,0.0,,
956,1,131,70,1,2016,9,2016-07-03,hamilton,HAM,Lewis,Hamilton,British,mercedes,Mercedes,German,Red Bull Ring,Austrian Grand Prix,Spielberg,Austria,678,4.326,307.146,False,high_speed,71,5258107,1,25.0,,
956,830,9,70,1,2016,9,2016-07-03,max_verstappen,VER,Max,Verstappen,Dutch,red_bull,Red Bull,Austrian,Red Bull Ring,Austrian Grand Prix,Spielberg,Austria,678,4.326,307.146,False,high_speed,71,5263826,2,18.0,,
956,8,6,70,1,2016,9,2016-07-03,raikkonen,RAI,Kimi,Räikkönen,Finnish,ferrari,Ferrari,Italian,Red Bull Ring,Austrian Grand Prix,Spielberg,Austria,678,4.326,307.146,False,high_speed,71,5264131,3,15.0,,
956,3,131,70,1,2016,9,2016-07-03,rosberg,ROS,Nico,Rosberg,German,mercedes,Mercedes,German,Red Bull Ring,Austrian Grand Prix,Spielberg,Austria,678,4.326,307.146,False,high_speed,71,5284817,4,12.0,,
956,817,9,70,1,2016,9,2016-07-03,ricciardo,RIC,Daniel,Ricciardo,Australian,red_bull,Red Bull,Austrian,Red Bull Ring,Austrian Grand Prix,Spielberg,Austria,678,4.326,307.146,False,high_speed,71,5289088,5,10.0,,
956,18,1,70,1,2016,9,2016-07-03,button,BUT,Jenson,Button,British,mclaren,McLaren,British,Red Bull Ring,Austrian Grand Prix,Spielberg,Austria,678,4.326,307.146,False,high_speed,71,5295813,6,8.0,,
956,154,210,70,1,2016,9,2016-07-03,grosjean,GRO,Romain,Grosjean,French,haas,Haas F1 Team,American,Red Bull Ring,Austrian Grand Prix,Spielberg,Austria,678,4.326,307.146,False,high_speed,71,5302775,7,6.0,,
956,832,5,70,1,2016,9,2016-07-03,sainz,SAI,Carlos,Sainz,Spanish,toro_rosso,Toro Rosso,Italian,Red Bull Ring,Austrian Grand Prix,Spielberg,Austria,678,4.326,307.146,False,high_speed,71,5305507,8,4.0,,
956,822,3,70,11,2016,9,2016-07-03,bottas,BOT,Valtteri,Bottas,Finnish,williams,Williams,British,Red Bull Ring,Austrian Grand Prix,Spielberg,Austria,678,4.326,307.146,False,high_speed,70,\N,9,2.0,,
956,836,209,70,11,2016,9,2016-07-03,wehrlein,WEH,Pascal,Wehrlein,German,manor,Manor Marussia,British,Red Bull Ring,Austrian Grand Prix,Spielberg,Austria,678,4.326,307.146,False,high_speed,70,\N,10,1.0,,
956,821,210,70,11,2016,9,2016-07-03,gutierrez,GUT,Esteban,Gutiérrez,Mexican,haas,Haas F1 Team,American,Red Bull Ring,Austrian Grand Prix,Spielberg,Austria,678,4.326,307.146,False,high_speed,70,\N,11,0.0,,
956,835,4,70,11,2016,9,2016-07-03,jolyon_palmer,PAL,Jolyon,Palmer,British,renault,Renault,French,Red Bull Ring,Austrian Grand Prix,Spielberg,Austria,678,4.326,307.146,False,high_speed,70,\N,12,0.0,,
956,831,15,70,11,2016,9,2016-07-03,nasr,NAS,Felipe,Nasr,Brazilian,sauber,Sauber,Swiss,Red Bull Ring,Austrian Grand Prix,Spielberg,Austria,678,4.326,307.146,False,high_speed,70,\N,13,0.0,,
956,825,4,70,11,2016,9,2016-07-03,kevin_magnussen,MAG,Kevin,Magnussen,Danish,renault,Renault,French,Red Bull Ring,Austrian Grand Prix,Spielberg,Austria,678,4.326,307.146,False,high_speed,70,\N,14,0.0,,
956,828,15,70,11,2016,9,2016-07-03,ericsson,ERI,Marcus,Ericsson,Swedish,sauber,Sauber,Swiss,Red Bull Ring,Austrian Grand Prix,Spielberg,Austria,678,4.326,307.146,False,high_speed,70,\N,15,0.0,,
956,837,209,70,11,2016,9,2016-07-03,haryanto,HAR,Rio,Haryanto,Indonesian,manor,Manor Marussia,British,Red Bull Ring,Austrian Grand Prix,Spielberg,Austria,678,4.326,307.146,False,high_speed,70,\N,16,0.0,,
956,815,10,70,23,2016,9,2016-07-03,perez,PER,Sergio,Pérez,Mexican,force_india,Force India,Indian,Red Bull Ring,Austrian Grand Prix,Spielberg,Austria,678,4.326,307.146,False,high_speed,69,\N,17,0.0,,
956,4,1,70,84,2016,9,2016-07-03,alonso,ALO,Fernando,Alonso,Spanish,mclaren,McLaren,British,Red Bull Ring,Austrian Grand Prix,Spielberg,Austria,678,4.326,307.146,False,high_speed,64,\N,18,0.0,,
956,807,10,70,23,2016,9,2016-07-03,hulkenberg,HUL,Nico,Hülkenberg,German,force_india,Force India,Indian,Red Bull Ring,Austrian Grand Prix,Spielberg,Austria,678,4.326,307.146,False,high_speed,64,\N,19,0.0,,
956,13,3,70,23,2016,9,2016-07-03,massa,MAS,Felipe,Massa,Brazilian,williams,Williams,British,Red Bull Ring,Austrian Grand Prix,Spielberg,Austria,678,4.326,307.146,False,high_speed,63,\N,20,0.0,,
956,20,6,70,27,2016,9,2016-07-03,vettel,VET,Sebastian,Vettel,German,ferrari,Ferrari,Italian,Red Bull Ring,Austrian Grand Prix,Spielberg,Austria,678,4.326,307.146,False,high_speed,26,\N,\N,0.0,,
956,826,5,70,31,2016,9,2016-07-03,kvyat,KVY,Daniil,Kvyat,Russian,toro_rosso,Toro Rosso,Italian,Red Bull Ring,Austrian Grand Prix,Spielberg,Austria,678,4.326,307.146,False,high_speed,2,\N,\N,0.0,,
957,1,131,9,1,2016,10,2016-07-10,hamilton,HAM,Lewis,Hamilton,British,mercedes,Mercedes,German,Silverstone Circuit,British Grand Prix,Silverstone,UK,153,5.891,306.332,False,high_speed,52,5695831,1,25.0,,
957,830,9,9,1,2016,10,2016-07-10,max_verstappen,VER,Max,Verstappen,Dutch,red_bull,Red Bull,Austrian,Silverstone Circuit,British Grand Prix,Silverstone,UK,153,5.891,306.332,False,high_speed,52,5704081,2,18.0,,
957,3,131,9,1,2016,10,2016-07-10,rosberg,ROS,Nico,Rosberg,German,mercedes,Mercedes,German,Silverstone Circuit,British Grand Prix,Silverstone,UK,153,5.891,306.332,False,high_speed,52,5712742,3,15.0,,
957,817,9,9,1,2016,10,2016-07-10,ricciardo,RIC,Daniel,Ricciardo,Australian,red_bull,Red Bull,Austrian,Silverstone Circuit,British Grand Prix,Silverstone,UK,153,5.891,306.332,False,high_speed,52,5722042,4,12.0,,
957,8,6,9,1,2016,10,2016-07-10,raikkonen,RAI,Kimi,Räikkönen,Finnish,ferrari,Ferrari,Italian,Silverstone Circuit,British Grand Prix,Silverstone,UK,153,5.891,306.332,False,high_speed,52,5765574,5,10.0,,
957,815,10,9,1,2016,10,2016-07-10,perez,PER,Sergio,Pérez,Mexican,force_india,Force India,Indian,Silverstone Circuit,British Grand Prix,Silverstone,UK,153,5.891,306.332,False,high_speed,52,5772772,6,8.0,,
957,807,10,9,1,2016,10,2016-07-10,hulkenberg,HUL,Nico,Hülkenberg,German,force_india,Force India,Indian,Silverstone Circuit,British Grand Prix,Silverstone,UK,153,5.891,306.332,False,high_speed,52,5773543,7,6.0,,
957,832,5,9,1,2016,10,2016-07-10,sainz,SAI,Carlos,Sainz,Spanish,toro_rosso,Toro Rosso,Italian,Silverstone Circuit,British Grand Prix,Silverstone,UK,153,5.891,306.332,False,high_speed,52,5781689,8,4.0,,
957,20,6,9,1,2016,10,2016-07-10,vettel,VET,Sebastian,Vettel,German,ferrari,Ferrari,Italian,Silverstone Circuit,British Grand Prix,Silverstone,UK,153,5.891,306.332,False,high_speed,52,5787485,9,2.0,,
957,826,5,9,1,2016,10,2016-07-10,kvyat,KVY,Daniil,Kvyat,Russian,toro_rosso,Toro Rosso,Italian,Silverstone Circuit,British Grand Prix,Silverstone,UK,153,5.891,306.332,False,high_speed,52,5788431,10,1.0,,
957,13,3,9,11,2016,10,2016-07-10,massa,MAS,Felipe,Massa,Brazilian,williams,Williams,British,Silverstone Circuit,British Grand Prix,Silverstone,UK,153,5.891,306.332,False,high_speed,51,\N,11,0.0,,
957,18,1,9,11,2016,10,2016-07-10,button,BUT,Jenson,Button,British,mclaren,McLaren,British,Silverstone Circuit,British Grand Prix,Silverstone,UK,153,5.891,306.332,False,high_speed,51,\N,12,0.0,,
957,4,1,9,11,2016,10,2016-07-10,alonso,ALO,Fernando,Alonso,Spanish,mclaren,McLaren,British,Silverstone Circuit,British Grand Prix,Silverstone,UK,153,5.891,306.332,False,high_speed,51,\N,13,0.0,,
957,822,3,9,11,2016,10,2016-07-10,bottas,BOT,Valtteri,Bottas,Finnish,williams,Williams,British,Silverstone Circuit,British Grand Prix,Silverstone,UK,153,5.891,306.332,False,high_speed,51,\N,14,0.0,,
957,831,15,9,11,2016,10,2016-07-10,nasr,NAS,Felipe,Nasr,Brazilian,sauber,Sauber,Swiss,Silverstone Circuit,British Grand Prix,Silverstone,UK,153,5.891,306.332,False,high_speed,51,\N,15,0.0,,
957,821,210,9,11,2016,10,2016-07-10,gutierrez,GUT,Esteban,Gutiérrez,Mexican,haas,Haas F1 Team,American,Silverstone Circuit,British Grand Prix,Silverstone,UK,153,5.891,306.332,False,high_speed,51,\N,16,0.0,,
957,825,4,9,6,2016,10,2016-07-10,kevin_magnussen,MAG,Kevin,Magnussen,Danish,renault,Renault,French,Silverstone Circuit,British Grand Prix,Silverstone,UK,153,5.891,306.332,False,high_speed,49,\N,17,0.0,,
957,835,4,9,6,2016,10,2016-07-10,jolyon_palmer,PAL,Jolyon,Palmer,British,renault,Renault,French,Silverstone Circuit,British Grand Prix,Silverstone,UK,153,5.891,306.332,False,high_speed,37,\N,\N,0.0,,
957,837,209,9,20,2016,10,2016-07-10,haryanto,HAR,Rio,Haryanto,Indonesian,manor,Manor Marussia,British,Silverstone Circuit,British Grand Prix,Silverstone,UK,153,5.891,306.332,False,high_speed,24,\N,\N,0.0,,
957,154,210,9,31,2016,10,2016-07-10,grosjean,GRO,Romain,Grosjean,French,haas,Haas F1 Team,American,Silverstone Circuit,British Grand Prix,Silverstone,UK,153,5.891,306.332,False,high_speed,17,\N,\N,0.0,,
957,828,15,9,131,2016,10,2016-07-10,ericsson,ERI,Marcus,Ericsson,Swedish,sauber,Sauber,Swiss,Silverstone Circuit,British Grand Prix,Silverstone,UK,153,5.891,306.332,False,high_speed,11,\N,\N,0.0,,
957,836,209,9,20,2016,10,2016-07-10,wehrlein,WEH,Pascal,Wehrlein,German,manor,Manor Marussia,British,Silverstone Circuit,British Grand Prix,Silverstone,UK,153,5.891,306.332,False,high_speed,6,\N,\N,0.0,,
958,1,131,11,1,2016,11,2016-07-24,hamilton,HAM,Lewis,Hamilton,British,mercedes,Mercedes,German,Hungaroring,Hungarian Grand Prix,Budapest,Hungary,264,4.381,306.67,False,technical,70,6030115,1,25.0,,
958,3,131,11,1,2016,11,2016-07-24,rosberg,ROS,Nico,Rosberg,German,mercedes,Mercedes,German,Hungaroring,Hungarian Grand Prix,Budapest,Hungary,264,4.381,306.67,False,technical,70,6032092,2,18.0,,
958,817,9,11,1,2016,11,2016-07-24,ricciardo,RIC,Daniel,Ricciardo,Australian,red_bull,Red Bull,Austrian,Hungaroring,Hungarian Grand Prix,Budapest,Hungary,264,4.381,306.67,False,technical,70,6057654,3,15.0,,
958,20,6,11,1,2016,11,2016-07-24,vettel,VET,Sebastian,Vettel,German,ferrari,Ferrari,Italian,Hungaroring,Hungarian Grand Prix,Budapest,Hungary,264,4.381,306.67,False,technical,70,6058328,4,12.0,,
958,830,9,11,1,2016,11,2016-07-24,max_verstappen,VER,Max,Verstappen,Dutch,red_bull,Red Bull,Austrian,Hungaroring,Hungarian Grand Prix,Budapest,Hungary,264,4.381,306.67,False,technical,70,6078774,5,10.0,,
958,8,6,11,1,2016,11,2016-07-24,raikkonen,RAI,Kimi,Räikkönen,Finnish,ferrari,Ferrari,Italian,Hungaroring,Hungarian Grand Prix,Budapest,Hungary,264,4.381,306.67,False,technical,70,6079159,6,8.0,,
958,4,1,11,11,2016,11,2016-07-24,alonso,ALO,Fernando,Alonso,Spanish,mclaren,McLaren,British,Hungaroring,Hungarian Grand Prix,Budapest,Hungary,264,4.381,306.67,False,technical,69,\N,7,6.0,,
958,832,5,11,11,2016,11,2016-07-24,sainz,SAI,Carlos,Sainz,Spanish,toro_rosso,Toro Rosso,Italian,Hungaroring,Hungarian Grand Prix,Budapest,Hungary,264,4.381,306.67,False,technical,69,\N,8,4.0,,
958,822,3,11,11,2016,11,2016-07-24,bottas,BOT,Valtteri,Bottas,Finnish,williams,Williams,British,Hungaroring,Hungarian Grand Prix,Budapest,Hungary,264,4.381,306.67,False,technical,69,\N,9,2.0,,
958,807,10,11,11,2016,11,2016-07-24,hulkenberg,HUL,Nico,Hülkenberg,German,force_india,Force India,Indian,Hungaroring,Hungarian Grand Prix,Budapest,Hungary,264,4.381,306.67,False,technical,69,\N,10,1.0,,
958,815,10,11,11,2016,11,2016-07-24,perez,PER,Sergio,Pérez,Mexican,force_india,Force India,Indian,Hungaroring,Hungarian Grand Prix,Budapest,Hungary,264,4.381,306.67,False,technical,69,\N,11,0.0,,
958,835,4,11,11,2016,11,2016-07-24,jolyon_palmer,PAL,Jolyon,Palmer,British,renault,Renault,French,Hungaroring,Hungarian Grand Prix,Budapest,Hungary,264,4.381,306.67,False,technical,69,\N,12,0.0,,
958,821,210,11,11,2016,11,2016-07-24,gutierrez,GUT,Esteban,Gutiérrez,Mexican,haas,Haas F1 Team,American,Hungaroring,Hungarian Grand Prix,Budapest,Hungary,264,4.381,306.67,False,technical,69,\N,13,0.0,,
958,154,210,11,11,2016,11,2016-07-24,grosjean,GRO,Romain,Grosjean,French,haas,Haas F1 Team,American,Hungaroring,Hungarian Grand Prix,Budapest,Hungary,264,4.381,306.67,False,technical,69,\N,14,0.0,,
958,825,4,11,11,2016,11,2016-07-24,kevin_magnussen,MAG,Kevin,Magnussen,Danish,renault,Renault,French,Hungaroring,Hungarian Grand Prix,Budapest,Hungary,264,4.381,306.67,False,technical,69,\N,15,0.0,,
958,826,5,11,11,2016,11,2016-07-24,kvyat,KVY,Daniil,Kvyat,Russian,toro_rosso,Toro Rosso,Italian,Hungaroring,Hungarian Grand Prix,Budapest,Hungary,264,4.381,306.67,False,technical,69,\N,16,0.0,,
958,831,15,11,11,2016,11,2016-07-24,nasr,NAS,Felipe,Nasr,Brazilian,sauber,Sauber,Swiss,Hungaroring,Hungarian Grand Prix,Budapest,Hungary,264,4.381,306.67,False,technical,69,\N,17,0.0,,
958,13,3,11,12,2016,11,2016-07-24,massa,MAS,Felipe,Massa,Brazilian,williams,Williams,British,Hungaroring,Hungarian Grand Prix,Budapest,Hungary,264,4.381,306.67,False,technical,68,\N,18,0.0,,
958,836,209,11,12,2016,11,2016-07-24,wehrlein,WEH,Pascal,Wehrlein,German,manor,Manor Marussia,British,Hungaroring,Hungarian Grand Prix,Budapest,Hungary,264,4.381,306.67,False,technical,68,\N,19,0.0,,
958,828,15,11,12,2016,11,2016-07-24,ericsson,ERI,Marcus,Ericsson,Swedish,sauber,Sauber,Swiss,Hungaroring,Hungarian Grand Prix,Budapest,Hungary,264,4.381,306.67,False,technical,68,\N,20,0.0,,
958,837,209,11,12,2016,11,2016-07-24,haryanto,HAR,Rio,Haryanto,Indonesian,manor,Manor Marussia,British,Hungaroring,Hungarian Grand Prix,Budapest,Hungary,264,4.381,306.67,False,technical,68,\N,21,0.0,,
958,18,1,11,44,2016,11,2016-07-24,button,BUT,Jenson,Button,British,mclaren,McLaren,British,Hungaroring,Hungarian Grand Prix,Budapest,Hungary,264,4.381,306.67,False,technical,60,\N,\N,0.0,,
959,1,131,10,1,2016,12,2016-07-31,hamilton,HAM,Lewis,Hamilton,British,mercedes,Mercedes,German,Hockenheimring,German Grand Prix,Hockenheim,Germany,103,4.574,306.458,False,balanced,67,5444200,1,25.0,,
959,817,9,10,1,2016,12,2016-07-31,ricciardo,RIC,Daniel,Ricciardo,Australian,red_bull,Red Bull,Austrian,Hockenheimring,German Grand Prix,Hockenheim,Germany,103,4.574,306.458,False,balanced,67,5451196,2,18.0,,
959,830,9,10,1,2016,12,2016-07-31,max_verstappen,VER,Max,Verstappen,Dutch,red_bull,Red Bull,Austrian,Hockenheimring,German Grand Prix,Hockenheim,Germany,103,4.574,306.458,False,balanced,67,5457613,3,15.0,,
959,3,131,10,1,2016,12,2016-07-31,rosberg,ROS,Nico,Rosberg,German,mercedes,Mercedes,German,Hockenheimring,German Grand Prix,Hockenheim,Germany,103,4.574,306.458,False,balanced,67,5460045,4,12.0,,
959,20,6,10,1,2016,12,2016-07-31,vettel,VET,Sebastian,Vettel,German,ferrari,Ferrari,Italian,Hockenheimring,German Grand Prix,Hockenheim,Germany,103,4.574,306.458,False,balanced,67,5476770,5,10.0,,
959,8,6,10,1,2016,12,2016-07-31,raikkonen,RAI,Kimi,Räikkönen,Finnish,ferrari,Ferrari,Italian,Hockenheimring,German Grand Prix,Hockenheim,Germany,103,4.574,306.458,False,balanced,67,5481223,6,8.0,,
959,807,10,10,1,2016,12,2016-07-31,hulkenberg,HUL,Nico,Hülkenberg,German,force_india,Force India,Indian,Hockenheimring,German Grand Prix,Hockenheim,Germany,103,4.574,306.458,False,balanced,67,5514249,7,6.0,,
959,18,1,10,11,2016,12,2016-07-31,button,BUT,Jenson,Button,British,mclaren,McLaren,British,Hockenheimring,German Grand Prix,Hockenheim,Germany,103,4.574,306.458,False,balanced,66,\N,8,4.0,,
959,822,3,10,11,2016,12,2016-07-31,bottas,BOT,Valtteri,Bottas,Finnish,williams,Williams,British,Hockenheimring,German Grand Prix,Hockenheim,Germany,103,4.574,306.458,False,balanced,66,\N,9,2.0,,
959,815,10,10,11,2016,12,2016-07-31,perez,PER,Sergio,Pérez,Mexican,force_india,Force India,Indian,Hockenheimring,German Grand Prix,Hockenheim,Germany,103,4.574,306.458,False,balanced,66,\N,10,1.0,,
959,821,210,10,11,2016,12,2016-07-31,gutierrez,GUT,Esteban,Gutiérrez,Mexican,haas,Haas F1 Team,American,Hockenheimring,German Grand Prix,Hockenheim,Germany,103,4.574,306.458,False,balanced,66,\N,11,0.0,,
959,4,1,10,11,2016,12,2016-07-31,alonso,ALO,Fernando,Alonso,Spanish,mclaren,McLaren,British,Hockenheimring,German Grand Prix,Hockenheim,Germany,103,4.574,306.458,False,balanced,66,\N,12,0.0,,
959,154,210,10,11,2016,12,2016-07-31,grosjean,GRO,Romain,Grosjean,French,haas,Haas F1 Team,American,Hockenheimring,German Grand Prix,Hockenheim,Germany,103,4.574,306.458,False,balanced,66,\N,13,0.0,,
959,832,5,10,11,2016,12,2016-07-31,sainz,SAI,Carlos,Sainz,Spanish,toro_rosso,Toro Rosso,Italian,Hockenheimring,German Grand Prix,Hockenheim,Germany,103,4.574,306.458,False,balanced,66,\N,14,0.0,,
959,826,5,10,11,2016,12,2016-07-31,kvyat,KVY,Daniil,Kvyat,Russian,toro_rosso,Toro Rosso,Italian,Hockenheimring,German Grand Prix,Hockenheim,Germany,103,4.574,306.458,False,balanced,66,\N,15,0.0,,
959,825,4,10,11,2016,12,2016-07-31,kevin_magnussen,MAG,Kevin,Magnussen,Danish,renault,Renault,French,Hockenheimring,German Grand Prix,Hockenheim,Germany,103,4.574,306.458,False,balanced,66,\N,16,0.0,,
959,836,209,10,12,2016,12,2016-07-31,wehrlein,WEH,Pascal,Wehrlein,German,manor,Manor Marussia,British,Hockenheimring,German Grand Prix,Hockenheim,Germany,103,4.574,306.458,False,balanced,65,\N,17,0.0,,
959,828,15,10,12,2016,12,2016-07-31,ericsson,ERI,Marcus,Ericsson,Swedish,sauber,Sauber,Swiss,Hockenheimring,German Grand Prix,Hockenheim,Germany,103,4.574,306.458,False,balanced,65,\N,18,0.0,,
959,835,4,10,12,2016,12,2016-07-31,jolyon_palmer,PAL,Jolyon,Palmer,British,renault,Renault,French,Hockenheimring,German Grand Prix,Hockenheim,Germany,103,4.574,306.458,False,balanced,65,\N,19,0.0,,
959,837,209,10,12,2016,12,2016-07-31,haryanto,HAR,Rio,Haryanto,Indonesian,manor,Manor Marussia,British,Hockenheimring,German Grand Prix,Hockenheim,Germany,103,4.574,306.458,False,balanced,65,\N,20,0.0,,
959,831,15,10,131,2016,12,2016-07-31,nasr,NAS,Felipe,Nasr,Brazilian,sauber,Sauber,Swiss,Hockenheimring,German Grand Prix,Hockenheim,Germany,103,4.574,306.458,False,balanced,57,\N,\N,0.0,,
959,13,3,10,22,2016,12,2016-07-31,massa,MAS,Felipe,Massa,Brazilian,williams,Williams,British,Hockenheimring,German Grand Prix,Hockenheim,Germany,103,4.574,306.458,False,balanced,36,\N,\N,0.0,,
960,3,131,13,1,2016,13,2016-08-28,rosberg,ROS,Nico,Rosberg,German,mercedes,Mercedes,German,Circuit de Spa-Francorchamps,Belgian Grand Prix,Spa,Belgium,401,7.004,308.176,False,high_speed,44,6291058,1,25.0,,
960,817,9,13,1,2016,13,2016-08-28,ricciardo,RIC,Daniel,Ricciardo,Australian,red_bull,Red Bull,Austrian,Circuit de Spa-Francorchamps,Belgian Grand Prix,Spa,Belgium,401,7.004,308.176,False,high_speed,44,6305171,2,18.0,,
960,1,131,13,1,2016,13,2016-08-28,hamilton,HAM,Lewis,Hamilton,British,mercedes,Mercedes,German,Circuit de Spa-Francorchamps,Belgian Grand Prix,Spa,Belgium,401,7.004,308.176,False,high_speed,44,6318692,3,15.0,,
960,807,10,13,1,2016,13,2016-08-28,hulkenberg,HUL,Nico,Hülkenberg,German,force_india,Force India,Indian,Circuit de Spa-Francorchamps,Belgian Grand Prix,Spa,Belgium,401,7.004,308.176,False,high_speed,44,6326965,4,12.0,,
960,815,10,13,1,2016,13,2016-08-28,perez,PER,Sergio,Pérez,Mexican,force_india,Force India,Indian,Circuit de Spa-Francorchamps,Belgian Grand Prix,Spa,Belgium,401,7.004,308.176,False,high_speed,44,6331718,5,10.0,,
960,20,6,13,1,2016,13,2016-08-28,vettel,VET,Sebastian,Vettel,German,ferrari,Ferrari,Italian,Circuit de Spa-Francorchamps,Belgian Grand Prix,Spa,Belgium,401,7.004,308.176,False,high_speed,44,6336452,6,8.0,,
960,4,1,13,1,2016,13,2016-08-28,alonso,ALO,Fernando,Alonso,Spanish,mclaren,McLaren,British,Circuit de Spa-Francorchamps,Belgian Grand Prix,Spa,Belgium,401,7.004,308.176,False,high_speed,44,6350503,7,6.0,,
960,822,3,13,1,2016,13,2016-08-28,bottas,BOT,Valtteri,Bottas,Finnish,williams,Williams,British,Circuit de Spa-Francorchamps,Belgian Grand Prix,Spa,Belgium,401,7.004,308.176,False,high_speed,44,6351209,8,4.0,,
960,8,6,13,1,2016,13,2016-08-28,raikkonen,RAI,Kimi,Räikkönen,Finnish,ferrari,Ferrari,Italian,Circuit de Spa-Francorchamps,Belgian Grand Prix,Spa,Belgium,401,7.004,308.176,False,high_speed,44,6352167,9,2.0,,
960,13,3,13,1,2016,13,2016-08-28,massa,MAS,Felipe,Massa,Brazilian,williams,Williams,British,Circuit de Spa-Francorchamps,Belgian Grand Prix,Spa,Belgium,401,7.004,308.176,False,high_speed,44,6356931,10,1.0,,
960,830,9,13,1,2016,13,2016-08-28,max_verstappen,VER,Max,Verstappen,Dutch,red_bull,Red Bull,Austrian,Circuit de Spa-Francorchamps,Belgian Grand Prix,Spa,Belgium,401,7.004,308.176,False,high_speed,44,6362196,11,0.0,,
960,821,210,13,1,2016,13,2016-08-28,gutierrez,GUT,Esteban,Gutiérrez,Mexican,haas,Haas F1 Team,American,Circuit de Spa-Francorchamps,Belgian Grand Prix,Spa,Belgium,401,7.004,308.176,False,high_speed,44,6364935,12,0.0,,
960,154,210,13,1,2016,13,2016-08-28,grosjean,GRO,Romain,Grosjean,French,haas,Haas F1 Team,American,Circuit de Spa-Francorchamps,Belgian Grand Prix,Spa,Belgium,401,7.004,308.176,False,high_speed,44,6367532,13,0.0,,
960,826,5,13,1,2016,13,2016-08-28,kvyat,KVY,Daniil,Kvyat,Russian,toro_rosso,Toro Rosso,Italian,Circuit de Spa-Francorchamps,Belgian Grand Prix,Spa,Belgium,401,7.004,308.176,False,high_speed,44,6378155,14,0.0,,
960,835,4,13,1,2016,13,2016-08-28,jolyon_palmer,PAL,Jolyon,Palmer,British,renault,Renault,French,Circuit de Spa-Francorchamps,Belgian Grand Prix,Spa,Belgium,401,7.004,308.176,False,high_speed,44,6384223,15,0.0,,
960,839,209,13,11,2016,13,2016-08-28,ocon,OCO,Esteban,Ocon,French,manor,Manor Marussia,British,Circuit de Spa-Francorchamps,Belgian Grand Prix,Spa,Belgium,401,7.004,308.176,False,high_speed,43,\N,16,0.0,,
960,831,15,13,11,2016,13,2016-08-28,nasr,NAS,Felipe,Nasr,Brazilian,sauber,Sauber,Swiss,Circuit de Spa-Francorchamps,Belgian Grand Prix,Spa,Belgium,401,7.004,308.176,False,high_speed,43,\N,17,0.0,,
960,825,4,13,3,2016,13,2016-08-28,kevin_magnussen,MAG,Kevin,Magnussen,Danish,renault,Renault,French,Circuit de Spa-Francorchamps,Belgian Grand Prix,Spa,Belgium,401,7.004,308.176,False,high_speed,5,\N,\N,0.0,,
960,828,15,13,6,2016,13,2016-08-28,ericsson,ERI,Marcus,Ericsson,Swedish,sauber,Sauber,Swiss,Circuit de Spa-Francorchamps,Belgian Grand Prix,Spa,Belgium,401,7.004,308.176,False,high_speed,3,\N,\N,0.0,,
960,832,5,13,29,2016,13,2016-08-28,sainz,SAI,Carlos,Sainz,Spanish,toro_rosso,Toro Rosso,Italian,Circuit de Spa-Francorchamps,Belgian Grand Prix,Spa,Belgium,401,7.004,308.176,False,high_speed,1,\N,\N,0.0,,
960,18,1,13,130,2016,13,2016-08-28,button,BUT,Jenson,Button,British,mclaren,McLaren,British,Circuit de Spa-Francorchamps,Belgian Grand Prix,Spa,Belgium,401,7.004,308.176,False,high_speed,1,\N,\N,0.0,,
960,836,209,13,130,2016,13,2016-08-28,wehrlein,WEH,Pascal,Wehrlein,German,manor,Manor Marussia,British,Circuit de Spa-Francorchamps,Belgian Grand Prix,Spa,Belgium,401,7.004,308.176,False,high_speed,0,\N,\N,0.0,,
961,3,131,14,1,2016,14,2016-09-04,rosberg,ROS,Nico,Rosberg,German,mercedes,Mercedes,German,Autodromo Nazionale di Monza,Italian Grand Prix,Monza,Italy,162,5.793,307.029,False,high_speed,53,4648089,1,25.0,,
961,1,131,14,1,2016,14,2016-09-04,hamilton,HAM,Lewis,Hamilton,British,mercedes,Mercedes,German,Autodromo Nazionale di Monza,Italian Grand Prix,Monza,Italy,162,5.793,307.029,False,high_speed,53,4663159,2,18.0,,
961,20,6,14,1,2016,14,2016-09-04,vettel,VET,Sebastian,Vettel,German,ferrari,Ferrari,Italian,Autodromo Nazionale di Monza,Italian Grand Prix,Monza,Italy,162,5.793,307.029,False,high_speed,53,4669079,3,15.0,,
961,8,6,14,1,2016,14,2016-09-04,raikkonen,RAI,Kimi,Räikkönen,Finnish,ferrari,Ferrari,Italian,Autodromo Nazionale di Monza,Italian Grand Prix,Monza,Italy,162,5.793,307.029,False,high_speed,53,4675650,4,12.0,,
961,817,9,14,1,2016,14,2016-09-04,ricciardo,RIC,Daniel,Ricciardo,Australian,red_bull,Red Bull,Austrian,Autodromo Nazionale di Monza,Italian Grand Prix,Monza,Italy,162,5.793,307.029,False,high_speed,53,4693384,5,10.0,,
961,822,3,14,1,2016,14,2016-09-04,bottas,BOT,Valtteri,Bottas,Finnish,williams,Williams,British,Autodromo Nazionale di Monza,Italian Grand Prix,Monza,Italy,162,5.793,307.029,False,high_speed,53,4699104,6,8.0,,
961,830,9,14,1,2016,14,2016-09-04,max_verstappen,VER,Max,Verstappen,Dutch,red_bull,Red Bull,Austrian,Autodromo Nazionale di Monza,Italian Grand Prix,Monza,Italy,162,5.793,307.029,False,high_speed,53,4702325,7,6.0,,
961,815,10,14,1,2016,14,2016-09-04,perez,PER,Sergio,Pérez,Mexican,force_india,Force India,Indian,Autodromo Nazionale di Monza,Italian Grand Prix,Monza,Italy,162,5.793,307.029,False,high_speed,53,4713043,8,4.0,,
961,13,3,14,1,2016,14,2016-09-04,massa,MAS,Felipe,Massa,Brazilian,williams,Williams,British,Autodromo Nazionale di Monza,Italian Grand Prix,Monza,Italy,162,5.793,307.029,False,high_speed,53,4713706,9,2.0,,
961,807,10,14,1,2016,14,2016-09-04,hulkenberg,HUL,Nico,Hülkenberg,German,force_india,Force India,Indian,Autodromo Nazionale di Monza,Italian Grand Prix,Monza,Italy,162,5.793,307.029,False,high_speed,53,4726745,10,1.0,,
961,154,210,14,11,2016,14,2016-09-04,grosjean,GRO,Romain,Grosjean,French,haas,Haas F1 Team,American,Autodromo Nazionale di Monza,Italian Grand Prix,Monza,Italy,162,5.793,307.029,False,high_speed,52,\N,11,0.0,,
961,18,1,14,11,2016,14,2016-09-04,button,BUT,Jenson,Button,British,mclaren,McLaren,British,Autodromo Nazionale di Monza,Italian Grand Prix,Monza,Italy,162,5.793,307.029,False,high_speed,52,\N,12,0.0,,
961,821,210,14,11,2016,14,2016-09-04,gutierrez,GUT,Esteban,Gutiérrez,Mexican,haas,Haas F1 Team,American,Autodromo Nazionale di Monza,Italian Grand Prix,Monza,Italy,162,5.793,307.029,False,high_speed,52,\N,13,0.0,,
961,4,1,14,11,2016,14,2016-09-04,alonso,ALO,Fernando,Alonso,Spanish,mclaren,McLaren,British,Autodromo Nazionale di Monza,Italian Grand Prix,Monza,Italy,162,5.793,307.029,False,high_speed,52,\N,14,0.0,,
961,832,5,14,11,2016,14,2016-09-04,sainz,SAI,Carlos,Sainz,Spanish,toro_rosso,Toro Rosso,Italian,Autodromo Nazionale di Monza,Italian Grand Prix,Monza,Italy,162,5.793,307.029,False,high_speed,52,\N,15,0.0,,
961,828,15,14,11,2016,14,2016-09-04,ericsson,ERI,Marcus,Ericsson,Swedish,sauber,Sauber,Swiss,Autodromo Nazionale di Monza,Italian Grand Prix,Monza,Italy,162,5.793,307.029,False,high_speed,52,\N,16,0.0,,
961,825,4,14,11,2016,14,2016-09-04,kevin_magnussen,MAG,Kevin,Magnussen,Danish,renault,Renault,French,Autodromo Nazionale di Monza,Italian Grand Prix,Monza,Italy,162,5.793,307.029,False,high_speed,52,\N,17,0.0,,
961,839,209,14,12,2016,14,2016-09-04,ocon,OCO,Esteban,Ocon,French,manor,Manor Marussia,British,Autodromo Nazionale di Monza,Italian Grand Prix,Monza,Italy,162,5.793,307.029,False,high_speed,51,\N,18,0.0,,
961,826,5,14,84,2016,14,2016-09-04,kvyat,KVY,Daniil,Kvyat,Russian,toro_rosso,Toro Rosso,Italian,Autodromo Nazionale di Monza,Italian Grand Prix,Monza,Italy,162,5.793,307.029,False,high_speed,36,\N,\N,0.0,,
961,836,209,14,44,2016,14,2016-09-04,wehrlein,WEH,Pascal,Wehrlein,German,manor,Manor Marussia,British,Autodromo Nazionale di Monza,Italian Grand Prix,Monza,Italy,162,5.793,307.029,False,high_speed,26,\N,\N,0.0,,
961,835,4,14,130,2016,14,2016-09-04,jolyon_palmer,PAL,Jolyon,Palmer,British,renault,Renault,French,Autodromo Nazionale di Monza,Italian Grand Prix,Monza,Italy,162,5.793,307.029,False,high_speed,7,\N,\N,0.0,,
961,831,15,14,130,2016,14,2016-09-04,nasr,NAS,Felipe,Nasr,Brazilian,sauber,Sauber,Swiss,Autodromo Nazionale di Monza,Italian Grand Prix,Monza,Italy,162,5.793,307.029,False,high_speed,6,\N,\N,0.0,,
962,3,131,15,1,2016,15,2016-09-18,rosberg,ROS,Nico,Rosberg,German,mercedes,Mercedes,German,Marina Bay Street Circuit,Singapore Grand Prix,Marina Bay,Singapore,18,4.927,300.547,True,technical,61,6948950,1,25.0,,
962,817,9,15,1,2016,15,2016-09-18,ricciardo,RIC,Daniel,Ricciardo,Australian,red_bull,Red Bull,Austrian,Marina Bay Street Circuit,Singapore Grand Prix,Marina Bay,Singapore,18,4.927,300.547,True,technical,61,6949438,2,18.0,,
962,1,131,15,1,2016,15,2016-09-18,hamilton,HAM,Lewis,Hamilton,British,mercedes,Mercedes,German,Marina Bay Street Circuit,Singapore Grand Prix,Marina Bay,Singapore,18,4.927,300.547,True,technical,61,6956988,3,15.0,,
962,8,6,15,1,2016,15,2016-09-18,raikkonen,RAI,Kimi,Räikkönen,Finnish,ferrari,Ferrari,Italian,Marina Bay Street Circuit,Singapore Grand Prix,Marina Bay,Singapore,18,4.927,300.547,True,technical,61,6959169,4,12.0,,
962,20,6,15,1,2016,15,2016-09-18,vettel,VET,Sebastian,Vettel,German,ferrari,Ferrari,Italian,Marina Bay Street Circuit,Singapore Grand Prix,Marina Bay,Singapore,18,4.927,300.547,True,technical,61,6976644,5,10.0,,
962,830,9,15,1,2016,15,2016-09-18,max_verstappen,VER,Max,Verstappen,Dutch,red_bull,Red Bull,Austrian,Marina Bay Street Circuit,Singapore Grand Prix,Marina Bay,Singapore,18,4.927,300.547,True,technical,61,7020147,6,8.0,,
962,4,1,15,1,2016,15,2016-09-18,alonso,ALO,Fernando,Alonso,Spanish,mclaren,McLaren,British,Marina Bay Street Circuit,Singapore Grand Prix,Marina Bay,Singapore,18,4.927,300.547,True,technical,61,7038148,7,6.0,,
962,815,10,15,1,2016,15,2016-09-18,perez,PER,Sergio,Pérez,Mexican,force_india,Force India,Indian,Marina Bay Street Circuit,Singapore Grand Prix,Marina Bay,Singapore,18,4.927,300.547,True,technical,61,7060012,8,4.0,,
962,826,5,15,1,2016,15,2016-09-18,kvyat,KVY,Daniil,Kvyat,Russian,toro_rosso,Toro Rosso,Italian,Marina Bay Street Circuit,Singapore Grand Prix,Marina Bay,Singapore,18,4.927,300.547,True,technical,61,7060507,9,2.0,,
962,825,4,15,1,2016,15,2016-09-18,kevin_magnussen,MAG,Kevin,Magnussen,Danish,renault,Renault,French,Marina Bay Street Circuit,Singapore Grand Prix,Marina Bay,Singapore,18,4.927,300.547,True,technical,61,7068902,10,1.0,,
962,821,210,15,11,2016,15,2016-09-18,gutierrez,GUT,Esteban,Gutiérrez,Mexican,haas,Haas F1 Team,American,Marina Bay Street Circuit,Singapore Grand Prix,Marina Bay,Singapore,18,4.927,300.547,True,technical,60,\N,11,0.0,,
962,13,3,15,11,2016,15,2016-09-18,massa,MAS,Felipe,Massa,Brazilian,williams,Williams,British,Marina Bay Street Circuit,Singapore Grand Prix,Marina Bay,Singapore,18,4.927,300.547,True,technical,60,\N,12,0.0,,
962,831,15,15,11,2016,15,2016-09-18,nasr,NAS,Felipe,Nasr,Brazilian,sauber,Sauber,Swiss,Marina Bay Street Circuit,Singapore Grand Prix,Marina Bay,Singapore,18,4.927,300.547,True,technical,60,\N,13,0.0,,
962,832,5,15,11,2016,15,2016-09-18,sainz,SAI,Carlos,Sainz,Spanish,toro_rosso,Toro Rosso,Italian,Marina Bay Street Circuit,Singapore Grand Prix,Marina Bay,Singapore,18,4.927,300.547,True,technical,60,\N,14,0.0,,
962,835,4,15,11,2016,15,2016-09-18,jolyon_palmer,PAL,Jolyon,Palmer,British,renault,Renault,French,Marina Bay Street Circuit,Singapore Grand Prix,Marina Bay,Singapore,18,4.927,300.547,True,technical,60,\N,15,0.0,,
962,836,209,15,11,2016,15,2016-09-18,wehrlein,WEH,Pascal,Wehrlein,German,manor,Manor Marussia,British,Marina Bay Street Circuit,Singapore Grand Prix,Marina Bay,Singapore,18,4.927,300.547,True,technical,60,\N,16,0.0,,
962,828,15,15,11,2016,15,2016-09-18,ericsson,ERI,Marcus,Ericsson,Swedish,sauber,Sauber,Swiss,Marina Bay Street Circuit,Singapore Grand Prix,Marina Bay,Singapore,18,4.927,300.547,True,technical,60,\N,17,0.0,,
962,839,209,15,12,2016,15,2016-09-18,ocon,OCO,Esteban,Ocon,French,manor,Manor Marussia,British,Marina Bay Street Circuit,Singapore Grand Prix,Marina Bay,Singapore,18,4.927,300.547,True,technical,59,\N,18,0.0,,
962,18,1,15,23,2016,15,2016-09-18,button,BUT,Jenson,Button,British,mclaren,McLaren,British,Marina Bay Street Circuit,Singapore Grand Prix,Marina Bay,Singapore,18,4.927,300.547,True,technical,43,\N,\N,0.0,,
962,822,3,15,25,2016,15,2016-09-18,bottas,BOT,Valtteri,Bottas,Finnish,williams,Williams,British,Marina Bay Street Circuit,Singapore Grand Prix,Marina Bay,Singapore,18,4.927,300.547,True,technical,35,\N,\N,0.0,,
962,807,10,15,4,2016,15,2016-09-18,hulkenberg,HUL,Nico,Hülkenberg,German,force_india,Force India,Indian,Marina Bay Street Circuit,Singapore Grand Prix,Marina Bay,Singapore,18,4.927,300.547,True,technical,0,\N,\N,0.0,,
962,154,210,15,54,2016,15,2016-09-18,grosjean,GRO,Romain,Grosjean,French,haas,Haas F1 Team,American,Marina Bay Street Circuit,Singapore Grand Prix,Marina Bay,Singapore,18,4.927,300.547,True,technical,0,\N,\N,0.0,,
963,817,9,2,1,2016,16,2016-10-02,ricciardo,RIC,Daniel,Ricciardo,Australian,red_bull,Red Bull,Austrian,Sepang International Circuit,Malaysian Grand Prix,Kuala Lumpur,Malaysia,18,5.543,310.408,False,balanced,56,5832776,1,25.0,,
963,830,9,2,1,2016,16,2016-10-02,max_verstappen,VER,Max,Verstappen,Dutch,red_bull,Red Bull,Austrian,Sepang International Circuit,Malaysian Grand Prix,Kuala Lumpur,Malaysia,18,5.543,310.408,False,balanced,56,5835219,2,18.0,,
963,3,131,2,1,2016,16,2016-10-02,rosberg,ROS,Nico,Rosberg,German,mercedes,Mercedes,German,Sepang International Circuit,Malaysian Grand Prix,Kuala Lumpur,Malaysia,18,5.543,310.408,False,balanced,56,5858292,3,15.0,,
963,8,6,2,1,2016,16,2016-10-02,raikkonen,RAI,Kimi,Räikkönen,Finnish,ferrari,Ferrari,Italian,Sepang International Circuit,Malaysian Grand Prix,Kuala Lumpur,Malaysia,18,5.543,310.408,False,balanced,56,5861561,4,12.0,,
963,822,3,2,1,2016,16,2016-10-02,bottas,BOT,Valtteri,Bottas,Finnish,williams,Williams,British,Sepang International Circuit,Malaysian Grand Prix,Kuala Lumpur,Malaysia,18,5.543,310.408,False,balanced,56,5894358,5,10.0,,
963,815,10,2,1,2016,16,2016-10-02,perez,PER,Sergio,Pérez,Mexican,force_india,Force India,Indian,Sepang International Circuit,Malaysian Grand Prix,Kuala Lumpur,Malaysia,18,5.543,310.408,False,balanced,56,5896570,6,8.0,,
963,4,1,2,1,2016,16,2016-10-02,alonso,ALO,Fernando,Alonso,Spanish,mclaren,McLaren,British,Sepang International Circuit,Malaysian Grand Prix,Kuala Lumpur,Malaysia,18,5.543,310.408,False,balanced,56,5897981,7,6.0,,
963,807,10,2,1,2016,16,2016-10-02,hulkenberg,HUL,Nico,Hülkenberg,German,force_india,Force India,Indian,Sepang International Circuit,Malaysian Grand Prix,Kuala Lumpur,Malaysia,18,5.543,310.408,False,balanced,56,5906838,8,4.0,,
963,18,1,2,1,2016,16,2016-10-02,button,BUT,Jenson,Button,British,mclaren,McLaren,British,Sepang International Circuit,Malaysian Grand Prix,Kuala Lumpur,Malaysia,18,5.543,310.408,False,balanced,56,5914592,9,2.0,,
963,835,4,2,1,2016,16,2016-10-02,jolyon_palmer,PAL,Jolyon,Palmer,British,renault,Renault,French,Sepang International Circuit,Malaysian Grand Prix,Kuala Lumpur,Malaysia,18,5.543,310.408,False,balanced,56,5928242,10,1.0,,
963,832,5,2,1,2016,16,2016-10-02,sainz,SAI,Carlos,Sainz,Spanish,toro_rosso,Toro Rosso,Italian,Sepang International Circuit,Malaysian Grand Prix,Kuala Lumpur,Malaysia,18,5.543,310.408,False,balanced,56,5931654,11,0.0,,
963,828,15,2,11,2016,16,2016-10-02,ericsson,ERI,Marcus,Ericsson,Swedish,sauber,Sauber,Swiss,Sepang International Circuit,Malaysian Grand Prix,Kuala Lumpur,Malaysia,18,5.543,310.408,False,balanced,55,\N,12,0.0,,
963,13,3,2,11,2016,16,2016-10-02,massa,MAS,Felipe,Massa,Brazilian,williams,Williams,British,Sepang International Circuit,Malaysian Grand Prix,Kuala Lumpur,Malaysia,18,5.543,310.408,False,balanced,55,\N,13,0.0,,
963,826,5,2,11,2016,16,2016-10-02,kvyat,KVY,Daniil,Kvyat,Russian,toro_rosso,Toro Rosso,Italian,Sepang International Circuit,Malaysian Grand Prix,Kuala Lumpur,Malaysia,18,5.543,310.408,False,balanced,55,\N,14,0.0,,
963,836,209,2,11,2016,16,2016-10-02,wehrlein,WEH,Pascal,Wehrlein,German,manor,Manor Marussia,British,Sepang International Circuit,Malaysian Grand Prix,Kuala Lumpur,Malaysia,18,5.543,310.408,False,balanced,55,\N,15,0.0,,
963,839,209,2,11,2016,16,2016-10-02,ocon,OCO,Esteban,Ocon,French,manor,Manor Marussia,British,Sepang International Circuit,Malaysian Grand Prix,Kuala Lumpur,Malaysia,18,5.543,310.408,False,balanced,55,\N,16,0.0,,
963,831,15,2,23,2016,16,2016-10-02,nasr,NAS,Felipe,Nasr,Brazilian,sauber,Sauber,Swiss,Sepang International Circuit,Malaysian Grand Prix,Kuala Lumpur,Malaysia,18,5.543,310.408,False,balanced,46,\N,\N,0.0,,
963,1,131,2,5,2016,16,2016-10-02,hamilton,HAM,Lewis,Hamilton,British,mercedes,Mercedes,German,Sepang International Circuit,Malaysian Grand Prix,Kuala Lumpur,Malaysia,18,5.543,310.408,False,balanced,40,\N,\N,0.0,,
963,821,210,2,61,2016,16,2016-10-02,gutierrez,GUT,Esteban,Gutiérrez,Mexican,haas,Haas F1 Team,American,Sepang International Circuit,Malaysian Grand Prix,Kuala Lumpur,Malaysia,18,5.543,310.408,False,balanced,39,\N,\N,0.0,,
963,825,4,2,75,2016,16,2016-10-02,kevin_magnussen,MAG,Kevin,Magnussen,Danish,renault,Renault,French,Sepang International Circuit,Malaysian Grand Prix,Kuala Lumpur,Malaysia,18,5.543,310.408,False,balanced,17,\N,\N,0.0,,
963,154,210,2,23,2016,16,2016-10-02,grosjean,GRO,Romain,Grosjean,French,haas,Haas F1 Team,American,Sepang International Circuit,Malaysian Grand Prix,Kuala Lumpur,Malaysia,18,5.543,310.408,False,balanced,7,\N,\N,0.0,,
963,20,6,2,4,2016,16,2016-10-02,vettel,VET,Sebastian,Vettel,German,ferrari,Ferrari,Italian,Sepang International Circuit,Malaysian Grand Prix,Kuala Lumpur,Malaysia,18,5.543,310.408,False,balanced,0,\N,\N,0.0,,
964,3,131,22,1,2016,17,2016-10-09,rosberg,ROS,Nico,Rosberg,German,mercedes,Mercedes,German,Suzuka Circuit,Japanese Grand Prix,Suzuka,Japan,45,5.807,307.771,False,technical,53,5203333,1,25.0,,
964,830,9,22,1,2016,17,2016-10-09,max_verstappen,VER,Max,Verstappen,Dutch,red_bull,Red Bull,Austrian,Suzuka Circuit,Japanese Grand Prix,Suzuka,Japan,45,5.807,307.771,False,technical,53,5208311,2,18.0,,
964,1,131,22,1,2016,17,2016-10-09,hamilton,HAM,Lewis,Hamilton,British,mercedes,Mercedes,German,Suzuka Circuit,Japanese Grand Prix,Suzuka,Japan,45,5.807,307.771,False,technical,53,5209109,3,15.0,,
964,20,6,22,1,2016,17,2016-10-09,vettel,VET,Sebastian,Vettel,German,ferrari,Ferrari,Italian,Suzuka Circuit,Japanese Grand Prix,Suzuka,Japan,45,5.807,307.771,False,technical,53,5223602,4,12.0,,
964,8,6,22,1,2016,17,2016-10-09,raikkonen,RAI,Kimi,Räikkönen,Finnish,ferrari,Ferrari,Italian,Suzuka Circuit,Japanese Grand Prix,Suzuka,Japan,45,5.807,307.771,False,technical,53,5231703,5,10.0,,
964,817,9,22,1,2016,17,2016-10-09,ricciardo,RIC,Daniel,Ricciardo,Australian,red_bull,Red Bull,Austrian,Suzuka Circuit,Japanese Grand Prix,Suzuka,Japan,45,5.807,307.771,False,technical,53,5237274,6,8.0,,
964,815,10,22,1,2016,17,2016-10-09,perez,PER,Sergio,Pérez,Mexican,force_india,Force India,Indian,Suzuka Circuit,Japanese Grand Prix,Suzuka,Japan,45,5.807,307.771,False,technical,53,5260828,7,6.0,,
964,807,10,22,1,2016,17,2016-10-09,hulkenberg,HUL,Nico,Hülkenberg,German,force_india,Force India,Indian,Suzuka Circuit,Japanese Grand Prix,Suzuka,Japan,45,5.807,307.771,False,technical,53,5262510,8,4.0,,
964,13,3,22,1,2016,17,2016-10-09,massa,MAS,Felipe,Massa,Brazilian,williams,Williams,British,Suzuka Circuit,Japanese Grand Prix,Suzuka,Japan,45,5.807,307.771,False,technical,53,5301096,9,2.0,,
964,822,3,22,1,2016,17,2016-10-09,bottas,BOT,Valtteri,Bottas,Finnish,williams,Williams,British,Suzuka Circuit,Japanese Grand Prix,Suzuka,Japan,45,5.807,307.771,False,technical,53,5301656,10,1.0,,
964,154,210,22,1,2016,17,2016-10-09,grosjean,GRO,Romain,Grosjean,French,haas,Haas F1 Team,American,Suzuka Circuit,Japanese Grand Prix,Suzuka,Japan,45,5.807,307.771,False,technical,53,5302587,11,0.0,,
964,835,4,22,11,2016,17,2016-10-09,jolyon_palmer,PAL,Jolyon,Palmer,British,renault,Renault,French,Suzuka Circuit,Japanese Grand Prix,Suzuka,Japan,45,5.807,307.771,False,technical,52,\N,12,0.0,,
964,826,5,22,11,2016,17,2016-10-09,kvyat,KVY,Daniil,Kvyat,Russian,toro_rosso,Toro Rosso,Italian,Suzuka Circuit,Japanese Grand Prix,Suzuka,Japan,45,5.807,307.771,False,technical,52,\N,13,0.0,,
964,825,4,22,11,2016,17,2016-10-09,kevin_magnussen,MAG,Kevin,Magnussen,Danish,renault,Renault,French,Suzuka Circuit,Japanese Grand Prix,Suzuka,Japan,45,5.807,307.771,False,technical,52,\N,14,0.0,,
964,828,15,22,11,2016,17,2016-10-09,ericsson,ERI,Marcus,Ericsson,Swedish,sauber,Sauber,Swiss,Suzuka Circuit,Japanese Grand Prix,Suzuka,Japan,45,5.807,307.771,False,technical,52,\N,15,0.0,,
964,4,1,22,11,2016,17,2016-10-09,alonso,ALO,Fernando,Alonso,Spanish,mclaren,McLaren,British,Suzuka Circuit,Japanese Grand Prix,Suzuka,Japan,45,5.807,307.771,False,technical,52,\N,16,0.0,,
964,832,5,22,11,2016,17,2016-10-09,sainz,SAI,Carlos,Sainz,Spanish,toro_rosso,Toro Rosso,Italian,Suzuka Circuit,Japanese Grand Prix,Suzuka,Japan,45,5.807,307.771,False,technical,52,\N,17,0.0,,
964,18,1,22,11,2016,17,2016-10-09,button,BUT,Jenson,Button,British,mclaren,McLaren,British,Suzuka Circuit,Japanese Grand Prix,Suzuka,Japan,45,5.807,307.771,False,technical,52,\N,18,0.0,,
964,831,15,22,11,2016,17,2016-10-09,nasr,NAS,Felipe,Nasr,Brazilian,sauber,Sauber,Swiss,Suzuka Circuit,Japanese Grand Prix,Suzuka,Japan,45,5.807,307.771,False,technical,52,\N,19,0.0,,
964,821,210,22,11,2016,17,2016-10-09,gutierrez,GUT,Esteban,Gutiérrez,Mexican,haas,Haas F1 Team,American,Suzuka Circuit,Japanese Grand Prix,Suzuka,Japan,45,5.807,307.771,False,technical,52,\N,20,0.0,,
964,839,209,22,11,2016,17,2016-10-09,ocon,OCO,Esteban,Ocon,French,manor,Manor Marussia,British,Suzuka Circuit,Japanese Grand Prix,Suzuka,Japan,45,5.807,307.771,False,technical,52,\N,21,0.0,,
964,836,209,22,11,2016,17,2016-10-09,wehrlein,WEH,Pascal,Wehrlein,German,manor,Manor Marussia,British,Suzuka Circuit,Japanese Grand Prix,Suzuka,Japan,45,5.807,307.771,False,technical,52,\N,22,0.0,,
965,1,131,69,1,2016,18,2016-10-23,hamilton,HAM,Lewis,Hamilton,British,mercedes,Mercedes,German,Circuit of the Americas,United States Grand Prix,Austin,USA,161,5.513,308.728,False,balanced,56,5892618,1,25.0,,
965,3,131,69,1,2016,18,2016-10-23,rosberg,ROS,Nico,Rosberg,German,mercedes,Mercedes,German,Circuit of the Americas,United States Grand Prix,Austin,USA,161,5.513,308.728,False,balanced,56,5897138,2,18.0,,
965,817,9,69,1,2016,18,2016-10-23,ricciardo,RIC,Daniel,Ricciardo,Australian,red_bull,Red Bull,Austrian,Circuit of the Americas,United States Grand Prix,Austin,USA,161,5.513,308.728,False,balanced,56,5912310,3,15.0,,
965,20,6,69,1,2016,18,2016-10-23,vettel,VET,Sebastian,Vettel,German,ferrari,Ferrari,Italian,Circuit of the Americas,United States Grand Prix,Austin,USA,161,5.513,308.728,False,balanced,56,5935752,4,12.0,,
965,4,1,69,1,2016,18,2016-10-23,alonso,ALO,Fernando,Alonso,Spanish,mclaren,McLaren,British,Circuit of the Americas,United States Grand Prix,Austin,USA,161,5.513,308.728,False,balanced,56,5986571,5,10.0,,
965,832,5,69,1,2016,18,2016-10-23,sainz,SAI,Carlos,Sainz,Spanish,toro_rosso,Toro Rosso,Italian,Circuit of the Americas,United States Grand Prix,Austin,USA,161,5.513,308.728,False,balanced,56,5988742,6,8.0,,
965,13,3,69,11,2016,18,2016-10-23,massa,MAS,Felipe,Massa,Brazilian,williams,Williams,British,Circuit of the Americas,United States Grand Prix,Austin,USA,161,5.513,308.728,False,balanced,55,\N,7,6.0,,
965,815,10,69,11,2016,18,2016-10-23,perez,PER,Sergio,Pérez,Mexican,force_india,Force India,Indian,Circuit of the Americas,United States Grand Prix,Austin,USA,161,5.513,308.728,False,balanced,55,\N,8,4.0,,
965,18,1,69,11,2016,18,2016-10-23,button,BUT,Jenson,Button,British,mclaren,McLaren,British,Circuit of the Americas,United States Grand Prix,Austin,USA,161,5.513,308.728,False,balanced,55,\N,9,2.0,,
965,154,210,69,11,2016,18,2016-10-23,grosjean,GRO,Romain,Grosjean,French,haas,Haas F1 Team,American,Circuit of the Americas,United States Grand Prix,Austin,USA,161,5.513,308.728,False,balanced,55,\N,10,1.0,,
965,826,5,69,11,2016,18,2016-10-23,kvyat,KVY,Daniil,Kvyat,Russian,toro_rosso,Toro Rosso,Italian,Circuit of the Americas,United States Grand Prix,Austin,USA,161,5.513,308.728,False,balanced,55,\N,11,0.0,,
965,825,4,69,11,2016,18,2016-10-23,kevin_magnussen,MAG,Kevin,Magnussen,Danish,renault,Renault,French,Circuit of the Americas,United States Grand Prix,Austin,USA,161,5.513,308.728,False,balanced,55,\N,12,0.0,,
965,835,4,69,11,2016,18,2016-10-23,jolyon_palmer,PAL,Jolyon,Palmer,British,renault,Renault,French,Circuit of the Americas,United States Grand Prix,Austin,USA,161,5.513,308.728,False,balanced,55,\N,13,0.0,,
965,828,15,69,11,2016,18,2016-10-23,ericsson,ERI,Marcus,Ericsson,Swedish,sauber,Sauber,Swiss,Circuit of the Americas,United States Grand Prix,Austin,USA,161,5.513,308.728,False,balanced,55,\N,14,0.0,,
965,831,15,69,11,2016,18,2016-10-23,nasr,NAS,Felipe,Nasr,Brazilian,sauber,Sauber,Swiss,Circuit of the Americas,United States Grand Prix,Austin,USA,161,5.513,308.728,False,balanced,55,\N,15,0.0,,
965,822,3,69,11,2016,18,2016-10-23,bottas,BOT,Valtteri,Bottas,Finnish,williams,Williams,British,Circuit of the Americas,United States Grand Prix,Austin,USA,161,5.513,308.728,False,balanced,55,\N,16,0.0,,
965,836,209,69,11,2016,18,2016-10-23,wehrlein,WEH,Pascal,Wehrlein,German,manor,Manor Marussia,British,Circuit of the Americas,United States Grand Prix,Austin,USA,161,5.513,308.728,False,balanced,55,\N,17,0.0,,
965,839,209,69,12,2016,18,2016-10-23,ocon,OCO,Esteban,Ocon,French,manor,Manor Marussia,British,Circuit of the Americas,United States Grand Prix,Austin,USA,161,5.513,308.728,False,balanced,54,\N,18,0.0,,
965,8,6,69,36,2016,18,2016-10-23,raikkonen,RAI,Kimi,Räikkönen,Finnish,ferrari,Ferrari,Italian,Circuit of the Americas,United States Grand Prix,Austin,USA,161,5.513,308.728,False,balanced,38,\N,\N,0.0,,
965,830,9,69,6,2016,18,2016-10-23,max_verstappen,VER,Max,Verstappen,Dutch,red_bull,Red Bull,Austrian,Circuit of the Americas,United States Grand Prix,Austin,USA,161,5.513,308.728,False,balanced,28,\N,\N,0.0,,
965,821,210,69,23,2016,18,2016-10-23,gutierrez,GUT,Esteban,Gutiérrez,Mexican,haas,Haas F1 Team,American,Circuit of the Americas,United States Grand Prix,Austin,USA,161,5.513,308.728,False,balanced,16,\N,\N,0.0,,
965,807,10,69,4,2016,18,2016-10-23,hulkenberg,HUL,Nico,Hülkenberg,German,force_india,Force India,Indian,Circuit of the Americas,United States Grand Prix,Austin,USA,161,5.513,308.728,False,balanced,1,\N,\N,0.0,,
966,1,131,32,1,2016,19,2016-10-30,hamilton,HAM,Lewis,Hamilton,British,mercedes,Mercedes,German,Autódromo Hermanos Rodríguez,Mexican Grand Prix,Mexico City,Mexico,2227,4.304,305.584,False,balanced,71,6031402,1,25.0,,
966,3,131,32,1,2016,19,2016-10-30,rosberg,ROS,Nico,Rosberg,German,mercedes,Mercedes,German,Autódromo Hermanos Rodríguez,Mexican Grand Prix,Mexico City,Mexico,2227,4.304,305.584,False,balanced,71,6039756,2,18.0,,
966,817,9,32,1,2016,19,2016-10-30,ricciardo,RIC,Daniel,Ricciardo,Australian,red_bull,Red Bull,Austrian,Autódromo Hermanos Rodríguez,Mexican Grand Prix,Mexico City,Mexico,2227,4.304,305.584,False,balanced,71,6052260,3,15.0,,
966,830,9,32,1,2016,19,2016-10-30,max_verstappen,VER,Max,Verstappen,Dutch,red_bull,Red Bull,Austrian,Autódromo Hermanos Rodríguez,Mexican Grand Prix,Mexico City,Mexico,2227,4.304,305.584,False,balanced,71,6052725,4,12.0,,
966,20,6,32,1,2016,19,2016-10-30,vettel,VET,Sebastian,Vettel,German,ferrari,Ferrari,Italian,Autódromo Hermanos Rodríguez,Mexican Grand Prix,Mexico City,Mexico,2227,4.304,305.584,False,balanced,71,6058715,5,10.0,,
966,8,6,32,1,2016,19,2016-10-30,raikkonen,RAI,Kimi,Räikkönen,Finnish,ferrari,Ferrari,Italian,Autódromo Hermanos Rodríguez,Mexican Grand Prix,Mexico City,Mexico,2227,4.304,305.584,False,balanced,71,6080778,6,8.0,,
966,807,10,32,1,2016,19,2016-10-30,hulkenberg,HUL,Nico,Hülkenberg,German,force_india,Force India,Indian,Autódromo Hermanos Rodríguez,Mexican Grand Prix,Mexico City,Mexico,2227,4.304,305.584,False,balanced,71,6090293,7,6.0,,
966,822,3,32,1,2016,19,2016-10-30,bottas,BOT,Valtteri,Bottas,Finnish,williams,Williams,British,Autódromo Hermanos Rodríguez,Mexican Grand Prix,Mexico City,Mexico,2227,4.304,305.584,False,balanced,71,6097014,8,4.0,,
966,13,3,32,1,2016,19,2016-10-30,massa,MAS,Felipe,Massa,Brazilian,williams,Williams,British,Autódromo Hermanos Rodríguez,Mexican Grand Prix,Mexico City,Mexico,2227,4.304,305.584,False,balanced,71,6107608,9,2.0,,
966,815,10,32,1,2016,19,2016-10-30,perez,PER,Sergio,Pérez,Mexican,force_india,Force India,Indian,Autódromo Hermanos Rodríguez,Mexican Grand Prix,Mexico City,Mexico,2227,4.304,305.584,False,balanced,71,6108200,10,1.0,,
966,828,15,32,11,2016,19,2016-10-30,ericsson,ERI,Marcus,Ericsson,Swedish,sauber,Sauber,Swiss,Autódromo Hermanos Rodríguez,Mexican Grand Prix,Mexico City,Mexico,2227,4.304,305.584,False,balanced,70,\N,11,0.0,,
966,18,1,32,11,2016,19,2016-10-30,button,BUT,Jenson,Button,British,mclaren,McLaren,British,Autódromo Hermanos Rodríguez,Mexican Grand Prix,Mexico City,Mexico,2227,4.304,305.584,False,balanced,70,\N,12,0.0,,
966,4,1,32,11,2016,19,2016-10-30,alonso,ALO,Fernando,Alonso,Spanish,mclaren,McLaren,British,Autódromo Hermanos Rodríguez,Mexican Grand Prix,Mexico City,Mexico,2227,4.304,305.584,False,balanced,70,\N,13,0.0,,
966,835,4,32,11,2016,19,2016-10-30,jolyon_palmer,PAL,Jolyon,Palmer,British,renault,Renault,French,Autódromo Hermanos Rodríguez,Mexican Grand Prix,Mexico City,Mexico,2227,4.304,305.584,False,balanced,70,\N,14,0.0,,
966,831,15,32,11,2016,19,2016-10-30,nasr,NAS,Felipe,Nasr,Brazilian,sauber,Sauber,Swiss,Autódromo Hermanos Rodríguez,Mexican Grand Prix,Mexico City,Mexico,2227,4.304,305.584,False,balanced,70,\N,15,0.0,,
966,832,5,32,11,2016,19,2016-10-30,sainz,SAI,Carlos,Sainz,Spanish,toro_rosso,Toro Rosso,Italian,Autódromo Hermanos Rodríguez,Mexican Grand Prix,Mexico City,Mexico,2227,4.304,305.584,False,balanced,70,\N,16,0.0,,
966,825,4,32,11,2016,19,2016-10-30,kevin_magnussen,MAG,Kevin,Magnussen,Danish,renault,Renault,French,Autódromo Hermanos Rodríguez,Mexican Grand Prix,Mexico City,Mexico,2227,4.304,305.584,False,balanced,70,\N,17,0.0,,
966,826,5,32,11,2016,19,2016-10-30,kvyat,KVY,Daniil,Kvyat,Russian,toro_rosso,Toro Rosso,Italian,Autódromo Hermanos Rodríguez,Mexican Grand Prix,Mexico City,Mexico,2227,4.304,305.584,False,balanced,70,\N,18,0.0,,
966,821,210,32,11,2016,19,2016-10-30,gutierrez,GUT,Esteban,Gutiérrez,Mexican,haas,Haas F1 Team,American,Autódromo Hermanos Rodríguez,Mexican Grand Prix,Mexico City,Mexico,2227,4.304,305.584,False,balanced,70,\N,19,0.0,,
966,154,210,32,11,2016,19,2016-10-30,grosjean,GRO,Romain,Grosjean,French,haas,Haas F1 Team,American,Autódromo Hermanos Rodríguez,Mexican Grand Prix,Mexico City,Mexico,2227,4.304,305.584,False,balanced,70,\N,20,0.0,,
966,839,209,32,12,2016,19,2016-10-30,ocon,OCO,Esteban,Ocon,French,manor,Manor Marussia,British,Autódromo Hermanos Rodríguez,Mexican Grand Prix,Mexico City,Mexico,2227,4.304,305.584,False,balanced,69,\N,21,0.0,,
966,836,209,32,4,2016,19,2016-10-30,wehrlein,WEH,Pascal,Wehrlein,German,manor,Manor Marussia,British,Autódromo Hermanos Rodríguez,Mexican Grand Prix,Mexico City,Mexico,2227,4.304,305.584,False,balanced,0,\N,\N,0.0,,
967,1,131,18,1,2016,20,2016-11-13,hamilton,HAM,Lewis,Hamilton,British,mercedes,Mercedes,German,Autódromo José Carlos Pace,Brazilian Grand Prix,São Paulo,Brazil,785,4.309,305.939,False,technical,71,10861335,1,25.0,,
967,3,131,18,1,2016,20,2016-11-13,rosberg,ROS,Nico,Rosberg,German,mercedes,Mercedes,German,Autódromo José Carlos Pace,Brazilian Grand Prix,São Paulo,Brazil,785,4.309,305.939,False,technical,71,10872790,2,18.0,,
967,830,9,18,1,2016,20,2016-11-13,max_verstappen,VER,Max,Verstappen,Dutch,red_bull,Red Bull,Austrian,Autódromo José Carlos Pace,Brazilian Grand Prix,São Paulo,Brazil,785,4.309,305.939,False,technical,71,10882816,3,15.0,,
967,815,10,18,1,2016,20,2016-11-13,perez,PER,Sergio,Pérez,Mexican,force_india,Force India,Indian,Autódromo José Carlos Pace,Brazilian Grand Prix,São Paulo,Brazil,785,4.309,305.939,False,technical,71,10886681,4,12.0,,
967,20,6,18,1,2016,20,2016-11-13,vettel,VET,Sebastian,Vettel,German,ferrari,Ferrari,Italian,Autódromo José Carlos Pace,Brazilian Grand Prix,São Paulo,Brazil,785,4.309,305.939,False,technical,71,10887669,5,10.0,,
967,832,5,18,1,2016,20,2016-11-13,sainz,SAI,Carlos,Sainz,Spanish,toro_rosso,Toro Rosso,Italian,Autódromo José Carlos Pace,Brazilian Grand Prix,São Paulo,Brazil,785,4.309,305.939,False,technical,71,10890495,6,8.0,,
967,807,10,18,1,2016,20,2016-11-13,hulkenberg,HUL,Nico,Hülkenberg,German,force_india,Force India,Indian,Autódromo José Carlos Pace,Brazilian Grand Prix,São Paulo,Brazil,785,4.309,305.939,False,technical,71,10891162,7,6.0,,
967,817,9,18,1,2016,20,2016-11-13,ricciardo,RIC,Daniel,Ricciardo,Australian,red_bull,Red Bull,Austrian,Autódromo José Carlos Pace,Brazilian Grand Prix,São Paulo,Brazil,785,4.309,305.939,False,technical,71,10891821,8,4.0,,
967,831,15,18,1,2016,20,2016-11-13,nasr,NAS,Felipe,Nasr,Brazilian,sauber,Sauber,Swiss,Autódromo José Carlos Pace,Brazilian Grand Prix,São Paulo,Brazil,785,4.309,305.939,False,technical,71,10903955,9,2.0,,
967,4,1,18,1,2016,20,2016-11-13,alonso,ALO,Fernando,Alonso,Spanish,mclaren,McLaren,British,Autódromo José Carlos Pace,Brazilian Grand Prix,São Paulo,Brazil,785,4.309,305.939,False,technical,71,10905767,10,1.0,,
967,822,3,18,1,2016,20,2016-11-13,bottas,BOT,Valtteri,Bottas,Finnish,williams,Williams,British,Autódromo José Carlos Pace,Brazilian Grand Prix,São Paulo,Brazil,785,4.309,305.939,False,technical,71,10906627,11,0.0,,
967,839,209,18,1,2016,20,2016-11-13,ocon,OCO,Esteban,Ocon,French,manor,Manor Marussia,British,Autódromo José Carlos Pace,Brazilian Grand Prix,São Paulo,Brazil,785,4.309,305.939,False,technical,71,10907144,12,0.0,,
967,826,5,18,1,2016,20,2016-11-13,kvyat,KVY,Daniil,Kvyat,Russian,toro_rosso,Toro Rosso,Italian,Autódromo José Carlos Pace,Brazilian Grand Prix,São Paulo,Brazil,785,4.309,305.939,False,technical,71,10912527,13,0.0,,
967,825,4,18,1,2016,20,2016-11-13,kevin_magnussen,MAG,Kevin,Magnussen,Danish,renault,Renault,French,Autódromo José Carlos Pace,Brazilian Grand Prix,São Paulo,Brazil,785,4.309,305.939,False,technical,71,10912890,14,0.0,,
967,836,209,18,1,2016,20,2016-11-13,wehrlein,WEH,Pascal,Wehrlein,German,manor,Manor Marussia,British,Autódromo José Carlos Pace,Brazilian Grand Prix,São Paulo,Brazil,785,4.309,305.939,False,technical,71,10921833,15,0.0,,
967,18,1,18,1,2016,20,2016-11-13,button,BUT,Jenson,Button,British,mclaren,McLaren,British,Autódromo José Carlos Pace,Brazilian Grand Prix,São Paulo,Brazil,785,4.309,305.939,False,technical,71,10943329,16,0.0,,
967,821,210,18,31,2016,20,2016-11-13,gutierrez,GUT,Esteban,Gutiérrez,Mexican,haas,Haas F1 Team,American,Autódromo José Carlos Pace,Brazilian Grand Prix,São Paulo,Brazil,785,4.309,305.939,False,technical,60,\N,\N,0.0,,
967,13,3,18,4,2016,20,2016-11-13,massa,MAS,Felipe,Massa,Brazilian,williams,Williams,British,Autódromo José Carlos Pace,Brazilian Grand Prix,São Paulo,Brazil,785,4.309,305.939,False,technical,46,\N,\N,0.0,,
967,835,4,18,130,2016,20,2016-11-13,jolyon_palmer,PAL,Jolyon,Palmer,British,renault,Renault,French,Autódromo José Carlos Pace,Brazilian Grand Prix,São Paulo,Brazil,785,4.309,305.939,False,technical,20,\N,\N,0.0,,
967,8,6,18,4,2016,20,2016-11-13,raikkonen,RAI,Kimi,Räikkönen,Finnish,ferrari,Ferrari,Italian,Autódromo José Carlos Pace,Brazilian Grand Prix,São Paulo,Brazil,785,4.309,305.939,False,technical,19,\N,\N,0.0,,
967,828,15,18,4,2016,20,2016-11-13,ericsson,ERI,Marcus,Ericsson,Swedish,sauber,Sauber,Swiss,Autódromo José Carlos Pace,Brazilian Grand Prix,São Paulo,Brazil,785,4.309,305.939,False,technical,11,\N,\N,0.0,,
967,154,210,18,54,2016,20,2016-11-13,grosjean,GRO,Romain,Grosjean,French,haas,Haas F1 Team,American,Autódromo José Carlos Pace,Brazilian Grand Prix,São Paulo,Brazil,785,4.309,305.939,False,technical,0,\N,\N,0.0,,
968,1,131,24,1,2016,21,2016-11-27,hamilton,HAM,Lewis,Hamilton,British,mercedes,Mercedes,German,Yas Marina Circuit,Abu Dhabi Grand Prix,Abu Dhabi,UAE,3,5.281,290.455,True,technical,55,5884013,1,25.0,,
968,3,131,24,1,2016,21,2016-11-27,rosberg,ROS,Nico,Rosberg,German,mercedes,Mercedes,German,Yas Marina Circuit,Abu Dhabi Grand Prix,Abu Dhabi,UAE,3,5.281,290.455,True,technical,55,5884452,2,18.0,,
968,20,6,24,1,2016,21,2016-11-27,vettel,VET,Sebastian,Vettel,German,ferrari,Ferrari,Italian,Yas Marina Circuit,Abu Dhabi Grand Prix,Abu Dhabi,UAE,3,5.281,290.455,True,technical,55,5884856,3,15.0,,
968,830,9,24,1,2016,21,2016-11-27,max_verstappen,VER,Max,Verstappen,Dutch,red_bull,Red Bull,Austrian,Yas Marina Circuit,Abu Dhabi Grand Prix,Abu Dhabi,UAE,3,5.281,290.455,True,technical,55,5885698,4,12.0,,
968,817,9,24,1,2016,21,2016-11-27,ricciardo,RIC,Daniel,Ricciardo,Australian,red_bull,Red Bull,Austrian,Yas Marina Circuit,Abu Dhabi Grand Prix,Abu Dhabi,UAE,3,5.281,290.455,True,technical,55,5889328,5,10.0,,
968,8,6,24,1,2016,21,2016-11-27,raikkonen,RAI,Kimi,Räikkönen,Finnish,ferrari,Ferrari,Italian,Yas Marina Circuit,Abu Dhabi Grand Prix,Abu Dhabi,UAE,3,5.281,290.455,True,technical,55,5902829,6,8.0,,
968,807,10,24,1,2016,21,2016-11-27,hulkenberg,HUL,Nico,Hülkenberg,German,force_india,Force India,Indian,Yas Marina Circuit,Abu Dhabi Grand Prix,Abu Dhabi,UAE,3,5.281,290.455,True,technical,55,5934127,7,6.0,,
968,815,10,24,1,2016,21,2016-11-27,perez,PER,Sergio,Pérez,Mexican,force_india,Force India,Indian,Yas Marina Circuit,Abu Dhabi Grand Prix,Abu Dhabi,UAE,3,5.281,290.455,True,technical,55,5942789,8,4.0,,
968,13,3,24,1,2016,21,2016-11-27,massa,MAS,Felipe,Massa,Brazilian,williams,Williams,British,Yas Marina Circuit,Abu Dhabi Grand Prix,Abu Dhabi,UAE,3,5.281,290.455,True,technical,55,5943449,9,2.0,,
968,4,1,24,1,2016,21,2016-11-27,alonso,ALO,Fernando,Alonso,Spanish,mclaren,McLaren,British,Yas Marina Circuit,Abu Dhabi Grand Prix,Abu Dhabi,UAE,3,5.281,290.455,True,technical,55,5943909,10,1.0,,
968,154,210,24,1,2016,21,2016-11-27,grosjean,GRO,Romain,Grosjean,French,haas,Haas F1 Team,American,Yas Marina Circuit,Abu Dhabi Grand Prix,Abu Dhabi,UAE,3,5.281,290.455,True,technical,55,5960790,11,0.0,,
968,821,210,24,1,2016,21,2016-11-27,gutierrez,GUT,Esteban,Gutiérrez,Mexican,haas,Haas F1 Team,American,Yas Marina Circuit,Abu Dhabi Grand Prix,Abu Dhabi,UAE,3,5.281,290.455,True,technical,55,5979126,12,0.0,,
968,839,209,24,11,2016,21,2016-11-27,ocon,OCO,Esteban,Ocon,French,manor,Manor Marussia,British,Yas Marina Circuit,Abu Dhabi Grand Prix,Abu Dhabi,UAE,3,5.281,290.455,True,technical,54,\N,13,0.0,,
968,836,209,24,11,2016,21,2016-11-27,wehrlein,WEH,Pascal,Wehrlein,German,manor,Manor Marussia,British,Yas Marina Circuit,Abu Dhabi Grand Prix,Abu Dhabi,UAE,3,5.281,290.455,True,technical,54,\N,14,0.0,,
968,828,15,24,11,2016,21,2016-11-27,ericsson,ERI,Marcus,Ericsson,Swedish,sauber,Sauber,Swiss,Yas Marina Circuit,Abu Dhabi Grand Prix,Abu Dhabi,UAE,3,5.281,290.455,True,technical,54,\N,15,0.0,,
968,831,15,24,11,2016,21,2016-11-27,nasr,NAS,Felipe,Nasr,Brazilian,sauber,Sauber,Swiss,Yas Marina Circuit,Abu Dhabi Grand Prix,Abu Dhabi,UAE,3,5.281,290.455,True,technical,54,\N,16,0.0,,
968,835,4,24,11,2016,21,2016-11-27,jolyon_palmer,PAL,Jolyon,Palmer,British,renault,Renault,French,Yas Marina Circuit,Abu Dhabi Grand Prix,Abu Dhabi,UAE,3,5.281,290.455,True,technical,54,\N,17,0.0,,
968,832,5,24,130,2016,21,2016-11-27,sainz,SAI,Carlos,Sainz,Spanish,toro_rosso,Toro Rosso,Italian,Yas Marina Circuit,Abu Dhabi Grand Prix,Abu Dhabi,UAE,3,5.281,290.455,True,technical,41,\N,\N,0.0,,
968,826,5,24,6,2016,21,2016-11-27,kvyat,KVY,Daniil,Kvyat,Russian,toro_rosso,Toro Rosso,Italian,Yas Marina Circuit,Abu Dhabi Grand Prix,Abu Dhabi,UAE,3,5.281,290.455,True,technical,14,\N,\N,0.0,,
968,18,1,24,22,2016,21,2016-11-27,button,BUT,Jenson,Button,British,mclaren,McLaren,British,Yas Marina Circuit,Abu Dhabi Grand Prix,Abu Dhabi,UAE,3,5.281,290.455,True,technical,12,\N,\N,0.0,,
968,822,3,24,22,2016,21,2016-11-27,bottas,BOT,Valtteri,Bottas,Finnish,williams,Williams,British,Yas Marina Circuit,Abu Dhabi Grand Prix,Abu Dhabi,UAE,3,5.281,290.455,True,technical,6,\N,\N,0.0,,
968,825,4,24,22,2016,21,2016-11-27,kevin_magnussen,MAG,Kevin,Magnussen,Danish,renault,Renault,French,Yas Marina Circuit,Abu Dhabi Grand Prix,Abu Dhabi,UAE,3,5.281,290.455,True,technical,5,\N,\N,0.0,,
969,20,6,1,1,2017,1,2017-03-26,vettel,VET,Sebastian,Vettel,German,ferrari,Ferrari,Italian,Albert Park Grand Prix Circuit,Australian Grand Prix,Melbourne,Australia,10,5.278,300.846,False,balanced,57,5051672,1,25.0,,
969,1,131,1,1,2017,1,2017-03-26,hamilton,HAM,Lewis,Hamilton,British,mercedes,Mercedes,German,Albert Park Grand Prix Circuit,Australian Grand Prix,Melbourne,Australia,10,5.278,300.846,False,balanced,57,5061647,2,18.0,,
969,822,131,1,1,2017,1,2017-03-26,bottas,BOT,Valtteri,Bottas,Finnish,mercedes,Mercedes,German,Albert Park Grand Prix Circuit,Australian Grand Prix,Melbourne,Australia,10,5.278,300.846,False,balanced,57,5062922,3,15.0,,
969,8,6,1,1,2017,1,2017-03-26,raikkonen,RAI,Kimi,Räikkönen,Finnish,ferrari,Ferrari,Italian,Albert Park Grand Prix Circuit,Australian Grand Prix,Melbourne,Australia,10,5.278,300.846,False,balanced,57,5074065,4,12.0,,
969,830,9,1,1,2017,1,2017-03-26,max_verstappen,VER,Max,Verstappen,Dutch,red_bull,Red Bull,Austrian,Albert Park Grand Prix Circuit,Australian Grand Prix,Melbourne,Australia,10,5.278,300.846,False,balanced,57,5080499,5,10.0,,
969,13,3,1,1,2017,1,2017-03-26,massa,MAS,Felipe,Massa,Brazilian,williams,Williams,British,Albert Park Grand Prix Circuit,Australian Grand Prix,Melbourne,Australia,10,5.278,300.846,False,balanced,57,5135058,6,8.0,,
969,815,10,1,11,2017,1,2017-03-26,perez,PER,Sergio,Pérez,Mexican,force_india,Force India,Indian,Albert Park Grand Prix Circuit,Australian Grand Prix,Melbourne,Australia,10,5.278,300.846,False,balanced,56,\N,7,6.0,,
969,832,5,1,11,2017,1,2017-03-26,sainz,SAI,Carlos,Sainz,Spanish,toro_rosso,Toro Rosso,Italian,Albert Park Grand Prix Circuit,Australian Grand Prix,Melbourne,Australia,10,5.278,300.846,False,balanced,56,\N,8,4.0,,
969,826,5,1,11,2017,1,2017-03-26,kvyat,KVY,Daniil,Kvyat,Russian,toro_rosso,Toro Rosso,Italian,Albert Park Grand Prix Circuit,Australian Grand Prix,Melbourne,Australia,10,5.278,300.846,False,balanced,56,\N,9,2.0,,
969,839,10,1,11,2017,1,2017-03-26,ocon,OCO,Esteban,Ocon,French,force_india,Force India,Indian,Albert Park Grand Prix Circuit,Australian Grand Prix,Melbourne,Australia,10,5.278,300.846,False,balanced,56,\N,10,1.0,,
969,807,4,1,11,2017,1,2017-03-26,hulkenberg,HUL,Nico,Hülkenberg,German,renault,Renault,French,Albert Park Grand Prix Circuit,Australian Grand Prix,Melbourne,Australia,10,5.278,300.846,False,balanced,56,\N,11,0.0,,
969,841,15,1,12,2017,1,2017-03-26,giovinazzi,GIO,Antonio,Giovinazzi,Italian,sauber,Sauber,Swiss,Albert Park Grand Prix Circuit,Australian Grand Prix,Melbourne,Australia,10,5.278,300.846,False,balanced,55,\N,12,0.0,,
969,838,1,1,12,2017,1,2017-03-26,vandoorne,VAN,Stoffel,Vandoorne,Belgian,mclaren,McLaren,British,Albert Park Grand Prix Circuit,Australian Grand Prix,Melbourne,Australia,10,5.278,300.846,False,balanced,55,\N,13,0.0,,
969,4,1,1,76,2017,1,2017-03-26,alonso,ALO,Fernando,Alonso,Spanish,mclaren,McLaren,British,Albert Park Grand Prix Circuit,Australian Grand Prix,Melbourne,Australia,10,5.278,300.846,False,balanced,50,\N,\N,0.0,,
969,825,210,1,22,2017,1,2017-03-26,kevin_magnussen,MAG,Kevin,Magnussen,Danish,haas,Haas F1 Team,American,Albert Park Grand Prix Circuit,Australian Grand Prix,Melbourne,Australia,10,5.278,300.846,False,balanced,46,\N,\N,0.0,,
969,840,3,1,23,2017,1,2017-03-26,stroll,STR,Lance,Stroll,Canadian,williams,Williams,British,Albert Park Grand Prix Circuit,Australian Grand Prix,Melbourne,Australia,10,5.278,300.846,False,balanced,40,\N,\N,0.0,,
969,817,9,1,131,2017,1,2017-03-26,ricciardo,RIC,Daniel,Ricciardo,Australian,red_bull,Red Bull,Austrian,Albert Park Grand Prix Circuit,Australian Grand Prix,Melbourne,Australia,10,5.278,300.846,False,balanced,25,\N,\N,0.0,,
969,828,15,1,9,2017,1,2017-03-26,ericsson,ERI,Marcus,Ericsson,Swedish,sauber,Sauber,Swiss,Albert Park Grand Prix Circuit,Australian Grand Prix,Melbourne,Australia,10,5.278,300.846,False,balanced,21,\N,\N,0.0,,
969,835,4,1,23,2017,1,2017-03-26,jolyon_palmer,PAL,Jolyon,Palmer,British,renault,Renault,French,Albert Park Grand Prix Circuit,Australian Grand Prix,Melbourne,Australia,10,5.278,300.846,False,balanced,15,\N,\N,0.0,,
969,154,210,1,47,2017,1,2017-03-26,grosjean,GRO,Romain,Grosjean,French,haas,Haas F1 Team,American,Albert Park Grand Prix Circuit,Australian Grand Prix,Melbourne,Australia,10,5.278,300.846,False,balanced,13,\N,\N,0.0,,
970,1,131,17,1,2017,2,2017-04-09,hamilton,HAM,Lewis,Hamilton,British,mercedes,Mercedes,German,Shanghai International Circuit,Chinese Grand Prix,Shanghai,China,5,5.451,305.256,False,balanced,56,5856158,1,25.0,,
970,20,6,17,1,2017,2,2017-04-09,vettel,VET,Sebastian,Vettel,German,ferrari,Ferrari,Italian,Shanghai International Circuit,Chinese Grand Prix,Shanghai,China,5,5.451,305.256,False,balanced,56,5862408,2,18.0,,
970,830,9,17,1,2017,2,2017-04-09,max_verstappen,VER,Max,Verstappen,Dutch,red_bull,Red Bull,Austrian,Shanghai International Circuit,Chinese Grand Prix,Shanghai,China,5,5.451,305.256,False,balanced,56,5901350,3,15.0,,
970,817,9,17,1,2017,2,2017-04-09,ricciardo,RIC,Daniel,Ricciardo,Australian,red_bull,Red Bull,Austrian,Shanghai International Circuit,Chinese Grand Prix,Shanghai,China,5,5.451,305.256,False,balanced,56,5902193,4,12.0,,
970,8,6,17,1,2017,2,2017-04-09,raikkonen,RAI,Kimi,Räikkönen,Finnish,ferrari,Ferrari,Italian,Shanghai International Circuit,Chinese Grand Prix,Shanghai,China,5,5.451,305.256,False,balanced,56,5904234,5,10.0,,
970,822,131,17,1,2017,2,2017-04-09,bottas,BOT,Valtteri,Bottas,Finnish,mercedes,Mercedes,German,Shanghai International Circuit,Chinese Grand Prix,Shanghai,China,5,5.451,305.256,False,balanced,56,5904966,6,8.0,,
970,832,5,17,1,2017,2,2017-04-09,sainz,SAI,Carlos,Sainz,Spanish,toro_rosso,Toro Rosso,Italian,Shanghai International Circuit,Chinese Grand Prix,Shanghai,China,5,5.451,305.256,False,balanced,56,5929051,7,6.0,,
970,825,210,17,11,2017,2,2017-04-09,kevin_magnussen,MAG,Kevin,Magnussen,Danish,haas,Haas F1 Team,American,Shanghai International Circuit,Chinese Grand Prix,Shanghai,China,5,5.451,305.256,False,balanced,55,\N,8,4.0,,
970,815,10,17,11,2017,2,2017-04-09,perez,PER,Sergio,Pérez,Mexican,force_india,Force India,Indian,Shanghai International Circuit,Chinese Grand Prix,Shanghai,China,5,5.451,305.256,False,balanced,55,\N,9,2.0,,
970,839,10,17,11,2017,2,2017-04-09,ocon,OCO,Esteban,Ocon,French,force_india,Force India,Indian,Shanghai International Circuit,Chinese Grand Prix,Shanghai,China,5,5.451,305.256,False,balanced,55,\N,10,1.0,,
970,154,210,17,11,2017,2,2017-04-09,grosjean,GRO,Romain,Grosjean,French,haas,Haas F1 Team,American,Shanghai International Circuit,Chinese Grand Prix,Shanghai,China,5,5.451,305.256,False,balanced,55,\N,11,0.0,,
970,807,4,17,11,2017,2,2017-04-09,hulkenberg,HUL,Nico,Hülkenberg,German,renault,Renault,French,Shanghai International Circuit,Chinese Grand Prix,Shanghai,China,5,5.451,305.256,False,balanced,55,\N,12,0.0,,
970,835,4,17,11,2017,2,2017-04-09,jolyon_palmer,PAL,Jolyon,Palmer,British,renault,Renault,French,Shanghai International Circuit,Chinese Grand Prix,Shanghai,China,5,5.451,305.256,False,balanced,55,\N,13,0.0,,
970,13,3,17,11,2017,2,2017-04-09,massa,MAS,Felipe,Massa,Brazilian,williams,Williams,British,Shanghai International Circuit,Chinese Grand Prix,Shanghai,China,5,5.451,305.256,False,balanced,55,\N,14,0.0,,
970,828,15,17,11,2017,2,2017-04-09,ericsson,ERI,Marcus,Ericsson,Swedish,sauber,Sauber,Swiss,Shanghai International Circuit,Chinese Grand Prix,Shanghai,China,5,5.451,305.256,False,balanced,55,\N,15,0.0,,
970,4,1,17,30,2017,2,2017-04-09,alonso,ALO,Fernando,Alonso,Spanish,mclaren,McLaren,British,Shanghai International Circuit,Chinese Grand Prix,Shanghai,China,5,5.451,305.256,False,balanced,33,\N,\N,0.0,,
970,826,5,17,9,2017,2,2017-04-09,kvyat,KVY,Daniil,Kvyat,Russian,toro_rosso,Toro Rosso,Italian,Shanghai International Circuit,Chinese Grand Prix,Shanghai,China,5,5.451,305.256,False,balanced,18,\N,\N,0.0,,
970,838,1,17,32,2017,2,2017-04-09,vandoorne,VAN,Stoffel,Vandoorne,Belgian,mclaren,McLaren,British,Shanghai International Circuit,Chinese Grand Prix,Shanghai,China,5,5.451,305.256,False,balanced,17,\N,\N,0.0,,
970,841,15,17,3,2017,2,2017-04-09,giovinazzi,GIO,Antonio,Giovinazzi,Italian,sauber,Sauber,Swiss,Shanghai International Circuit,Chinese Grand Prix,Shanghai,China,5,5.451,305.256,False,balanced,3,\N,\N,0.0,,
970,840,3,17,4,2017,2,2017-04-09,stroll,STR,Lance,Stroll,Canadian,williams,Williams,British,Shanghai International Circuit,Chinese Grand Prix,Shanghai,China,5,5.451,305.256,False,balanced,0,\N,\N,0.0,,
971,20,6,3,1,2017,3,2017-04-16,vettel,VET,Sebastian,Vettel,German,ferrari,Ferrari,Italian,Bahrain International Circuit,Bahrain Grand Prix,Sakhir,Bahrain,7,5.412,308.484,True,balanced,57,5633374,1,25.0,,
971,1,131,3,1,2017,3,2017-04-16,hamilton,HAM,Lewis,Hamilton,British,mercedes,Mercedes,German,Bahrain International Circuit,Bahrain Grand Prix,Sakhir,Bahrain,7,5.412,308.484,True,balanced,57,5640034,2,18.0,,
971,822,131,3,1,2017,3,2017-04-16,bottas,BOT,Valtteri,Bottas,Finnish,mercedes,Mercedes,German,Bahrain International Circuit,Bahrain Grand Prix,Sakhir,Bahrain,7,5.412,308.484,True,balanced,57,5653771,3,15.0,,
971,8,6,3,1,2017,3,2017-04-16,raikkonen,RAI,Kimi,Räikkönen,Finnish,ferrari,Ferrari,Italian,Bahrain International Circuit,Bahrain Grand Prix,Sakhir,Bahrain,7,5.412,308.484,True,balanced,57,5655849,4,12.0,,
971,817,9,3,1,2017,3,2017-04-16,ricciardo,RIC,Daniel,Ricciardo,Australian,red_bull,Red Bull,Austrian,Bahrain International Circuit,Bahrain Grand Prix,Sakhir,Bahrain,7,5.412,308.484,True,balanced,57,5672720,5,10.0,,
971,13,3,3,1,2017,3,2017-04-16,massa,MAS,Felipe,Massa,Brazilian,williams,Williams,British,Bahrain International Circuit,Bahrain Grand Prix,Sakhir,Bahrain,7,5.412,308.484,True,balanced,57,5687700,6,8.0,,
971,815,10,3,1,2017,3,2017-04-16,perez,PER,Sergio,Pérez,Mexican,force_india,Force India,Indian,Bahrain International Circuit,Bahrain Grand Prix,Sakhir,Bahrain,7,5.412,308.484,True,balanced,57,5695980,7,6.0,,
971,154,210,3,1,2017,3,2017-04-16,grosjean,GRO,Romain,Grosjean,French,haas,Haas F1 Team,American,Bahrain International Circuit,Bahrain Grand Prix,Sakhir,Bahrain,7,5.412,308.484,True,balanced,57,5708239,8,4.0,,
971,807,4,3,1,2017,3,2017-04-16,hulkenberg,HUL,Nico,Hülkenberg,German,renault,Renault,French,Bahrain International Circuit,Bahrain Grand Prix,Sakhir,Bahrain,7,5.412,308.484,True,balanced,57,5713562,9,2.0,,
971,839,10,3,1,2017,3,2017-04-16,ocon,OCO,Esteban,Ocon,French,force_india,Force India,Indian,Bahrain International Circuit,Bahrain Grand Prix,Sakhir,Bahrain,7,5.412,308.484,True,balanced,57,5729085,10,1.0,,
971,836,15,3,11,2017,3,2017-04-16,wehrlein,WEH,Pascal,Wehrlein,German,sauber,Sauber,Swiss,Bahrain International Circuit,Bahrain Grand Prix,Sakhir,Bahrain,7,5.412,308.484,True,balanced,56,\N,11,0.0,,
971,826,5,3,11,2017,3,2017-04-16,kvyat,KVY,Daniil,Kvyat,Russian,toro_rosso,Toro Rosso,Italian,Bahrain International Circuit,Bahrain Grand Prix,Sakhir,Bahrain,7,5.412,308.484,True,balanced,56,\N,12,0.0,,
971,835,4,3,11,2017,3,2017-04-16,jolyon_palmer,PAL,Jolyon,Palmer,British,renault,Renault,French,Bahrain International Circuit,Bahrain Grand Prix,Sakhir,Bahrain,7,5.412,308.484,True,balanced,56,\N,13,0.0,,
971,4,1,3,131,2017,3,2017-04-16,alonso,ALO,Fernando,Alonso,Spanish,mclaren,McLaren,British,Bahrain International Circuit,Bahrain Grand Prix,Sakhir,Bahrain,7,5.412,308.484,True,balanced,54,\N,14,0.0,,
971,828,15,3,6,2017,3,2017-04-16,ericsson,ERI,Marcus,Ericsson,Swedish,sauber,Sauber,Swiss,Bahrain International Circuit,Bahrain Grand Prix,Sakhir,Bahrain,7,5.412,308.484,True,balanced,50,\N,\N,0.0,,
971,832,5,3,4,2017,3,2017-04-16,sainz,SAI,Carlos,Sainz,Spanish,toro_rosso,Toro Rosso,Italian,Bahrain International Circuit,Bahrain Grand Prix,Sakhir,Bahrain,7,5.412,308.484,True,balanced,12,\N,\N,0.0,,
971,840,3,3,4,2017,3,2017-04-16,stroll,STR,Lance,Stroll,Canadian,williams,Williams,British,Bahrain International Circuit,Bahrain Grand Prix,Sakhir,Bahrain,7,5.412,308.484,True,balanced,12,\N,\N,0.0,,
971,830,9,3,23,2017,3,2017-04-16,max_verstappen,VER,Max,Verstappen,Dutch,red_bull,Red Bull,Austrian,Bahrain International Circuit,Bahrain Grand Prix,Sakhir,Bahrain,7,5.412,308.484,True,balanced,11,\N,\N,0.0,,
971,825,210,3,10,2017,3,2017-04-16,kevin_magnussen,MAG,Kevin,Magnussen,Danish,haas,Haas F1 Team,American,Bahrain International Circuit,Bahrain Grand Prix,Sakhir,Bahrain,7,5.412,308.484,True,balanced,8,\N,\N,0.0,,
971,838,1,3,131,2017,3,2017-04-16,vandoorne,VAN,Stoffel,Vandoorne,Belgian,mclaren,McLaren,British,Bahrain International Circuit,Bahrain Grand Prix,Sakhir,Bahrain,7,5.412,308.484,True,balanced,0,\N,\N,0.0,,
972,822,131,71,1,2017,4,2017-04-30,bottas,BOT,Valtteri,Bottas,Finnish,mercedes,Mercedes,German,Sochi Autodrom,Russian Grand Prix,Sochi,Russia,2,5.848,304.096,False,balanced,52,5288743,1,25.0,,
972,20,6,71,1,2017,4,2017-04-30,vettel,VET,Sebastian,Vettel,German,ferrari,Ferrari,Italian,Sochi Autodrom,Russian Grand Prix,Sochi,Russia,2,5.848,304.096,False,balanced,52,5289360,2,18.0,,
972,8,6,71,1,2017,4,2017-04-30,raikkonen,RAI,Kimi,Räikkönen,Finnish,ferrari,Ferrari,Italian,Sochi Autodrom,Russian Grand Prix,Sochi,Russia,2,5.848,304.096,False,balanced,52,5299743,3,15.0,,
972,1,131,71,1,2017,4,2017-04-30,hamilton,HAM,Lewis,Hamilton,British,mercedes,Mercedes,German,Sochi Autodrom,Russian Grand Prix,Sochi,Russia,2,5.848,304.096,False,balanced,52,5325063,4,12.0,,
972,830,9,71,1,2017,4,2017-04-30,max_verstappen,VER,Max,Verstappen,Dutch,red_bull,Red Bull,Austrian,Sochi Autodrom,Russian Grand Prix,Sochi,Russia,2,5.848,304.096,False,balanced,52,5349159,5,10.0,,
972,815,10,71,1,2017,4,2017-04-30,perez,PER,Sergio,Pérez,Mexican,force_india,Force India,Indian,Sochi Autodrom,Russian Grand Prix,Sochi,Russia,2,5.848,304.096,False,balanced,52,5375531,6,8.0,,
972,839,10,71,1,2017,4,2017-04-30,ocon,OCO,Esteban,Ocon,French,force_india,Force India,Indian,Sochi Autodrom,Russian Grand Prix,Sochi,Russia,2,5.848,304.096,False,balanced,52,5383747,7,6.0,,
972,807,4,71,1,2017,4,2017-04-30,hulkenberg,HUL,Nico,Hülkenberg,German,renault,Renault,French,Sochi Autodrom,Russian Grand Prix,Sochi,Russia,2,5.848,304.096,False,balanced,52,5384931,8,4.0,,
972,13,3,71,11,2017,4,2017-04-30,massa,MAS,Felipe,Massa,Brazilian,williams,Williams,British,Sochi Autodrom,Russian Grand Prix,Sochi,Russia,2,5.848,304.096,False,balanced,51,\N,9,2.0,,
972,832,5,71,11,2017,4,2017-04-30,sainz,SAI,Carlos,Sainz,Spanish,toro_rosso,Toro Rosso,Italian,Sochi Autodrom,Russian Grand Prix,Sochi,Russia,2,5.848,304.096,False,balanced,51,\N,10,1.0,,
972,840,3,71,11,2017,4,2017-04-30,stroll,STR,Lance,Stroll,Canadian,williams,Williams,British,Sochi Autodrom,Russian Grand Prix,Sochi,Russia,2,5.848,304.096,False,balanced,51,\N,11,0.0,,
972,826,5,71,11,2017,4,2017-04-30,kvyat,KVY,Daniil,Kvyat,Russian,toro_rosso,Toro Rosso,Italian,Sochi Autodrom,Russian Grand Prix,Sochi,Russia,2,5.848,304.096,False,balanced,51,\N,12,0.0,,
972,825,210,71,11,2017,4,2017-04-30,kevin_magnussen,MAG,Kevin,Magnussen,Danish,haas,Haas F1 Team,American,Sochi Autodrom,Russian Grand Prix,Sochi,Russia,2,5.848,304.096,False,balanced,51,\N,13,0.0,,
972,838,1,71,11,2017,4,2017-04-30,vandoorne,VAN,Stoffel,Vandoorne,Belgian,mclaren,McLaren,British,Sochi Autodrom,Russian Grand Prix,Sochi,Russia,2,5.848,304.096,False,balanced,51,\N,14,0.0,,
972,828,15,71,11,2017,4,2017-04-30,ericsson,ERI,Marcus,Ericsson,Swedish,sauber,Sauber,Swiss,Sochi Autodrom,Russian Grand Prix,Sochi,Russia,2,5.848,304.096,False,balanced,51,\N,15,0.0,,
972,836,15,71,12,2017,4,2017-04-30,wehrlein,WEH,Pascal,Wehrlein,German,sauber,Sauber,Swiss,Sochi Autodrom,Russian Grand Prix,Sochi,Russia,2,5.848,304.096,False,balanced,50,\N,16,0.0,,
972,817,9,71,23,2017,4,2017-04-30,ricciardo,RIC,Daniel,Ricciardo,Australian,red_bull,Red Bull,Austrian,Sochi Autodrom,Russian Grand Prix,Sochi,Russia,2,5.848,304.096,False,balanced,5,\N,\N,0.0,,
972,835,4,71,4,2017,4,2017-04-30,jolyon_palmer,PAL,Jolyon,Palmer,British,renault,Renault,French,Sochi Autodrom,Russian Grand Prix,Sochi,Russia,2,5.848,304.096,False,balanced,0,\N,\N,0.0,,
972,154,210,71,4,2017,4,2017-04-30,grosjean,GRO,Romain,Grosjean,French,haas,Haas F1 Team,American,Sochi Autodrom,Russian Grand Prix,Sochi,Russia,2,5.848,304.096,False,balanced,0,\N,\N,0.0,,
972,4,1,71,131,2017,4,2017-04-30,alonso,ALO,Fernando,Alonso,Spanish,mclaren,McLaren,British,Sochi Autodrom,Russian Grand Prix,Sochi,Russia,2,5.848,304.096,False,balanced,0,\N,\N,0.0,,
973,1,131,4,1,2017,5,2017-05-14,hamilton,HAM,Lewis,Hamilton,British,mercedes,Mercedes,German,Circuit de Barcelona-Catalunya,Spanish Grand Prix,Montmeló,Spain,109,4.657,307.362,False,balanced,66,5756497,1,25.0,,
973,20,6,4,1,2017,5,2017-05-14,vettel,VET,Sebastian,Vettel,German,ferrari,Ferrari,Italian,Circuit de Barcelona-Catalunya,Spanish Grand Prix,Montmeló,Spain,109,4.657,307.362,False,balanced,66,5759987,2,18.0,,
973,817,9,4,1,2017,5,2017-05-14,ricciardo,RIC,Daniel,Ricciardo,Australian,red_bull,Red Bull,Austrian,Circuit de Barcelona-Catalunya,Spanish Grand Prix,Montmeló,Spain,109,4.657,307.362,False,balanced,66,5832317,3,15.0,,
973,815,10,4,11,2017,5,2017-05-14,perez,PER,Sergio,Pérez,Mexican,force_india,Force India,Indian,Circuit de Barcelona-Catalunya,Spanish Grand Prix,Montmeló,Spain,109,4.657,307.362,False,balanced,65,\N,4,12.0,,
973,839,10,4,11,2017,5,2017-05-14,ocon,OCO,Esteban,Ocon,French,force_india,Force India,Indian,Circuit de Barcelona-Catalunya,Spanish Grand Prix,Montmeló,Spain,109,4.657,307.362,False,balanced,65,\N,5,10.0,,
973,807,4,4,11,2017,5,2017-05-14,hulkenberg,HUL,Nico,Hülkenberg,German,renault,Renault,French,Circuit de Barcelona-Catalunya,Spanish Grand Prix,Montmeló,Spain,109,4.657,307.362,False,balanced,65,\N,6,8.0,,
973,832,5,4,11,2017,5,2017-05-14,sainz,SAI,Carlos,Sainz,Spanish,toro_rosso,Toro Rosso,Italian,Circuit de Barcelona-Catalunya,Spanish Grand Prix,Montmeló,Spain,109,4.657,307.362,False,balanced,65,\N,7,6.0,,
973,836,15,4,11,2017,5,2017-05-14,wehrlein,WEH,Pascal,Wehrlein,German,sauber,Sauber,Swiss,Circuit de Barcelona-Catalunya,Spanish Grand Prix,Montmeló,Spain,109,4.657,307.362,False,balanced,65,\N,8,4.0,,
973,826,5,4,11,2017,5,2017-05-14,kvyat,KVY,Daniil,Kvyat,Russian,toro_rosso,Toro Rosso,Italian,Circuit de Barcelona-Catalunya,Spanish Grand Prix,Montmeló,Spain,109,4.657,307.362,False,balanced,65,\N,9,2.0,,
973,154,210,4,11,2017,5,2017-05-14,grosjean,GRO,Romain,Grosjean,French,haas,Haas F1 Team,American,Circuit de Barcelona-Catalunya,Spanish Grand Prix,Montmeló,Spain,109,4.657,307.362,False,balanced,65,\N,10,1.0,,
973,828,15,4,12,2017,5,2017-05-14,ericsson,ERI,Marcus,Ericsson,Swedish,sauber,Sauber,Swiss,Circuit de Barcelona-Catalunya,Spanish Grand Prix,Montmeló,Spain,109,4.657,307.362,False,balanced,64,\N,11,0.0,,
973,4,1,4,12,2017,5,2017-05-14,alonso,ALO,Fernando,Alonso,Spanish,mclaren,McLaren,British,Circuit de Barcelona-Catalunya,Spanish Grand Prix,Montmeló,Spain,109,4.657,307.362,False,balanced,64,\N,12,0.0,,
973,13,3,4,12,2017,5,2017-05-14,massa,MAS,Felipe,Massa,Brazilian,williams,Williams,British,Circuit de Barcelona-Catalunya,Spanish Grand Prix,Montmeló,Spain,109,4.657,307.362,False,balanced,64,\N,13,0.0,,
973,825,210,4,12,2017,5,2017-05-14,kevin_magnussen,MAG,Kevin,Magnussen,Danish,haas,Haas F1 Team,American,Circuit de Barcelona-Catalunya,Spanish Grand Prix,Montmeló,Spain,109,4.657,307.362,False,balanced,64,\N,14,0.0,,
973,835,4,4,12,2017,5,2017-05-14,jolyon_palmer,PAL,Jolyon,Palmer,British,renault,Renault,French,Circuit de Barcelona-Catalunya,Spanish Grand Prix,Montmeló,Spain,109,4.657,307.362,False,balanced,64,\N,15,0.0,,
973,840,3,4,12,2017,5,2017-05-14,stroll,STR,Lance,Stroll,Canadian,williams,Williams,British,Circuit de Barcelona-Catalunya,Spanish Grand Prix,Montmeló,Spain,109,4.657,307.362,False,balanced,64,\N,16,0.0,,
973,822,131,4,131,2017,5,2017-05-14,bottas,BOT,Valtteri,Bottas,Finnish,mercedes,Mercedes,German,Circuit de Barcelona-Catalunya,Spanish Grand Prix,Montmeló,Spain,109,4.657,307.362,False,balanced,38,\N,\N,0.0,,
973,838,1,4,4,2017,5,2017-05-14,vandoorne,VAN,Stoffel,Vandoorne,Belgian,mclaren,McLaren,British,Circuit de Barcelona-Catalunya,Spanish Grand Prix,Montmeló,Spain,109,4.657,307.362,False,balanced,32,\N,\N,0.0,,
973,830,9,4,130,2017,5,2017-05-14,max_verstappen,VER,Max,Verstappen,Dutch,red_bull,Red Bull,Austrian,Circuit de Barcelona-Catalunya,Spanish Grand Prix,Montmeló,Spain,109,4.657,307.362,False,balanced,1,\N,\N,0.0,,
973,8,6,4,130,2017,5,2017-05-14,raikkonen,RAI,Kimi,Räikkönen,Finnish,ferrari,Ferrari,Italian,Circuit de Barcelona-Catalunya,Spanish Grand Prix,Montmeló,Spain,109,4.657,307.362,False,balanced,0,\N,\N,0.0,,
974,20,6,6,1,2017,6,2017-05-28,vettel,VET,Sebastian,Vettel,German,ferrari,Ferrari,Italian,Circuit de Monaco,Monaco Grand Prix,Monte-Carlo,Monaco,7,3.337,260.286,False,technical,78,6284340,1,25.0,,
974,8,6,6,1,2017,6,2017-05-28,raikkonen,RAI,Kimi,Räikkönen,Finnish,ferrari,Ferrari,Italian,Circuit de Monaco,Monaco Grand Prix,Monte-Carlo,Monaco,7,3.337,260.286,False,technical,78,6287485,2,18.0,,
974,817,9,6,1,2017,6,2017-05-28,ricciardo,RIC,Daniel,Ricciardo,Australian,red_bull,Red Bull,Austrian,Circuit de Monaco,Monaco Grand Prix,Monte-Carlo,Monaco,7,3.337,260.286,False,technical,78,6288085,3,15.0,,
974,822,131,6,1,2017,6,2017-05-28,bottas,BOT,Valtteri,Bottas,Finnish,mercedes,Mercedes,German,Circuit de Monaco,Monaco Grand Prix,Monte-Carlo,Monaco,7,3.337,260.286,False,technical,78,6289857,4,12.0,,
974,830,9,6,1,2017,6,2017-05-28,max_verstappen,VER,Max,Verstappen,Dutch,red_bull,Red Bull,Austrian,Circuit de Monaco,Monaco Grand Prix,Monte-Carlo,Monaco,7,3.337,260.286,False,technical,78,6290539,5,10.0,,
974,832,5,6,1,2017,6,2017-05-28,sainz,SAI,Carlos,Sainz,Spanish,toro_rosso,Toro Rosso,Italian,Circuit de Monaco,Monaco Grand Prix,Monte-Carlo,Monaco,7,3.337,260.286,False,technical,78,6296378,6,8.0,,
974,1,131,6,1,2017,6,2017-05-28,hamilton,HAM,Lewis,Hamilton,British,mercedes,Mercedes,German,Circuit de Monaco,Monaco Grand Prix,Monte-Carlo,Monaco,7,3.337,260.286,False,technical,78,6300141,7,6.0,,
974,154,210,6,1,2017,6,2017-05-28,grosjean,GRO,Romain,Grosjean,French,haas,Haas F1 Team,American,Circuit de Monaco,Monaco Grand Prix,Monte-Carlo,Monaco,7,3.337,260.286,False,technical,78,6302490,8,4.0,,
974,13,3,6,1,2017,6,2017-05-28,massa,MAS,Felipe,Massa,Brazilian,williams,Williams,British,Circuit de Monaco,Monaco Grand Prix,Monte-Carlo,Monaco,7,3.337,260.286,False,technical,78,6303785,9,2.0,,
974,825,210,6,1,2017,6,2017-05-28,kevin_magnussen,MAG,Kevin,Magnussen,Danish,haas,Haas F1 Team,American,Circuit de Monaco,Monaco Grand Prix,Monte-Carlo,Monaco,7,3.337,260.286,False,technical,78,6305783,10,1.0,,
974,835,4,6,1,2017,6,2017-05-28,jolyon_palmer,PAL,Jolyon,Palmer,British,renault,Renault,French,Circuit de Monaco,Monaco Grand Prix,Monte-Carlo,Monaco,7,3.337,260.286,False,technical,78,6307077,11,0.0,,
974,839,10,6,1,2017,6,2017-05-28,ocon,OCO,Esteban,Ocon,French,force_india,Force India,Indian,Circuit de Monaco,Monaco Grand Prix,Monte-Carlo,Monaco,7,3.337,260.286,False,technical,78,6308065,12,0.0,,
974,815,10,6,1,2017,6,2017-05-28,perez,PER,Sergio,Pérez,Mexican,force_india,Force India,Indian,Circuit de Monaco,Monaco Grand Prix,Monte-Carlo,Monaco,7,3.337,260.286,False,technical,78,6333429,13,0.0,,
974,826,5,6,130,2017,6,2017-05-28,kvyat,KVY,Daniil,Kvyat,Russian,toro_rosso,Toro Rosso,Italian,Circuit de Monaco,Monaco Grand Prix,Monte-Carlo,Monaco,7,3.337,260.286,False,technical,71,\N,14,0.0,,
974,840,3,6,23,2017,6,2017-05-28,stroll,STR,Lance,Stroll,Canadian,williams,Williams,British,Circuit de Monaco,Monaco Grand Prix,Monte-Carlo,Monaco,7,3.337,260.286,False,technical,71,\N,15,0.0,,
974,838,1,6,3,2017,6,2017-05-28,vandoorne,VAN,Stoffel,Vandoorne,Belgian,mclaren,McLaren,British,Circuit de Monaco,Monaco Grand Prix,Monte-Carlo,Monaco,7,3.337,260.286,False,technical,66,\N,\N,0.0,,
974,828,15,6,3,2017,6,2017-05-28,ericsson,ERI,Marcus,Ericsson,Swedish,sauber,Sauber,Swiss,Circuit de Monaco,Monaco Grand Prix,Monte-Carlo,Monaco,7,3.337,260.286,False,technical,63,\N,\N,0.0,,
974,18,1,6,130,2017,6,2017-05-28,button,BUT,Jenson,Button,British,mclaren,McLaren,British,Circuit de Monaco,Monaco Grand Prix,Monte-Carlo,Monaco,7,3.337,260.286,False,technical,57,\N,\N,0.0,,
974,836,15,6,4,2017,6,2017-05-28,wehrlein,WEH,Pascal,Wehrlein,German,sauber,Sauber,Swiss,Circuit de Monaco,Monaco Grand Prix,Monte-Carlo,Monaco,7,3.337,260.286,False,technical,57,\N,\N,0.0,,
974,807,4,6,6,2017,6,2017-05-28,hulkenberg,HUL,Nico,Hülkenberg,German,renault,Renault,French,Circuit de Monaco,Monaco Grand Prix,Monte-Carlo,Monaco,7,3.337,260.286,False,technical,15,\N,\N,0.0,,
975,1,131,7,1,2017,7,2017-06-11,hamilton,HAM,Lewis,Hamilton,British,mercedes,Mercedes,German,Circuit Gilles Villeneuve,Canadian Grand Prix,Montreal,Canada,13,4.361,305.27,False,balanced,70,5585154,1,25.0,,
975,822,131,7,1,2017,7,2017-06-11,bottas,BOT,Valtteri,Bottas,Finnish,mercedes,Mercedes,German,Circuit Gilles Villeneuve,Canadian Grand Prix,Montreal,Canada,13,4.361,305.27,False,balanced,70,5604937,2,18.0,,
975,817,9,7,1,2017,7,2017-06-11,ricciardo,RIC,Daniel,Ricciardo,Australian,red_bull,Red Bull,Austrian,Circuit Gilles Villeneuve,Canadian Grand Prix,Montreal,Canada,13,4.361,305.27,False,balanced,70,5620451,3,15.0,,
975,20,6,7,1,2017,7,2017-06-11,vettel,VET,Sebastian,Vettel,German,ferrari,Ferrari,Italian,Circuit Gilles Villeneuve,Canadian Grand Prix,Montreal,Canada,13,4.361,305.27,False,balanced,70,5621061,4,12.0,,
975,815,10,7,1,2017,7,2017-06-11,perez,PER,Sergio,Pérez,Mexican,force_india,Force India,Indian,Circuit Gilles Villeneuve,Canadian Grand Prix,Montreal,Canada,13,4.361,305.27,False,balanced,70,5625630,5,10.0,,
975,839,10,7,1,2017,7,2017-06-11,ocon,OCO,Esteban,Ocon,French,force_india,Force India,Indian,Circuit Gilles Villeneuve,Canadian Grand Prix,Montreal,Canada,13,4.361,305.27,False,balanced,70,5625870,6,8.0,,
975,8,6,7,1,2017,7,2017-06-11,raikkonen,RAI,Kimi,Räikkönen,Finnish,ferrari,Ferrari,Italian,Circuit Gilles Villeneuve,Canadian Grand Prix,Montreal,Canada,13,4.361,305.27,False,balanced,70,5643786,7,6.0,,
975,807,4,7,1,2017,7,2017-06-11,hulkenberg,HUL,Nico,Hülkenberg,German,renault,Renault,French,Circuit Gilles Villeneuve,Canadian Grand Prix,Montreal,Canada,13,4.361,305.27,False,balanced,70,5645528,8,4.0,,
975,840,3,7,11,2017,7,2017-06-11,stroll,STR,Lance,Stroll,Canadian,williams,Williams,British,Circuit Gilles Villeneuve,Canadian Grand Prix,Montreal,Canada,13,4.361,305.27,False,balanced,69,\N,9,2.0,,
975,154,210,7,11,2017,7,2017-06-11,grosjean,GRO,Romain,Grosjean,French,haas,Haas F1 Team,American,Circuit Gilles Villeneuve,Canadian Grand Prix,Montreal,Canada,13,4.361,305.27,False,balanced,69,\N,10,1.0,,
975,835,4,7,11,2017,7,2017-06-11,jolyon_palmer,PAL,Jolyon,Palmer,British,renault,Renault,French,Circuit Gilles Villeneuve,Canadian Grand Prix,Montreal,Canada,13,4.361,305.27,False,balanced,69,\N,11,0.0,,
975,825,210,7,11,2017,7,2017-06-11,kevin_magnussen,MAG,Kevin,Magnussen,Danish,haas,Haas F1 Team,American,Circuit Gilles Villeneuve,Canadian Grand Prix,Montreal,Canada,13,4.361,305.27,False,balanced,69,\N,12,0.0,,
975,828,15,7,11,2017,7,2017-06-11,ericsson,ERI,Marcus,Ericsson,Swedish,sauber,Sauber,Swiss,Circuit Gilles Villeneuve,Canadian Grand Prix,Montreal,Canada,13,4.361,305.27,False,balanced,69,\N,13,0.0,,
975,838,1,7,11,2017,7,2017-06-11,vandoorne,VAN,Stoffel,Vandoorne,Belgian,mclaren,McLaren,British,Circuit Gilles Villeneuve,Canadian Grand Prix,Montreal,Canada,13,4.361,305.27,False,balanced,69,\N,14,0.0,,
975,836,15,7,12,2017,7,2017-06-11,wehrlein,WEH,Pascal,Wehrlein,German,sauber,Sauber,Swiss,Circuit Gilles Villeneuve,Canadian Grand Prix,Montreal,Canada,13,4.361,305.27,False,balanced,68,\N,15,0.0,,
975,4,1,7,131,2017,7,2017-06-11,alonso,ALO,Fernando,Alonso,Spanish,mclaren,McLaren,British,Circuit Gilles Villeneuve,Canadian Grand Prix,Montreal,Canada,13,4.361,305.27,False,balanced,66,\N,16,0.0,,
975,826,5,7,131,2017,7,2017-06-11,kvyat,KVY,Daniil,Kvyat,Russian,toro_rosso,Toro Rosso,Italian,Circuit Gilles Villeneuve,Canadian Grand Prix,Montreal,Canada,13,4.361,305.27,False,balanced,54,\N,\N,0.0,,
975,830,9,7,10,2017,7,2017-06-11,max_verstappen,VER,Max,Verstappen,Dutch,red_bull,Red Bull,Austrian,Circuit Gilles Villeneuve,Canadian Grand Prix,Montreal,Canada,13,4.361,305.27,False,balanced,10,\N,\N,0.0,,
975,13,3,7,4,2017,7,2017-06-11,massa,MAS,Felipe,Massa,Brazilian,williams,Williams,British,Circuit Gilles Villeneuve,Canadian Grand Prix,Montreal,Canada,13,4.361,305.27,False,balanced,0,\N,\N,0.0,,
975,832,5,7,4,2017,7,2017-06-11,sainz,SAI,Carlos,Sainz,Spanish,toro_rosso,Toro Rosso,Italian,Circuit Gilles Villeneuve,Canadian Grand Prix,Montreal,Canada,13,4.361,305.27,False,balanced,0,\N,\N,0.0,,
976,817,9,73,1,2017,8,2017-06-25,ricciardo,RIC,Daniel,Ricciardo,Australian,red_bull,Red Bull,Austrian,Baku City Circuit,Azerbaijan Grand Prix,Baku,Azerbaijan,-7,6.003,306.153,False,high_speed,51,7435573,1,25.0,,
976,822,131,73,1,2017,8,2017-06-25,bottas,BOT,Valtteri,Bottas,Finnish,mercedes,Mercedes,German,Baku City Circuit,Azerbaijan Grand Prix,Baku,Azerbaijan,-7,6.003,306.153,False,high_speed,51,7439477,2,18.0,,
976,840,3,73,1,2017,8,2017-06-25,stroll,STR,Lance,Stroll,Canadian,williams,Williams,British,Baku City Circuit,Azerbaijan Grand Prix,Baku,Azerbaijan,-7,6.003,306.153,False,high_speed,51,7439582,3,15.0,,
976,20,6,73,1,2017,8,2017-06-25,vettel,VET,Sebastian,Vettel,German,ferrari,Ferrari,Italian,Baku City Circuit,Azerbaijan Grand Prix,Baku,Azerbaijan,-7,6.003,306.153,False,high_speed,51,7441549,4,12.0,,
976,1,131,73,1,2017,8,2017-06-25,hamilton,HAM,Lewis,Hamilton,British,mercedes,Mercedes,German,Baku City Circuit,Azerbaijan Grand Prix,Baku,Azerbaijan,-7,6.003,306.153,False,high_speed,51,7441761,5,10.0,,
976,839,10,73,1,2017,8,2017-06-25,ocon,OCO,Esteban,Ocon,French,force_india,Force India,Indian,Baku City Circuit,Azerbaijan Grand Prix,Baku,Azerbaijan,-7,6.003,306.153,False,high_speed,51,7465871,6,8.0,,
976,825,210,73,1,2017,8,2017-06-25,kevin_magnussen,MAG,Kevin,Magnussen,Danish,haas,Haas F1 Team,American,Baku City Circuit,Azerbaijan Grand Prix,Baku,Azerbaijan,-7,6.003,306.153,False,high_speed,51,7477326,7,6.0,,
976,832,5,73,1,2017,8,2017-06-25,sainz,SAI,Carlos,Sainz,Spanish,toro_rosso,Toro Rosso,Italian,Baku City Circuit,Azerbaijan Grand Prix,Baku,Azerbaijan,-7,6.003,306.153,False,high_speed,51,7484973,8,4.0,,
976,4,1,73,1,2017,8,2017-06-25,alonso,ALO,Fernando,Alonso,Spanish,mclaren,McLaren,British,Baku City Circuit,Azerbaijan Grand Prix,Baku,Azerbaijan,-7,6.003,306.153,False,high_speed,51,7495124,9,2.0,,
976,836,15,73,1,2017,8,2017-06-25,wehrlein,WEH,Pascal,Wehrlein,German,sauber,Sauber,Swiss,Baku City Circuit,Azerbaijan Grand Prix,Baku,Azerbaijan,-7,6.003,306.153,False,high_speed,51,7524666,10,1.0,,
976,828,15,73,1,2017,8,2017-06-25,ericsson,ERI,Marcus,Ericsson,Swedish,sauber,Sauber,Swiss,Baku City Circuit,Azerbaijan Grand Prix,Baku,Azerbaijan,-7,6.003,306.153,False,high_speed,51,7527367,11,0.0,,
976,838,1,73,1,2017,8,2017-06-25,vandoorne,VAN,Stoffel,Vandoorne,Belgian,mclaren,McLaren,British,Baku City Circuit,Azerbaijan Grand Prix,Baku,Azerbaijan,-7,6.003,306.153,False,high_speed,51,7527733,12,0.0,,
976,154,210,73,11,2017,8,2017-06-25,grosjean,GRO,Romain,Grosjean,French,haas,Haas F1 Team,American,Baku City Circuit,Azerbaijan Grand Prix,Baku,Azerbaijan,-7,6.003,306.153,False,high_speed,50,\N,13,0.0,,
976,8,6,73,34,2017,8,2017-06-25,raikkonen,RAI,Kimi,Räikkönen,Finnish,ferrari,Ferrari,Italian,Baku City Circuit,Azerbaijan Grand Prix,Baku,Azerbaijan,-7,6.003,306.153,False,high_speed,46,\N,14,0.0,,
976,815,10,73,136,2017,8,2017-06-25,perez,PER,Sergio,Pérez,Mexican,force_india,Force India,Indian,Baku City Circuit,Azerbaijan Grand Prix,Baku,Azerbaijan,-7,6.003,306.153,False,high_speed,39,\N,\N,0.0,,
976,13,3,73,22,2017,8,2017-06-25,massa,MAS,Felipe,Massa,Brazilian,williams,Williams,British,Baku City Circuit,Azerbaijan Grand Prix,Baku,Azerbaijan,-7,6.003,306.153,False,high_speed,25,\N,\N,0.0,,
976,807,4,73,3,2017,8,2017-06-25,hulkenberg,HUL,Nico,Hülkenberg,German,renault,Renault,French,Baku City Circuit,Azerbaijan Grand Prix,Baku,Azerbaijan,-7,6.003,306.153,False,high_speed,24,\N,\N,0.0,,
976,830,9,73,51,2017,8,2017-06-25,max_verstappen,VER,Max,Verstappen,Dutch,red_bull,Red Bull,Austrian,Baku City Circuit,Azerbaijan Grand Prix,Baku,Azerbaijan,-7,6.003,306.153,False,high_speed,12,\N,\N,0.0,,
976,826,5,73,84,2017,8,2017-06-25,kvyat,KVY,Daniil,Kvyat,Russian,toro_rosso,Toro Rosso,Italian,Baku City Circuit,Azerbaijan Grand Prix,Baku,Azerbaijan,-7,6.003,306.153,False,high_speed,9,\N,\N,0.0,,
976,835,4,73,131,2017,8,2017-06-25,jolyon_palmer,PAL,Jolyon,Palmer,British,renault,Renault,French,Baku City Circuit,Azerbaijan Grand Prix,Baku,Azerbaijan,-7,6.003,306.153,False,high_speed,7,\N,\N,0.0,,
977,822,131,70,1,2017,9,2017-07-09,bottas,BOT,Valtteri,Bottas,Finnish,mercedes,Mercedes,German,Red Bull Ring,Austrian Grand Prix,Spielberg,Austria,678,4.326,307.146,False,high_speed,71,4908523,1,25.0,,
977,20,6,70,1,2017,9,2017-07-09,vettel,VET,Sebastian,Vettel,German,ferrari,Ferrari,Italian,Red Bull Ring,Austrian Grand Prix,Spielberg,Austria,678,4.326,307.146,False,high_speed,71,4909181,2,18.0,,
977,817,9,70,1,2017,9,2017-07-09,ricciardo,RIC,Daniel,Ricciardo,Australian,red_bull,Red Bull,Austrian,Red Bull Ring,Austrian Grand Prix,Spielberg,Austria,678,4.326,307.146,False,high_speed,71,4914535,3,15.0,,
977,1,131,70,1,2017,9,2017-07-09,hamilton,HAM,Lewis,Hamilton,British,mercedes,Mercedes,German,Red Bull Ring,Austrian Grand Prix,Spielberg,Austria,678,4.326,307.146,False,high_speed,71,4915953,4,12.0,,
977,8,6,70,1,2017,9,2017-07-09,raikkonen,RAI,Kimi,Räikkönen,Finnish,ferrari,Ferrari,Italian,Red Bull Ring,Austrian Grand Prix,Spielberg,Austria,678,4.326,307.146,False,high_speed,71,4928893,5,10.0,,
977,154,210,70,1,2017,9,2017-07-09,grosjean,GRO,Romain,Grosjean,French,haas,Haas F1 Team,American,Red Bull Ring,Austrian Grand Prix,Spielberg,Austria,678,4.326,307.146,False,high_speed,71,4981683,6,8.0,,
977,815,10,70,11,2017,9,2017-07-09,perez,PER,Sergio,Pérez,Mexican,force_india,Force India,Indian,Red Bull Ring,Austrian Grand Prix,Spielberg,Austria,678,4.326,307.146,False,high_speed,70,\N,7,6.0,,
977,839,10,70,11,2017,9,2017-07-09,ocon,OCO,Esteban,Ocon,French,force_india,Force India,Indian,Red Bull Ring,Austrian Grand Prix,Spielberg,Austria,678,4.326,307.146,False,high_speed,70,\N,8,4.0,,
977,13,3,70,11,2017,9,2017-07-09,massa,MAS,Felipe,Massa,Brazilian,williams,Williams,British,Red Bull Ring,Austrian Grand Prix,Spielberg,Austria,678,4.326,307.146,False,high_speed,70,\N,9,2.0,,
977,840,3,70,11,2017,9,2017-07-09,stroll,STR,Lance,Stroll,Canadian,williams,Williams,British,Red Bull Ring,Austrian Grand Prix,Spielberg,Austria,678,4.326,307.146,False,high_speed,70,\N,10,1.0,,
977,835,4,70,11,2017,9,2017-07-09,jolyon_palmer,PAL,Jolyon,Palmer,British,renault,Renault,French,Red Bull Ring,Austrian Grand Prix,Spielberg,Austria,678,4.326,307.146,False,high_speed,70,\N,11,0.0,,
977,838,1,70,11,2017,9,2017-07-09,vandoorne,VAN,Stoffel,Vandoorne,Belgian,mclaren,McLaren,British,Red Bull Ring,Austrian Grand Prix,Spielberg,Austria,678,4.326,307.146,False,high_speed,70,\N,12,0.0,,
977,807,4,70,11,2017,9,2017-07-09,hulkenberg,HUL,Nico,Hülkenberg,German,renault,Renault,French,Red Bull Ring,Austrian Grand Prix,Spielberg,Austria,678,4.326,307.146,False,high_speed,70,\N,13,0.0,,
977,836,15,70,11,2017,9,2017-07-09,wehrlein,WEH,Pascal,Wehrlein,German,sauber,Sauber,Swiss,Red Bull Ring,Austrian Grand Prix,Spielberg,Austria,678,4.326,307.146,False,high_speed,70,\N,14,0.0,,
977,828,15,70,12,2017,9,2017-07-09,ericsson,ERI,Marcus,Ericsson,Swedish,sauber,Sauber,Swiss,Red Bull Ring,Austrian Grand Prix,Spielberg,Austria,678,4.326,307.146,False,high_speed,69,\N,15,0.0,,
977,826,5,70,13,2017,9,2017-07-09,kvyat,KVY,Daniil,Kvyat,Russian,toro_rosso,Toro Rosso,Italian,Red Bull Ring,Austrian Grand Prix,Spielberg,Austria,678,4.326,307.146,False,high_speed,68,\N,16,0.0,,
977,832,5,70,5,2017,9,2017-07-09,sainz,SAI,Carlos,Sainz,Spanish,toro_rosso,Toro Rosso,Italian,Red Bull Ring,Austrian Grand Prix,Spielberg,Austria,678,4.326,307.146,False,high_speed,44,\N,\N,0.0,,
977,825,210,70,9,2017,9,2017-07-09,kevin_magnussen,MAG,Kevin,Magnussen,Danish,haas,Haas F1 Team,American,Red Bull Ring,Austrian Grand Prix,Spielberg,Austria,678,4.326,307.146,False,high_speed,29,\N,\N,0.0,,
977,4,1,70,130,2017,9,2017-07-09,alonso,ALO,Fernando,Alonso,Spanish,mclaren,McLaren,British,Red Bull Ring,Austrian Grand Prix,Spielberg,Austria,678,4.326,307.146,False,high_speed,1,\N,\N,0.0,,
977,830,9,70,130,2017,9,2017-07-09,max_verstappen,VER,Max,Verstappen,Dutch,red_bull,Red Bull,Austrian,Red Bull Ring,Austrian Grand Prix,Spielberg,Austria,678,4.326,307.146,False,high_speed,0,\N,\N,0.0,,
978,1,131,9,1,2017,10,2017-07-16,hamilton,HAM,Lewis,Hamilton,British,mercedes,Mercedes,German,Silverstone Circuit,British Grand Prix,Silverstone,UK,153,5.891,300.441,False,high_speed,51,4887430,1,25.0,,
978,822,131,9,1,2017,10,2017-07-16,bottas,BOT,Valtteri,Bottas,Finnish,mercedes,Mercedes,German,Silverstone Circuit,British Grand Prix,Silverstone,UK,153,5.891,300.441,False,high_speed,51,4901493,2,18.0,,
978,8,6,9,1,2017,10,2017-07-16,raikkonen,RAI,Kimi,Räikkönen,Finnish,ferrari,Ferrari,Italian,Silverstone Circuit,British Grand Prix,Silverstone,UK,153,5.891,300.441,False,high_speed,51,4924000,3,15.0,,
978,830,9,9,1,2017,10,2017-07-16,max_verstappen,VER,Max,Verstappen,Dutch,red_bull,Red Bull,Austrian,Silverstone Circuit,British Grand Prix,Silverstone,UK,153,5.891,300.441,False,high_speed,51,4939555,4,12.0,,
978,817,9,9,1,2017,10,2017-07-16,ricciardo,RIC,Daniel,Ricciardo,Australian,red_bull,Red Bull,Austrian,Silverstone Circuit,British Grand Prix,Silverstone,UK,153,5.891,300.441,False,high_speed,51,4953385,5,10.0,,
978,807,4,9,1,2017,10,2017-07-16,hulkenberg,HUL,Nico,Hülkenberg,German,renault,Renault,French,Silverstone Circuit,British Grand Prix,Silverstone,UK,153,5.891,300.441,False,high_speed,51,4955539,6,8.0,,
978,20,6,9,1,2017,10,2017-07-16,vettel,VET,Sebastian,Vettel,German,ferrari,Ferrari,Italian,Silverstone Circuit,British Grand Prix,Silverstone,UK,153,5.891,300.441,False,high_speed,51,4981419,7,6.0,,
978,839,10,9,11,2017,10,2017-07-16,ocon,OCO,Esteban,Ocon,French,force_india,Force India,Indian,Silverstone Circuit,British Grand Prix,Silverstone,UK,153,5.891,300.441,False,high_speed,50,\N,8,4.0,,
978,815,10,9,11,2017,10,2017-07-16,perez,PER,Sergio,Pérez,Mexican,force_india,Force India,Indian,Silverstone Circuit,British Grand Prix,Silverstone,UK,153,5.891,300.441,False,high_speed,50,\N,9,2.0,,
978,13,3,9,11,2017,10,2017-07-16,massa,MAS,Felipe,Massa,Brazilian,williams,Williams,British,Silverstone Circuit,British Grand Prix,Silverstone,UK,153,5.891,300.441,False,high_speed,50,\N,10,1.0,,
978,838,1,9,11,2017,10,2017-07-16,vandoorne,VAN,Stoffel,Vandoorne,Belgian,mclaren,McLaren,British,Silverstone Circuit,British Grand Prix,Silverstone,UK,153,5.891,300.441,False,high_speed,50,\N,11,0.0,,
978,825,210,9,11,2017,10,2017-07-16,kevin_magnussen,MAG,Kevin,Magnussen,Danish,haas,Haas F1 Team,American,Silverstone Circuit,British Grand Prix,Silverstone,UK,153,5.891,300.441,False,high_speed,50,\N,12,0.0,,
978,154,210,9,11,2017,10,2017-07-16,grosjean,GRO,Romain,Grosjean,French,haas,Haas F1 Team,American,Silverstone Circuit,British Grand Prix,Silverstone,UK,153,5.891,300.441,False,high_speed,50,\N,13,0.0,,
978,828,15,9,11,2017,10,2017-07-16,ericsson,ERI,Marcus,Ericsson,Swedish,sauber,Sauber,Swiss,Silverstone Circuit,British Grand Prix,Silverstone,UK,153,5.891,300.441,False,high_speed,50,\N,14,0.0,,
978,826,5,9,11,2017,10,2017-07-16,kvyat,KVY,Daniil,Kvyat,Russian,toro_rosso,Toro Rosso,Italian,Silverstone Circuit,British Grand Prix,Silverstone,UK,153,5.891,300.441,False,high_speed,50,\N,15,0.0,,
978,840,3,9,11,2017,10,2017-07-16,stroll,STR,Lance,Stroll,Canadian,williams,Williams,British,Silverstone Circuit,British Grand Prix,Silverstone,UK,153,5.891,300.441,False,high_speed,50,\N,16,0.0,,
978,836,15,9,11,2017,10,2017-07-16,wehrlein,WEH,Pascal,Wehrlein,German,sauber,Sauber,Swiss,Silverstone Circuit,British Grand Prix,Silverstone,UK,153,5.891,300.441,False,high_speed,50,\N,17,0.0,,
978,4,1,9,131,2017,10,2017-07-16,alonso,ALO,Fernando,Alonso,Spanish,mclaren,McLaren,British,Silverstone Circuit,British Grand Prix,Silverstone,UK,153,5.891,300.441,False,high_speed,32,\N,\N,0.0,,
978,832,5,9,130,2017,10,2017-07-16,sainz,SAI,Carlos,Sainz,Spanish,toro_rosso,Toro Rosso,Italian,Silverstone Circuit,British Grand Prix,Silverstone,UK,153,5.891,300.441,False,high_speed,0,\N,\N,0.0,,
978,835,4,9,9,2017,10,2017-07-16,jolyon_palmer,PAL,Jolyon,Palmer,British,renault,Renault,French,Silverstone Circuit,British Grand Prix,Silverstone,UK,153,5.891,300.441,False,high_speed,0,\N,\N,0.0,,
979,20,6,11,1,2017,11,2017-07-30,vettel,VET,Sebastian,Vettel,German,ferrari,Ferrari,Italian,Hungaroring,Hungarian Grand Prix,Budapest,Hungary,264,4.381,306.67,False,technical,70,5986713,1,25.0,,
979,8,6,11,1,2017,11,2017-07-30,raikkonen,RAI,Kimi,Räikkönen,Finnish,ferrari,Ferrari,Italian,Hungaroring,Hungarian Grand Prix,Budapest,Hungary,264,4.381,306.67,False,technical,70,5987621,2,18.0,,
979,822,131,11,1,2017,11,2017-07-30,bottas,BOT,Valtteri,Bottas,Finnish,mercedes,Mercedes,German,Hungaroring,Hungarian Grand Prix,Budapest,Hungary,264,4.381,306.67,False,technical,70,5999175,3,15.0,,
979,1,131,11,1,2017,11,2017-07-30,hamilton,HAM,Lewis,Hamilton,British,mercedes,Mercedes,German,Hungaroring,Hungarian Grand Prix,Budapest,Hungary,264,4.381,306.67,False,technical,70,5999598,4,12.0,,
979,830,9,11,1,2017,11,2017-07-30,max_verstappen,VER,Max,Verstappen,Dutch,red_bull,Red Bull,Austrian,Hungaroring,Hungarian Grand Prix,Budapest,Hungary,264,4.381,306.67,False,technical,70,5999989,5,10.0,,
979,4,1,11,1,2017,11,2017-07-30,alonso,ALO,Fernando,Alonso,Spanish,mclaren,McLaren,British,Hungaroring,Hungarian Grand Prix,Budapest,Hungary,264,4.381,306.67,False,technical,70,6057936,6,8.0,,
979,832,5,11,11,2017,11,2017-07-30,sainz,SAI,Carlos,Sainz,Spanish,toro_rosso,Toro Rosso,Italian,Hungaroring,Hungarian Grand Prix,Budapest,Hungary,264,4.381,306.67,False,technical,69,\N,7,6.0,,
979,815,10,11,11,2017,11,2017-07-30,perez,PER,Sergio,Pérez,Mexican,force_india,Force India,Indian,Hungaroring,Hungarian Grand Prix,Budapest,Hungary,264,4.381,306.67,False,technical,69,\N,8,4.0,,
979,839,10,11,11,2017,11,2017-07-30,ocon,OCO,Esteban,Ocon,French,force_india,Force India,Indian,Hungaroring,Hungarian Grand Prix,Budapest,Hungary,264,4.381,306.67,False,technical,69,\N,9,2.0,,
979,838,1,11,11,2017,11,2017-07-30,vandoorne,VAN,Stoffel,Vandoorne,Belgian,mclaren,McLaren,British,Hungaroring,Hungarian Grand Prix,Budapest,Hungary,264,4.381,306.67,False,technical,69,\N,10,1.0,,
979,826,5,11,11,2017,11,2017-07-30,kvyat,KVY,Daniil,Kvyat,Russian,toro_rosso,Toro Rosso,Italian,Hungaroring,Hungarian Grand Prix,Budapest,Hungary,264,4.381,306.67,False,technical,69,\N,11,0.0,,
979,835,4,11,11,2017,11,2017-07-30,jolyon_palmer,PAL,Jolyon,Palmer,British,renault,Renault,French,Hungaroring,Hungarian Grand Prix,Budapest,Hungary,264,4.381,306.67,False,technical,69,\N,12,0.0,,
979,825,210,11,11,2017,11,2017-07-30,kevin_magnussen,MAG,Kevin,Magnussen,Danish,haas,Haas F1 Team,American,Hungaroring,Hungarian Grand Prix,Budapest,Hungary,264,4.381,306.67,False,technical,69,\N,13,0.0,,
979,840,3,11,11,2017,11,2017-07-30,stroll,STR,Lance,Stroll,Canadian,williams,Williams,British,Hungaroring,Hungarian Grand Prix,Budapest,Hungary,264,4.381,306.67,False,technical,69,\N,14,0.0,,
979,836,15,11,12,2017,11,2017-07-30,wehrlein,WEH,Pascal,Wehrlein,German,sauber,Sauber,Swiss,Hungaroring,Hungarian Grand Prix,Budapest,Hungary,264,4.381,306.67,False,technical,68,\N,15,0.0,,
979,828,15,11,12,2017,11,2017-07-30,ericsson,ERI,Marcus,Ericsson,Swedish,sauber,Sauber,Swiss,Hungaroring,Hungarian Grand Prix,Budapest,Hungary,264,4.381,306.67,False,technical,68,\N,16,0.0,,
979,807,4,11,23,2017,11,2017-07-30,hulkenberg,HUL,Nico,Hülkenberg,German,renault,Renault,French,Hungaroring,Hungarian Grand Prix,Budapest,Hungary,264,4.381,306.67,False,technical,67,\N,17,0.0,,
979,814,3,11,44,2017,11,2017-07-30,resta,DIR,Paul,di Resta,British,williams,Williams,British,Hungaroring,Hungarian Grand Prix,Budapest,Hungary,264,4.381,306.67,False,technical,60,\N,\N,0.0,,
979,154,210,11,61,2017,11,2017-07-30,grosjean,GRO,Romain,Grosjean,French,haas,Haas F1 Team,American,Hungaroring,Hungarian Grand Prix,Budapest,Hungary,264,4.381,306.67,False,technical,20,\N,\N,0.0,,
979,817,9,11,4,2017,11,2017-07-30,ricciardo,RIC,Daniel,Ricciardo,Australian,red_bull,Red Bull,Austrian,Hungaroring,Hungarian Grand Prix,Budapest,Hungary,264,4.381,306.67,False,technical,0,\N,\N,0.0,,
980,1,131,13,1,2017,12,2017-08-27,hamilton,HAM,Lewis,Hamilton,British,mercedes,Mercedes,German,Circuit de Spa-Francorchamps,Belgian Grand Prix,Spa,Belgium,401,7.004,308.176,False,high_speed,44,5082820,1,25.0,,
980,20,6,13,1,2017,12,2017-08-27,vettel,VET,Sebastian,Vettel,German,ferrari,Ferrari,Italian,Circuit de Spa-Francorchamps,Belgian Grand Prix,Spa,Belgium,401,7.004,308.176,False,high_speed,44,5085178,2,18.0,,
980,817,9,13,1,2017,12,2017-08-27,ricciardo,RIC,Daniel,Ricciardo,Australian,red_bull,Red Bull,Austrian,Circuit de Spa-Francorchamps,Belgian Grand Prix,Spa,Belgium,401,7.004,308.176,False,high_speed,44,5093611,3,15.0,,
980,8,6,13,1,2017,12,2017-08-27,raikkonen,RAI,Kimi,Räikkönen,Finnish,ferrari,Ferrari,Italian,Circuit de Spa-Francorchamps,Belgian Grand Prix,Spa,Belgium,401,7.004,308.176,False,high_speed,44,5097291,4,12.0,,
980,822,131,13,1,2017,12,2017-08-27,bottas,BOT,Valtteri,Bottas,Finnish,mercedes,Mercedes,German,Circuit de Spa-Francorchamps,Belgian Grand Prix,Spa,Belgium,401,7.004,308.176,False,high_speed,44,5099276,5,10.0,,
980,807,4,13,1,2017,12,2017-08-27,hulkenberg,HUL,Nico,Hülkenberg,German,renault,Renault,French,Circuit de Spa-Francorchamps,Belgian Grand Prix,Spa,Belgium,401,7.004,308.176,False,high_speed,44,5110907,6,8.0,,
980,154,210,13,1,2017,12,2017-08-27,grosjean,GRO,Romain,Grosjean,French,haas,Haas F1 Team,American,Circuit de Spa-Francorchamps,Belgian Grand Prix,Spa,Belgium,401,7.004,308.176,False,high_speed,44,5114373,7,6.0,,
980,13,3,13,1,2017,12,2017-08-27,massa,MAS,Felipe,Massa,Brazilian,williams,Williams,British,Circuit de Spa-Francorchamps,Belgian Grand Prix,Spa,Belgium,401,7.004,308.176,False,high_speed,44,5119469,8,4.0,,
980,839,10,13,1,2017,12,2017-08-27,ocon,OCO,Esteban,Ocon,French,force_india,Force India,Indian,Circuit de Spa-Francorchamps,Belgian Grand Prix,Spa,Belgium,401,7.004,308.176,False,high_speed,44,5120974,9,2.0,,
980,832,5,13,1,2017,12,2017-08-27,sainz,SAI,Carlos,Sainz,Spanish,toro_rosso,Toro Rosso,Italian,Circuit de Spa-Francorchamps,Belgian Grand Prix,Spa,Belgium,401,7.004,308.176,False,high_speed,44,5122267,10,1.0,,
980,840,3,13,1,2017,12,2017-08-27,stroll,STR,Lance,Stroll,Canadian,williams,Williams,British,Circuit de Spa-Francorchamps,Belgian Grand Prix,Spa,Belgium,401,7.004,308.176,False,high_speed,44,5131819,11,0.0,,
980,826,5,13,1,2017,12,2017-08-27,kvyat,KVY,Daniil,Kvyat,Russian,toro_rosso,Toro Rosso,Italian,Circuit de Spa-Francorchamps,Belgian Grand Prix,Spa,Belgium,401,7.004,308.176,False,high_speed,44,5132760,12,0.0,,
980,835,4,13,1,2017,12,2017-08-27,jolyon_palmer,PAL,Jolyon,Palmer,British,renault,Renault,French,Circuit de Spa-Francorchamps,Belgian Grand Prix,Spa,Belgium,401,7.004,308.176,False,high_speed,44,5136059,13,0.0,,
980,838,1,13,1,2017,12,2017-08-27,vandoorne,VAN,Stoffel,Vandoorne,Belgian,mclaren,McLaren,British,Circuit de Spa-Francorchamps,Belgian Grand Prix,Spa,Belgium,401,7.004,308.176,False,high_speed,44,5139898,14,0.0,,
980,825,210,13,1,2017,12,2017-08-27,kevin_magnussen,MAG,Kevin,Magnussen,Danish,haas,Haas F1 Team,American,Circuit de Spa-Francorchamps,Belgian Grand Prix,Spa,Belgium,401,7.004,308.176,False,high_speed,44,5150082,15,0.0,,
980,828,15,13,1,2017,12,2017-08-27,ericsson,ERI,Marcus,Ericsson,Swedish,sauber,Sauber,Swiss,Circuit de Spa-Francorchamps,Belgian Grand Prix,Spa,Belgium,401,7.004,308.176,False,high_speed,44,5152531,16,0.0,,
980,815,10,13,6,2017,12,2017-08-27,perez,PER,Sergio,Pérez,Mexican,force_india,Force India,Indian,Circuit de Spa-Francorchamps,Belgian Grand Prix,Spa,Belgium,401,7.004,308.176,False,high_speed,42,\N,17,0.0,,
980,4,1,13,5,2017,12,2017-08-27,alonso,ALO,Fernando,Alonso,Spanish,mclaren,McLaren,British,Circuit de Spa-Francorchamps,Belgian Grand Prix,Spa,Belgium,401,7.004,308.176,False,high_speed,25,\N,\N,0.0,,
980,830,9,13,5,2017,12,2017-08-27,max_verstappen,VER,Max,Verstappen,Dutch,red_bull,Red Bull,Austrian,Circuit de Spa-Francorchamps,Belgian Grand Prix,Spa,Belgium,401,7.004,308.176,False,high_speed,7,\N,\N,0.0,,
980,836,15,13,4,2017,12,2017-08-27,wehrlein,WEH,Pascal,Wehrlein,German,sauber,Sauber,Swiss,Circuit de Spa-Francorchamps,Belgian Grand Prix,Spa,Belgium,401,7.004,308.176,False,high_speed,2,\N,\N,0.0,,
981,1,131,14,1,2017,13,2017-09-03,hamilton,HAM,Lewis,Hamilton,British,mercedes,Mercedes,German,Autodromo Nazionale di Monza,Italian Grand Prix,Monza,Italy,162,5.793,307.029,False,high_speed,53,4532312,1,25.0,,
981,822,131,14,1,2017,13,2017-09-03,bottas,BOT,Valtteri,Bottas,Finnish,mercedes,Mercedes,German,Autodromo Nazionale di Monza,Italian Grand Prix,Monza,Italy,162,5.793,307.029,False,high_speed,53,4536783,2,18.0,,
981,20,6,14,1,2017,13,2017-09-03,vettel,VET,Sebastian,Vettel,German,ferrari,Ferrari,Italian,Autodromo Nazionale di Monza,Italian Grand Prix,Monza,Italy,162,5.793,307.029,False,high_speed,53,4568629,3,15.0,,
981,817,9,14,1,2017,13,2017-09-03,ricciardo,RIC,Daniel,Ricciardo,Australian,red_bull,Red Bull,Austrian,Autodromo Nazionale di Monza,Italian Grand Prix,Monza,Italy,162,5.793,307.029,False,high_speed,53,4572647,4,12.0,,
981,8,6,14,1,2017,13,2017-09-03,raikkonen,RAI,Kimi,Räikkönen,Finnish,ferrari,Ferrari,Italian,Autodromo Nazionale di Monza,Italian Grand Prix,Monza,Italy,162,5.793,307.029,False,high_speed,53,4592394,5,10.0,,
981,839,10,14,1,2017,13,2017-09-03,ocon,OCO,Esteban,Ocon,French,force_india,Force India,Indian,Autodromo Nazionale di Monza,Italian Grand Prix,Monza,Italy,162,5.793,307.029,False,high_speed,53,4603840,6,8.0,,
981,840,3,14,1,2017,13,2017-09-03,stroll,STR,Lance,Stroll,Canadian,williams,Williams,British,Autodromo Nazionale di Monza,Italian Grand Prix,Monza,Italy,162,5.793,307.029,False,high_speed,53,4606468,7,6.0,,
981,13,3,14,1,2017,13,2017-09-03,massa,MAS,Felipe,Massa,Brazilian,williams,Williams,British,Autodromo Nazionale di Monza,Italian Grand Prix,Monza,Italy,162,5.793,307.029,False,high_speed,53,4607146,8,4.0,,
981,815,10,14,1,2017,13,2017-09-03,perez,PER,Sergio,Pérez,Mexican,force_india,Force India,Indian,Autodromo Nazionale di Monza,Italian Grand Prix,Monza,Italy,162,5.793,307.029,False,high_speed,53,4607588,9,2.0,,
981,830,9,14,11,2017,13,2017-09-03,max_verstappen,VER,Max,Verstappen,Dutch,red_bull,Red Bull,Austrian,Autodromo Nazionale di Monza,Italian Grand Prix,Monza,Italy,162,5.793,307.029,False,high_speed,52,\N,10,1.0,,
981,825,210,14,11,2017,13,2017-09-03,kevin_magnussen,MAG,Kevin,Magnussen,Danish,haas,Haas F1 Team,American,Autodromo Nazionale di Monza,Italian Grand Prix,Monza,Italy,162,5.793,307.029,False,high_speed,52,\N,11,0.0,,
981,826,5,14,11,2017,13,2017-09-03,kvyat,KVY,Daniil,Kvyat,Russian,toro_rosso,Toro Rosso,Italian,Autodromo Nazionale di Monza,Italian Grand Prix,Monza,Italy,162,5.793,307.029,False,high_speed,52,\N,12,0.0,,
981,807,4,14,11,2017,13,2017-09-03,hulkenberg,HUL,Nico,Hülkenberg,German,renault,Renault,French,Autodromo Nazionale di Monza,Italian Grand Prix,Monza,Italy,162,5.793,307.029,False,high_speed,52,\N,13,0.0,,
981,832,5,14,11,2017,13,2017-09-03,sainz,SAI,Carlos,Sainz,Spanish,toro_rosso,Toro Rosso,Italian,Autodromo Nazionale di Monza,Italian Grand Prix,Monza,Italy,162,5.793,307.029,False,high_speed,52,\N,14,0.0,,
981,154,210,14,11,2017,13,2017-09-03,grosjean,GRO,Romain,Grosjean,French,haas,Haas F1 Team,American,Autodromo Nazionale di Monza,Italian Grand Prix,Monza,Italy,162,5.793,307.029,False,high_speed,52,\N,15,0.0,,
981,836,15,14,12,2017,13,2017-09-03,wehrlein,WEH,Pascal,Wehrlein,German,sauber,Sauber,Swiss,Autodromo Nazionale di Monza,Italian Grand Prix,Monza,Italy,162,5.793,307.029,False,high_speed,51,\N,16,0.0,,
981,4,1,14,6,2017,13,2017-09-03,alonso,ALO,Fernando,Alonso,Spanish,mclaren,McLaren,British,Autodromo Nazionale di Monza,Italian Grand Prix,Monza,Italy,162,5.793,307.029,False,high_speed,50,\N,17,0.0,,
981,828,15,14,6,2017,13,2017-09-03,ericsson,ERI,Marcus,Ericsson,Swedish,sauber,Sauber,Swiss,Autodromo Nazionale di Monza,Italian Grand Prix,Monza,Italy,162,5.793,307.029,False,high_speed,49,\N,18,0.0,,
981,838,1,14,5,2017,13,2017-09-03,vandoorne,VAN,Stoffel,Vandoorne,Belgian,mclaren,McLaren,British,Autodromo Nazionale di Monza,Italian Grand Prix,Monza,Italy,162,5.793,307.029,False,high_speed,33,\N,\N,0.0,,
981,835,4,14,5,2017,13,2017-09-03,jolyon_palmer,PAL,Jolyon,Palmer,British,renault,Renault,French,Autodromo Nazionale di Monza,Italian Grand Prix,Monza,Italy,162,5.793,307.029,False,high_speed,29,\N,\N,0.0,,
982,1,131,15,1,2017,14,2017-09-17,hamilton,HAM,Lewis,Hamilton,British,mercedes,Mercedes,German,Marina Bay Street Circuit,Singapore Grand Prix,Marina Bay,Singapore,18,4.927,285.766,True,technical,58,7403544,1,25.0,,
982,817,9,15,1,2017,14,2017-09-17,ricciardo,RIC,Daniel,Ricciardo,Australian,red_bull,Red Bull,Austrian,Marina Bay Street Circuit,Singapore Grand Prix,Marina Bay,Singapore,18,4.927,285.766,True,technical,58,7408051,2,18.0,,
982,822,131,15,1,2017,14,2017-09-17,bottas,BOT,Valtteri,Bottas,Finnish,mercedes,Mercedes,German,Marina Bay Street Circuit,Singapore Grand Prix,Marina Bay,Singapore,18,4.927,285.766,True,technical,58,7412344,3,15.0,,
982,832,5,15,1,2017,14,2017-09-17,sainz,SAI,Carlos,Sainz,Spanish,toro_rosso,Toro Rosso,Italian,Marina Bay Street Circuit,Singapore Grand Prix,Marina Bay,Singapore,18,4.927,285.766,True,technical,58,7426366,4,12.0,,
982,815,10,15,1,2017,14,2017-09-17,perez,PER,Sergio,Pérez,Mexican,force_india,Force India,Indian,Marina Bay Street Circuit,Singapore Grand Prix,Marina Bay,Singapore,18,4.927,285.766,True,technical,58,7428903,5,10.0,,
982,835,4,15,1,2017,14,2017-09-17,jolyon_palmer,PAL,Jolyon,Palmer,British,renault,Renault,French,Marina Bay Street Circuit,Singapore Grand Prix,Marina Bay,Singapore,18,4.927,285.766,True,technical,58,7430803,6,8.0,,
982,838,1,15,1,2017,14,2017-09-17,vandoorne,VAN,Stoffel,Vandoorne,Belgian,mclaren,McLaren,British,Marina Bay Street Circuit,Singapore Grand Prix,Marina Bay,Singapore,18,4.927,285.766,True,technical,58,7433932,7,6.0,,
982,840,3,15,1,2017,14,2017-09-17,stroll,STR,Lance,Stroll,Canadian,williams,Williams,British,Marina Bay Street Circuit,Singapore Grand Prix,Marina Bay,Singapore,18,4.927,285.766,True,technical,58,7445240,8,4.0,,
982,154,210,15,1,2017,14,2017-09-17,grosjean,GRO,Romain,Grosjean,French,haas,Haas F1 Team,American,Marina Bay Street Circuit,Singapore Grand Prix,Marina Bay,Singapore,18,4.927,285.766,True,technical,58,7446826,9,2.0,,
982,839,10,15,1,2017,14,2017-09-17,ocon,OCO,Esteban,Ocon,French,force_india,Force India,Indian,Marina Bay Street Circuit,Singapore Grand Prix,Marina Bay,Singapore,18,4.927,285.766,True,technical,58,7448339,10,1.0,,
982,13,3,15,1,2017,14,2017-09-17,massa,MAS,Felipe,Massa,Brazilian,williams,Williams,British,Marina Bay Street Circuit,Singapore Grand Prix,Marina Bay,Singapore,18,4.927,285.766,True,technical,58,7450080,11,0.0,,
982,836,15,15,12,2017,14,2017-09-17,wehrlein,WEH,Pascal,Wehrlein,German,sauber,Sauber,Swiss,Marina Bay Street Circuit,Singapore Grand Prix,Marina Bay,Singapore,18,4.927,285.766,True,technical,56,\N,12,0.0,,
982,825,210,15,5,2017,14,2017-09-17,kevin_magnussen,MAG,Kevin,Magnussen,Danish,haas,Haas F1 Team,American,Marina Bay Street Circuit,Singapore Grand Prix,Marina Bay,Singapore,18,4.927,285.766,True,technical,50,\N,\N,0.0,,
982,807,4,15,5,2017,14,2017-09-17,hulkenberg,HUL,Nico,Hülkenberg,German,renault,Renault,French,Marina Bay Street Circuit,Singapore Grand Prix,Marina Bay,Singapore,18,4.927,285.766,True,technical,48,\N,\N,0.0,,
982,828,15,15,3,2017,14,2017-09-17,ericsson,ERI,Marcus,Ericsson,Swedish,sauber,Sauber,Swiss,Marina Bay Street Circuit,Singapore Grand Prix,Marina Bay,Singapore,18,4.927,285.766,True,technical,35,\N,\N,0.0,,
982,826,5,15,3,2017,14,2017-09-17,kvyat,KVY,Daniil,Kvyat,Russian,toro_rosso,Toro Rosso,Italian,Marina Bay Street Circuit,Singapore Grand Prix,Marina Bay,Singapore,18,4.927,285.766,True,technical,10,\N,\N,0.0,,
982,4,1,15,130,2017,14,2017-09-17,alonso,ALO,Fernando,Alonso,Spanish,mclaren,McLaren,British,Marina Bay Street Circuit,Singapore Grand Prix,Marina Bay,Singapore,18,4.927,285.766,True,technical,8,\N,\N,0.0,,
982,20,6,15,3,2017,14,2017-09-17,vettel,VET,Sebastian,Vettel,German,ferrari,Ferrari,Italian,Marina Bay Street Circuit,Singapore Grand Prix,Marina Bay,Singapore,18,4.927,285.766,True,technical,0,\N,\N,0.0,,
982,830,9,15,3,2017,14,2017-09-17,max_verstappen,VER,Max,Verstappen,Dutch,red_bull,Red Bull,Austrian,Marina Bay Street Circuit,Singapore Grand Prix,Marina Bay,Singapore,18,4.927,285.766,True,technical,0,\N,\N,0.0,,
982,8,6,15,3,2017,14,2017-09-17,raikkonen,RAI,Kimi,Räikkönen,Finnish,ferrari,Ferrari,Italian,Marina Bay Street Circuit,Singapore Grand Prix,Marina Bay,Singapore,18,4.927,285.766,True,technical,0,\N,\N,0.0,,
983,830,9,2,1,2017,15,2017-10-01,max_verstappen,VER,Max,Verstappen,Dutch,red_bull,Red Bull,Austrian,Sepang International Circuit,Malaysian Grand Prix,Kuala Lumpur,Malaysia,18,5.543,310.408,False,balanced,56,5401290,1,25.0,,
983,1,131,2,1,2017,15,2017-10-01,hamilton,HAM,Lewis,Hamilton,British,mercedes,Mercedes,German,Sepang International Circuit,Malaysian Grand Prix,Kuala Lumpur,Malaysia,18,5.543,310.408,False,balanced,56,5414060,2,18.0,,
983,817,9,2,1,2017,15,2017-10-01,ricciardo,RIC,Daniel,Ricciardo,Australian,red_bull,Red Bull,Austrian,Sepang International Circuit,Malaysian Grand Prix,Kuala Lumpur,Malaysia,18,5.543,310.408,False,balanced,56,5423809,3,15.0,,
983,20,6,2,1,2017,15,2017-10-01,vettel,VET,Sebastian,Vettel,German,ferrari,Ferrari,Italian,Sepang International Circuit,Malaysian Grand Prix,Kuala Lumpur,Malaysia,18,5.543,310.408,False,balanced,56,5438652,4,12.0,,
983,822,131,2,1,2017,15,2017-10-01,bottas,BOT,Valtteri,Bottas,Finnish,mercedes,Mercedes,German,Sepang International Circuit,Malaysian Grand Prix,Kuala Lumpur,Malaysia,18,5.543,310.408,False,balanced,56,5457311,5,10.0,,
983,815,10,2,1,2017,15,2017-10-01,perez,PER,Sergio,Pérez,Mexican,force_india,Force India,Indian,Sepang International Circuit,Malaysian Grand Prix,Kuala Lumpur,Malaysia,18,5.543,310.408,False,balanced,56,5479920,6,8.0,,
983,838,1,2,11,2017,15,2017-10-01,vandoorne,VAN,Stoffel,Vandoorne,Belgian,mclaren,McLaren,British,Sepang International Circuit,Malaysian Grand Prix,Kuala Lumpur,Malaysia,18,5.543,310.408,False,balanced,55,\N,7,6.0,,
983,840,3,2,11,2017,15,2017-10-01,stroll,STR,Lance,Stroll,Canadian,williams,Williams,British,Sepang International Circuit,Malaysian Grand Prix,Kuala Lumpur,Malaysia,18,5.543,310.408,False,balanced,55,\N,8,4.0,,
983,13,3,2,11,2017,15,2017-10-01,massa,MAS,Felipe,Massa,Brazilian,williams,Williams,British,Sepang International Circuit,Malaysian Grand Prix,Kuala Lumpur,Malaysia,18,5.543,310.408,False,balanced,55,\N,9,2.0,,
983,839,10,2,11,2017,15,2017-10-01,ocon,OCO,Esteban,Ocon,French,force_india,Force India,Indian,Sepang International Circuit,Malaysian Grand Prix,Kuala Lumpur,Malaysia,18,5.543,310.408,False,balanced,55,\N,10,1.0,,
983,4,1,2,11,2017,15,2017-10-01,alonso,ALO,Fernando,Alonso,Spanish,mclaren,McLaren,British,Sepang International Circuit,Malaysian Grand Prix,Kuala Lumpur,Malaysia,18,5.543,310.408,False,balanced,55,\N,11,0.0,,
983,825,210,2,11,2017,15,2017-10-01,kevin_magnussen,MAG,Kevin,Magnussen,Danish,haas,Haas F1 Team,American,Sepang International Circuit,Malaysian Grand Prix,Kuala Lumpur,Malaysia,18,5.543,310.408,False,balanced,55,\N,12,0.0,,
983,154,210,2,11,2017,15,2017-10-01,grosjean,GRO,Romain,Grosjean,French,haas,Haas F1 Team,American,Sepang International Circuit,Malaysian Grand Prix,Kuala Lumpur,Malaysia,18,5.543,310.408,False,balanced,55,\N,13,0.0,,
983,842,5,2,11,2017,15,2017-10-01,gasly,GAS,Pierre,Gasly,French,toro_rosso,Toro Rosso,Italian,Sepang International Circuit,Malaysian Grand Prix,Kuala Lumpur,Malaysia,18,5.543,310.408,False,balanced,55,\N,14,0.0,,
983,835,4,2,11,2017,15,2017-10-01,jolyon_palmer,PAL,Jolyon,Palmer,British,renault,Renault,French,Sepang International Circuit,Malaysian Grand Prix,Kuala Lumpur,Malaysia,18,5.543,310.408,False,balanced,55,\N,15,0.0,,
983,807,4,2,11,2017,15,2017-10-01,hulkenberg,HUL,Nico,Hülkenberg,German,renault,Renault,French,Sepang International Circuit,Malaysian Grand Prix,Kuala Lumpur,Malaysia,18,5.543,310.408,False,balanced,55,\N,16,0.0,,
983,836,15,2,11,2017,15,2017-10-01,wehrlein,WEH,Pascal,Wehrlein,German,sauber,Sauber,Swiss,Sepang International Circuit,Malaysian Grand Prix,Kuala Lumpur,Malaysia,18,5.543,310.408,False,balanced,55,\N,17,0.0,,
983,828,15,2,12,2017,15,2017-10-01,ericsson,ERI,Marcus,Ericsson,Swedish,sauber,Sauber,Swiss,Sepang International Circuit,Malaysian Grand Prix,Kuala Lumpur,Malaysia,18,5.543,310.408,False,balanced,54,\N,18,0.0,,
983,832,5,2,5,2017,15,2017-10-01,sainz,SAI,Carlos,Sainz,Spanish,toro_rosso,Toro Rosso,Italian,Sepang International Circuit,Malaysian Grand Prix,Kuala Lumpur,Malaysia,18,5.543,310.408,False,balanced,29,\N,\N,0.0,,
983,8,6,2,84,2017,15,2017-10-01,raikkonen,RAI,Kimi,Räikkönen,Finnish,ferrari,Ferrari,Italian,Sepang International Circuit,Malaysian Grand Prix,Kuala Lumpur,Malaysia,18,5.543,310.408,False,balanced,0,\N,\N,0.0,,
984,1,131,22,1,2017,16,2017-10-08,hamilton,HAM,Lewis,Hamilton,British,mercedes,Mercedes,German,Suzuka Circuit,Japanese Grand Prix,Suzuka,Japan,45,5.807,307.771,False,technical,53,5251194,1,25.0,,
984,830,9,22,1,2017,16,2017-10-08,max_verstappen,VER,Max,Verstappen,Dutch,red_bull,Red Bull,Austrian,Suzuka Circuit,Japanese Grand Prix,Suzuka,Japan,45,5.807,307.771,False,technical,53,5252405,2,18.0,,
984,817,9,22,1,2017,16,2017-10-08,ricciardo,RIC,Daniel,Ricciardo,Australian,red_bull,Red Bull,Austrian,Suzuka Circuit,Japanese Grand Prix,Suzuka,Japan,45,5.807,307.771,False,technical,53,5260873,3,15.0,,
984,822,131,22,1,2017,16,2017-10-08,bottas,BOT,Valtteri,Bottas,Finnish,mercedes,Mercedes,German,Suzuka Circuit,Japanese Grand Prix,Suzuka,Japan,45,5.807,307.771,False,technical,53,5261774,4,12.0,,
984,8,6,22,1,2017,16,2017-10-08,raikkonen,RAI,Kimi,Räikkönen,Finnish,ferrari,Ferrari,Italian,Suzuka Circuit,Japanese Grand Prix,Suzuka,Japan,45,5.807,307.771,False,technical,53,5283816,5,10.0,,
984,839,10,22,1,2017,16,2017-10-08,ocon,OCO,Esteban,Ocon,French,force_india,Force India,Indian,Suzuka Circuit,Japanese Grand Prix,Suzuka,Japan,45,5.807,307.771,False,technical,53,5318982,6,8.0,,
984,815,10,22,1,2017,16,2017-10-08,perez,PER,Sergio,Pérez,Mexican,force_india,Force India,Indian,Suzuka Circuit,Japanese Grand Prix,Suzuka,Japan,45,5.807,307.771,False,technical,53,5322618,7,6.0,,
984,825,210,22,1,2017,16,2017-10-08,kevin_magnussen,MAG,Kevin,Magnussen,Danish,haas,Haas F1 Team,American,Suzuka Circuit,Japanese Grand Prix,Suzuka,Japan,45,5.807,307.771,False,technical,53,5340147,8,4.0,,
984,154,210,22,1,2017,16,2017-10-08,grosjean,GRO,Romain,Grosjean,French,haas,Haas F1 Team,American,Suzuka Circuit,Japanese Grand Prix,Suzuka,Japan,45,5.807,307.771,False,technical,53,5341077,9,2.0,,
984,13,3,22,11,2017,16,2017-10-08,massa,MAS,Felipe,Massa,Brazilian,williams,Williams,British,Suzuka Circuit,Japanese Grand Prix,Suzuka,Japan,45,5.807,307.771,False,technical,52,\N,10,1.0,,
984,4,1,22,11,2017,16,2017-10-08,alonso,ALO,Fernando,Alonso,Spanish,mclaren,McLaren,British,Suzuka Circuit,Japanese Grand Prix,Suzuka,Japan,45,5.807,307.771,False,technical,52,\N,11,0.0,,
984,835,4,22,11,2017,16,2017-10-08,jolyon_palmer,PAL,Jolyon,Palmer,British,renault,Renault,French,Suzuka Circuit,Japanese Grand Prix,Suzuka,Japan,45,5.807,307.771,False,technical,52,\N,12,0.0,,
984,842,5,22,11,2017,16,2017-10-08,gasly,GAS,Pierre,Gasly,French,toro_rosso,Toro Rosso,Italian,Suzuka Circuit,Japanese Grand Prix,Suzuka,Japan,45,5.807,307.771,False,technical,52,\N,13,0.0,,
984,838,1,22,11,2017,16,2017-10-08,vandoorne,VAN,Stoffel,Vandoorne,Belgian,mclaren,McLaren,British,Suzuka Circuit,Japanese Grand Prix,Suzuka,Japan,45,5.807,307.771,False,technical,52,\N,14,0.0,,
984,836,15,22,12,2017,16,2017-10-08,wehrlein,WEH,Pascal,Wehrlein,German,sauber,Sauber,Swiss,Suzuka Circuit,Japanese Grand Prix,Suzuka,Japan,45,5.807,307.771,False,technical,51,\N,15,0.0,,
984,840,3,22,36,2017,16,2017-10-08,stroll,STR,Lance,Stroll,Canadian,williams,Williams,British,Suzuka Circuit,Japanese Grand Prix,Suzuka,Japan,45,5.807,307.771,False,technical,45,\N,\N,0.0,,
984,807,4,22,33,2017,16,2017-10-08,hulkenberg,HUL,Nico,Hülkenberg,German,renault,Renault,French,Suzuka Circuit,Japanese Grand Prix,Suzuka,Japan,45,5.807,307.771,False,technical,40,\N,\N,0.0,,
984,828,15,22,3,2017,16,2017-10-08,ericsson,ERI,Marcus,Ericsson,Swedish,sauber,Sauber,Swiss,Suzuka Circuit,Japanese Grand Prix,Suzuka,Japan,45,5.807,307.771,False,technical,7,\N,\N,0.0,,
984,20,6,22,105,2017,16,2017-10-08,vettel,VET,Sebastian,Vettel,German,ferrari,Ferrari,Italian,Suzuka Circuit,Japanese Grand Prix,Suzuka,Japan,45,5.807,307.771,False,technical,4,\N,\N,0.0,,
984,832,5,22,3,2017,16,2017-10-08,sainz,SAI,Carlos,Sainz,Spanish,toro_rosso,Toro Rosso,Italian,Suzuka Circuit,Japanese Grand Prix,Suzuka,Japan,45,5.807,307.771,False,technical,0,\N,\N,0.0,,
985,1,131,69,1,2017,17,2017-10-22,hamilton,HAM,Lewis,Hamilton,British,mercedes,Mercedes,German,Circuit of the Americas,United States Grand Prix,Austin,USA,161,5.513,308.728,False,balanced,56,5630991,1,25.0,,
985,20,6,69,1,2017,17,2017-10-22,vettel,VET,Sebastian,Vettel,German,ferrari,Ferrari,Italian,Circuit of the Americas,United States Grand Prix,Austin,USA,161,5.513,308.728,False,balanced,56,5641134,2,18.0,,
985,8,6,69,1,2017,17,2017-10-22,raikkonen,RAI,Kimi,Räikkönen,Finnish,ferrari,Ferrari,Italian,Circuit of the Americas,United States Grand Prix,Austin,USA,161,5.513,308.728,False,balanced,56,5646770,3,15.0,,
985,830,9,69,1,2017,17,2017-10-22,max_verstappen,VER,Max,Verstappen,Dutch,red_bull,Red Bull,Austrian,Circuit of the Americas,United States Grand Prix,Austin,USA,161,5.513,308.728,False,balanced,56,5647759,4,12.0,,
985,822,131,69,1,2017,17,2017-10-22,bottas,BOT,Valtteri,Bottas,Finnish,mercedes,Mercedes,German,Circuit of the Americas,United States Grand Prix,Austin,USA,161,5.513,308.728,False,balanced,56,5665958,5,10.0,,
985,839,10,69,1,2017,17,2017-10-22,ocon,OCO,Esteban,Ocon,French,force_india,Force India,Indian,Circuit of the Americas,United States Grand Prix,Austin,USA,161,5.513,308.728,False,balanced,56,5721971,6,8.0,,
985,832,4,69,1,2017,17,2017-10-22,sainz,SAI,Carlos,Sainz,Spanish,renault,Renault,French,Circuit of the Americas,United States Grand Prix,Austin,USA,161,5.513,308.728,False,balanced,56,5723935,7,6.0,,
985,815,10,69,11,2017,17,2017-10-22,perez,PER,Sergio,Pérez,Mexican,force_india,Force India,Indian,Circuit of the Americas,United States Grand Prix,Austin,USA,161,5.513,308.728,False,balanced,55,\N,8,4.0,,
985,13,3,69,11,2017,17,2017-10-22,massa,MAS,Felipe,Massa,Brazilian,williams,Williams,British,Circuit of the Americas,United States Grand Prix,Austin,USA,161,5.513,308.728,False,balanced,55,\N,9,2.0,,
985,826,5,69,11,2017,17,2017-10-22,kvyat,KVY,Daniil,Kvyat,Russian,toro_rosso,Toro Rosso,Italian,Circuit of the Americas,United States Grand Prix,Austin,USA,161,5.513,308.728,False,balanced,55,\N,10,1.0,,
985,840,3,69,11,2017,17,2017-10-22,stroll,STR,Lance,Stroll,Canadian,williams,Williams,British,Circuit of the Americas,United States Grand Prix,Austin,USA,161,5.513,308.728,False,balanced,55,\N,11,0.0,,
985,838,1,69,11,2017,17,2017-10-22,vandoorne,VAN,Stoffel,Vandoorne,Belgian,mclaren,McLaren,British,Circuit of the Americas,United States Grand Prix,Austin,USA,161,5.513,308.728,False,balanced,55,\N,12,0.0,,
985,843,5,69,11,2017,17,2017-10-22,brendon_hartley,HAR,Brendon,Hartley,New Zealander,toro_rosso,Toro Rosso,Italian,Circuit of the Americas,United States Grand Prix,Austin,USA,161,5.513,308.728,False,balanced,55,\N,13,0.0,,
985,154,210,69,11,2017,17,2017-10-22,grosjean,GRO,Romain,Grosjean,French,haas,Haas F1 Team,American,Circuit of the Americas,United States Grand Prix,Austin,USA,161,5.513,308.728,False,balanced,55,\N,14,0.0,,
985,828,15,69,11,2017,17,2017-10-22,ericsson,ERI,Marcus,Ericsson,Swedish,sauber,Sauber,Swiss,Circuit of the Americas,United States Grand Prix,Austin,USA,161,5.513,308.728,False,balanced,55,\N,15,0.0,,
985,825,210,69,11,2017,17,2017-10-22,kevin_magnussen,MAG,Kevin,Magnussen,Danish,haas,Haas F1 Team,American,Circuit of the Americas,United States Grand Prix,Austin,USA,161,5.513,308.728,False,balanced,55,\N,16,0.0,,
985,4,1,69,5,2017,17,2017-10-22,alonso,ALO,Fernando,Alonso,Spanish,mclaren,McLaren,British,Circuit of the Americas,United States Grand Prix,Austin,USA,161,5.513,308.728,False,balanced,24,\N,\N,0.0,,
985,817,9,69,5,2017,17,2017-10-22,ricciardo,RIC,Daniel,Ricciardo,Australian,red_bull,Red Bull,Austrian,Circuit of the Americas,United States Grand Prix,Austin,USA,161,5.513,308.728,False,balanced,14,\N,\N,0.0,,
985,836,15,69,4,2017,17,2017-10-22,wehrlein,WEH,Pascal,Wehrlein,German,sauber,Sauber,Swiss,Circuit of the Americas,United States Grand Prix,Austin,USA,161,5.513,308.728,False,balanced,5,\N,\N,0.0,,
985,807,4,69,5,2017,17,2017-10-22,hulkenberg,HUL,Nico,Hülkenberg,German,renault,Renault,French,Circuit of the Americas,United States Grand Prix,Austin,USA,161,5.513,308.728,False,balanced,3,\N,\N,0.0,,
986,830,9,32,1,2017,18,2017-10-29,max_verstappen,VER,Max,Verstappen,Dutch,red_bull,Red Bull,Austrian,Autódromo Hermanos Rodríguez,Mexican Grand Prix,Mexico City,Mexico,2227,4.304,305.584,False,balanced,71,5786552,1,25.0,,
986,822,131,32,1,2017,18,2017-10-29,bottas,BOT,Valtteri,Bottas,Finnish,mercedes,Mercedes,German,Autódromo Hermanos Rodríguez,Mexican Grand Prix,Mexico City,Mexico,2227,4.304,305.584,False,balanced,71,5806230,2,18.0,,
986,8,6,32,1,2017,18,2017-10-29,raikkonen,RAI,Kimi,Räikkönen,Finnish,ferrari,Ferrari,Italian,Autódromo Hermanos Rodríguez,Mexican Grand Prix,Mexico City,Mexico,2227,4.304,305.584,False,balanced,71,5840559,3,15.0,,
986,20,6,32,1,2017,18,2017-10-29,vettel,VET,Sebastian,Vettel,German,ferrari,Ferrari,Italian,Autódromo Hermanos Rodríguez,Mexican Grand Prix,Mexico City,Mexico,2227,4.304,305.584,False,balanced,71,5856630,4,12.0,,
986,839,10,32,11,2017,18,2017-10-29,ocon,OCO,Esteban,Ocon,French,force_india,Force India,Indian,Autódromo Hermanos Rodríguez,Mexican Grand Prix,Mexico City,Mexico,2227,4.304,305.584,False,balanced,70,\N,5,10.0,,
986,840,3,32,11,2017,18,2017-10-29,stroll,STR,Lance,Stroll,Canadian,williams,Williams,British,Autódromo Hermanos Rodríguez,Mexican Grand Prix,Mexico City,Mexico,2227,4.304,305.584,False,balanced,70,\N,6,8.0,,
986,815,10,32,11,2017,18,2017-10-29,perez,PER,Sergio,Pérez,Mexican,force_india,Force India,Indian,Autódromo Hermanos Rodríguez,Mexican Grand Prix,Mexico City,Mexico,2227,4.304,305.584,False,balanced,70,\N,7,6.0,,
986,825,210,32,11,2017,18,2017-10-29,kevin_magnussen,MAG,Kevin,Magnussen,Danish,haas,Haas F1 Team,American,Autódromo Hermanos Rodríguez,Mexican Grand Prix,Mexico City,Mexico,2227,4.304,305.584,False,balanced,70,\N,8,4.0,,
986,1,131,32,11,2017,18,2017-10-29,hamilton,HAM,Lewis,Hamilton,British,mercedes,Mercedes,German,Autódromo Hermanos Rodríguez,Mexican Grand Prix,Mexico City,Mexico,2227,4.304,305.584,False,balanced,70,\N,9,2.0,,
986,4,1,32,11,2017,18,2017-10-29,alonso,ALO,Fernando,Alonso,Spanish,mclaren,McLaren,British,Autódromo Hermanos Rodríguez,Mexican Grand Prix,Mexico City,Mexico,2227,4.304,305.584,False,balanced,70,\N,10,1.0,,
986,13,3,32,11,2017,18,2017-10-29,massa,MAS,Felipe,Massa,Brazilian,williams,Williams,British,Autódromo Hermanos Rodríguez,Mexican Grand Prix,Mexico City,Mexico,2227,4.304,305.584,False,balanced,70,\N,11,0.0,,
986,838,1,32,11,2017,18,2017-10-29,vandoorne,VAN,Stoffel,Vandoorne,Belgian,mclaren,McLaren,British,Autódromo Hermanos Rodríguez,Mexican Grand Prix,Mexico City,Mexico,2227,4.304,305.584,False,balanced,70,\N,12,0.0,,
986,842,5,32,11,2017,18,2017-10-29,gasly,GAS,Pierre,Gasly,French,toro_rosso,Toro Rosso,Italian,Autódromo Hermanos Rodríguez,Mexican Grand Prix,Mexico City,Mexico,2227,4.304,305.584,False,balanced,70,\N,13,0.0,,
986,836,15,32,12,2017,18,2017-10-29,wehrlein,WEH,Pascal,Wehrlein,German,sauber,Sauber,Swiss,Autódromo Hermanos Rodríguez,Mexican Grand Prix,Mexico City,Mexico,2227,4.304,305.584,False,balanced,69,\N,14,0.0,,
986,154,210,32,12,2017,18,2017-10-29,grosjean,GRO,Romain,Grosjean,French,haas,Haas F1 Team,American,Autódromo Hermanos Rodríguez,Mexican Grand Prix,Mexico City,Mexico,2227,4.304,305.584,False,balanced,69,\N,15,0.0,,
986,832,4,32,5,2017,18,2017-10-29,sainz,SAI,Carlos,Sainz,Spanish,renault,Renault,French,Autódromo Hermanos Rodríguez,Mexican Grand Prix,Mexico City,Mexico,2227,4.304,305.584,False,balanced,59,\N,\N,0.0,,
986,828,15,32,5,2017,18,2017-10-29,ericsson,ERI,Marcus,Ericsson,Swedish,sauber,Sauber,Swiss,Autódromo Hermanos Rodríguez,Mexican Grand Prix,Mexico City,Mexico,2227,4.304,305.584,False,balanced,55,\N,\N,0.0,,
986,843,5,32,5,2017,18,2017-10-29,brendon_hartley,HAR,Brendon,Hartley,New Zealander,toro_rosso,Toro Rosso,Italian,Autódromo Hermanos Rodríguez,Mexican Grand Prix,Mexico City,Mexico,2227,4.304,305.584,False,balanced,30,\N,\N,0.0,,
986,807,4,32,10,2017,18,2017-10-29,hulkenberg,HUL,Nico,Hülkenberg,German,renault,Renault,French,Autódromo Hermanos Rodríguez,Mexican Grand Prix,Mexico City,Mexico,2227,4.304,305.584,False,balanced,24,\N,\N,0.0,,
986,817,9,32,5,2017,18,2017-10-29,ricciardo,RIC,Daniel,Ricciardo,Australian,red_bull,Red Bull,Austrian,Autódromo Hermanos Rodríguez,Mexican Grand Prix,Mexico City,Mexico,2227,4.304,305.584,False,balanced,5,\N,\N,0.0,,
987,20,6,18,1,2017,19,2017-11-12,vettel,VET,Sebastian,Vettel,German,ferrari,Ferrari,Italian,Autódromo José Carlos Pace,Brazilian Grand Prix,São Paulo,Brazil,785,4.309,305.939,False,technical,71,5486262,1,25.0,,
987,822,131,18,1,2017,19,2017-11-12,bottas,BOT,Valtteri,Bottas,Finnish,mercedes,Mercedes,German,Autódromo José Carlos Pace,Brazilian Grand Prix,São Paulo,Brazil,785,4.309,305.939,False,technical,71,5489024,2,18.0,,
987,8,6,18,1,2017,19,2017-11-12,raikkonen,RAI,Kimi,Räikkönen,Finnish,ferrari,Ferrari,Italian,Autódromo José Carlos Pace,Brazilian Grand Prix,São Paulo,Brazil,785,4.309,305.939,False,technical,71,5490862,3,15.0,,
987,1,131,18,1,2017,19,2017-11-12,hamilton,HAM,Lewis,Hamilton,British,mercedes,Mercedes,German,Autódromo José Carlos Pace,Brazilian Grand Prix,São Paulo,Brazil,785,4.309,305.939,False,technical,71,5491730,4,12.0,,
987,830,9,18,1,2017,19,2017-11-12,max_verstappen,VER,Max,Verstappen,Dutch,red_bull,Red Bull,Austrian,Autódromo José Carlos Pace,Brazilian Grand Prix,São Paulo,Brazil,785,4.309,305.939,False,technical,71,5519202,5,10.0,,
987,817,9,18,1,2017,19,2017-11-12,ricciardo,RIC,Daniel,Ricciardo,Australian,red_bull,Red Bull,Austrian,Autódromo José Carlos Pace,Brazilian Grand Prix,São Paulo,Brazil,785,4.309,305.939,False,technical,71,5534953,6,8.0,,
987,13,3,18,1,2017,19,2017-11-12,massa,MAS,Felipe,Massa,Brazilian,williams,Williams,British,Autódromo José Carlos Pace,Brazilian Grand Prix,São Paulo,Brazil,785,4.309,305.939,False,technical,71,5555144,7,6.0,,
987,4,1,18,1,2017,19,2017-11-12,alonso,ALO,Fernando,Alonso,Spanish,mclaren,McLaren,British,Autódromo José Carlos Pace,Brazilian Grand Prix,São Paulo,Brazil,785,4.309,305.939,False,technical,71,5555625,8,4.0,,
987,815,10,18,1,2017,19,2017-11-12,perez,PER,Sergio,Pérez,Mexican,force_india,Force India,Indian,Autódromo José Carlos Pace,Brazilian Grand Prix,São Paulo,Brazil,785,4.309,305.939,False,technical,71,5555762,9,2.0,,
987,807,4,18,11,2017,19,2017-11-12,hulkenberg,HUL,Nico,Hülkenberg,German,renault,Renault,French,Autódromo José Carlos Pace,Brazilian Grand Prix,São Paulo,Brazil,785,4.309,305.939,False,technical,70,\N,10,1.0,,
987,832,4,18,11,2017,19,2017-11-12,sainz,SAI,Carlos,Sainz,Spanish,renault,Renault,French,Autódromo José Carlos Pace,Brazilian Grand Prix,São Paulo,Brazil,785,4.309,305.939,False,technical,70,\N,11,0.0,,
987,842,5,18,11,2017,19,2017-11-12,gasly,GAS,Pierre,Gasly,French,toro_rosso,Toro Rosso,Italian,Autódromo José Carlos Pace,Brazilian Grand Prix,São Paulo,Brazil,785,4.309,305.939,False,technical,70,\N,12,0.0,,
987,828,15,18,11,2017,19,2017-11-12,ericsson,ERI,Marcus,Ericsson,Swedish,sauber,Sauber,Swiss,Autódromo José Carlos Pace,Brazilian Grand Prix,São Paulo,Brazil,785,4.309,305.939,False,technical,70,\N,13,0.0,,
987,836,15,18,11,2017,19,2017-11-12,wehrlein,WEH,Pascal,Wehrlein,German,sauber,Sauber,Swiss,Autódromo José Carlos Pace,Brazilian Grand Prix,São Paulo,Brazil,785,4.309,305.939,False,technical,70,\N,14,0.0,,
987,154,210,18,12,2017,19,2017-11-12,grosjean,GRO,Romain,Grosjean,French,haas,Haas F1 Team,American,Autódromo José Carlos Pace,Brazilian Grand Prix,São Paulo,Brazil,785,4.309,305.939,False,technical,69,\N,15,0.0,,
987,840,3,18,12,2017,19,2017-11-12,stroll,STR,Lance,Stroll,Canadian,williams,Williams,British,Autódromo José Carlos Pace,Brazilian Grand Prix,São Paulo,Brazil,785,4.309,305.939,False,technical,69,\N,16,0.0,,
987,843,5,18,5,2017,19,2017-11-12,brendon_hartley,HAR,Brendon,Hartley,New Zealander,toro_rosso,Toro Rosso,Italian,Autódromo José Carlos Pace,Brazilian Grand Prix,São Paulo,Brazil,785,4.309,305.939,False,technical,40,\N,\N,0.0,,
987,839,10,18,3,2017,19,2017-11-12,ocon,OCO,Esteban,Ocon,French,force_india,Force India,Indian,Autódromo José Carlos Pace,Brazilian Grand Prix,São Paulo,Brazil,785,4.309,305.939,False,technical,0,\N,\N,0.0,,
987,838,1,18,3,2017,19,2017-11-12,vandoorne,VAN,Stoffel,Vandoorne,Belgian,mclaren,McLaren,British,Autódromo José Carlos Pace,Brazilian Grand Prix,São Paulo,Brazil,785,4.309,305.939,False,technical,0,\N,\N,0.0,,
987,825,210,18,3,2017,19,2017-11-12,kevin_magnussen,MAG,Kevin,Magnussen,Danish,haas,Haas F1 Team,American,Autódromo José Carlos Pace,Brazilian Grand Prix,São Paulo,Brazil,785,4.309,305.939,False,technical,0,\N,\N,0.0,,
988,822,131,24,1,2017,20,2017-11-26,bottas,BOT,Valtteri,Bottas,Finnish,mercedes,Mercedes,German,Yas Marina Circuit,Abu Dhabi Grand Prix,Abu Dhabi,UAE,3,5.281,290.455,True,technical,55,5654062,1,25.0,,
988,1,131,24,1,2017,20,2017-11-26,hamilton,HAM,Lewis,Hamilton,British,mercedes,Mercedes,German,Yas Marina Circuit,Abu Dhabi Grand Prix,Abu Dhabi,UAE,3,5.281,290.455,True,technical,55,5657961,2,18.0,,
988,20,6,24,1,2017,20,2017-11-26,vettel,VET,Sebastian,Vettel,German,ferrari,Ferrari,Italian,Yas Marina Circuit,Abu Dhabi Grand Prix,Abu Dhabi,UAE,3,5.281,290.455,True,technical,55,5673392,3,15.0,,
988,8,6,24,1,2017,20,2017-11-26,raikkonen,RAI,Kimi,Räikkönen,Finnish,ferrari,Ferrari,Italian,Yas Marina Circuit,Abu Dhabi Grand Prix,Abu Dhabi,UAE,3,5.281,290.455,True,technical,55,5699448,4,12.0,,
988,830,9,24,1,2017,20,2017-11-26,max_verstappen,VER,Max,Verstappen,Dutch,red_bull,Red Bull,Austrian,Yas Marina Circuit,Abu Dhabi Grand Prix,Abu Dhabi,UAE,3,5.281,290.455,True,technical,55,5700331,5,10.0,,
988,807,4,24,1,2017,20,2017-11-26,hulkenberg,HUL,Nico,Hülkenberg,German,renault,Renault,French,Yas Marina Circuit,Abu Dhabi Grand Prix,Abu Dhabi,UAE,3,5.281,290.455,True,technical,55,5739775,6,8.0,,
988,815,10,24,1,2017,20,2017-11-26,perez,PER,Sergio,Pérez,Mexican,force_india,Force India,Indian,Yas Marina Circuit,Abu Dhabi Grand Prix,Abu Dhabi,UAE,3,5.281,290.455,True,technical,55,5746124,7,6.0,,
988,839,10,24,1,2017,20,2017-11-26,ocon,OCO,Esteban,Ocon,French,force_india,Force India,Indian,Yas Marina Circuit,Abu Dhabi Grand Prix,Abu Dhabi,UAE,3,5.281,290.455,True,technical,55,5752973,8,4.0,,
988,4,1,24,11,2017,20,2017-11-26,alonso,ALO,Fernando,Alonso,Spanish,mclaren,McLaren,British,Yas Marina Circuit,Abu Dhabi Grand Prix,Abu Dhabi,UAE,3,5.281,290.455,True,technical,54,\N,9,2.0,,
988,13,3,24,11,2017,20,2017-11-26,massa,MAS,Felipe,Massa,Brazilian,williams,Williams,British,Yas Marina Circuit,Abu Dhabi Grand Prix,Abu Dhabi,UAE,3,5.281,290.455,True,technical,54,\N,10,1.0,,
988,154,210,24,11,2017,20,2017-11-26,grosjean,GRO,Romain,Grosjean,French,haas,Haas F1 Team,American,Yas Marina Circuit,Abu Dhabi Grand Prix,Abu Dhabi,UAE,3,5.281,290.455,True,technical,54,\N,11,0.0,,
988,838,1,24,11,2017,20,2017-11-26,vandoorne,VAN,Stoffel,Vandoorne,Belgian,mclaren,McLaren,British,Yas Marina Circuit,Abu Dhabi Grand Prix,Abu Dhabi,UAE,3,5.281,290.455,True,technical,54,\N,12,0.0,,
988,825,210,24,11,2017,20,2017-11-26,kevin_magnussen,MAG,Kevin,Magnussen,Danish,haas,Haas F1 Team,American,Yas Marina Circuit,Abu Dhabi Grand Prix,Abu Dhabi,UAE,3,5.281,290.455,True,technical,54,\N,13,0.0,,
988,836,15,24,11,2017,20,2017-11-26,wehrlein,WEH,Pascal,Wehrlein,German,sauber,Sauber,Swiss,Yas Marina Circuit,Abu Dhabi Grand Prix,Abu Dhabi,UAE,3,5.281,290.455,True,technical,54,\N,14,0.0,,
988,843,5,24,11,2017,20,2017-11-26,brendon_hartley,HAR,Brendon,Hartley,New Zealander,toro_rosso,Toro Rosso,Italian,Yas Marina Circuit,Abu Dhabi Grand Prix,Abu Dhabi,UAE,3,5.281,290.455,True,technical,54,\N,15,0.0,,
988,842,5,24,11,2017,20,2017-11-26,gasly,GAS,Pierre,Gasly,French,toro_rosso,Toro Rosso,Italian,Yas Marina Circuit,Abu Dhabi Grand Prix,Abu Dhabi,UAE,3,5.281,290.455,True,technical,54,\N,16,0.0,,
988,828,15,24,11,2017,20,2017-11-26,ericsson,ERI,Marcus,Ericsson,Swedish,sauber,Sauber,Swiss,Yas Marina Circuit,Abu Dhabi Grand Prix,Abu Dhabi,UAE,3,5.281,290.455,True,technical,54,\N,17,0.0,,
988,840,3,24,11,2017,20,2017-11-26,stroll,STR,Lance,Stroll,Canadian,williams,Williams,British,Yas Marina Circuit,Abu Dhabi Grand Prix,Abu Dhabi,UAE,3,5.281,290.455,True,technical,54,\N,18,0.0,,
988,832,4,24,36,2017,20,2017-11-26,sainz,SAI,Carlos,Sainz,Spanish,renault,Renault,French,Yas Marina Circuit,Abu Dhabi Grand Prix,Abu Dhabi,UAE,3,5.281,290.455,True,technical,31,\N,\N,0.0,,
988,817,9,24,9,2017,20,2017-11-26,ricciardo,RIC,Daniel,Ricciardo,Australian,red_bull,Red Bull,Austrian,Yas Marina Circuit,Abu Dhabi Grand Prix,Abu Dhabi,UAE,3,5.281,290.455,True,technical,20,\N,\N,0.0,,
989,20,6,1,1,2018,1,2018-03-25,vettel,VET,Sebastian,Vettel,German,ferrari,Ferrari,Italian,Albert Park Grand Prix Circuit,Australian Grand Prix,Melbourne,Australia,10,5.278,306.124,False,balanced,58,5373283,1,25.0,,
989,1,131,1,1,2018,1,2018-03-25,hamilton,HAM,Lewis,Hamilton,British,mercedes,Mercedes,German,Albert Park Grand Prix Circuit,Australian Grand Prix,Melbourne,Australia,10,5.278,306.124,False,balanced,58,5378319,2,18.0,,
989,8,6,1,1,2018,1,2018-03-25,raikkonen,RAI,Kimi,Räikkönen,Finnish,ferrari,Ferrari,Italian,Albert Park Grand Prix Circuit,Australian Grand Prix,Melbourne,Australia,10,5.278,306.124,False,balanced,58,5379592,3,15.0,,
989,817,9,1,1,2018,1,2018-03-25,ricciardo,RIC,Daniel,Ricciardo,Australian,red_bull,Red Bull,Austrian,Albert Park Grand Prix Circuit,Australian Grand Prix,Melbourne,Australia,10,5.278,306.124,False,balanced,58,5380352,4,12.0,,
989,4,1,1,1,2018,1,2018-03-25,alonso,ALO,Fernando,Alonso,Spanish,mclaren,McLaren,British,Albert Park Grand Prix Circuit,Australian Grand Prix,Melbourne,Australia,10,5.278,306.124,False,balanced,58,5401169,5,10.0,,
989,830,9,1,1,2018,1,2018-03-25,max_verstappen,VER,Max,Verstappen,Dutch,red_bull,Red Bull,Austrian,Albert Park Grand Prix Circuit,Australian Grand Prix,Melbourne,Australia,10,5.278,306.124,False,balanced,58,5402228,6,8.0,,
989,807,4,1,1,2018,1,2018-03-25,hulkenberg,HUL,Nico,Hülkenberg,German,renault,Renault,French,Albert Park Grand Prix Circuit,Australian Grand Prix,Melbourne,Australia,10,5.278,306.124,False,balanced,58,5405954,7,6.0,,
989,822,131,1,1,2018,1,2018-03-25,bottas,BOT,Valtteri,Bottas,Finnish,mercedes,Mercedes,German,Albert Park Grand Prix Circuit,Australian Grand Prix,Melbourne,Australia,10,5.278,306.124,False,balanced,58,5407622,8,4.0,,
989,838,1,1,1,2018,1,2018-03-25,vandoorne,VAN,Stoffel,Vandoorne,Belgian,mclaren,McLaren,British,Albert Park Grand Prix Circuit,Australian Grand Prix,Melbourne,Australia,10,5.278,306.124,False,balanced,58,5408204,9,2.0,,
989,832,4,1,1,2018,1,2018-03-25,sainz,SAI,Carlos,Sainz,Spanish,renault,Renault,French,Albert Park Grand Prix Circuit,Australian Grand Prix,Melbourne,Australia,10,5.278,306.124,False,balanced,58,5419005,10,1.0,,
989,815,10,1,1,2018,1,2018-03-25,perez,PER,Sergio,Pérez,Mexican,force_india,Force India,Indian,Albert Park Grand Prix Circuit,Australian Grand Prix,Melbourne,Australia,10,5.278,306.124,False,balanced,58,5420100,11,0.0,,
989,839,10,1,1,2018,1,2018-03-25,ocon,OCO,Esteban,Ocon,French,force_india,Force India,Indian,Albert Park Grand Prix Circuit,Australian Grand Prix,Melbourne,Australia,10,5.278,306.124,False,balanced,58,5433561,12,0.0,,
989,844,15,1,1,2018,1,2018-03-25,leclerc,LEC,Charles,Leclerc,Monegasque,sauber,Sauber,Swiss,Albert Park Grand Prix Circuit,Australian Grand Prix,Melbourne,Australia,10,5.278,306.124,False,balanced,58,5449042,13,0.0,,
989,840,3,1,1,2018,1,2018-03-25,stroll,STR,Lance,Stroll,Canadian,williams,Williams,British,Albert Park Grand Prix Circuit,Australian Grand Prix,Melbourne,Australia,10,5.278,306.124,False,balanced,58,5451571,14,0.0,,
989,843,5,1,11,2018,1,2018-03-25,brendon_hartley,HAR,Brendon,Hartley,New Zealander,toro_rosso,Toro Rosso,Italian,Albert Park Grand Prix Circuit,Australian Grand Prix,Melbourne,Australia,10,5.278,306.124,False,balanced,57,\N,15,0.0,,
989,154,210,1,36,2018,1,2018-03-25,grosjean,GRO,Romain,Grosjean,French,haas,Haas F1 Team,American,Albert Park Grand Prix Circuit,Australian Grand Prix,Melbourne,Australia,10,5.278,306.124,False,balanced,24,\N,\N,0.0,,
989,825,210,1,36,2018,1,2018-03-25,kevin_magnussen,MAG,Kevin,Magnussen,Danish,haas,Haas F1 Team,American,Albert Park Grand Prix Circuit,Australian Grand Prix,Melbourne,Australia,10,5.278,306.124,False,balanced,22,\N,\N,0.0,,
989,842,5,1,5,2018,1,2018-03-25,gasly,GAS,Pierre,Gasly,French,toro_rosso,Toro Rosso,Italian,Albert Park Grand Prix Circuit,Australian Grand Prix,Melbourne,Australia,10,5.278,306.124,False,balanced,13,\N,\N,0.0,,
989,828,15,1,38,2018,1,2018-03-25,ericsson,ERI,Marcus,Ericsson,Swedish,sauber,Sauber,Swiss,Albert Park Grand Prix Circuit,Australian Grand Prix,Melbourne,Australia,10,5.278,306.124,False,balanced,5,\N,\N,0.0,,
989,845,3,1,23,2018,1,2018-03-25,sirotkin,SIR,Sergey,Sirotkin,Russian,williams,Williams,British,Albert Park Grand Prix Circuit,Australian Grand Prix,Melbourne,Australia,10,5.278,306.124,False,balanced,4,\N,\N,0.0,,
990,20,6,3,1,2018,2,2018-04-08,vettel,VET,Sebastian,Vettel,German,ferrari,Ferrari,Italian,Bahrain International Circuit,Bahrain Grand Prix,Sakhir,Bahrain,7,5.412,308.484,True,balanced,57,5521940,1,25.0,,
990,822,131,3,1,2018,2,2018-04-08,bottas,BOT,Valtteri,Bottas,Finnish,mercedes,Mercedes,German,Bahrain International Circuit,Bahrain Grand Prix,Sakhir,Bahrain,7,5.412,308.484,True,balanced,57,5522639,2,18.0,,
990,1,131,3,1,2018,2,2018-04-08,hamilton,HAM,Lewis,Hamilton,British,mercedes,Mercedes,German,Bahrain International Circuit,Bahrain Grand Prix,Sakhir,Bahrain,7,5.412,308.484,True,balanced,57,5528452,3,15.0,,
990,842,5,3,1,2018,2,2018-04-08,gasly,GAS,Pierre,Gasly,French,toro_rosso,Toro Rosso,Italian,Bahrain International Circuit,Bahrain Grand Prix,Sakhir,Bahrain,7,5.412,308.484,True,balanced,57,5584174,4,12.0,,
990,825,210,3,1,2018,2,2018-04-08,kevin_magnussen,MAG,Kevin,Magnussen,Danish,haas,Haas F1 Team,American,Bahrain International Circuit,Bahrain Grand Prix,Sakhir,Bahrain,7,5.412,308.484,True,balanced,57,5596986,5,10.0,,
990,807,4,3,1,2018,2,2018-04-08,hulkenberg,HUL,Nico,Hülkenberg,German,renault,Renault,French,Bahrain International Circuit,Bahrain Grand Prix,Sakhir,Bahrain,7,5.412,308.484,True,balanced,57,5620964,6,8.0,,
990,4,1,3,11,2018,2,2018-04-08,alonso,ALO,Fernando,Alonso,Spanish,mclaren,McLaren,British,Bahrain International Circuit,Bahrain Grand Prix,Sakhir,Bahrain,7,5.412,308.484,True,balanced,56,\N,7,6.0,,
990,838,1,3,11,2018,2,2018-04-08,vandoorne,VAN,Stoffel,Vandoorne,Belgian,mclaren,McLaren,British,Bahrain International Circuit,Bahrain Grand Prix,Sakhir,Bahrain,7,5.412,308.484,True,balanced,56,\N,8,4.0,,
990,828,15,3,11,2018,2,2018-04-08,ericsson,ERI,Marcus,Ericsson,Swedish,sauber,Sauber,Swiss,Bahrain International Circuit,Bahrain Grand Prix,Sakhir,Bahrain,7,5.412,308.484,True,balanced,56,\N,9,2.0,,
990,839,10,3,11,2018,2,2018-04-08,ocon,OCO,Esteban,Ocon,French,force_india,Force India,Indian,Bahrain International Circuit,Bahrain Grand Prix,Sakhir,Bahrain,7,5.412,308.484,True,balanced,56,\N,10,1.0,,
990,832,4,3,11,2018,2,2018-04-08,sainz,SAI,Carlos,Sainz,Spanish,renault,Renault,French,Bahrain International Circuit,Bahrain Grand Prix,Sakhir,Bahrain,7,5.412,308.484,True,balanced,56,\N,11,0.0,,
990,844,15,3,11,2018,2,2018-04-08,leclerc,LEC,Charles,Leclerc,Monegasque,sauber,Sauber,Swiss,Bahrain International Circuit,Bahrain Grand Prix,Sakhir,Bahrain,7,5.412,308.484,True,balanced,56,\N,12,0.0,,
990,154,210,3,11,2018,2,2018-04-08,grosjean,GRO,Romain,Grosjean,French,haas,Haas F1 Team,American,Bahrain International Circuit,Bahrain Grand Prix,Sakhir,Bahrain,7,5.412,308.484,True,balanced,56,\N,13,0.0,,
990,840,3,3,11,2018,2,2018-04-08,stroll,STR,Lance,Stroll,Canadian,williams,Williams,British,Bahrain International Circuit,Bahrain Grand Prix,Sakhir,Bahrain,7,5.412,308.484,True,balanced,56,\N,14,0.0,,
990,845,3,3,11,2018,2,2018-04-08,sirotkin,SIR,Sergey,Sirotkin,Russian,williams,Williams,British,Bahrain International Circuit,Bahrain Grand Prix,Sakhir,Bahrain,7,5.412,308.484,True,balanced,56,\N,15,0.0,,
990,815,10,3,11,2018,2,2018-04-08,perez,PER,Sergio,Pérez,Mexican,force_india,Force India,Indian,Bahrain International Circuit,Bahrain Grand Prix,Sakhir,Bahrain,7,5.412,308.484,True,balanced,56,\N,16,0.0,,
990,843,5,3,11,2018,2,2018-04-08,brendon_hartley,HAR,Brendon,Hartley,New Zealander,toro_rosso,Toro Rosso,Italian,Bahrain International Circuit,Bahrain Grand Prix,Sakhir,Bahrain,7,5.412,308.484,True,balanced,56,\N,17,0.0,,
990,8,6,3,36,2018,2,2018-04-08,raikkonen,RAI,Kimi,Räikkönen,Finnish,ferrari,Ferrari,Italian,Bahrain International Circuit,Bahrain Grand Prix,Sakhir,Bahrain,7,5.412,308.484,True,balanced,35,\N,\N,0.0,,
990,830,9,3,29,2018,2,2018-04-08,max_verstappen,VER,Max,Verstappen,Dutch,red_bull,Red Bull,Austrian,Bahrain International Circuit,Bahrain Grand Prix,Sakhir,Bahrain,7,5.412,308.484,True,balanced,3,\N,\N,0.0,,
990,817,9,3,10,2018,2,2018-04-08,ricciardo,RIC,Daniel,Ricciardo,Australian,red_bull,Red Bull,Austrian,Bahrain International Circuit,Bahrain Grand Prix,Sakhir,Bahrain,7,5.412,308.484,True,balanced,1,\N,\N,0.0,,
991,817,9,17,1,2018,3,2018-04-15,ricciardo,RIC,Daniel,Ricciardo,Australian,red_bull,Red Bull,Austrian,Shanghai International Circuit,Chinese Grand Prix,Shanghai,China,5,5.451,305.256,False,balanced,56,5736380,1,25.0,,
991,822,131,17,1,2018,3,2018-04-15,bottas,BOT,Valtteri,Bottas,Finnish,mercedes,Mercedes,German,Shanghai International Circuit,Chinese Grand Prix,Shanghai,China,5,5.451,305.256,False,balanced,56,5745274,2,18.0,,
991,8,6,17,1,2018,3,2018-04-15,raikkonen,RAI,Kimi,Räikkönen,Finnish,ferrari,Ferrari,Italian,Shanghai International Circuit,Chinese Grand Prix,Shanghai,China,5,5.451,305.256,False,balanced,56,5746017,3,15.0,,
991,1,131,17,1,2018,3,2018-04-15,hamilton,HAM,Lewis,Hamilton,British,mercedes,Mercedes,German,Shanghai International Circuit,Chinese Grand Prix,Shanghai,China,5,5.451,305.256,False,balanced,56,5753365,4,12.0,,
991,830,9,17,1,2018,3,2018-04-15,max_verstappen,VER,Max,Verstappen,Dutch,red_bull,Red Bull,Austrian,Shanghai International Circuit,Chinese Grand Prix,Shanghai,China,5,5.451,305.256,False,balanced,56,5756816,5,10.0,,
991,807,4,17,1,2018,3,2018-04-15,hulkenberg,HUL,Nico,Hülkenberg,German,renault,Renault,French,Shanghai International Circuit,Chinese Grand Prix,Shanghai,China,5,5.451,305.256,False,balanced,56,5757432,6,8.0,,
991,4,1,17,1,2018,3,2018-04-15,alonso,ALO,Fernando,Alonso,Spanish,mclaren,McLaren,British,Shanghai International Circuit,Chinese Grand Prix,Shanghai,China,5,5.451,305.256,False,balanced,56,5767019,7,6.0,,
991,20,6,17,1,2018,3,2018-04-15,vettel,VET,Sebastian,Vettel,German,ferrari,Ferrari,Italian,Shanghai International Circuit,Chinese Grand Prix,Shanghai,China,5,5.451,305.256,False,balanced,56,5771666,8,4.0,,
991,832,4,17,1,2018,3,2018-04-15,sainz,SAI,Carlos,Sainz,Spanish,renault,Renault,French,Shanghai International Circuit,Chinese Grand Prix,Shanghai,China,5,5.451,305.256,False,balanced,56,5772143,9,2.0,,
991,825,210,17,1,2018,3,2018-04-15,kevin_magnussen,MAG,Kevin,Magnussen,Danish,haas,Haas F1 Team,American,Shanghai International Circuit,Chinese Grand Prix,Shanghai,China,5,5.451,305.256,False,balanced,56,5775974,10,1.0,,
991,839,10,17,1,2018,3,2018-04-15,ocon,OCO,Esteban,Ocon,French,force_india,Force India,Indian,Shanghai International Circuit,Chinese Grand Prix,Shanghai,China,5,5.451,305.256,False,balanced,56,5780430,11,0.0,,
991,815,10,17,1,2018,3,2018-04-15,perez,PER,Sergio,Pérez,Mexican,force_india,Force India,Indian,Shanghai International Circuit,Chinese Grand Prix,Shanghai,China,5,5.451,305.256,False,balanced,56,5781105,12,0.0,,
991,838,1,17,1,2018,3,2018-04-15,vandoorne,VAN,Stoffel,Vandoorne,Belgian,mclaren,McLaren,British,Shanghai International Circuit,Chinese Grand Prix,Shanghai,China,5,5.451,305.256,False,balanced,56,5785753,13,0.0,,
991,840,3,17,1,2018,3,2018-04-15,stroll,STR,Lance,Stroll,Canadian,williams,Williams,British,Shanghai International Circuit,Chinese Grand Prix,Shanghai,China,5,5.451,305.256,False,balanced,56,5791870,14,0.0,,
991,845,3,17,1,2018,3,2018-04-15,sirotkin,SIR,Sergey,Sirotkin,Russian,williams,Williams,British,Shanghai International Circuit,Chinese Grand Prix,Shanghai,China,5,5.451,305.256,False,balanced,56,5794621,15,0.0,,
991,828,15,17,1,2018,3,2018-04-15,ericsson,ERI,Marcus,Ericsson,Swedish,sauber,Sauber,Swiss,Shanghai International Circuit,Chinese Grand Prix,Shanghai,China,5,5.451,305.256,False,balanced,56,5798984,16,0.0,,
991,154,210,17,1,2018,3,2018-04-15,grosjean,GRO,Romain,Grosjean,French,haas,Haas F1 Team,American,Shanghai International Circuit,Chinese Grand Prix,Shanghai,China,5,5.451,305.256,False,balanced,56,5801676,17,0.0,,
991,842,5,17,1,2018,3,2018-04-15,gasly,GAS,Pierre,Gasly,French,toro_rosso,Toro Rosso,Italian,Shanghai International Circuit,Chinese Grand Prix,Shanghai,China,5,5.451,305.256,False,balanced,56,5802710,18,0.0,,
991,844,15,17,1,2018,3,2018-04-15,leclerc,LEC,Charles,Leclerc,Monegasque,sauber,Sauber,Swiss,Shanghai International Circuit,Chinese Grand Prix,Shanghai,China,5,5.451,305.256,False,balanced,56,5818955,19,0.0,,
991,843,5,17,130,2018,3,2018-04-15,brendon_hartley,HAR,Brendon,Hartley,New Zealander,toro_rosso,Toro Rosso,Italian,Shanghai International Circuit,Chinese Grand Prix,Shanghai,China,5,5.451,305.256,False,balanced,51,\N,20,0.0,,
992,1,131,73,1,2018,4,2018-04-29,hamilton,HAM,Lewis,Hamilton,British,mercedes,Mercedes,German,Baku City Circuit,Azerbaijan Grand Prix,Baku,Azerbaijan,-7,6.003,306.153,False,high_speed,51,6224291,1,25.0,,
992,8,6,73,1,2018,4,2018-04-29,raikkonen,RAI,Kimi,Räikkönen,Finnish,ferrari,Ferrari,Italian,Baku City Circuit,Azerbaijan Grand Prix,Baku,Azerbaijan,-7,6.003,306.153,False,high_speed,51,6226751,2,18.0,,
992,815,10,73,1,2018,4,2018-04-29,perez,PER,Sergio,Pérez,Mexican,force_india,Force India,Indian,Baku City Circuit,Azerbaijan Grand Prix,Baku,Azerbaijan,-7,6.003,306.153,False,high_speed,51,6228315,3,15.0,,
992,20,6,73,1,2018,4,2018-04-29,vettel,VET,Sebastian,Vettel,German,ferrari,Ferrari,Italian,Baku City Circuit,Azerbaijan Grand Prix,Baku,Azerbaijan,-7,6.003,306.153,False,high_speed,51,6229620,4,12.0,,
992,832,4,73,1,2018,4,2018-04-29,sainz,SAI,Carlos,Sainz,Spanish,renault,Renault,French,Baku City Circuit,Azerbaijan Grand Prix,Baku,Azerbaijan,-7,6.003,306.153,False,high_speed,51,6231806,5,10.0,,
992,844,15,73,1,2018,4,2018-04-29,leclerc,LEC,Charles,Leclerc,Monegasque,sauber,Sauber,Swiss,Baku City Circuit,Azerbaijan Grand Prix,Baku,Azerbaijan,-7,6.003,306.153,False,high_speed,51,6233449,6,8.0,,
992,4,1,73,1,2018,4,2018-04-29,alonso,ALO,Fernando,Alonso,Spanish,mclaren,McLaren,British,Baku City Circuit,Azerbaijan Grand Prix,Baku,Azerbaijan,-7,6.003,306.153,False,high_speed,51,6235222,7,6.0,,
992,840,3,73,1,2018,4,2018-04-29,stroll,STR,Lance,Stroll,Canadian,williams,Williams,British,Baku City Circuit,Azerbaijan Grand Prix,Baku,Azerbaijan,-7,6.003,306.153,False,high_speed,51,6236837,8,4.0,,
992,838,1,73,1,2018,4,2018-04-29,vandoorne,VAN,Stoffel,Vandoorne,Belgian,mclaren,McLaren,British,Baku City Circuit,Azerbaijan Grand Prix,Baku,Azerbaijan,-7,6.003,306.153,False,high_speed,51,6238443,9,2.0,,
992,843,5,73,1,2018,4,2018-04-29,brendon_hartley,HAR,Brendon,Hartley,New Zealander,toro_rosso,Toro Rosso,Italian,Baku City Circuit,Azerbaijan Grand Prix,Baku,Azerbaijan,-7,6.003,306.153,False,high_speed,51,6242321,10,1.0,,
992,828,15,73,1,2018,4,2018-04-29,ericsson,ERI,Marcus,Ericsson,Swedish,sauber,Sauber,Swiss,Baku City Circuit,Azerbaijan Grand Prix,Baku,Azerbaijan,-7,6.003,306.153,False,high_speed,51,6242803,11,0.0,,
992,842,5,73,1,2018,4,2018-04-29,gasly,GAS,Pierre,Gasly,French,toro_rosso,Toro Rosso,Italian,Baku City Circuit,Azerbaijan Grand Prix,Baku,Azerbaijan,-7,6.003,306.153,False,high_speed,51,6249011,12,0.0,,
992,825,210,73,1,2018,4,2018-04-29,kevin_magnussen,MAG,Kevin,Magnussen,Danish,haas,Haas F1 Team,American,Baku City Circuit,Azerbaijan Grand Prix,Baku,Azerbaijan,-7,6.003,306.153,False,high_speed,51,6264954,13,0.0,,
992,822,131,73,29,2018,4,2018-04-29,bottas,BOT,Valtteri,Bottas,Finnish,mercedes,Mercedes,German,Baku City Circuit,Azerbaijan Grand Prix,Baku,Azerbaijan,-7,6.003,306.153,False,high_speed,48,\N,\N,0.0,,
992,154,210,73,3,2018,4,2018-04-29,grosjean,GRO,Romain,Grosjean,French,haas,Haas F1 Team,American,Baku City Circuit,Azerbaijan Grand Prix,Baku,Azerbaijan,-7,6.003,306.153,False,high_speed,42,\N,\N,0.0,,
992,830,9,73,4,2018,4,2018-04-29,max_verstappen,VER,Max,Verstappen,Dutch,red_bull,Red Bull,Austrian,Baku City Circuit,Azerbaijan Grand Prix,Baku,Azerbaijan,-7,6.003,306.153,False,high_speed,39,\N,\N,0.0,,
992,817,9,73,4,2018,4,2018-04-29,ricciardo,RIC,Daniel,Ricciardo,Australian,red_bull,Red Bull,Austrian,Baku City Circuit,Azerbaijan Grand Prix,Baku,Azerbaijan,-7,6.003,306.153,False,high_speed,39,\N,\N,0.0,,
992,807,4,73,3,2018,4,2018-04-29,hulkenberg,HUL,Nico,Hülkenberg,German,renault,Renault,French,Baku City Circuit,Azerbaijan Grand Prix,Baku,Azerbaijan,-7,6.003,306.153,False,high_speed,10,\N,\N,0.0,,
992,839,10,73,4,2018,4,2018-04-29,ocon,OCO,Esteban,Ocon,French,force_india,Force India,Indian,Baku City Circuit,Azerbaijan Grand Prix,Baku,Azerbaijan,-7,6.003,306.153,False,high_speed,0,\N,\N,0.0,,
992,845,3,73,4,2018,4,2018-04-29,sirotkin,SIR,Sergey,Sirotkin,Russian,williams,Williams,British,Baku City Circuit,Azerbaijan Grand Prix,Baku,Azerbaijan,-7,6.003,306.153,False,high_speed,0,\N,\N,0.0,,
993,1,131,4,1,2018,5,2018-05-13,hamilton,HAM,Lewis,Hamilton,British,mercedes,Mercedes,German,Circuit de Barcelona-Catalunya,Spanish Grand Prix,Montmeló,Spain,109,4.657,307.362,False,balanced,66,5729972,1,25.0,,
993,822,131,4,1,2018,5,2018-05-13,bottas,BOT,Valtteri,Bottas,Finnish,mercedes,Mercedes,German,Circuit de Barcelona-Catalunya,Spanish Grand Prix,Montmeló,Spain,109,4.657,307.362,False,balanced,66,5750565,2,18.0,,
993,830,9,4,1,2018,5,2018-05-13,max_verstappen,VER,Max,Verstappen,Dutch,red_bull,Red Bull,Austrian,Circuit de Barcelona-Catalunya,Spanish Grand Prix,Montmeló,Spain,109,4.657,307.362,False,balanced,66,5756845,3,15.0,,
993,20,6,4,1,2018,5,2018-05-13,vettel,VET,Sebastian,Vettel,German,ferrari,Ferrari,Italian,Circuit de Barcelona-Catalunya,Spanish Grand Prix,Montmeló,Spain,109,4.657,307.362,False,balanced,66,5757556,4,12.0,,
993,817,9,4,1,2018,5,2018-05-13,ricciardo,RIC,Daniel,Ricciardo,Australian,red_bull,Red Bull,Austrian,Circuit de Barcelona-Catalunya,Spanish Grand Prix,Montmeló,Spain,109,4.657,307.362,False,balanced,66,5780030,5,10.0,,
993,825,210,4,11,2018,5,2018-05-13,kevin_magnussen,MAG,Kevin,Magnussen,Danish,haas,Haas F1 Team,American,Circuit de Barcelona-Catalunya,Spanish Grand Prix,Montmeló,Spain,109,4.657,307.362,False,balanced,65,\N,6,8.0,,
993,832,4,4,11,2018,5,2018-05-13,sainz,SAI,Carlos,Sainz,Spanish,renault,Renault,French,Circuit de Barcelona-Catalunya,Spanish Grand Prix,Montmeló,Spain,109,4.657,307.362,False,balanced,65,\N,7,6.0,,
993,4,1,4,11,2018,5,2018-05-13,alonso,ALO,Fernando,Alonso,Spanish,mclaren,McLaren,British,Circuit de Barcelona-Catalunya,Spanish Grand Prix,Montmeló,Spain,109,4.657,307.362,False,balanced,65,\N,8,4.0,,
993,815,10,4,12,2018,5,2018-05-13,perez,PER,Sergio,Pérez,Mexican,force_india,Force India,Indian,Circuit de Barcelona-Catalunya,Spanish Grand Prix,Montmeló,Spain,109,4.657,307.362,False,balanced,64,\N,9,2.0,,
993,844,15,4,12,2018,5,2018-05-13,leclerc,LEC,Charles,Leclerc,Monegasque,sauber,Sauber,Swiss,Circuit de Barcelona-Catalunya,Spanish Grand Prix,Montmeló,Spain,109,4.657,307.362,False,balanced,64,\N,10,1.0,,
993,840,3,4,12,2018,5,2018-05-13,stroll,STR,Lance,Stroll,Canadian,williams,Williams,British,Circuit de Barcelona-Catalunya,Spanish Grand Prix,Montmeló,Spain,109,4.657,307.362,False,balanced,64,\N,11,0.0,,
993,843,5,4,12,2018,5,2018-05-13,brendon_hartley,HAR,Brendon,Hartley,New Zealander,toro_rosso,Toro Rosso,Italian,Circuit de Barcelona-Catalunya,Spanish Grand Prix,Montmeló,Spain,109,4.657,307.362,False,balanced,64,\N,12,0.0,,
993,828,15,4,12,2018,5,2018-05-13,ericsson,ERI,Marcus,Ericsson,Swedish,sauber,Sauber,Swiss,Circuit de Barcelona-Catalunya,Spanish Grand Prix,Montmeló,Spain,109,4.657,307.362,False,balanced,64,\N,13,0.0,,
993,845,3,4,13,2018,5,2018-05-13,sirotkin,SIR,Sergey,Sirotkin,Russian,williams,Williams,British,Circuit de Barcelona-Catalunya,Spanish Grand Prix,Montmeló,Spain,109,4.657,307.362,False,balanced,63,\N,14,0.0,,
993,838,1,4,6,2018,5,2018-05-13,vandoorne,VAN,Stoffel,Vandoorne,Belgian,mclaren,McLaren,British,Circuit de Barcelona-Catalunya,Spanish Grand Prix,Montmeló,Spain,109,4.657,307.362,False,balanced,45,\N,\N,0.0,,
993,839,10,4,44,2018,5,2018-05-13,ocon,OCO,Esteban,Ocon,French,force_india,Force India,Indian,Circuit de Barcelona-Catalunya,Spanish Grand Prix,Montmeló,Spain,109,4.657,307.362,False,balanced,38,\N,\N,0.0,,
993,8,6,4,101,2018,5,2018-05-13,raikkonen,RAI,Kimi,Räikkönen,Finnish,ferrari,Ferrari,Italian,Circuit de Barcelona-Catalunya,Spanish Grand Prix,Montmeló,Spain,109,4.657,307.362,False,balanced,25,\N,\N,0.0,,
993,154,210,4,4,2018,5,2018-05-13,grosjean,GRO,Romain,Grosjean,French,haas,Haas F1 Team,American,Circuit de Barcelona-Catalunya,Spanish Grand Prix,Montmeló,Spain,109,4.657,307.362,False,balanced,0,\N,\N,0.0,,
993,842,5,4,4,2018,5,2018-05-13,gasly,GAS,Pierre,Gasly,French,toro_rosso,Toro Rosso,Italian,Circuit de Barcelona-Catalunya,Spanish Grand Prix,Montmeló,Spain,109,4.657,307.362,False,balanced,0,\N,\N,0.0,,
993,807,4,4,4,2018,5,2018-05-13,hulkenberg,HUL,Nico,Hülkenberg,German,renault,Renault,French,Circuit de Barcelona-Catalunya,Spanish Grand Prix,Montmeló,Spain,109,4.657,307.362,False,balanced,0,\N,\N,0.0,,
994,817,9,6,1,2018,6,2018-05-27,ricciardo,RIC,Daniel,Ricciardo,Australian,red_bull,Red Bull,Austrian,Circuit de Monaco,Monaco Grand Prix,Monte-Carlo,Monaco,7,3.337,260.286,False,technical,78,6174807,1,25.0,,
994,20,6,6,1,2018,6,2018-05-27,vettel,VET,Sebastian,Vettel,German,ferrari,Ferrari,Italian,Circuit de Monaco,Monaco Grand Prix,Monte-Carlo,Monaco,7,3.337,260.286,False,technical,78,6182143,2,18.0,,
994,1,131,6,1,2018,6,2018-05-27,hamilton,HAM,Lewis,Hamilton,British,mercedes,Mercedes,German,Circuit de Monaco,Monaco Grand Prix,Monte-Carlo,Monaco,7,3.337,260.286,False,technical,78,6191820,3,15.0,,
994,8,6,6,1,2018,6,2018-05-27,raikkonen,RAI,Kimi,Räikkönen,Finnish,ferrari,Ferrari,Italian,Circuit de Monaco,Monaco Grand Prix,Monte-Carlo,Monaco,7,3.337,260.286,False,technical,78,6192934,4,12.0,,
994,822,131,6,1,2018,6,2018-05-27,bottas,BOT,Valtteri,Bottas,Finnish,mercedes,Mercedes,German,Circuit de Monaco,Monaco Grand Prix,Monte-Carlo,Monaco,7,3.337,260.286,False,technical,78,6193629,5,10.0,,
994,839,10,6,1,2018,6,2018-05-27,ocon,OCO,Esteban,Ocon,French,force_india,Force India,Indian,Circuit de Monaco,Monaco Grand Prix,Monte-Carlo,Monaco,7,3.337,260.286,False,technical,78,6198474,6,8.0,,
994,842,5,6,1,2018,6,2018-05-27,gasly,GAS,Pierre,Gasly,French,toro_rosso,Toro Rosso,Italian,Circuit de Monaco,Monaco Grand Prix,Monte-Carlo,Monaco,7,3.337,260.286,False,technical,78,6199138,7,6.0,,
994,807,4,6,1,2018,6,2018-05-27,hulkenberg,HUL,Nico,Hülkenberg,German,renault,Renault,French,Circuit de Monaco,Monaco Grand Prix,Monte-Carlo,Monaco,7,3.337,260.286,False,technical,78,6199646,8,4.0,,
994,830,9,6,1,2018,6,2018-05-27,max_verstappen,VER,Max,Verstappen,Dutch,red_bull,Red Bull,Austrian,Circuit de Monaco,Monaco Grand Prix,Monte-Carlo,Monaco,7,3.337,260.286,False,technical,78,6200124,9,2.0,,
994,832,4,6,1,2018,6,2018-05-27,sainz,SAI,Carlos,Sainz,Spanish,renault,Renault,French,Circuit de Monaco,Monaco Grand Prix,Monte-Carlo,Monaco,7,3.337,260.286,False,technical,78,6243820,10,1.0,,
994,828,15,6,1,2018,6,2018-05-27,ericsson,ERI,Marcus,Ericsson,Swedish,sauber,Sauber,Swiss,Circuit de Monaco,Monaco Grand Prix,Monte-Carlo,Monaco,7,3.337,260.286,False,technical,78,6244671,11,0.0,,
994,815,10,6,1,2018,6,2018-05-27,perez,PER,Sergio,Pérez,Mexican,force_india,Force India,Indian,Circuit de Monaco,Monaco Grand Prix,Monte-Carlo,Monaco,7,3.337,260.286,False,technical,78,6245268,12,0.0,,
994,825,210,6,1,2018,6,2018-05-27,kevin_magnussen,MAG,Kevin,Magnussen,Danish,haas,Haas F1 Team,American,Circuit de Monaco,Monaco Grand Prix,Monte-Carlo,Monaco,7,3.337,260.286,False,technical,78,6249630,13,0.0,,
994,838,1,6,11,2018,6,2018-05-27,vandoorne,VAN,Stoffel,Vandoorne,Belgian,mclaren,McLaren,British,Circuit de Monaco,Monaco Grand Prix,Monte-Carlo,Monaco,7,3.337,260.286,False,technical,77,\N,14,0.0,,
994,154,210,6,11,2018,6,2018-05-27,grosjean,GRO,Romain,Grosjean,French,haas,Haas F1 Team,American,Circuit de Monaco,Monaco Grand Prix,Monte-Carlo,Monaco,7,3.337,260.286,False,technical,77,\N,15,0.0,,
994,845,3,6,11,2018,6,2018-05-27,sirotkin,SIR,Sergey,Sirotkin,Russian,williams,Williams,British,Circuit de Monaco,Monaco Grand Prix,Monte-Carlo,Monaco,7,3.337,260.286,False,technical,77,\N,16,0.0,,
994,840,3,6,12,2018,6,2018-05-27,stroll,STR,Lance,Stroll,Canadian,williams,Williams,British,Circuit de Monaco,Monaco Grand Prix,Monte-Carlo,Monaco,7,3.337,260.286,False,technical,76,\N,17,0.0,,
994,844,15,6,4,2018,6,2018-05-27,leclerc,LEC,Charles,Leclerc,Monegasque,sauber,Sauber,Swiss,Circuit de Monaco,Monaco Grand Prix,Monte-Carlo,Monaco,7,3.337,260.286,False,technical,70,\N,\N,0.0,,
994,843,5,6,4,2018,6,2018-05-27,brendon_hartley,HAR,Brendon,Hartley,New Zealander,toro_rosso,Toro Rosso,Italian,Circuit de Monaco,Monaco Grand Prix,Monte-Carlo,Monaco,7,3.337,260.286,False,technical,70,\N,\N,0.0,,
994,4,1,6,6,2018,6,2018-05-27,alonso,ALO,Fernando,Alonso,Spanish,mclaren,McLaren,British,Circuit de Monaco,Monaco Grand Prix,Monte-Carlo,Monaco,7,3.337,260.286,False,technical,52,\N,\N,0.0,,
995,20,6,7,1,2018,7,2018-06-10,vettel,VET,Sebastian,Vettel,German,ferrari,Ferrari,Italian,Circuit Gilles Villeneuve,Canadian Grand Prix,Montreal,Canada,13,4.361,296.548,False,balanced,68,5311377,1,25.0,,
995,822,131,7,1,2018,7,2018-06-10,bottas,BOT,Valtteri,Bottas,Finnish,mercedes,Mercedes,German,Circuit Gilles Villeneuve,Canadian Grand Prix,Montreal,Canada,13,4.361,296.548,False,balanced,68,5318753,2,18.0,,
995,830,9,7,1,2018,7,2018-06-10,max_verstappen,VER,Max,Verstappen,Dutch,red_bull,Red Bull,Austrian,Circuit Gilles Villeneuve,Canadian Grand Prix,Montreal,Canada,13,4.361,296.548,False,balanced,68,5319737,3,15.0,,
995,817,9,7,1,2018,7,2018-06-10,ricciardo,RIC,Daniel,Ricciardo,Australian,red_bull,Red Bull,Austrian,Circuit Gilles Villeneuve,Canadian Grand Prix,Montreal,Canada,13,4.361,296.548,False,balanced,68,5332269,4,12.0,,
995,1,131,7,1,2018,7,2018-06-10,hamilton,HAM,Lewis,Hamilton,British,mercedes,Mercedes,German,Circuit Gilles Villeneuve,Canadian Grand Prix,Montreal,Canada,13,4.361,296.548,False,balanced,68,5332936,5,10.0,,
995,8,6,7,1,2018,7,2018-06-10,raikkonen,RAI,Kimi,Räikkönen,Finnish,ferrari,Ferrari,Italian,Circuit Gilles Villeneuve,Canadian Grand Prix,Montreal,Canada,13,4.361,296.548,False,balanced,68,5338561,6,8.0,,
995,807,4,7,11,2018,7,2018-06-10,hulkenberg,HUL,Nico,Hülkenberg,German,renault,Renault,French,Circuit Gilles Villeneuve,Canadian Grand Prix,Montreal,Canada,13,4.361,296.548,False,balanced,67,\N,7,6.0,,
995,832,4,7,11,2018,7,2018-06-10,sainz,SAI,Carlos,Sainz,Spanish,renault,Renault,French,Circuit Gilles Villeneuve,Canadian Grand Prix,Montreal,Canada,13,4.361,296.548,False,balanced,67,\N,8,4.0,,
995,839,10,7,11,2018,7,2018-06-10,ocon,OCO,Esteban,Ocon,French,force_india,Force India,Indian,Circuit Gilles Villeneuve,Canadian Grand Prix,Montreal,Canada,13,4.361,296.548,False,balanced,67,\N,9,2.0,,
995,844,15,7,11,2018,7,2018-06-10,leclerc,LEC,Charles,Leclerc,Monegasque,sauber,Sauber,Swiss,Circuit Gilles Villeneuve,Canadian Grand Prix,Montreal,Canada,13,4.361,296.548,False,balanced,67,\N,10,1.0,,
995,842,5,7,11,2018,7,2018-06-10,gasly,GAS,Pierre,Gasly,French,toro_rosso,Toro Rosso,Italian,Circuit Gilles Villeneuve,Canadian Grand Prix,Montreal,Canada,13,4.361,296.548,False,balanced,67,\N,11,0.0,,
995,154,210,7,11,2018,7,2018-06-10,grosjean,GRO,Romain,Grosjean,French,haas,Haas F1 Team,American,Circuit Gilles Villeneuve,Canadian Grand Prix,Montreal,Canada,13,4.361,296.548,False,balanced,67,\N,12,0.0,,
995,825,210,7,11,2018,7,2018-06-10,kevin_magnussen,MAG,Kevin,Magnussen,Danish,haas,Haas F1 Team,American,Circuit Gilles Villeneuve,Canadian Grand Prix,Montreal,Canada,13,4.361,296.548,False,balanced,67,\N,13,0.0,,
995,815,10,7,11,2018,7,2018-06-10,perez,PER,Sergio,Pérez,Mexican,force_india,Force India,Indian,Circuit Gilles Villeneuve,Canadian Grand Prix,Montreal,Canada,13,4.361,296.548,False,balanced,67,\N,14,0.0,,
995,828,15,7,12,2018,7,2018-06-10,ericsson,ERI,Marcus,Ericsson,Swedish,sauber,Sauber,Swiss,Circuit Gilles Villeneuve,Canadian Grand Prix,Montreal,Canada,13,4.361,296.548,False,balanced,66,\N,15,0.0,,
995,838,1,7,12,2018,7,2018-06-10,vandoorne,VAN,Stoffel,Vandoorne,Belgian,mclaren,McLaren,British,Circuit Gilles Villeneuve,Canadian Grand Prix,Montreal,Canada,13,4.361,296.548,False,balanced,66,\N,16,0.0,,
995,845,3,7,12,2018,7,2018-06-10,sirotkin,SIR,Sergey,Sirotkin,Russian,williams,Williams,British,Circuit Gilles Villeneuve,Canadian Grand Prix,Montreal,Canada,13,4.361,296.548,False,balanced,66,\N,17,0.0,,
995,4,1,7,43,2018,7,2018-06-10,alonso,ALO,Fernando,Alonso,Spanish,mclaren,McLaren,British,Circuit Gilles Villeneuve,Canadian Grand Prix,Montreal,Canada,13,4.361,296.548,False,balanced,40,\N,\N,0.0,,
995,843,5,7,4,2018,7,2018-06-10,brendon_hartley,HAR,Brendon,Hartley,New Zealander,toro_rosso,Toro Rosso,Italian,Circuit Gilles Villeneuve,Canadian Grand Prix,Montreal,Canada,13,4.361,296.548,False,balanced,0,\N,\N,0.0,,
995,840,3,7,4,2018,7,2018-06-10,stroll,STR,Lance,Stroll,Canadian,williams,Williams,British,Circuit Gilles Villeneuve,Canadian Grand Prix,Montreal,Canada,13,4.361,296.548,False,balanced,0,\N,\N,0.0,,
996,1,131,34,1,2018,8,2018-06-24,hamilton,HAM,Lewis,Hamilton,British,mercedes,Mercedes,German,Circuit Paul Ricard,French Grand Prix,Le Castellet,France,432,5.842,309.626,False,balanced,53,5411385,1,25.0,,
996,830,9,34,1,2018,8,2018-06-24,max_verstappen,VER,Max,Verstappen,Dutch,red_bull,Red Bull,Austrian,Circuit Paul Ricard,French Grand Prix,Le Castellet,France,432,5.842,309.626,False,balanced,53,5418475,2,18.0,,
996,8,6,34,1,2018,8,2018-06-24,raikkonen,RAI,Kimi,Räikkönen,Finnish,ferrari,Ferrari,Italian,Circuit Paul Ricard,French Grand Prix,Le Castellet,France,432,5.842,309.626,False,balanced,53,5437273,3,15.0,,
996,817,9,34,1,2018,8,2018-06-24,ricciardo,RIC,Daniel,Ricciardo,Australian,red_bull,Red Bull,Austrian,Circuit Paul Ricard,French Grand Prix,Le Castellet,France,432,5.842,309.626,False,balanced,53,5446121,4,12.0,,
996,20,6,34,1,2018,8,2018-06-24,vettel,VET,Sebastian,Vettel,German,ferrari,Ferrari,Italian,Circuit Paul Ricard,French Grand Prix,Le Castellet,France,432,5.842,309.626,False,balanced,53,5473320,5,10.0,,
996,825,210,34,1,2018,8,2018-06-24,kevin_magnussen,MAG,Kevin,Magnussen,Danish,haas,Haas F1 Team,American,Circuit Paul Ricard,French Grand Prix,Le Castellet,France,432,5.842,309.626,False,balanced,53,5490749,6,8.0,,
996,822,131,34,1,2018,8,2018-06-24,bottas,BOT,Valtteri,Bottas,Finnish,mercedes,Mercedes,German,Circuit Paul Ricard,French Grand Prix,Le Castellet,France,432,5.842,309.626,False,balanced,53,5492017,7,6.0,,
996,832,4,34,1,2018,8,2018-06-24,sainz,SAI,Carlos,Sainz,Spanish,renault,Renault,French,Circuit Paul Ricard,French Grand Prix,Le Castellet,France,432,5.842,309.626,False,balanced,53,5498569,8,4.0,,
996,807,4,34,1,2018,8,2018-06-24,hulkenberg,HUL,Nico,Hülkenberg,German,renault,Renault,French,Circuit Paul Ricard,French Grand Prix,Le Castellet,France,432,5.842,309.626,False,balanced,53,5503374,9,2.0,,
996,844,15,34,1,2018,8,2018-06-24,leclerc,LEC,Charles,Leclerc,Monegasque,sauber,Sauber,Swiss,Circuit Paul Ricard,French Grand Prix,Le Castellet,France,432,5.842,309.626,False,balanced,53,5505258,10,1.0,,
996,154,210,34,11,2018,8,2018-06-24,grosjean,GRO,Romain,Grosjean,French,haas,Haas F1 Team,American,Circuit Paul Ricard,French Grand Prix,Le Castellet,France,432,5.842,309.626,False,balanced,52,\N,11,0.0,,
996,838,1,34,11,2018,8,2018-06-24,vandoorne,VAN,Stoffel,Vandoorne,Belgian,mclaren,McLaren,British,Circuit Paul Ricard,French Grand Prix,Le Castellet,France,432,5.842,309.626,False,balanced,52,\N,12,0.0,,
996,828,15,34,11,2018,8,2018-06-24,ericsson,ERI,Marcus,Ericsson,Swedish,sauber,Sauber,Swiss,Circuit Paul Ricard,French Grand Prix,Le Castellet,France,432,5.842,309.626,False,balanced,52,\N,13,0.0,,
996,843,5,34,11,2018,8,2018-06-24,brendon_hartley,HAR,Brendon,Hartley,New Zealander,toro_rosso,Toro Rosso,Italian,Circuit Paul Ricard,French Grand Prix,Le Castellet,France,432,5.842,309.626,False,balanced,52,\N,14,0.0,,
996,845,3,34,11,2018,8,2018-06-24,sirotkin,SIR,Sergey,Sirotkin,Russian,williams,Williams,British,Circuit Paul Ricard,French Grand Prix,Le Castellet,France,432,5.842,309.626,False,balanced,52,\N,15,0.0,,
996,4,1,34,36,2018,8,2018-06-24,alonso,ALO,Fernando,Alonso,Spanish,mclaren,McLaren,British,Circuit Paul Ricard,French Grand Prix,Le Castellet,France,432,5.842,309.626,False,balanced,50,\N,16,0.0,,
996,840,3,34,29,2018,8,2018-06-24,stroll,STR,Lance,Stroll,Canadian,williams,Williams,British,Circuit Paul Ricard,French Grand Prix,Le Castellet,France,432,5.842,309.626,False,balanced,48,\N,17,0.0,,
996,815,10,34,5,2018,8,2018-06-24,perez,PER,Sergio,Pérez,Mexican,force_india,Force India,Indian,Circuit Paul Ricard,French Grand Prix,Le Castellet,France,432,5.842,309.626,False,balanced,27,\N,\N,0.0,,
996,839,10,34,4,2018,8,2018-06-24,ocon,OCO,Esteban,Ocon,French,force_india,Force India,Indian,Circuit Paul Ricard,French Grand Prix,Le Castellet,France,432,5.842,309.626,False,balanced,0,\N,\N,0.0,,
996,842,5,34,4,2018,8,2018-06-24,gasly,GAS,Pierre,Gasly,French,toro_rosso,Toro Rosso,Italian,Circuit Paul Ricard,French Grand Prix,Le Castellet,France,432,5.842,309.626,False,balanced,0,\N,\N,0.0,,
997,830,9,70,1,2018,9,2018-07-01,max_verstappen,VER,Max,Verstappen,Dutch,red_bull,Red Bull,Austrian,Red Bull Ring,Austrian Grand Prix,Spielberg,Austria,678,4.326,307.146,False,high_speed,71,4916024,1,25.0,,
997,8,6,70,1,2018,9,2018-07-01,raikkonen,RAI,Kimi,Räikkönen,Finnish,ferrari,Ferrari,Italian,Red Bull Ring,Austrian Grand Prix,Spielberg,Austria,678,4.326,307.146,False,high_speed,71,4917528,2,18.0,,
997,20,6,70,1,2018,9,2018-07-01,vettel,VET,Sebastian,Vettel,German,ferrari,Ferrari,Italian,Red Bull Ring,Austrian Grand Prix,Spielberg,Austria,678,4.326,307.146,False,high_speed,71,4919205,3,15.0,,
997,154,210,70,11,2018,9,2018-07-01,grosjean,GRO,Romain,Grosjean,French,haas,Haas F1 Team,American,Red Bull Ring,Austrian Grand Prix,Spielberg,Austria,678,4.326,307.146,False,high_speed,70,\N,4,12.0,,
997,825,210,70,11,2018,9,2018-07-01,kevin_magnussen,MAG,Kevin,Magnussen,Danish,haas,Haas F1 Team,American,Red Bull Ring,Austrian Grand Prix,Spielberg,Austria,678,4.326,307.146,False,high_speed,70,\N,5,10.0,,
997,839,10,70,11,2018,9,2018-07-01,ocon,OCO,Esteban,Ocon,French,force_india,Force India,Indian,Red Bull Ring,Austrian Grand Prix,Spielberg,Austria,678,4.326,307.146,False,high_speed,70,\N,6,8.0,,
997,815,10,70,11,2018,9,2018-07-01,perez,PER,Sergio,Pérez,Mexican,force_india,Force India,Indian,Red Bull Ring,Austrian Grand Prix,Spielberg,Austria,678,4.326,307.146,False,high_speed,70,\N,7,6.0,,
997,4,1,70,11,2018,9,2018-07-01,alonso,ALO,Fernando,Alonso,Spanish,mclaren,McLaren,British,Red Bull Ring,Austrian Grand Prix,Spielberg,Austria,678,4.326,307.146,False,high_speed,70,\N,8,4.0,,
997,844,15,70,11,2018,9,2018-07-01,leclerc,LEC,Charles,Leclerc,Monegasque,sauber,Sauber,Swiss,Red Bull Ring,Austrian Grand Prix,Spielberg,Austria,678,4.326,307.146,False,high_speed,70,\N,9,2.0,,
997,828,15,70,11,2018,9,2018-07-01,ericsson,ERI,Marcus,Ericsson,Swedish,sauber,Sauber,Swiss,Red Bull Ring,Austrian Grand Prix,Spielberg,Austria,678,4.326,307.146,False,high_speed,70,\N,10,1.0,,
997,842,5,70,11,2018,9,2018-07-01,gasly,GAS,Pierre,Gasly,French,toro_rosso,Toro Rosso,Italian,Red Bull Ring,Austrian Grand Prix,Spielberg,Austria,678,4.326,307.146,False,high_speed,70,\N,11,0.0,,
997,832,4,70,11,2018,9,2018-07-01,sainz,SAI,Carlos,Sainz,Spanish,renault,Renault,French,Red Bull Ring,Austrian Grand Prix,Spielberg,Austria,678,4.326,307.146,False,high_speed,70,\N,12,0.0,,
997,845,3,70,12,2018,9,2018-07-01,sirotkin,SIR,Sergey,Sirotkin,Russian,williams,Williams,British,Red Bull Ring,Austrian Grand Prix,Spielberg,Austria,678,4.326,307.146,False,high_speed,69,\N,13,0.0,,
997,840,3,70,12,2018,9,2018-07-01,stroll,STR,Lance,Stroll,Canadian,williams,Williams,British,Red Bull Ring,Austrian Grand Prix,Spielberg,Austria,678,4.326,307.146,False,high_speed,69,\N,14,0.0,,
997,838,1,70,130,2018,9,2018-07-01,vandoorne,VAN,Stoffel,Vandoorne,Belgian,mclaren,McLaren,British,Red Bull Ring,Austrian Grand Prix,Spielberg,Austria,678,4.326,307.146,False,high_speed,65,\N,15,0.0,,
997,1,131,70,32,2018,9,2018-07-01,hamilton,HAM,Lewis,Hamilton,British,mercedes,Mercedes,German,Red Bull Ring,Austrian Grand Prix,Spielberg,Austria,678,4.326,307.146,False,high_speed,62,\N,\N,0.0,,
997,843,5,70,9,2018,9,2018-07-01,brendon_hartley,HAR,Brendon,Hartley,New Zealander,toro_rosso,Toro Rosso,Italian,Red Bull Ring,Austrian Grand Prix,Spielberg,Austria,678,4.326,307.146,False,high_speed,54,\N,\N,0.0,,
997,817,9,70,43,2018,9,2018-07-01,ricciardo,RIC,Daniel,Ricciardo,Australian,red_bull,Red Bull,Austrian,Red Bull Ring,Austrian Grand Prix,Spielberg,Austria,678,4.326,307.146,False,high_speed,53,\N,\N,0.0,,
997,822,131,70,9,2018,9,2018-07-01,bottas,BOT,Valtteri,Bottas,Finnish,mercedes,Mercedes,German,Red Bull Ring,Austrian Grand Prix,Spielberg,Austria,678,4.326,307.146,False,high_speed,13,\N,\N,0.0,,
997,807,4,70,5,2018,9,2018-07-01,hulkenberg,HUL,Nico,Hülkenberg,German,renault,Renault,French,Red Bull Ring,Austrian Grand Prix,Spielberg,Austria,678,4.326,307.146,False,high_speed,11,\N,\N,0.0,,
998,20,6,9,1,2018,10,2018-07-08,vettel,VET,Sebastian,Vettel,German,ferrari,Ferrari,Italian,Silverstone Circuit,British Grand Prix,Silverstone,UK,153,5.891,306.332,False,high_speed,52,5249784,1,25.0,,
998,1,131,9,1,2018,10,2018-07-08,hamilton,HAM,Lewis,Hamilton,British,mercedes,Mercedes,German,Silverstone Circuit,British Grand Prix,Silverstone,UK,153,5.891,306.332,False,high_speed,52,5252048,2,18.0,,
998,8,6,9,1,2018,10,2018-07-08,raikkonen,RAI,Kimi,Räikkönen,Finnish,ferrari,Ferrari,Italian,Silverstone Circuit,British Grand Prix,Silverstone,UK,153,5.891,306.332,False,high_speed,52,5253436,3,15.0,,
998,822,131,9,1,2018,10,2018-07-08,bottas,BOT,Valtteri,Bottas,Finnish,mercedes,Mercedes,German,Silverstone Circuit,British Grand Prix,Silverstone,UK,153,5.891,306.332,False,high_speed,52,5258667,4,12.0,,
998,817,9,9,1,2018,10,2018-07-08,ricciardo,RIC,Daniel,Ricciardo,Australian,red_bull,Red Bull,Austrian,Silverstone Circuit,British Grand Prix,Silverstone,UK,153,5.891,306.332,False,high_speed,52,5259284,5,10.0,,
998,807,4,9,1,2018,10,2018-07-08,hulkenberg,HUL,Nico,Hülkenberg,German,renault,Renault,French,Silverstone Circuit,British Grand Prix,Silverstone,UK,153,5.891,306.332,False,high_speed,52,5278004,6,8.0,,
998,839,10,9,1,2018,10,2018-07-08,ocon,OCO,Esteban,Ocon,French,force_india,Force India,Indian,Silverstone Circuit,British Grand Prix,Silverstone,UK,153,5.891,306.332,False,high_speed,52,5279714,7,6.0,,
998,4,1,9,1,2018,10,2018-07-08,alonso,ALO,Fernando,Alonso,Spanish,mclaren,McLaren,British,Silverstone Circuit,British Grand Prix,Silverstone,UK,153,5.891,306.332,False,high_speed,52,5280899,8,4.0,,
998,825,210,9,1,2018,10,2018-07-08,kevin_magnussen,MAG,Kevin,Magnussen,Danish,haas,Haas F1 Team,American,Silverstone Circuit,British Grand Prix,Silverstone,UK,153,5.891,306.332,False,high_speed,52,5282972,9,2.0,,
998,815,10,9,1,2018,10,2018-07-08,perez,PER,Sergio,Pérez,Mexican,force_india,Force India,Indian,Silverstone Circuit,British Grand Prix,Silverstone,UK,153,5.891,306.332,False,high_speed,52,5284492,10,1.0,,
998,838,1,9,1,2018,10,2018-07-08,vandoorne,VAN,Stoffel,Vandoorne,Belgian,mclaren,McLaren,British,Silverstone Circuit,British Grand Prix,Silverstone,UK,153,5.891,306.332,False,high_speed,52,5285558,11,0.0,,
998,840,3,9,1,2018,10,2018-07-08,stroll,STR,Lance,Stroll,Canadian,williams,Williams,British,Silverstone Circuit,British Grand Prix,Silverstone,UK,153,5.891,306.332,False,high_speed,52,5287890,12,0.0,,
998,842,5,9,1,2018,10,2018-07-08,gasly,GAS,Pierre,Gasly,French,toro_rosso,Toro Rosso,Italian,Silverstone Circuit,British Grand Prix,Silverstone,UK,153,5.891,306.332,False,high_speed,52,5288913,13,0.0,,
998,845,3,9,1,2018,10,2018-07-08,sirotkin,SIR,Sergey,Sirotkin,Russian,williams,Williams,British,Silverstone Circuit,British Grand Prix,Silverstone,UK,153,5.891,306.332,False,high_speed,52,5297897,14,0.0,,
998,843,5,9,131,2018,10,2018-07-08,brendon_hartley,HAR,Brendon,Hartley,New Zealander,toro_rosso,Toro Rosso,Italian,Silverstone Circuit,British Grand Prix,Silverstone,UK,153,5.891,306.332,False,high_speed,1,\N,\N,0.0,,
998,830,9,9,23,2018,10,2018-07-08,max_verstappen,VER,Max,Verstappen,Dutch,red_bull,Red Bull,Austrian,Silverstone Circuit,British Grand Prix,Silverstone,UK,153,5.891,306.332,False,high_speed,46,\N,\N,0.0,,
998,154,210,9,4,2018,10,2018-07-08,grosjean,GRO,Romain,Grosjean,French,haas,Haas F1 Team,American,Silverstone Circuit,British Grand Prix,Silverstone,UK,153,5.891,306.332,False,high_speed,37,\N,\N,0.0,,
998,832,4,9,4,2018,10,2018-07-08,sainz,SAI,Carlos,Sainz,Spanish,renault,Renault,French,Silverstone Circuit,British Grand Prix,Silverstone,UK,153,5.891,306.332,False,high_speed,37,\N,\N,0.0,,
998,828,15,9,3,2018,10,2018-07-08,ericsson,ERI,Marcus,Ericsson,Swedish,sauber,Sauber,Swiss,Silverstone Circuit,British Grand Prix,Silverstone,UK,153,5.891,306.332,False,high_speed,31,\N,\N,0.0,,
998,844,15,9,27,2018,10,2018-07-08,leclerc,LEC,Charles,Leclerc,Monegasque,sauber,Sauber,Swiss,Silverstone Circuit,British Grand Prix,Silverstone,UK,153,5.891,306.332,False,high_speed,18,\N,\N,0.0,,
999,1,131,10,1,2018,11,2018-07-22,hamilton,HAM,Lewis,Hamilton,British,mercedes,Mercedes,German,Hockenheimring,German Grand Prix,Hockenheim,Germany,103,4.574,306.458,False,balanced,67,5549845,1,25.0,,
999,822,131,10,1,2018,11,2018-07-22,bottas,BOT,Valtteri,Bottas,Finnish,mercedes,Mercedes,German,Hockenheimring,German Grand Prix,Hockenheim,Germany,103,4.574,306.458,False,balanced,67,5554380,2,18.0,,
999,8,6,10,1,2018,11,2018-07-22,raikkonen,RAI,Kimi,Räikkönen,Finnish,ferrari,Ferrari,Italian,Hockenheimring,German Grand Prix,Hockenheim,Germany,103,4.574,306.458,False,balanced,67,5556577,3,15.0,,
999,830,9,10,1,2018,11,2018-07-22,max_verstappen,VER,Max,Verstappen,Dutch,red_bull,Red Bull,Austrian,Hockenheimring,German Grand Prix,Hockenheim,Germany,103,4.574,306.458,False,balanced,67,5557499,4,12.0,,
999,807,4,10,1,2018,11,2018-07-22,hulkenberg,HUL,Nico,Hülkenberg,German,renault,Renault,French,Hockenheimring,German Grand Prix,Hockenheim,Germany,103,4.574,306.458,False,balanced,67,5576454,5,10.0,,
999,154,210,10,1,2018,11,2018-07-22,grosjean,GRO,Romain,Grosjean,French,haas,Haas F1 Team,American,Hockenheimring,German Grand Prix,Hockenheim,Germany,103,4.574,306.458,False,balanced,67,5578716,6,8.0,,
999,815,10,10,1,2018,11,2018-07-22,perez,PER,Sergio,Pérez,Mexican,force_india,Force India,Indian,Hockenheimring,German Grand Prix,Hockenheim,Germany,103,4.574,306.458,False,balanced,67,5580401,7,6.0,,
999,839,10,10,1,2018,11,2018-07-22,ocon,OCO,Esteban,Ocon,French,force_india,Force India,Indian,Hockenheimring,German Grand Prix,Hockenheim,Germany,103,4.574,306.458,False,balanced,67,5581595,8,4.0,,
999,828,15,10,1,2018,11,2018-07-22,ericsson,ERI,Marcus,Ericsson,Swedish,sauber,Sauber,Swiss,Hockenheimring,German Grand Prix,Hockenheim,Germany,103,4.574,306.458,False,balanced,67,5582207,9,2.0,,
999,843,5,10,1,2018,11,2018-07-22,brendon_hartley,HAR,Brendon,Hartley,New Zealander,toro_rosso,Toro Rosso,Italian,Hockenheimring,German Grand Prix,Hockenheim,Germany,103,4.574,306.458,False,balanced,67,5584042,10,1.0,,
999,825,210,10,1,2018,11,2018-07-22,kevin_magnussen,MAG,Kevin,Magnussen,Danish,haas,Haas F1 Team,American,Hockenheimring,German Grand Prix,Hockenheim,Germany,103,4.574,306.458,False,balanced,67,5584764,11,0.0,,
999,832,4,10,1,2018,11,2018-07-22,sainz,SAI,Carlos,Sainz,Spanish,renault,Renault,French,Hockenheimring,German Grand Prix,Hockenheim,Germany,103,4.574,306.458,False,balanced,67,5592914,12,0.0,,
999,838,1,10,1,2018,11,2018-07-22,vandoorne,VAN,Stoffel,Vandoorne,Belgian,mclaren,McLaren,British,Hockenheimring,German Grand Prix,Hockenheim,Germany,103,4.574,306.458,False,balanced,67,5596462,13,0.0,,
999,842,5,10,11,2018,11,2018-07-22,gasly,GAS,Pierre,Gasly,French,toro_rosso,Toro Rosso,Italian,Hockenheimring,German Grand Prix,Hockenheim,Germany,103,4.574,306.458,False,balanced,66,\N,14,0.0,,
999,844,15,10,11,2018,11,2018-07-22,leclerc,LEC,Charles,Leclerc,Monegasque,sauber,Sauber,Swiss,Hockenheimring,German Grand Prix,Hockenheim,Germany,103,4.574,306.458,False,balanced,66,\N,15,0.0,,
999,4,1,10,31,2018,11,2018-07-22,alonso,ALO,Fernando,Alonso,Spanish,mclaren,McLaren,British,Hockenheimring,German Grand Prix,Hockenheim,Germany,103,4.574,306.458,False,balanced,65,\N,16,0.0,,
999,840,3,10,5,2018,11,2018-07-22,stroll,STR,Lance,Stroll,Canadian,williams,Williams,British,Hockenheimring,German Grand Prix,Hockenheim,Germany,103,4.574,306.458,False,balanced,53,\N,\N,0.0,,
999,20,6,10,3,2018,11,2018-07-22,vettel,VET,Sebastian,Vettel,German,ferrari,Ferrari,Italian,Hockenheimring,German Grand Prix,Hockenheim,Germany,103,4.574,306.458,False,balanced,51,\N,\N,0.0,,
999,845,3,10,5,2018,11,2018-07-22,sirotkin,SIR,Sergey,Sirotkin,Russian,williams,Williams,British,Hockenheimring,German Grand Prix,Hockenheim,Germany,103,4.574,306.458,False,balanced,51,\N,\N,0.0,,
999,817,9,10,5,2018,11,2018-07-22,ricciardo,RIC,Daniel,Ricciardo,Australian,red_bull,Red Bull,Austrian,Hockenheimring,German Grand Prix,Hockenheim,Germany,103,4.574,306.458,False,balanced,27,\N,\N,0.0,,
1000,1,131,11,1,2018,12,2018-07-29,hamilton,HAM,Lewis,Hamilton,British,mercedes,Mercedes,German,Hungaroring,Hungarian Grand Prix,Budapest,Hungary,264,4.381,306.67,False,technical,70,5836427,1,25.0,,
1000,20,6,11,1,2018,12,2018-07-29,vettel,VET,Sebastian,Vettel,German,ferrari,Ferrari,Italian,Hungaroring,Hungarian Grand Prix,Budapest,Hungary,264,4.381,306.67,False,technical,70,5853550,2,18.0,,
1000,8,6,11,1,2018,12,2018-07-29,raikkonen,RAI,Kimi,Räikkönen,Finnish,ferrari,Ferrari,Italian,Hungaroring,Hungarian Grand Prix,Budapest,Hungary,264,4.381,306.67,False,technical,70,5856528,3,15.0,,
1000,817,9,11,1,2018,12,2018-07-29,ricciardo,RIC,Daniel,Ricciardo,Australian,red_bull,Red Bull,Austrian,Hungaroring,Hungarian Grand Prix,Budapest,Hungary,264,4.381,306.67,False,technical,70,5882846,4,12.0,,
1000,822,131,11,1,2018,12,2018-07-29,bottas,BOT,Valtteri,Bottas,Finnish,mercedes,Mercedes,German,Hungaroring,Hungarian Grand Prix,Budapest,Hungary,264,4.381,306.67,False,technical,70,5896427,5,10.0,,
1000,842,5,11,1,2018,12,2018-07-29,gasly,GAS,Pierre,Gasly,French,toro_rosso,Toro Rosso,Italian,Hungaroring,Hungarian Grand Prix,Budapest,Hungary,264,4.381,306.67,False,technical,70,5909700,6,8.0,,
1000,825,210,11,11,2018,12,2018-07-29,kevin_magnussen,MAG,Kevin,Magnussen,Danish,haas,Haas F1 Team,American,Hungaroring,Hungarian Grand Prix,Budapest,Hungary,264,4.381,306.67,False,technical,69,\N,7,6.0,,
1000,4,1,11,11,2018,12,2018-07-29,alonso,ALO,Fernando,Alonso,Spanish,mclaren,McLaren,British,Hungaroring,Hungarian Grand Prix,Budapest,Hungary,264,4.381,306.67,False,technical,69,\N,8,4.0,,
1000,832,4,11,11,2018,12,2018-07-29,sainz,SAI,Carlos,Sainz,Spanish,renault,Renault,French,Hungaroring,Hungarian Grand Prix,Budapest,Hungary,264,4.381,306.67,False,technical,69,\N,9,2.0,,
1000,154,210,11,11,2018,12,2018-07-29,grosjean,GRO,Romain,Grosjean,French,haas,Haas F1 Team,American,Hungaroring,Hungarian Grand Prix,Budapest,Hungary,264,4.381,306.67,False,technical,69,\N,10,1.0,,
1000,843,5,11,11,2018,12,2018-07-29,brendon_hartley,HAR,Brendon,Hartley,New Zealander,toro_rosso,Toro Rosso,Italian,Hungaroring,Hungarian Grand Prix,Budapest,Hungary,264,4.381,306.67,False,technical,69,\N,11,0.0,,
1000,807,4,11,11,2018,12,2018-07-29,hulkenberg,HUL,Nico,Hülkenberg,German,renault,Renault,French,Hungaroring,Hungarian Grand Prix,Budapest,Hungary,264,4.381,306.67,False,technical,69,\N,12,0.0,,
1000,839,10,11,11,2018,12,2018-07-29,ocon,OCO,Esteban,Ocon,French,force_india,Force India,Indian,Hungaroring,Hungarian Grand Prix,Budapest,Hungary,264,4.381,306.67,False,technical,69,\N,13,0.0,,
1000,815,10,11,11,2018,12,2018-07-29,perez,PER,Sergio,Pérez,Mexican,force_india,Force India,Indian,Hungaroring,Hungarian Grand Prix,Budapest,Hungary,264,4.381,306.67,False,technical,69,\N,14,0.0,,
1000,828,15,11,12,2018,12,2018-07-29,ericsson,ERI,Marcus,Ericsson,Swedish,sauber,Sauber,Swiss,Hungaroring,Hungarian Grand Prix,Budapest,Hungary,264,4.381,306.67,False,technical,68,\N,15,0.0,,
1000,845,3,11,12,2018,12,2018-07-29,sirotkin,SIR,Sergey,Sirotkin,Russian,williams,Williams,British,Hungaroring,Hungarian Grand Prix,Budapest,Hungary,264,4.381,306.67,False,technical,68,\N,16,0.0,,
1000,840,3,11,12,2018,12,2018-07-29,stroll,STR,Lance,Stroll,Canadian,williams,Williams,British,Hungaroring,Hungarian Grand Prix,Budapest,Hungary,264,4.381,306.67,False,technical,68,\N,17,0.0,,
1000,838,1,11,6,2018,12,2018-07-29,vandoorne,VAN,Stoffel,Vandoorne,Belgian,mclaren,McLaren,British,Hungaroring,Hungarian Grand Prix,Budapest,Hungary,264,4.381,306.67,False,technical,49,\N,\N,0.0,,
1000,830,9,11,75,2018,12,2018-07-29,max_verstappen,VER,Max,Verstappen,Dutch,red_bull,Red Bull,Austrian,Hungaroring,Hungarian Grand Prix,Budapest,Hungary,264,4.381,306.67,False,technical,5,\N,\N,0.0,,
1000,844,15,11,22,2018,12,2018-07-29,leclerc,LEC,Charles,Leclerc,Monegasque,sauber,Sauber,Swiss,Hungaroring,Hungarian Grand Prix,Budapest,Hungary,264,4.381,306.67,False,technical,0,\N,\N,0.0,,
1001,20,6,13,1,2018,13,2018-08-26,vettel,VET,Sebastian,Vettel,German,ferrari,Ferrari,Italian,Circuit de Spa-Francorchamps,Belgian Grand Prix,Spa,Belgium,401,7.004,308.176,False,high_speed,44,5014476,1,25.0,,
1001,1,131,13,1,2018,13,2018-08-26,hamilton,HAM,Lewis,Hamilton,British,mercedes,Mercedes,German,Circuit de Spa-Francorchamps,Belgian Grand Prix,Spa,Belgium,401,7.004,308.176,False,high_speed,44,5025537,2,18.0,,
1001,830,9,13,1,2018,13,2018-08-26,max_verstappen,VER,Max,Verstappen,Dutch,red_bull,Red Bull,Austrian,Circuit de Spa-Francorchamps,Belgian Grand Prix,Spa,Belgium,401,7.004,308.176,False,high_speed,44,5045848,3,15.0,,
1001,822,131,13,1,2018,13,2018-08-26,bottas,BOT,Valtteri,Bottas,Finnish,mercedes,Mercedes,German,Circuit de Spa-Francorchamps,Belgian Grand Prix,Spa,Belgium,401,7.004,308.176,False,high_speed,44,5083081,4,12.0,,
1001,815,10,13,1,2018,13,2018-08-26,perez,PER,Sergio,Pérez,Mexican,force_india,Force India,Indian,Circuit de Spa-Francorchamps,Belgian Grand Prix,Spa,Belgium,401,7.004,308.176,False,high_speed,44,5085499,5,10.0,,
1001,839,10,13,1,2018,13,2018-08-26,ocon,OCO,Esteban,Ocon,French,force_india,Force India,Indian,Circuit de Spa-Francorchamps,Belgian Grand Prix,Spa,Belgium,401,7.004,308.176,False,high_speed,44,5093996,6,8.0,,
1001,154,210,13,1,2018,13,2018-08-26,grosjean,GRO,Romain,Grosjean,French,haas,Haas F1 Team,American,Circuit de Spa-Francorchamps,Belgian Grand Prix,Spa,Belgium,401,7.004,308.176,False,high_speed,44,5100429,7,6.0,,
1001,825,210,13,1,2018,13,2018-08-26,kevin_magnussen,MAG,Kevin,Magnussen,Danish,haas,Haas F1 Team,American,Circuit de Spa-Francorchamps,Belgian Grand Prix,Spa,Belgium,401,7.004,308.176,False,high_speed,44,5102115,8,4.0,,
1001,842,5,13,1,2018,13,2018-08-26,gasly,GAS,Pierre,Gasly,French,toro_rosso,Toro Rosso,Italian,Circuit de Spa-Francorchamps,Belgian Grand Prix,Spa,Belgium,401,7.004,308.176,False,high_speed,44,5120368,9,2.0,,
1001,828,15,13,11,2018,13,2018-08-26,ericsson,ERI,Marcus,Ericsson,Swedish,sauber,Sauber,Swiss,Circuit de Spa-Francorchamps,Belgian Grand Prix,Spa,Belgium,401,7.004,308.176,False,high_speed,43,\N,10,1.0,,
1001,832,4,13,11,2018,13,2018-08-26,sainz,SAI,Carlos,Sainz,Spanish,renault,Renault,French,Circuit de Spa-Francorchamps,Belgian Grand Prix,Spa,Belgium,401,7.004,308.176,False,high_speed,43,\N,11,0.0,,
1001,845,3,13,11,2018,13,2018-08-26,sirotkin,SIR,Sergey,Sirotkin,Russian,williams,Williams,British,Circuit de Spa-Francorchamps,Belgian Grand Prix,Spa,Belgium,401,7.004,308.176,False,high_speed,43,\N,12,0.0,,
1001,840,3,13,11,2018,13,2018-08-26,stroll,STR,Lance,Stroll,Canadian,williams,Williams,British,Circuit de Spa-Francorchamps,Belgian Grand Prix,Spa,Belgium,401,7.004,308.176,False,high_speed,43,\N,13,0.0,,
1001,843,5,13,11,2018,13,2018-08-26,brendon_hartley,HAR,Brendon,Hartley,New Zealander,toro_rosso,Toro Rosso,Italian,Circuit de Spa-Francorchamps,Belgian Grand Prix,Spa,Belgium,401,7.004,308.176,False,high_speed,43,\N,14,0.0,,
1001,838,1,13,11,2018,13,2018-08-26,vandoorne,VAN,Stoffel,Vandoorne,Belgian,mclaren,McLaren,British,Circuit de Spa-Francorchamps,Belgian Grand Prix,Spa,Belgium,401,7.004,308.176,False,high_speed,43,\N,15,0.0,,
1001,817,9,13,31,2018,13,2018-08-26,ricciardo,RIC,Daniel,Ricciardo,Australian,red_bull,Red Bull,Austrian,Circuit de Spa-Francorchamps,Belgian Grand Prix,Spa,Belgium,401,7.004,308.176,False,high_speed,28,\N,\N,0.0,,
1001,8,6,13,23,2018,13,2018-08-26,raikkonen,RAI,Kimi,Räikkönen,Finnish,ferrari,Ferrari,Italian,Circuit de Spa-Francorchamps,Belgian Grand Prix,Spa,Belgium,401,7.004,308.176,False,high_speed,8,\N,\N,0.0,,
1001,844,15,13,3,2018,13,2018-08-26,leclerc,LEC,Charles,Leclerc,Monegasque,sauber,Sauber,Swiss,Circuit de Spa-Francorchamps,Belgian Grand Prix,Spa,Belgium,401,7.004,308.176,False,high_speed,0,\N,\N,0.0,,
1001,4,1,13,3,2018,13,2018-08-26,alonso,ALO,Fernando,Alonso,Spanish,mclaren,McLaren,British,Circuit de Spa-Francorchamps,Belgian Grand Prix,Spa,Belgium,401,7.004,308.176,False,high_speed,0,\N,\N,0.0,,
1001,807,4,13,3,2018,13,2018-08-26,hulkenberg,HUL,Nico,Hülkenberg,German,renault,Renault,French,Circuit de Spa-Francorchamps,Belgian Grand Prix,Spa,Belgium,401,7.004,308.176,False,high_speed,0,\N,\N,0.0,,
1002,1,131,14,1,2018,14,2018-09-02,hamilton,HAM,Lewis,Hamilton,British,mercedes,Mercedes,German,Autodromo Nazionale di Monza,Italian Grand Prix,Monza,Italy,162,5.793,307.029,False,high_speed,53,4614484,1,25.0,,
1002,8,6,14,1,2018,14,2018-09-02,raikkonen,RAI,Kimi,Räikkönen,Finnish,ferrari,Ferrari,Italian,Autodromo Nazionale di Monza,Italian Grand Prix,Monza,Italy,162,5.793,307.029,False,high_speed,53,4623189,2,18.0,,
1002,822,131,14,1,2018,14,2018-09-02,bottas,BOT,Valtteri,Bottas,Finnish,mercedes,Mercedes,German,Autodromo Nazionale di Monza,Italian Grand Prix,Monza,Italy,162,5.793,307.029,False,high_speed,53,4628550,3,15.0,,
1002,20,6,14,1,2018,14,2018-09-02,vettel,VET,Sebastian,Vettel,German,ferrari,Ferrari,Italian,Autodromo Nazionale di Monza,Italian Grand Prix,Monza,Italy,162,5.793,307.029,False,high_speed,53,4630635,4,12.0,,
1002,830,9,14,1,2018,14,2018-09-02,max_verstappen,VER,Max,Verstappen,Dutch,red_bull,Red Bull,Austrian,Autodromo Nazionale di Monza,Italian Grand Prix,Monza,Italy,162,5.793,307.029,False,high_speed,53,4632692,5,10.0,,
1002,839,10,14,1,2018,14,2018-09-02,ocon,OCO,Esteban,Ocon,French,force_india,Force India,Indian,Autodromo Nazionale di Monza,Italian Grand Prix,Monza,Italy,162,5.793,307.029,False,high_speed,53,4672245,6,8.0,,
1002,815,10,14,1,2018,14,2018-09-02,perez,PER,Sergio,Pérez,Mexican,force_india,Force India,Indian,Autodromo Nazionale di Monza,Italian Grand Prix,Monza,Italy,162,5.793,307.029,False,high_speed,53,4673162,7,6.0,,
1002,832,4,14,1,2018,14,2018-09-02,sainz,SAI,Carlos,Sainz,Spanish,renault,Renault,French,Autodromo Nazionale di Monza,Italian Grand Prix,Monza,Italy,162,5.793,307.029,False,high_speed,53,4692624,8,4.0,,
1002,840,3,14,11,2018,14,2018-09-02,stroll,STR,Lance,Stroll,Canadian,williams,Williams,British,Autodromo Nazionale di Monza,Italian Grand Prix,Monza,Italy,162,5.793,307.029,False,high_speed,52,\N,9,2.0,,
1002,845,3,14,11,2018,14,2018-09-02,sirotkin,SIR,Sergey,Sirotkin,Russian,williams,Williams,British,Autodromo Nazionale di Monza,Italian Grand Prix,Monza,Italy,162,5.793,307.029,False,high_speed,52,\N,10,1.0,,
1002,844,15,14,11,2018,14,2018-09-02,leclerc,LEC,Charles,Leclerc,Monegasque,sauber,Sauber,Swiss,Autodromo Nazionale di Monza,Italian Grand Prix,Monza,Italy,162,5.793,307.029,False,high_speed,52,\N,11,0.0,,
1002,838,1,14,11,2018,14,2018-09-02,vandoorne,VAN,Stoffel,Vandoorne,Belgian,mclaren,McLaren,British,Autodromo Nazionale di Monza,Italian Grand Prix,Monza,Italy,162,5.793,307.029,False,high_speed,52,\N,12,0.0,,
1002,807,4,14,11,2018,14,2018-09-02,hulkenberg,HUL,Nico,Hülkenberg,German,renault,Renault,French,Autodromo Nazionale di Monza,Italian Grand Prix,Monza,Italy,162,5.793,307.029,False,high_speed,52,\N,13,0.0,,
1002,842,5,14,11,2018,14,2018-09-02,gasly,GAS,Pierre,Gasly,French,toro_rosso,Toro Rosso,Italian,Autodromo Nazionale di Monza,Italian Grand Prix,Monza,Italy,162,5.793,307.029,False,high_speed,52,\N,14,0.0,,
1002,828,15,14,11,2018,14,2018-09-02,ericsson,ERI,Marcus,Ericsson,Swedish,sauber,Sauber,Swiss,Autodromo Nazionale di Monza,Italian Grand Prix,Monza,Italy,162,5.793,307.029,False,high_speed,52,\N,15,0.0,,
1002,825,210,14,11,2018,14,2018-09-02,kevin_magnussen,MAG,Kevin,Magnussen,Danish,haas,Haas F1 Team,American,Autodromo Nazionale di Monza,Italian Grand Prix,Monza,Italy,162,5.793,307.029,False,high_speed,52,\N,16,0.0,,
1002,817,9,14,5,2018,14,2018-09-02,ricciardo,RIC,Daniel,Ricciardo,Australian,red_bull,Red Bull,Austrian,Autodromo Nazionale di Monza,Italian Grand Prix,Monza,Italy,162,5.793,307.029,False,high_speed,23,\N,\N,0.0,,
1002,4,1,14,5,2018,14,2018-09-02,alonso,ALO,Fernando,Alonso,Spanish,mclaren,McLaren,British,Autodromo Nazionale di Monza,Italian Grand Prix,Monza,Italy,162,5.793,307.029,False,high_speed,9,\N,\N,0.0,,
1002,843,5,14,23,2018,14,2018-09-02,brendon_hartley,HAR,Brendon,Hartley,New Zealander,toro_rosso,Toro Rosso,Italian,Autodromo Nazionale di Monza,Italian Grand Prix,Monza,Italy,162,5.793,307.029,False,high_speed,0,\N,\N,0.0,,
1002,154,210,14,2,2018,14,2018-09-02,grosjean,GRO,Romain,Grosjean,French,haas,Haas F1 Team,American,Autodromo Nazionale di Monza,Italian Grand Prix,Monza,Italy,162,5.793,307.029,False,high_speed,53,4670804,\N,0.0,,
1003,1,131,15,1,2018,15,2018-09-16,hamilton,HAM,Lewis,Hamilton,British,mercedes,Mercedes,German,Marina Bay Street Circuit,Singapore Grand Prix,Marina Bay,Singapore,18,4.927,300.547,True,technical,61,6671611,1,25.0,,
1003,830,9,15,1,2018,15,2018-09-16,max_verstappen,VER,Max,Verstappen,Dutch,red_bull,Red Bull,Austrian,Marina Bay Street Circuit,Singapore Grand Prix,Marina Bay,Singapore,18,4.927,300.547,True,technical,61,6680572,2,18.0,,
1003,20,6,15,1,2018,15,2018-09-16,vettel,VET,Sebastian,Vettel,German,ferrari,Ferrari,Italian,Marina Bay Street Circuit,Singapore Grand Prix,Marina Bay,Singapore,18,4.927,300.547,True,technical,61,6711556,3,15.0,,
1003,822,131,15,1,2018,15,2018-09-16,bottas,BOT,Valtteri,Bottas,Finnish,mercedes,Mercedes,German,Marina Bay Street Circuit,Singapore Grand Prix,Marina Bay,Singapore,18,4.927,300.547,True,technical,61,6723541,4,12.0,,
1003,8,6,15,1,2018,15,2018-09-16,raikkonen,RAI,Kimi,Räikkönen,Finnish,ferrari,Ferrari,Italian,Marina Bay Street Circuit,Singapore Grand Prix,Marina Bay,Singapore,18,4.927,300.547,True,technical,61,6724612,5,10.0,,
1003,817,9,15,1,2018,15,2018-09-16,ricciardo,RIC,Daniel,Ricciardo,Australian,red_bull,Red Bull,Austrian,Marina Bay Street Circuit,Singapore Grand Prix,Marina Bay,Singapore,18,4.927,300.547,True,technical,61,6725593,6,8.0,,
1003,4,1,15,1,2018,15,2018-09-16,alonso,ALO,Fernando,Alonso,Spanish,mclaren,McLaren,British,Marina Bay Street Circuit,Singapore Grand Prix,Marina Bay,Singapore,18,4.927,300.547,True,technical,61,6774622,7,6.0,,
1003,832,4,15,11,2018,15,2018-09-16,sainz,SAI,Carlos,Sainz,Spanish,renault,Renault,French,Marina Bay Street Circuit,Singapore Grand Prix,Marina Bay,Singapore,18,4.927,300.547,True,technical,60,\N,8,4.0,,
1003,844,15,15,11,2018,15,2018-09-16,leclerc,LEC,Charles,Leclerc,Monegasque,sauber,Sauber,Swiss,Marina Bay Street Circuit,Singapore Grand Prix,Marina Bay,Singapore,18,4.927,300.547,True,technical,60,\N,9,2.0,,
1003,807,4,15,11,2018,15,2018-09-16,hulkenberg,HUL,Nico,Hülkenberg,German,renault,Renault,French,Marina Bay Street Circuit,Singapore Grand Prix,Marina Bay,Singapore,18,4.927,300.547,True,technical,60,\N,10,1.0,,
1003,828,15,15,11,2018,15,2018-09-16,ericsson,ERI,Marcus,Ericsson,Swedish,sauber,Sauber,Swiss,Marina Bay Street Circuit,Singapore Grand Prix,Marina Bay,Singapore,18,4.927,300.547,True,technical,60,\N,11,0.0,,
1003,838,1,15,11,2018,15,2018-09-16,vandoorne,VAN,Stoffel,Vandoorne,Belgian,mclaren,McLaren,British,Marina Bay Street Circuit,Singapore Grand Prix,Marina Bay,Singapore,18,4.927,300.547,True,technical,60,\N,12,0.0,,
1003,842,5,15,11,2018,15,2018-09-16,gasly,GAS,Pierre,Gasly,French,toro_rosso,Toro Rosso,Italian,Marina Bay Street Circuit,Singapore Grand Prix,Marina Bay,Singapore,18,4.927,300.547,True,technical,60,\N,13,0.0,,
1003,840,3,15,11,2018,15,2018-09-16,stroll,STR,Lance,Stroll,Canadian,williams,Williams,British,Marina Bay Street Circuit,Singapore Grand Prix,Marina Bay,Singapore,18,4.927,300.547,True,technical,60,\N,14,0.0,,
1003,154,210,15,11,2018,15,2018-09-16,grosjean,GRO,Romain,Grosjean,French,haas,Haas F1 Team,American,Marina Bay Street Circuit,Singapore Grand Prix,Marina Bay,Singapore,18,4.927,300.547,True,technical,60,\N,15,0.0,,
1003,815,10,15,11,2018,15,2018-09-16,perez,PER,Sergio,Pérez,Mexican,force_india,Force India,Indian,Marina Bay Street Circuit,Singapore Grand Prix,Marina Bay,Singapore,18,4.927,300.547,True,technical,60,\N,16,0.0,,
1003,843,5,15,11,2018,15,2018-09-16,brendon_hartley,HAR,Brendon,Hartley,New Zealander,toro_rosso,Toro Rosso,Italian,Marina Bay Street Circuit,Singapore Grand Prix,Marina Bay,Singapore,18,4.927,300.547,True,technical,60,\N,17,0.0,,
1003,825,210,15,12,2018,15,2018-09-16,kevin_magnussen,MAG,Kevin,Magnussen,Danish,haas,Haas F1 Team,American,Marina Bay Street Circuit,Singapore Grand Prix,Marina Bay,Singapore,18,4.927,300.547,True,technical,59,\N,18,0.0,,
1003,845,3,15,12,2018,15,2018-09-16,sirotkin,SIR,Sergey,Sirotkin,Russian,williams,Williams,British,Marina Bay Street Circuit,Singapore Grand Prix,Marina Bay,Singapore,18,4.927,300.547,True,technical,59,\N,19,0.0,,
1003,839,10,15,4,2018,15,2018-09-16,ocon,OCO,Esteban,Ocon,French,force_india,Force India,Indian,Marina Bay Street Circuit,Singapore Grand Prix,Marina Bay,Singapore,18,4.927,300.547,True,technical,0,\N,\N,0.0,,
1004,1,131,71,1,2018,16,2018-09-30,hamilton,HAM,Lewis,Hamilton,British,mercedes,Mercedes,German,Sochi Autodrom,Russian Grand Prix,Sochi,Russia,2,5.848,309.944,False,balanced,53,5245181,1,25.0,,
1004,822,131,71,1,2018,16,2018-09-30,bottas,BOT,Valtteri,Bottas,Finnish,mercedes,Mercedes,German,Sochi Autodrom,Russian Grand Prix,Sochi,Russia,2,5.848,309.944,False,balanced,53,5247726,2,18.0,,
1004,20,6,71,1,2018,16,2018-09-30,vettel,VET,Sebastian,Vettel,German,ferrari,Ferrari,Italian,Sochi Autodrom,Russian Grand Prix,Sochi,Russia,2,5.848,309.944,False,balanced,53,5252668,3,15.0,,
1004,8,6,71,1,2018,16,2018-09-30,raikkonen,RAI,Kimi,Räikkönen,Finnish,ferrari,Ferrari,Italian,Sochi Autodrom,Russian Grand Prix,Sochi,Russia,2,5.848,309.944,False,balanced,53,5261724,4,12.0,,
1004,830,9,71,1,2018,16,2018-09-30,max_verstappen,VER,Max,Verstappen,Dutch,red_bull,Red Bull,Austrian,Sochi Autodrom,Russian Grand Prix,Sochi,Russia,2,5.848,309.944,False,balanced,53,5276197,5,10.0,,
1004,817,9,71,1,2018,16,2018-09-30,ricciardo,RIC,Daniel,Ricciardo,Australian,red_bull,Red Bull,Austrian,Sochi Autodrom,Russian Grand Prix,Sochi,Russia,2,5.848,309.944,False,balanced,53,5325632,6,8.0,,
1004,844,15,71,1,2018,16,2018-09-30,leclerc,LEC,Charles,Leclerc,Monegasque,sauber,Sauber,Swiss,Sochi Autodrom,Russian Grand Prix,Sochi,Russia,2,5.848,309.944,False,balanced,53,5343571,7,6.0,,
1004,825,210,71,11,2018,16,2018-09-30,kevin_magnussen,MAG,Kevin,Magnussen,Danish,haas,Haas F1 Team,American,Sochi Autodrom,Russian Grand Prix,Sochi,Russia,2,5.848,309.944,False,balanced,52,\N,8,4.0,,
1004,839,10,71,11,2018,16,2018-09-30,ocon,OCO,Esteban,Ocon,French,force_india,Force India,Indian,Sochi Autodrom,Russian Grand Prix,Sochi,Russia,2,5.848,309.944,False,balanced,52,\N,9,2.0,,
1004,815,10,71,11,2018,16,2018-09-30,perez,PER,Sergio,Pérez,Mexican,force_india,Force India,Indian,Sochi Autodrom,Russian Grand Prix,Sochi,Russia,2,5.848,309.944,False,balanced,52,\N,10,1.0,,
1004,154,210,71,11,2018,16,2018-09-30,grosjean,GRO,Romain,Grosjean,French,haas,Haas F1 Team,American,Sochi Autodrom,Russian Grand Prix,Sochi,Russia,2,5.848,309.944,False,balanced,52,\N,11,0.0,,
1004,807,4,71,11,2018,16,2018-09-30,hulkenberg,HUL,Nico,Hülkenberg,German,renault,Renault,French,Sochi Autodrom,Russian Grand Prix,Sochi,Russia,2,5.848,309.944,False,balanced,52,\N,12,0.0,,
1004,828,15,71,11,2018,16,2018-09-30,ericsson,ERI,Marcus,Ericsson,Swedish,sauber,Sauber,Swiss,Sochi Autodrom,Russian Grand Prix,Sochi,Russia,2,5.848,309.944,False,balanced,52,\N,13,0.0,,
1004,4,1,71,11,2018,16,2018-09-30,alonso,ALO,Fernando,Alonso,Spanish,mclaren,McLaren,British,Sochi Autodrom,Russian Grand Prix,Sochi,Russia,2,5.848,309.944,False,balanced,52,\N,14,0.0,,
1004,840,3,71,11,2018,16,2018-09-30,stroll,STR,Lance,Stroll,Canadian,williams,Williams,British,Sochi Autodrom,Russian Grand Prix,Sochi,Russia,2,5.848,309.944,False,balanced,52,\N,15,0.0,,
1004,838,1,71,12,2018,16,2018-09-30,vandoorne,VAN,Stoffel,Vandoorne,Belgian,mclaren,McLaren,British,Sochi Autodrom,Russian Grand Prix,Sochi,Russia,2,5.848,309.944,False,balanced,51,\N,16,0.0,,
1004,832,4,71,12,2018,16,2018-09-30,sainz,SAI,Carlos,Sainz,Spanish,renault,Renault,French,Sochi Autodrom,Russian Grand Prix,Sochi,Russia,2,5.848,309.944,False,balanced,51,\N,17,0.0,,
1004,845,3,71,12,2018,16,2018-09-30,sirotkin,SIR,Sergey,Sirotkin,Russian,williams,Williams,British,Sochi Autodrom,Russian Grand Prix,Sochi,Russia,2,5.848,309.944,False,balanced,51,\N,18,0.0,,
1004,842,5,71,23,2018,16,2018-09-30,gasly,GAS,Pierre,Gasly,French,toro_rosso,Toro Rosso,Italian,Sochi Autodrom,Russian Grand Prix,Sochi,Russia,2,5.848,309.944,False,balanced,4,\N,\N,0.0,,
1004,843,5,71,23,2018,16,2018-09-30,brendon_hartley,HAR,Brendon,Hartley,New Zealander,toro_rosso,Toro Rosso,Italian,Sochi Autodrom,Russian Grand Prix,Sochi,Russia,2,5.848,309.944,False,balanced,4,\N,\N,0.0,,
1005,1,131,22,1,2018,17,2018-10-07,hamilton,HAM,Lewis,Hamilton,British,mercedes,Mercedes,German,Suzuka Circuit,Japanese Grand Prix,Suzuka,Japan,45,5.807,307.771,False,technical,53,5237062,1,25.0,,
1005,822,131,22,1,2018,17,2018-10-07,bottas,BOT,Valtteri,Bottas,Finnish,mercedes,Mercedes,German,Suzuka Circuit,Japanese Grand Prix,Suzuka,Japan,45,5.807,307.771,False,technical,53,5249981,2,18.0,,
1005,830,9,22,1,2018,17,2018-10-07,max_verstappen,VER,Max,Verstappen,Dutch,red_bull,Red Bull,Austrian,Suzuka Circuit,Japanese Grand Prix,Suzuka,Japan,45,5.807,307.771,False,technical,53,5251357,3,15.0,,
1005,817,9,22,1,2018,17,2018-10-07,ricciardo,RIC,Daniel,Ricciardo,Australian,red_bull,Red Bull,Austrian,Suzuka Circuit,Japanese Grand Prix,Suzuka,Japan,45,5.807,307.771,False,technical,53,5256557,4,12.0,,
1005,8,6,22,1,2018,17,2018-10-07,raikkonen,RAI,Kimi,Räikkönen,Finnish,ferrari,Ferrari,Italian,Suzuka Circuit,Japanese Grand Prix,Suzuka,Japan,45,5.807,307.771,False,technical,53,5288060,5,10.0,,
1005,20,6,22,1,2018,17,2018-10-07,vettel,VET,Sebastian,Vettel,German,ferrari,Ferrari,Italian,Suzuka Circuit,Japanese Grand Prix,Suzuka,Japan,45,5.807,307.771,False,technical,53,5306935,6,8.0,,
1005,815,10,22,1,2018,17,2018-10-07,perez,PER,Sergio,Pérez,Mexican,force_india,Force India,Indian,Suzuka Circuit,Japanese Grand Prix,Suzuka,Japan,45,5.807,307.771,False,technical,53,5316441,7,6.0,,
1005,154,210,22,1,2018,17,2018-10-07,grosjean,GRO,Romain,Grosjean,French,haas,Haas F1 Team,American,Suzuka Circuit,Japanese Grand Prix,Suzuka,Japan,45,5.807,307.771,False,technical,53,5324260,8,4.0,,
1005,839,10,22,1,2018,17,2018-10-07,ocon,OCO,Esteban,Ocon,French,force_india,Force India,Indian,Suzuka Circuit,Japanese Grand Prix,Suzuka,Japan,45,5.807,307.771,False,technical,53,5325117,9,2.0,,
1005,832,4,22,11,2018,17,2018-10-07,sainz,SAI,Carlos,Sainz,Spanish,renault,Renault,French,Suzuka Circuit,Japanese Grand Prix,Suzuka,Japan,45,5.807,307.771,False,technical,52,\N,10,1.0,,
1005,842,5,22,11,2018,17,2018-10-07,gasly,GAS,Pierre,Gasly,French,toro_rosso,Toro Rosso,Italian,Suzuka Circuit,Japanese Grand Prix,Suzuka,Japan,45,5.807,307.771,False,technical,52,\N,11,0.0,,
1005,828,15,22,11,2018,17,2018-10-07,ericsson,ERI,Marcus,Ericsson,Swedish,sauber,Sauber,Swiss,Suzuka Circuit,Japanese Grand Prix,Suzuka,Japan,45,5.807,307.771,False,technical,52,\N,12,0.0,,
1005,843,5,22,11,2018,17,2018-10-07,brendon_hartley,HAR,Brendon,Hartley,New Zealander,toro_rosso,Toro Rosso,Italian,Suzuka Circuit,Japanese Grand Prix,Suzuka,Japan,45,5.807,307.771,False,technical,52,\N,13,0.0,,
1005,4,1,22,11,2018,17,2018-10-07,alonso,ALO,Fernando,Alonso,Spanish,mclaren,McLaren,British,Suzuka Circuit,Japanese Grand Prix,Suzuka,Japan,45,5.807,307.771,False,technical,52,\N,14,0.0,,
1005,838,1,22,11,2018,17,2018-10-07,vandoorne,VAN,Stoffel,Vandoorne,Belgian,mclaren,McLaren,British,Suzuka Circuit,Japanese Grand Prix,Suzuka,Japan,45,5.807,307.771,False,technical,52,\N,15,0.0,,
1005,845,3,22,11,2018,17,2018-10-07,sirotkin,SIR,Sergey,Sirotkin,Russian,williams,Williams,British,Suzuka Circuit,Japanese Grand Prix,Suzuka,Japan,45,5.807,307.771,False,technical,52,\N,16,0.0,,
1005,840,3,22,11,2018,17,2018-10-07,stroll,STR,Lance,Stroll,Canadian,williams,Williams,British,Suzuka Circuit,Japanese Grand Prix,Suzuka,Japan,45,5.807,307.771,False,technical,52,\N,17,0.0,,
1005,844,15,22,26,2018,17,2018-10-07,leclerc,LEC,Charles,Leclerc,Monegasque,sauber,Sauber,Swiss,Suzuka Circuit,Japanese Grand Prix,Suzuka,Japan,45,5.807,307.771,False,technical,38,\N,\N,0.0,,
1005,807,4,22,5,2018,17,2018-10-07,hulkenberg,HUL,Nico,Hülkenberg,German,renault,Renault,French,Suzuka Circuit,Japanese Grand Prix,Suzuka,Japan,45,5.807,307.771,False,technical,37,\N,\N,0.0,,
1005,825,210,22,130,2018,17,2018-10-07,kevin_magnussen,MAG,Kevin,Magnussen,Danish,haas,Haas F1 Team,American,Suzuka Circuit,Japanese Grand Prix,Suzuka,Japan,45,5.807,307.771,False,technical,8,\N,\N,0.0,,
1006,8,6,69,1,2018,18,2018-10-21,raikkonen,RAI,Kimi,Räikkönen,Finnish,ferrari,Ferrari,Italian,Circuit of the Americas,United States Grand Prix,Austin,USA,161,5.513,308.728,False,balanced,56,5658643,1,25.0,,
1006,830,9,69,1,2018,18,2018-10-21,max_verstappen,VER,Max,Verstappen,Dutch,red_bull,Red Bull,Austrian,Circuit of the Americas,United States Grand Prix,Austin,USA,161,5.513,308.728,False,balanced,56,5659924,2,18.0,,
1006,1,131,69,1,2018,18,2018-10-21,hamilton,HAM,Lewis,Hamilton,British,mercedes,Mercedes,German,Circuit of the Americas,United States Grand Prix,Austin,USA,161,5.513,308.728,False,balanced,56,5660985,3,15.0,,
1006,20,6,69,1,2018,18,2018-10-21,vettel,VET,Sebastian,Vettel,German,ferrari,Ferrari,Italian,Circuit of the Americas,United States Grand Prix,Austin,USA,161,5.513,308.728,False,balanced,56,5676865,4,12.0,,
1006,822,131,69,1,2018,18,2018-10-21,bottas,BOT,Valtteri,Bottas,Finnish,mercedes,Mercedes,German,Circuit of the Americas,United States Grand Prix,Austin,USA,161,5.513,308.728,False,balanced,56,5683387,5,10.0,,
1006,807,4,69,1,2018,18,2018-10-21,hulkenberg,HUL,Nico,Hülkenberg,German,renault,Renault,French,Circuit of the Americas,United States Grand Prix,Austin,USA,161,5.513,308.728,False,balanced,56,5745853,6,8.0,,
1006,832,4,69,1,2018,18,2018-10-21,sainz,SAI,Carlos,Sainz,Spanish,renault,Renault,French,Circuit of the Americas,United States Grand Prix,Austin,USA,161,5.513,308.728,False,balanced,56,5753637,7,6.0,,
1006,815,10,69,1,2018,18,2018-10-21,perez,PER,Sergio,Pérez,Mexican,force_india,Force India,Indian,Circuit of the Americas,United States Grand Prix,Austin,USA,161,5.513,308.728,False,balanced,56,5759723,8,4.0,,
1006,843,5,69,11,2018,18,2018-10-21,brendon_hartley,HAR,Brendon,Hartley,New Zealander,toro_rosso,Toro Rosso,Italian,Circuit of the Americas,United States Grand Prix,Austin,USA,161,5.513,308.728,False,balanced,55,\N,9,2.0,,
1006,828,15,69,11,2018,18,2018-10-21,ericsson,ERI,Marcus,Ericsson,Swedish,sauber,Sauber,Swiss,Circuit of the Americas,United States Grand Prix,Austin,USA,161,5.513,308.728,False,balanced,55,\N,10,1.0,,
1006,838,1,69,11,2018,18,2018-10-21,vandoorne,VAN,Stoffel,Vandoorne,Belgian,mclaren,McLaren,British,Circuit of the Americas,United States Grand Prix,Austin,USA,161,5.513,308.728,False,balanced,55,\N,11,0.0,,
1006,842,5,69,11,2018,18,2018-10-21,gasly,GAS,Pierre,Gasly,French,toro_rosso,Toro Rosso,Italian,Circuit of the Americas,United States Grand Prix,Austin,USA,161,5.513,308.728,False,balanced,55,\N,12,0.0,,
1006,845,3,69,11,2018,18,2018-10-21,sirotkin,SIR,Sergey,Sirotkin,Russian,williams,Williams,British,Circuit of the Americas,United States Grand Prix,Austin,USA,161,5.513,308.728,False,balanced,55,\N,13,0.0,,
1006,840,3,69,12,2018,18,2018-10-21,stroll,STR,Lance,Stroll,Canadian,williams,Williams,British,Circuit of the Americas,United States Grand Prix,Austin,USA,161,5.513,308.728,False,balanced,54,\N,14,0.0,,
1006,844,15,69,130,2018,18,2018-10-21,leclerc,LEC,Charles,Leclerc,Monegasque,sauber,Sauber,Swiss,Circuit of the Americas,United States Grand Prix,Austin,USA,161,5.513,308.728,False,balanced,31,\N,\N,0.0,,
1006,817,9,69,84,2018,18,2018-10-21,ricciardo,RIC,Daniel,Ricciardo,Australian,red_bull,Red Bull,Austrian,Circuit of the Americas,United States Grand Prix,Austin,USA,161,5.513,308.728,False,balanced,8,\N,\N,0.0,,
1006,154,210,69,130,2018,18,2018-10-21,grosjean,GRO,Romain,Grosjean,French,haas,Haas F1 Team,American,Circuit of the Americas,United States Grand Prix,Austin,USA,161,5.513,308.728,False,balanced,2,\N,\N,0.0,,
1006,4,1,69,4,2018,18,2018-10-21,alonso,ALO,Fernando,Alonso,Spanish,mclaren,McLaren,British,Circuit of the Americas,United States Grand Prix,Austin,USA,161,5.513,308.728,False,balanced,1,\N,\N,0.0,,
1006,839,10,69,2,2018,18,2018-10-21,ocon,OCO,Esteban,Ocon,French,force_india,Force India,Indian,Circuit of the Americas,United States Grand Prix,Austin,USA,161,5.513,308.728,False,balanced,56,5757931,\N,0.0,,
1006,825,210,69,2,2018,18,2018-10-21,kevin_magnussen,MAG,Kevin,Magnussen,Danish,haas,Haas F1 Team,American,Circuit of the Americas,United States Grand Prix,Austin,USA,161,5.513,308.728,False,balanced,56,5759300,\N,0.0,,
1007,830,9,32,1,2018,19,2018-10-28,max_verstappen,VER,Max,Verstappen,Dutch,red_bull,Red Bull,Austrian,Autódromo Hermanos Rodríguez,Mexican Grand Prix,Mexico City,Mexico,2227,4.304,305.584,False,balanced,71,5908851,1,25.0,,
1007,20,6,32,1,2018,19,2018-10-28,vettel,VET,Sebastian,Vettel,German,ferrari,Ferrari,Italian,Autódromo Hermanos Rodríguez,Mexican Grand Prix,Mexico City,Mexico,2227,4.304,305.584,False,balanced,71,5926167,2,18.0,,
1007,8,6,32,1,2018,19,2018-10-28,raikkonen,RAI,Kimi,Räikkönen,Finnish,ferrari,Ferrari,Italian,Autódromo Hermanos Rodríguez,Mexican Grand Prix,Mexico City,Mexico,2227,4.304,305.584,False,balanced,71,5958765,3,15.0,,
1007,1,131,32,1,2018,19,2018-10-28,hamilton,HAM,Lewis,Hamilton,British,mercedes,Mercedes,German,Autódromo Hermanos Rodríguez,Mexican Grand Prix,Mexico City,Mexico,2227,4.304,305.584,False,balanced,71,5987589,4,12.0,,
1007,822,131,32,11,2018,19,2018-10-28,bottas,BOT,Valtteri,Bottas,Finnish,mercedes,Mercedes,German,Autódromo Hermanos Rodríguez,Mexican Grand Prix,Mexico City,Mexico,2227,4.304,305.584,False,balanced,70,\N,5,10.0,,
1007,807,4,32,12,2018,19,2018-10-28,hulkenberg,HUL,Nico,Hülkenberg,German,renault,Renault,French,Autódromo Hermanos Rodríguez,Mexican Grand Prix,Mexico City,Mexico,2227,4.304,305.584,False,balanced,69,\N,6,8.0,,
1007,844,15,32,12,2018,19,2018-10-28,leclerc,LEC,Charles,Leclerc,Monegasque,sauber,Sauber,Swiss,Autódromo Hermanos Rodríguez,Mexican Grand Prix,Mexico City,Mexico,2227,4.304,305.584,False,balanced,69,\N,7,6.0,,
1007,838,1,32,12,2018,19,2018-10-28,vandoorne,VAN,Stoffel,Vandoorne,Belgian,mclaren,McLaren,British,Autódromo Hermanos Rodríguez,Mexican Grand Prix,Mexico City,Mexico,2227,4.304,305.584,False,balanced,69,\N,8,4.0,,
1007,828,15,32,12,2018,19,2018-10-28,ericsson,ERI,Marcus,Ericsson,Swedish,sauber,Sauber,Swiss,Autódromo Hermanos Rodríguez,Mexican Grand Prix,Mexico City,Mexico,2227,4.304,305.584,False,balanced,69,\N,9,2.0,,
1007,842,5,32,12,2018,19,2018-10-28,gasly,GAS,Pierre,Gasly,French,toro_rosso,Toro Rosso,Italian,Autódromo Hermanos Rodríguez,Mexican Grand Prix,Mexico City,Mexico,2227,4.304,305.584,False,balanced,69,\N,10,1.0,,
1007,839,10,32,12,2018,19,2018-10-28,ocon,OCO,Esteban,Ocon,French,force_india,Force India,Indian,Autódromo Hermanos Rodríguez,Mexican Grand Prix,Mexico City,Mexico,2227,4.304,305.584,False,balanced,69,\N,11,0.0,,
1007,840,3,32,12,2018,19,2018-10-28,stroll,STR,Lance,Stroll,Canadian,williams,Williams,British,Autódromo Hermanos Rodríguez,Mexican Grand Prix,Mexico City,Mexico,2227,4.304,305.584,False,balanced,69,\N,12,0.0,,
1007,845,3,32,12,2018,19,2018-10-28,sirotkin,SIR,Sergey,Sirotkin,Russian,williams,Williams,British,Autódromo Hermanos Rodríguez,Mexican Grand Prix,Mexico City,Mexico,2227,4.304,305.584,False,balanced,69,\N,13,0.0,,
1007,843,5,32,12,2018,19,2018-10-28,brendon_hartley,HAR,Brendon,Hartley,New Zealander,toro_rosso,Toro Rosso,Italian,Autódromo Hermanos Rodríguez,Mexican Grand Prix,Mexico City,Mexico,2227,4.304,305.584,False,balanced,69,\N,14,0.0,,
1007,825,210,32,12,2018,19,2018-10-28,kevin_magnussen,MAG,Kevin,Magnussen,Danish,haas,Haas F1 Team,American,Autódromo Hermanos Rodríguez,Mexican Grand Prix,Mexico City,Mexico,2227,4.304,305.584,False,balanced,69,\N,15,0.0,,
1007,154,210,32,13,2018,19,2018-10-28,grosjean,GRO,Romain,Grosjean,French,haas,Haas F1 Team,American,Autódromo Hermanos Rodríguez,Mexican Grand Prix,Mexico City,Mexico,2227,4.304,305.584,False,balanced,68,\N,16,0.0,,
1007,817,9,32,5,2018,19,2018-10-28,ricciardo,RIC,Daniel,Ricciardo,Australian,red_bull,Red Bull,Austrian,Autódromo Hermanos Rodríguez,Mexican Grand Prix,Mexico City,Mexico,2227,4.304,305.584,False,balanced,61,\N,\N,0.0,,
1007,815,10,32,23,2018,19,2018-10-28,perez,PER,Sergio,Pérez,Mexican,force_india,Force India,Indian,Autódromo Hermanos Rodríguez,Mexican Grand Prix,Mexico City,Mexico,2227,4.304,305.584,False,balanced,38,\N,\N,0.0,,
1007,832,4,32,22,2018,19,2018-10-28,sainz,SAI,Carlos,Sainz,Spanish,renault,Renault,French,Autódromo Hermanos Rodríguez,Mexican Grand Prix,Mexico City,Mexico,2227,4.304,305.584,False,balanced,28,\N,\N,0.0,,
1007,4,1,32,5,2018,19,2018-10-28,alonso,ALO,Fernando,Alonso,Spanish,mclaren,McLaren,British,Autódromo Hermanos Rodríguez,Mexican Grand Prix,Mexico City,Mexico,2227,4.304,305.584,False,balanced,3,\N,\N,0.0,,
1008,1,131,18,1,2018,20,2018-11-11,hamilton,HAM,Lewis,Hamilton,British,mercedes,Mercedes,German,Autódromo José Carlos Pace,Brazilian Grand Prix,São Paulo,Brazil,785,4.309,305.939,False,technical,71,5229066,1,25.0,,
1008,830,9,18,1,2018,20,2018-11-11,max_verstappen,VER,Max,Verstappen,Dutch,red_bull,Red Bull,Austrian,Autódromo José Carlos Pace,Brazilian Grand Prix,São Paulo,Brazil,785,4.309,305.939,False,technical,71,5230535,2,18.0,,
1008,8,6,18,1,2018,20,2018-11-11,raikkonen,RAI,Kimi,Räikkönen,Finnish,ferrari,Ferrari,Italian,Autódromo José Carlos Pace,Brazilian Grand Prix,São Paulo,Brazil,785,4.309,305.939,False,technical,71,5233830,3,15.0,,
1008,817,9,18,1,2018,20,2018-11-11,ricciardo,RIC,Daniel,Ricciardo,Australian,red_bull,Red Bull,Austrian,Autódromo José Carlos Pace,Brazilian Grand Prix,São Paulo,Brazil,785,4.309,305.939,False,technical,71,5234259,4,12.0,,
1008,822,131,18,1,2018,20,2018-11-11,bottas,BOT,Valtteri,Bottas,Finnish,mercedes,Mercedes,German,Autódromo José Carlos Pace,Brazilian Grand Prix,São Paulo,Brazil,785,4.309,305.939,False,technical,71,5252009,5,10.0,,
1008,20,6,18,1,2018,20,2018-11-11,vettel,VET,Sebastian,Vettel,German,ferrari,Ferrari,Italian,Autódromo José Carlos Pace,Brazilian Grand Prix,São Paulo,Brazil,785,4.309,305.939,False,technical,71,5256063,6,8.0,,
1008,844,15,18,1,2018,20,2018-11-11,leclerc,LEC,Charles,Leclerc,Monegasque,sauber,Sauber,Swiss,Autódromo José Carlos Pace,Brazilian Grand Prix,São Paulo,Brazil,785,4.309,305.939,False,technical,71,5273265,7,6.0,,
1008,154,210,18,1,2018,20,2018-11-11,grosjean,GRO,Romain,Grosjean,French,haas,Haas F1 Team,American,Autódromo José Carlos Pace,Brazilian Grand Prix,São Paulo,Brazil,785,4.309,305.939,False,technical,71,5280296,8,4.0,,
1008,825,210,18,1,2018,20,2018-11-11,kevin_magnussen,MAG,Kevin,Magnussen,Danish,haas,Haas F1 Team,American,Autódromo José Carlos Pace,Brazilian Grand Prix,São Paulo,Brazil,785,4.309,305.939,False,technical,71,5281923,9,2.0,,
1008,815,10,18,11,2018,20,2018-11-11,perez,PER,Sergio,Pérez,Mexican,force_india,Force India,Indian,Autódromo José Carlos Pace,Brazilian Grand Prix,São Paulo,Brazil,785,4.309,305.939,False,technical,70,\N,10,1.0,,
1008,843,5,18,11,2018,20,2018-11-11,brendon_hartley,HAR,Brendon,Hartley,New Zealander,toro_rosso,Toro Rosso,Italian,Autódromo José Carlos Pace,Brazilian Grand Prix,São Paulo,Brazil,785,4.309,305.939,False,technical,70,\N,11,0.0,,
1008,832,4,18,11,2018,20,2018-11-11,sainz,SAI,Carlos,Sainz,Spanish,renault,Renault,French,Autódromo José Carlos Pace,Brazilian Grand Prix,São Paulo,Brazil,785,4.309,305.939,False,technical,70,\N,12,0.0,,
1008,842,5,18,11,2018,20,2018-11-11,gasly,GAS,Pierre,Gasly,French,toro_rosso,Toro Rosso,Italian,Autódromo José Carlos Pace,Brazilian Grand Prix,São Paulo,Brazil,785,4.309,305.939,False,technical,70,\N,13,0.0,,
1008,838,1,18,11,2018,20,2018-11-11,vandoorne,VAN,Stoffel,Vandoorne,Belgian,mclaren,McLaren,British,Autódromo José Carlos Pace,Brazilian Grand Prix,São Paulo,Brazil,785,4.309,305.939,False,technical,70,\N,14,0.0,,
1008,839,10,18,11,2018,20,2018-11-11,ocon,OCO,Esteban,Ocon,French,force_india,Force India,Indian,Autódromo José Carlos Pace,Brazilian Grand Prix,São Paulo,Brazil,785,4.309,305.939,False,technical,70,\N,15,0.0,,
1008,845,3,18,12,2018,20,2018-11-11,sirotkin,SIR,Sergey,Sirotkin,Russian,williams,Williams,British,Autódromo José Carlos Pace,Brazilian Grand Prix,São Paulo,Brazil,785,4.309,305.939,False,technical,69,\N,16,0.0,,
1008,4,1,18,12,2018,20,2018-11-11,alonso,ALO,Fernando,Alonso,Spanish,mclaren,McLaren,British,Autódromo José Carlos Pace,Brazilian Grand Prix,São Paulo,Brazil,785,4.309,305.939,False,technical,69,\N,17,0.0,,
1008,840,3,18,12,2018,20,2018-11-11,stroll,STR,Lance,Stroll,Canadian,williams,Williams,British,Autódromo José Carlos Pace,Brazilian Grand Prix,São Paulo,Brazil,785,4.309,305.939,False,technical,69,\N,18,0.0,,
1008,807,4,18,25,2018,20,2018-11-11,hulkenberg,HUL,Nico,Hülkenberg,German,renault,Renault,French,Autódromo José Carlos Pace,Brazilian Grand Prix,São Paulo,Brazil,785,4.309,305.939,False,technical,32,\N,\N,0.0,,
1008,828,15,18,4,2018,20,2018-11-11,ericsson,ERI,Marcus,Ericsson,Swedish,sauber,Sauber,Swiss,Autódromo José Carlos Pace,Brazilian Grand Prix,São Paulo,Brazil,785,4.309,305.939,False,technical,20,\N,\N,0.0,,
1009,1,131,24,1,2018,21,2018-11-25,hamilton,HAM,Lewis,Hamilton,British,mercedes,Mercedes,German,Yas Marina Circuit,Abu Dhabi Grand Prix,Abu Dhabi,UAE,3,5.281,290.455,True,technical,55,5980382,1,25.0,,
1009,20,6,24,1,2018,21,2018-11-25,vettel,VET,Sebastian,Vettel,German,ferrari,Ferrari,Italian,Yas Marina Circuit,Abu Dhabi Grand Prix,Abu Dhabi,UAE,3,5.281,290.455,True,technical,55,5982963,2,18.0,,
1009,830,9,24,1,2018,21,2018-11-25,max_verstappen,VER,Max,Verstappen,Dutch,red_bull,Red Bull,Austrian,Yas Marina Circuit,Abu Dhabi Grand Prix,Abu Dhabi,UAE,3,5.281,290.455,True,technical,55,5993088,3,15.0,,
1009,817,9,24,1,2018,21,2018-11-25,ricciardo,RIC,Daniel,Ricciardo,Australian,red_bull,Red Bull,Austrian,Yas Marina Circuit,Abu Dhabi Grand Prix,Abu Dhabi,UAE,3,5.281,290.455,True,technical,55,5995761,4,12.0,,
1009,822,131,24,1,2018,21,2018-11-25,bottas,BOT,Valtteri,Bottas,Finnish,mercedes,Mercedes,German,Yas Marina Circuit,Abu Dhabi Grand Prix,Abu Dhabi,UAE,3,5.281,290.455,True,technical,55,6028339,5,10.0,,
1009,832,4,24,1,2018,21,2018-11-25,sainz,SAI,Carlos,Sainz,Spanish,renault,Renault,French,Yas Marina Circuit,Abu Dhabi Grand Prix,Abu Dhabi,UAE,3,5.281,290.455,True,technical,55,6052930,6,8.0,,
1009,844,15,24,1,2018,21,2018-11-25,leclerc,LEC,Charles,Leclerc,Monegasque,sauber,Sauber,Swiss,Yas Marina Circuit,Abu Dhabi Grand Prix,Abu Dhabi,UAE,3,5.281,290.455,True,technical,55,6071171,7,6.0,,
1009,815,10,24,1,2018,21,2018-11-25,perez,PER,Sergio,Pérez,Mexican,force_india,Force India,Indian,Yas Marina Circuit,Abu Dhabi Grand Prix,Abu Dhabi,UAE,3,5.281,290.455,True,technical,55,6071657,8,4.0,,
1009,154,210,24,11,2018,21,2018-11-25,grosjean,GRO,Romain,Grosjean,French,haas,Haas F1 Team,American,Yas Marina Circuit,Abu Dhabi Grand Prix,Abu Dhabi,UAE,3,5.281,290.455,True,technical,54,\N,9,2.0,,
1009,825,210,24,11,2018,21,2018-11-25,kevin_magnussen,MAG,Kevin,Magnussen,Danish,haas,Haas F1 Team,American,Yas Marina Circuit,Abu Dhabi Grand Prix,Abu Dhabi,UAE,3,5.281,290.455,True,technical,54,\N,10,1.0,,
1009,4,1,24,11,2018,21,2018-11-25,alonso,ALO,Fernando,Alonso,Spanish,mclaren,McLaren,British,Yas Marina Circuit,Abu Dhabi Grand Prix,Abu Dhabi,UAE,3,5.281,290.455,True,technical,54,\N,11,0.0,,
1009,843,5,24,11,2018,21,2018-11-25,brendon_hartley,HAR,Brendon,Hartley,New Zealander,toro_rosso,Toro Rosso,Italian,Yas Marina Circuit,Abu Dhabi Grand Prix,Abu Dhabi,UAE,3,5.281,290.455,True,technical,54,\N,12,0.0,,
1009,840,3,24,11,2018,21,2018-11-25,stroll,STR,Lance,Stroll,Canadian,williams,Williams,British,Yas Marina Circuit,Abu Dhabi Grand Prix,Abu Dhabi,UAE,3,5.281,290.455,True,technical,54,\N,13,0.0,,
1009,838,1,24,11,2018,21,2018-11-25,vandoorne,VAN,Stoffel,Vandoorne,Belgian,mclaren,McLaren,British,Yas Marina Circuit,Abu Dhabi Grand Prix,Abu Dhabi,UAE,3,5.281,290.455,True,technical,54,\N,14,0.0,,
1009,845,3,24,11,2018,21,2018-11-25,sirotkin,SIR,Sergey,Sirotkin,Russian,williams,Williams,British,Yas Marina Circuit,Abu Dhabi Grand Prix,Abu Dhabi,UAE,3,5.281,290.455,True,technical,54,\N,15,0.0,,
1009,842,5,24,5,2018,21,2018-11-25,gasly,GAS,Pierre,Gasly,French,toro_rosso,Toro Rosso,Italian,Yas Marina Circuit,Abu Dhabi Grand Prix,Abu Dhabi,UAE,3,5.281,290.455,True,technical,46,\N,\N,0.0,,
1009,839,10,24,5,2018,21,2018-11-25,ocon,OCO,Esteban,Ocon,French,force_india,Force India,Indian,Yas Marina Circuit,Abu Dhabi Grand Prix,Abu Dhabi,UAE,3,5.281,290.455,True,technical,44,\N,\N,0.0,,
1009,828,15,24,75,2018,21,2018-11-25,ericsson,ERI,Marcus,Ericsson,Swedish,sauber,Sauber,Swiss,Yas Marina Circuit,Abu Dhabi Grand Prix,Abu Dhabi,UAE,3,5.281,290.455,True,technical,24,\N,\N,0.0,,
1009,8,6,24,75,2018,21,2018-11-25,raikkonen,RAI,Kimi,Räikkönen,Finnish,ferrari,Ferrari,Italian,Yas Marina Circuit,Abu Dhabi Grand Prix,Abu Dhabi,UAE,3,5.281,290.455,True,technical,6,\N,\N,0.0,,
1009,807,4,24,4,2018,21,2018-11-25,hulkenberg,HUL,Nico,Hülkenberg,German,renault,Renault,French,Yas Marina Circuit,Abu Dhabi Grand Prix,Abu Dhabi,UAE,3,5.281,290.455,True,technical,0,\N,\N,0.0,,
1010,822,131,1,1,2019,1,2019-03-17,bottas,BOT,Valtteri,Bottas,Finnish,mercedes,Mercedes,German,Albert Park Grand Prix Circuit,Australian Grand Prix,Melbourne,Australia,10,5.278,306.124,False,balanced,58,5127325,1,26.0,,
1010,1,131,1,1,2019,1,2019-03-17,hamilton,HAM,Lewis,Hamilton,British,mercedes,Mercedes,German,Albert Park Grand Prix Circuit,Australian Grand Prix,Melbourne,Australia,10,5.278,306.124,False,balanced,58,5148211,2,18.0,,
1010,830,9,1,1,2019,1,2019-03-17,max_verstappen,VER,Max,Verstappen,Dutch,red_bull,Red Bull,Austrian,Albert Park Grand Prix Circuit,Australian Grand Prix,Melbourne,Australia,10,5.278,306.124,False,balanced,58,5149845,3,15.0,,
1010,20,6,1,1,2019,1,2019-03-17,vettel,VET,Sebastian,Vettel,German,ferrari,Ferrari,Italian,Albert Park Grand Prix Circuit,Australian Grand Prix,Melbourne,Australia,10,5.278,306.124,False,balanced,58,5184434,4,12.0,,
1010,844,6,1,1,2019,1,2019-03-17,leclerc,LEC,Charles,Leclerc,Monegasque,ferrari,Ferrari,Italian,Albert Park Grand Prix Circuit,Australian Grand Prix,Melbourne,Australia,10,5.278,306.124,False,balanced,58,5185555,5,10.0,,
1010,825,210,1,1,2019,1,2019-03-17,kevin_magnussen,MAG,Kevin,Magnussen,Danish,haas,Haas F1 Team,American,Albert Park Grand Prix Circuit,Australian Grand Prix,Melbourne,Australia,10,5.278,306.124,False,balanced,58,5214481,6,8.0,,
1010,807,4,1,11,2019,1,2019-03-17,hulkenberg,HUL,Nico,Hülkenberg,German,renault,Renault,French,Albert Park Grand Prix Circuit,Australian Grand Prix,Melbourne,Australia,10,5.278,306.124,False,balanced,57,\N,7,6.0,,
1010,8,51,1,11,2019,1,2019-03-17,raikkonen,RAI,Kimi,Räikkönen,Finnish,alfa,Alfa Romeo,Swiss,Albert Park Grand Prix Circuit,Australian Grand Prix,Melbourne,Australia,10,5.278,306.124,False,balanced,57,\N,8,4.0,,
1010,840,211,1,11,2019,1,2019-03-17,stroll,STR,Lance,Stroll,Canadian,racing_point,Racing Point,British,Albert Park Grand Prix Circuit,Australian Grand Prix,Melbourne,Australia,10,5.278,306.124,False,balanced,57,\N,9,2.0,,
1010,826,5,1,11,2019,1,2019-03-17,kvyat,KVY,Daniil,Kvyat,Russian,toro_rosso,Toro Rosso,Italian,Albert Park Grand Prix Circuit,Australian Grand Prix,Melbourne,Australia,10,5.278,306.124,False,balanced,57,\N,10,1.0,,
1010,842,9,1,11,2019,1,2019-03-17,gasly,GAS,Pierre,Gasly,French,red_bull,Red Bull,Austrian,Albert Park Grand Prix Circuit,Australian Grand Prix,Melbourne,Australia,10,5.278,306.124,False,balanced,57,\N,11,0.0,,
1010,846,1,1,11,2019,1,2019-03-17,norris,NOR,Lando,Norris,British,mclaren,McLaren,British,Albert Park Grand Prix Circuit,Australian Grand Prix,Melbourne,Australia,10,5.278,306.124,False,balanced,57,\N,12,0.0,,
1010,815,211,1,11,2019,1,2019-03-17,perez,PER,Sergio,Pérez,Mexican,racing_point,Racing Point,British,Albert Park Grand Prix Circuit,Australian Grand Prix,Melbourne,Australia,10,5.278,306.124,False,balanced,57,\N,13,0.0,,
1010,848,5,1,11,2019,1,2019-03-17,albon,ALB,Alexander,Albon,Thai,toro_rosso,Toro Rosso,Italian,Albert Park Grand Prix Circuit,Australian Grand Prix,Melbourne,Australia,10,5.278,306.124,False,balanced,57,\N,14,0.0,,
1010,841,51,1,11,2019,1,2019-03-17,giovinazzi,GIO,Antonio,Giovinazzi,Italian,alfa,Alfa Romeo,Swiss,Albert Park Grand Prix Circuit,Australian Grand Prix,Melbourne,Australia,10,5.278,306.124,False,balanced,57,\N,15,0.0,,
1010,847,3,1,12,2019,1,2019-03-17,russell,RUS,George,Russell,British,williams,Williams,British,Albert Park Grand Prix Circuit,Australian Grand Prix,Melbourne,Australia,10,5.278,306.124,False,balanced,56,\N,16,0.0,,
1010,9,3,1,13,2019,1,2019-03-17,kubica,KUB,Robert,Kubica,Polish,williams,Williams,British,Albert Park Grand Prix Circuit,Australian Grand Prix,Melbourne,Australia,10,5.278,306.124,False,balanced,55,\N,17,0.0,,
1010,154,210,1,36,2019,1,2019-03-17,grosjean,GRO,Romain,Grosjean,French,haas,Haas F1 Team,American,Albert Park Grand Prix Circuit,Australian Grand Prix,Melbourne,Australia,10,5.278,306.124,False,balanced,29,\N,\N,0.0,,
1010,817,4,1,137,2019,1,2019-03-17,ricciardo,RIC,Daniel,Ricciardo,Australian,renault,Renault,French,Albert Park Grand Prix Circuit,Australian Grand Prix,Melbourne,Australia,10,5.278,306.124,False,balanced,28,\N,\N,0.0,,
1010,832,1,1,5,2019,1,2019-03-17,sainz,SAI,Carlos,Sainz,Spanish,mclaren,McLaren,British,Albert Park Grand Prix Circuit,Australian Grand Prix,Melbourne,Australia,10,5.278,306.124,False,balanced,9,\N,\N,0.0,,
1011,1,131,3,1,2019,2,2019-03-31,hamilton,HAM,Lewis,Hamilton,British,mercedes,Mercedes,German,Bahrain International Circuit,Bahrain Grand Prix,Sakhir,Bahrain,7,5.412,308.484,True,balanced,57,5661295,1,25.0,,
1011,822,131,3,1,2019,2,2019-03-31,bottas,BOT,Valtteri,Bottas,Finnish,mercedes,Mercedes,German,Bahrain International Circuit,Bahrain Grand Prix,Sakhir,Bahrain,7,5.412,308.484,True,balanced,57,5664275,2,18.0,,
1011,844,6,3,1,2019,2,2019-03-31,leclerc,LEC,Charles,Leclerc,Monegasque,ferrari,Ferrari,Italian,Bahrain International Circuit,Bahrain Grand Prix,Sakhir,Bahrain,7,5.412,308.484,True,balanced,57,5667426,3,16.0,,
1011,830,9,3,1,2019,2,2019-03-31,max_verstappen,VER,Max,Verstappen,Dutch,red_bull,Red Bull,Austrian,Bahrain International Circuit,Bahrain Grand Prix,Sakhir,Bahrain,7,5.412,308.484,True,balanced,57,5667703,4,12.0,,
1011,20,6,3,1,2019,2,2019-03-31,vettel,VET,Sebastian,Vettel,German,ferrari,Ferrari,Italian,Bahrain International Circuit,Bahrain Grand Prix,Sakhir,Bahrain,7,5.412,308.484,True,balanced,57,5697363,5,10.0,,
1011,846,1,3,1,2019,2,2019-03-31,norris,NOR,Lando,Norris,British,mclaren,McLaren,British,Bahrain International Circuit,Bahrain Grand Prix,Sakhir,Bahrain,7,5.412,308.484,True,balanced,57,5707049,6,8.0,,
1011,8,51,3,1,2019,2,2019-03-31,raikkonen,RAI,Kimi,Räikkönen,Finnish,alfa,Alfa Romeo,Swiss,Bahrain International Circuit,Bahrain Grand Prix,Sakhir,Bahrain,7,5.412,308.484,True,balanced,57,5708765,7,6.0,,
1011,842,9,3,1,2019,2,2019-03-31,gasly,GAS,Pierre,Gasly,French,red_bull,Red Bull,Austrian,Bahrain International Circuit,Bahrain Grand Prix,Sakhir,Bahrain,7,5.412,308.484,True,balanced,57,5719389,8,4.0,,
1011,848,5,3,1,2019,2,2019-03-31,albon,ALB,Alexander,Albon,Thai,toro_rosso,Toro Rosso,Italian,Bahrain International Circuit,Bahrain Grand Prix,Sakhir,Bahrain,7,5.412,308.484,True,balanced,57,5723992,9,2.0,,
1011,815,211,3,1,2019,2,2019-03-31,perez,PER,Sergio,Pérez,Mexican,racing_point,Racing Point,British,Bahrain International Circuit,Bahrain Grand Prix,Sakhir,Bahrain,7,5.412,308.484,True,balanced,57,5724991,10,1.0,,
1011,841,51,3,1,2019,2,2019-03-31,giovinazzi,GIO,Antonio,Giovinazzi,Italian,alfa,Alfa Romeo,Swiss,Bahrain International Circuit,Bahrain Grand Prix,Sakhir,Bahrain,7,5.412,308.484,True,balanced,57,5725894,11,0.0,,
1011,826,5,3,11,2019,2,2019-03-31,kvyat,KVY,Daniil,Kvyat,Russian,toro_rosso,Toro Rosso,Italian,Bahrain International Circuit,Bahrain Grand Prix,Sakhir,Bahrain,7,5.412,308.484,True,balanced,56,\N,12,0.0,,
1011,825,210,3,11,2019,2,2019-03-31,kevin_magnussen,MAG,Kevin,Magnussen,Danish,haas,Haas F1 Team,American,Bahrain International Circuit,Bahrain Grand Prix,Sakhir,Bahrain,7,5.412,308.484,True,balanced,56,\N,13,0.0,,
1011,840,211,3,11,2019,2,2019-03-31,stroll,STR,Lance,Stroll,Canadian,racing_point,Racing Point,British,Bahrain International Circuit,Bahrain Grand Prix,Sakhir,Bahrain,7,5.412,308.484,True,balanced,56,\N,14,0.0,,
1011,847,3,3,11,2019,2,2019-03-31,russell,RUS,George,Russell,British,williams,Williams,British,Bahrain International Circuit,Bahrain Grand Prix,Sakhir,Bahrain,7,5.412,308.484,True,balanced,56,\N,15,0.0,,
1011,9,3,3,12,2019,2,2019-03-31,kubica,KUB,Robert,Kubica,Polish,williams,Williams,British,Bahrain International Circuit,Bahrain Grand Prix,Sakhir,Bahrain,7,5.412,308.484,True,balanced,55,\N,16,0.0,,
1011,807,4,3,5,2019,2,2019-03-31,hulkenberg,HUL,Nico,Hülkenberg,German,renault,Renault,French,Bahrain International Circuit,Bahrain Grand Prix,Sakhir,Bahrain,7,5.412,308.484,True,balanced,53,\N,\N,0.0,,
1011,817,4,3,60,2019,2,2019-03-31,ricciardo,RIC,Daniel,Ricciardo,Australian,renault,Renault,French,Bahrain International Circuit,Bahrain Grand Prix,Sakhir,Bahrain,7,5.412,308.484,True,balanced,53,\N,\N,0.0,,
1011,832,1,3,130,2019,2,2019-03-31,sainz,SAI,Carlos,Sainz,Spanish,mclaren,McLaren,British,Bahrain International Circuit,Bahrain Grand Prix,Sakhir,Bahrain,7,5.412,308.484,True,balanced,53,\N,\N,0.0,,
1011,154,210,3,31,2019,2,2019-03-31,grosjean,GRO,Romain,Grosjean,French,haas,Haas F1 Team,American,Bahrain International Circuit,Bahrain Grand Prix,Sakhir,Bahrain,7,5.412,308.484,True,balanced,16,\N,\N,0.0,,
1012,1,131,17,1,2019,3,2019-04-14,hamilton,HAM,Lewis,Hamilton,British,mercedes,Mercedes,German,Shanghai International Circuit,Chinese Grand Prix,Shanghai,China,5,5.451,305.256,False,balanced,56,5526350,1,25.0,,
1012,822,131,17,1,2019,3,2019-04-14,bottas,BOT,Valtteri,Bottas,Finnish,mercedes,Mercedes,German,Shanghai International Circuit,Chinese Grand Prix,Shanghai,China,5,5.451,305.256,False,balanced,56,5532902,2,18.0,,
1012,20,6,17,1,2019,3,2019-04-14,vettel,VET,Sebastian,Vettel,German,ferrari,Ferrari,Italian,Shanghai International Circuit,Chinese Grand Prix,Shanghai,China,5,5.451,305.256,False,balanced,56,5540094,3,15.0,,
1012,830,9,17,1,2019,3,2019-04-14,max_verstappen,VER,Max,Verstappen,Dutch,red_bull,Red Bull,Austrian,Shanghai International Circuit,Chinese Grand Prix,Shanghai,China,5,5.451,305.256,False,balanced,56,5553977,4,12.0,,
1012,844,6,17,1,2019,3,2019-04-14,leclerc,LEC,Charles,Leclerc,Monegasque,ferrari,Ferrari,Italian,Shanghai International Circuit,Chinese Grand Prix,Shanghai,China,5,5.451,305.256,False,balanced,56,5557626,5,10.0,,
1012,842,9,17,1,2019,3,2019-04-14,gasly,GAS,Pierre,Gasly,French,red_bull,Red Bull,Austrian,Shanghai International Circuit,Chinese Grand Prix,Shanghai,China,5,5.451,305.256,False,balanced,56,5615657,6,9.0,,
1012,817,4,17,11,2019,3,2019-04-14,ricciardo,RIC,Daniel,Ricciardo,Australian,renault,Renault,French,Shanghai International Circuit,Chinese Grand Prix,Shanghai,China,5,5.451,305.256,False,balanced,55,\N,7,6.0,,
1012,815,211,17,11,2019,3,2019-04-14,perez,PER,Sergio,Pérez,Mexican,racing_point,Racing Point,British,Shanghai International Circuit,Chinese Grand Prix,Shanghai,China,5,5.451,305.256,False,balanced,55,\N,8,4.0,,
1012,8,51,17,11,2019,3,2019-04-14,raikkonen,RAI,Kimi,Räikkönen,Finnish,alfa,Alfa Romeo,Swiss,Shanghai International Circuit,Chinese Grand Prix,Shanghai,China,5,5.451,305.256,False,balanced,55,\N,9,2.0,,
1012,848,5,17,11,2019,3,2019-04-14,albon,ALB,Alexander,Albon,Thai,toro_rosso,Toro Rosso,Italian,Shanghai International Circuit,Chinese Grand Prix,Shanghai,China,5,5.451,305.256,False,balanced,55,\N,10,1.0,,
1012,154,210,17,11,2019,3,2019-04-14,grosjean,GRO,Romain,Grosjean,French,haas,Haas F1 Team,American,Shanghai International Circuit,Chinese Grand Prix,Shanghai,China,5,5.451,305.256,False,balanced,55,\N,11,0.0,,
1012,840,211,17,11,2019,3,2019-04-14,stroll,STR,Lance,Stroll,Canadian,racing_point,Racing Point,British,Shanghai International Circuit,Chinese Grand Prix,Shanghai,China,5,5.451,305.256,False,balanced,55,\N,12,0.0,,
1012,825,210,17,11,2019,3,2019-04-14,kevin_magnussen,MAG,Kevin,Magnussen,Danish,haas,Haas F1 Team,American,Shanghai International Circuit,Chinese Grand Prix,Shanghai,China,5,5.451,305.256,False,balanced,55,\N,13,0.0,,
1012,832,1,17,11,2019,3,2019-04-14,sainz,SAI,Carlos,Sainz,Spanish,mclaren,McLaren,British,Shanghai International Circuit,Chinese Grand Prix,Shanghai,China,5,5.451,305.256,False,balanced,55,\N,14,0.0,,
1012,841,51,17,11,2019,3,2019-04-14,giovinazzi,GIO,Antonio,Giovinazzi,Italian,alfa,Alfa Romeo,Swiss,Shanghai International Circuit,Chinese Grand Prix,Shanghai,China,5,5.451,305.256,False,balanced,55,\N,15,0.0,,
1012,847,3,17,12,2019,3,2019-04-14,russell,RUS,George,Russell,British,williams,Williams,British,Shanghai International Circuit,Chinese Grand Prix,Shanghai,China,5,5.451,305.256,False,balanced,54,\N,16,0.0,,
1012,9,3,17,12,2019,3,2019-04-14,kubica,KUB,Robert,Kubica,Polish,williams,Williams,British,Shanghai International Circuit,Chinese Grand Prix,Shanghai,China,5,5.451,305.256,False,balanced,54,\N,17,0.0,,
1012,846,1,17,4,2019,3,2019-04-14,norris,NOR,Lando,Norris,British,mclaren,McLaren,British,Shanghai International Circuit,Chinese Grand Prix,Shanghai,China,5,5.451,305.256,False,balanced,50,\N,18,0.0,,
1012,826,5,17,4,2019,3,2019-04-14,kvyat,KVY,Daniil,Kvyat,Russian,toro_rosso,Toro Rosso,Italian,Shanghai International Circuit,Chinese Grand Prix,Shanghai,China,5,5.451,305.256,False,balanced,41,\N,\N,0.0,,
1012,807,4,17,131,2019,3,2019-04-14,hulkenberg,HUL,Nico,Hülkenberg,German,renault,Renault,French,Shanghai International Circuit,Chinese Grand Prix,Shanghai,China,5,5.451,305.256,False,balanced,16,\N,\N,0.0,,
1013,822,131,73,1,2019,4,2019-04-28,bottas,BOT,Valtteri,Bottas,Finnish,mercedes,Mercedes,German,Baku City Circuit,Azerbaijan Grand Prix,Baku,Azerbaijan,-7,6.003,306.153,False,high_speed,51,5512942,1,25.0,,
1013,1,131,73,1,2019,4,2019-04-28,hamilton,HAM,Lewis,Hamilton,British,mercedes,Mercedes,German,Baku City Circuit,Azerbaijan Grand Prix,Baku,Azerbaijan,-7,6.003,306.153,False,high_speed,51,5514466,2,18.0,,
1013,20,6,73,1,2019,4,2019-04-28,vettel,VET,Sebastian,Vettel,German,ferrari,Ferrari,Italian,Baku City Circuit,Azerbaijan Grand Prix,Baku,Azerbaijan,-7,6.003,306.153,False,high_speed,51,5524681,3,15.0,,
1013,830,9,73,1,2019,4,2019-04-28,max_verstappen,VER,Max,Verstappen,Dutch,red_bull,Red Bull,Austrian,Baku City Circuit,Azerbaijan Grand Prix,Baku,Azerbaijan,-7,6.003,306.153,False,high_speed,51,5530435,4,12.0,,
1013,844,6,73,1,2019,4,2019-04-28,leclerc,LEC,Charles,Leclerc,Monegasque,ferrari,Ferrari,Italian,Baku City Circuit,Azerbaijan Grand Prix,Baku,Azerbaijan,-7,6.003,306.153,False,high_speed,51,5582049,5,11.0,,
1013,815,211,73,1,2019,4,2019-04-28,perez,PER,Sergio,Pérez,Mexican,racing_point,Racing Point,British,Baku City Circuit,Azerbaijan Grand Prix,Baku,Azerbaijan,-7,6.003,306.153,False,high_speed,51,5589358,6,8.0,,
1013,832,1,73,1,2019,4,2019-04-28,sainz,SAI,Carlos,Sainz,Spanish,mclaren,McLaren,British,Baku City Circuit,Azerbaijan Grand Prix,Baku,Azerbaijan,-7,6.003,306.153,False,high_speed,51,5596768,7,6.0,,
1013,846,1,73,1,2019,4,2019-04-28,norris,NOR,Lando,Norris,British,mclaren,McLaren,British,Baku City Circuit,Azerbaijan Grand Prix,Baku,Azerbaijan,-7,6.003,306.153,False,high_speed,51,5613210,8,4.0,,
1013,840,211,73,1,2019,4,2019-04-28,stroll,STR,Lance,Stroll,Canadian,racing_point,Racing Point,British,Baku City Circuit,Azerbaijan Grand Prix,Baku,Azerbaijan,-7,6.003,306.153,False,high_speed,51,5616758,9,2.0,,
1013,8,51,73,11,2019,4,2019-04-28,raikkonen,RAI,Kimi,Räikkönen,Finnish,alfa,Alfa Romeo,Swiss,Baku City Circuit,Azerbaijan Grand Prix,Baku,Azerbaijan,-7,6.003,306.153,False,high_speed,50,\N,10,1.0,,
1013,848,5,73,11,2019,4,2019-04-28,albon,ALB,Alexander,Albon,Thai,toro_rosso,Toro Rosso,Italian,Baku City Circuit,Azerbaijan Grand Prix,Baku,Azerbaijan,-7,6.003,306.153,False,high_speed,50,\N,11,0.0,,
1013,841,51,73,11,2019,4,2019-04-28,giovinazzi,GIO,Antonio,Giovinazzi,Italian,alfa,Alfa Romeo,Swiss,Baku City Circuit,Azerbaijan Grand Prix,Baku,Azerbaijan,-7,6.003,306.153,False,high_speed,50,\N,12,0.0,,
1013,825,210,73,11,2019,4,2019-04-28,kevin_magnussen,MAG,Kevin,Magnussen,Danish,haas,Haas F1 Team,American,Baku City Circuit,Azerbaijan Grand Prix,Baku,Azerbaijan,-7,6.003,306.153,False,high_speed,50,\N,13,0.0,,
1013,807,4,73,11,2019,4,2019-04-28,hulkenberg,HUL,Nico,Hülkenberg,German,renault,Renault,French,Baku City Circuit,Azerbaijan Grand Prix,Baku,Azerbaijan,-7,6.003,306.153,False,high_speed,50,\N,14,0.0,,
1013,847,3,73,12,2019,4,2019-04-28,russell,RUS,George,Russell,British,williams,Williams,British,Baku City Circuit,Azerbaijan Grand Prix,Baku,Azerbaijan,-7,6.003,306.153,False,high_speed,49,\N,15,0.0,,
1013,9,3,73,12,2019,4,2019-04-28,kubica,KUB,Robert,Kubica,Polish,williams,Williams,British,Baku City Circuit,Azerbaijan Grand Prix,Baku,Azerbaijan,-7,6.003,306.153,False,high_speed,49,\N,16,0.0,,
1013,842,9,73,7,2019,4,2019-04-28,gasly,GAS,Pierre,Gasly,French,red_bull,Red Bull,Austrian,Baku City Circuit,Azerbaijan Grand Prix,Baku,Azerbaijan,-7,6.003,306.153,False,high_speed,38,\N,\N,0.0,,
1013,154,210,73,23,2019,4,2019-04-28,grosjean,GRO,Romain,Grosjean,French,haas,Haas F1 Team,American,Baku City Circuit,Azerbaijan Grand Prix,Baku,Azerbaijan,-7,6.003,306.153,False,high_speed,38,\N,\N,0.0,,
1013,826,5,73,4,2019,4,2019-04-28,kvyat,KVY,Daniil,Kvyat,Russian,toro_rosso,Toro Rosso,Italian,Baku City Circuit,Azerbaijan Grand Prix,Baku,Azerbaijan,-7,6.003,306.153,False,high_speed,33,\N,\N,0.0,,
1013,817,4,73,4,2019,4,2019-04-28,ricciardo,RIC,Daniel,Ricciardo,Australian,renault,Renault,French,Baku City Circuit,Azerbaijan Grand Prix,Baku,Azerbaijan,-7,6.003,306.153,False,high_speed,31,\N,\N,0.0,,
1014,1,131,4,1,2019,5,2019-05-12,hamilton,HAM,Lewis,Hamilton,British,mercedes,Mercedes,German,Circuit de Barcelona-Catalunya,Spanish Grand Prix,Montmeló,Spain,109,4.657,307.362,False,balanced,66,5750443,1,26.0,,
1014,822,131,4,1,2019,5,2019-05-12,bottas,BOT,Valtteri,Bottas,Finnish,mercedes,Mercedes,German,Circuit de Barcelona-Catalunya,Spanish Grand Prix,Montmeló,Spain,109,4.657,307.362,False,balanced,66,5754517,2,18.0,,
1014,830,9,4,1,2019,5,2019-05-12,max_verstappen,VER,Max,Verstappen,Dutch,red_bull,Red Bull,Austrian,Circuit de Barcelona-Catalunya,Spanish Grand Prix,Montmeló,Spain,109,4.657,307.362,False,balanced,66,5758122,3,15.0,,
1014,20,6,4,1,2019,5,2019-05-12,vettel,VET,Sebastian,Vettel,German,ferrari,Ferrari,Italian,Circuit de Barcelona-Catalunya,Spanish Grand Prix,Montmeló,Spain,109,4.657,307.362,False,balanced,66,5759610,4,12.0,,
1014,844,6,4,1,2019,5,2019-05-12,leclerc,LEC,Charles,Leclerc,Monegasque,ferrari,Ferrari,Italian,Circuit de Barcelona-Catalunya,Spanish Grand Prix,Montmeló,Spain,109,4.657,307.362,False,balanced,66,5763804,5,10.0,,
1014,842,9,4,1,2019,5,2019-05-12,gasly,GAS,Pierre,Gasly,French,red_bull,Red Bull,Austrian,Circuit de Barcelona-Catalunya,Spanish Grand Prix,Montmeló,Spain,109,4.657,307.362,False,balanced,66,5770019,6,8.0,,
1014,825,210,4,1,2019,5,2019-05-12,kevin_magnussen,MAG,Kevin,Magnussen,Danish,haas,Haas F1 Team,American,Circuit de Barcelona-Catalunya,Spanish Grand Prix,Montmeló,Spain,109,4.657,307.362,False,balanced,66,5778602,7,6.0,,
1014,832,1,4,1,2019,5,2019-05-12,sainz,SAI,Carlos,Sainz,Spanish,mclaren,McLaren,British,Circuit de Barcelona-Catalunya,Spanish Grand Prix,Montmeló,Spain,109,4.657,307.362,False,balanced,66,5782785,8,4.0,,
1014,826,5,4,1,2019,5,2019-05-12,kvyat,KVY,Daniil,Kvyat,Russian,toro_rosso,Toro Rosso,Italian,Circuit de Barcelona-Catalunya,Spanish Grand Prix,Montmeló,Spain,109,4.657,307.362,False,balanced,66,5783499,9,2.0,,
1014,154,210,4,1,2019,5,2019-05-12,grosjean,GRO,Romain,Grosjean,French,haas,Haas F1 Team,American,Circuit de Barcelona-Catalunya,Spanish Grand Prix,Montmeló,Spain,109,4.657,307.362,False,balanced,66,5785084,10,1.0,,
1014,848,5,4,1,2019,5,2019-05-12,albon,ALB,Alexander,Albon,Thai,toro_rosso,Toro Rosso,Italian,Circuit de Barcelona-Catalunya,Spanish Grand Prix,Montmeló,Spain,109,4.657,307.362,False,balanced,66,5785888,11,0.0,,
1014,817,4,4,1,2019,5,2019-05-12,ricciardo,RIC,Daniel,Ricciardo,Australian,renault,Renault,French,Circuit de Barcelona-Catalunya,Spanish Grand Prix,Montmeló,Spain,109,4.657,307.362,False,balanced,66,5787201,12,0.0,,
1014,807,4,4,1,2019,5,2019-05-12,hulkenberg,HUL,Nico,Hülkenberg,German,renault,Renault,French,Circuit de Barcelona-Catalunya,Spanish Grand Prix,Montmeló,Spain,109,4.657,307.362,False,balanced,66,5789684,13,0.0,,
1014,8,51,4,1,2019,5,2019-05-12,raikkonen,RAI,Kimi,Räikkönen,Finnish,alfa,Alfa Romeo,Swiss,Circuit de Barcelona-Catalunya,Spanish Grand Prix,Montmeló,Spain,109,4.657,307.362,False,balanced,66,5792246,14,0.0,,
1014,815,211,4,1,2019,5,2019-05-12,perez,PER,Sergio,Pérez,Mexican,racing_point,Racing Point,British,Circuit de Barcelona-Catalunya,Spanish Grand Prix,Montmeló,Spain,109,4.657,307.362,False,balanced,66,5797320,15,0.0,,
1014,841,51,4,1,2019,5,2019-05-12,giovinazzi,GIO,Antonio,Giovinazzi,Italian,alfa,Alfa Romeo,Swiss,Circuit de Barcelona-Catalunya,Spanish Grand Prix,Montmeló,Spain,109,4.657,307.362,False,balanced,66,5798134,16,0.0,,
1014,847,3,4,11,2019,5,2019-05-12,russell,RUS,George,Russell,British,williams,Williams,British,Circuit de Barcelona-Catalunya,Spanish Grand Prix,Montmeló,Spain,109,4.657,307.362,False,balanced,65,\N,17,0.0,,
1014,9,3,4,11,2019,5,2019-05-12,kubica,KUB,Robert,Kubica,Polish,williams,Williams,British,Circuit de Barcelona-Catalunya,Spanish Grand Prix,Montmeló,Spain,109,4.657,307.362,False,balanced,65,\N,18,0.0,,
1014,840,211,4,4,2019,5,2019-05-12,stroll,STR,Lance,Stroll,Canadian,racing_point,Racing Point,British,Circuit de Barcelona-Catalunya,Spanish Grand Prix,Montmeló,Spain,109,4.657,307.362,False,balanced,44,\N,\N,0.0,,
1014,846,1,4,4,2019,5,2019-05-12,norris,NOR,Lando,Norris,British,mclaren,McLaren,British,Circuit de Barcelona-Catalunya,Spanish Grand Prix,Montmeló,Spain,109,4.657,307.362,False,balanced,44,\N,\N,0.0,,
1015,1,131,6,1,2019,6,2019-05-26,hamilton,HAM,Lewis,Hamilton,British,mercedes,Mercedes,German,Circuit de Monaco,Monaco Grand Prix,Monte-Carlo,Monaco,7,3.337,260.286,False,technical,78,6208437,1,25.0,,
1015,20,6,6,1,2019,6,2019-05-26,vettel,VET,Sebastian,Vettel,German,ferrari,Ferrari,Italian,Circuit de Monaco,Monaco Grand Prix,Monte-Carlo,Monaco,7,3.337,260.286,False,technical,78,6211039,2,18.0,,
1015,822,131,6,1,2019,6,2019-05-26,bottas,BOT,Valtteri,Bottas,Finnish,mercedes,Mercedes,German,Circuit de Monaco,Monaco Grand Prix,Monte-Carlo,Monaco,7,3.337,260.286,False,technical,78,6211599,3,15.0,,
1015,830,9,6,1,2019,6,2019-05-26,max_verstappen,VER,Max,Verstappen,Dutch,red_bull,Red Bull,Austrian,Circuit de Monaco,Monaco Grand Prix,Monte-Carlo,Monaco,7,3.337,260.286,False,technical,78,6213974,4,12.0,,
1015,842,9,6,1,2019,6,2019-05-26,gasly,GAS,Pierre,Gasly,French,red_bull,Red Bull,Austrian,Circuit de Monaco,Monaco Grand Prix,Monte-Carlo,Monaco,7,3.337,260.286,False,technical,78,6218383,5,11.0,,
1015,832,1,6,1,2019,6,2019-05-26,sainz,SAI,Carlos,Sainz,Spanish,mclaren,McLaren,British,Circuit de Monaco,Monaco Grand Prix,Monte-Carlo,Monaco,7,3.337,260.286,False,technical,78,6261891,6,8.0,,
1015,826,5,6,1,2019,6,2019-05-26,kvyat,KVY,Daniil,Kvyat,Russian,toro_rosso,Toro Rosso,Italian,Circuit de Monaco,Monaco Grand Prix,Monte-Carlo,Monaco,7,3.337,260.286,False,technical,78,6263011,7,6.0,,
1015,848,5,6,1,2019,6,2019-05-26,albon,ALB,Alexander,Albon,Thai,toro_rosso,Toro Rosso,Italian,Circuit de Monaco,Monaco Grand Prix,Monte-Carlo,Monaco,7,3.337,260.286,False,technical,78,6263637,8,4.0,,
1015,817,4,6,1,2019,6,2019-05-26,ricciardo,RIC,Daniel,Ricciardo,Australian,renault,Renault,French,Circuit de Monaco,Monaco Grand Prix,Monte-Carlo,Monaco,7,3.337,260.286,False,technical,78,6269331,9,2.0,,
1015,154,210,6,1,2019,6,2019-05-26,grosjean,GRO,Romain,Grosjean,French,haas,Haas F1 Team,American,Circuit de Monaco,Monaco Grand Prix,Monte-Carlo,Monaco,7,3.337,260.286,False,technical,78,6269471,10,1.0,,
1015,846,1,6,1,2019,6,2019-05-26,norris,NOR,Lando,Norris,British,mclaren,McLaren,British,Circuit de Monaco,Monaco Grand Prix,Monte-Carlo,Monaco,7,3.337,260.286,False,technical,78,6275238,11,0.0,,
1015,825,210,6,11,2019,6,2019-05-26,kevin_magnussen,MAG,Kevin,Magnussen,Danish,haas,Haas F1 Team,American,Circuit de Monaco,Monaco Grand Prix,Monte-Carlo,Monaco,7,3.337,260.286,False,technical,77,\N,14,0.0,,
1015,815,211,6,11,2019,6,2019-05-26,perez,PER,Sergio,Pérez,Mexican,racing_point,Racing Point,British,Circuit de Monaco,Monaco Grand Prix,Monte-Carlo,Monaco,7,3.337,260.286,False,technical,77,\N,12,0.0,,
1015,807,4,6,11,2019,6,2019-05-26,hulkenberg,HUL,Nico,Hülkenberg,German,renault,Renault,French,Circuit de Monaco,Monaco Grand Prix,Monte-Carlo,Monaco,7,3.337,260.286,False,technical,77,\N,13,0.0,,
1015,847,3,6,11,2019,6,2019-05-26,russell,RUS,George,Russell,British,williams,Williams,British,Circuit de Monaco,Monaco Grand Prix,Monte-Carlo,Monaco,7,3.337,260.286,False,technical,77,\N,15,0.0,,
1015,840,211,6,11,2019,6,2019-05-26,stroll,STR,Lance,Stroll,Canadian,racing_point,Racing Point,British,Circuit de Monaco,Monaco Grand Prix,Monte-Carlo,Monaco,7,3.337,260.286,False,technical,77,\N,16,0.0,,
1015,8,51,6,11,2019,6,2019-05-26,raikkonen,RAI,Kimi,Räikkönen,Finnish,alfa,Alfa Romeo,Swiss,Circuit de Monaco,Monaco Grand Prix,Monte-Carlo,Monaco,7,3.337,260.286,False,technical,77,\N,17,0.0,,
1015,9,3,6,11,2019,6,2019-05-26,kubica,KUB,Robert,Kubica,Polish,williams,Williams,British,Circuit de Monaco,Monaco Grand Prix,Monte-Carlo,Monaco,7,3.337,260.286,False,technical,77,\N,18,0.0,,
1015,841,51,6,12,2019,6,2019-05-26,giovinazzi,GIO,Antonio,Giovinazzi,Italian,alfa,Alfa Romeo,Swiss,Circuit de Monaco,Monaco Grand Prix,Monte-Carlo,Monaco,7,3.337,260.286,False,technical,76,\N,19,0.0,,
1015,844,6,6,4,2019,6,2019-05-26,leclerc,LEC,Charles,Leclerc,Monegasque,ferrari,Ferrari,Italian,Circuit de Monaco,Monaco Grand Prix,Monte-Carlo,Monaco,7,3.337,260.286,False,technical,16,\N,\N,0.0,,
1016,1,131,7,1,2019,7,2019-06-09,hamilton,HAM,Lewis,Hamilton,British,mercedes,Mercedes,German,Circuit Gilles Villeneuve,Canadian Grand Prix,Montreal,Canada,13,4.361,305.27,False,balanced,70,5347084,1,25.0,,
1016,20,6,7,1,2019,7,2019-06-09,vettel,VET,Sebastian,Vettel,German,ferrari,Ferrari,Italian,Circuit Gilles Villeneuve,Canadian Grand Prix,Montreal,Canada,13,4.361,305.27,False,balanced,70,5350742,2,18.0,,
1016,844,6,7,1,2019,7,2019-06-09,leclerc,LEC,Charles,Leclerc,Monegasque,ferrari,Ferrari,Italian,Circuit Gilles Villeneuve,Canadian Grand Prix,Montreal,Canada,13,4.361,305.27,False,balanced,70,5351780,3,15.0,,
1016,822,131,7,1,2019,7,2019-06-09,bottas,BOT,Valtteri,Bottas,Finnish,mercedes,Mercedes,German,Circuit Gilles Villeneuve,Canadian Grand Prix,Montreal,Canada,13,4.361,305.27,False,balanced,70,5398127,4,13.0,,
1016,830,9,7,1,2019,7,2019-06-09,max_verstappen,VER,Max,Verstappen,Dutch,red_bull,Red Bull,Austrian,Circuit Gilles Villeneuve,Canadian Grand Prix,Montreal,Canada,13,4.361,305.27,False,balanced,70,5404739,5,10.0,,
1016,817,4,7,11,2019,7,2019-06-09,ricciardo,RIC,Daniel,Ricciardo,Australian,renault,Renault,French,Circuit Gilles Villeneuve,Canadian Grand Prix,Montreal,Canada,13,4.361,305.27,False,balanced,69,\N,6,8.0,,
1016,807,4,7,11,2019,7,2019-06-09,hulkenberg,HUL,Nico,Hülkenberg,German,renault,Renault,French,Circuit Gilles Villeneuve,Canadian Grand Prix,Montreal,Canada,13,4.361,305.27,False,balanced,69,\N,7,6.0,,
1016,842,9,7,11,2019,7,2019-06-09,gasly,GAS,Pierre,Gasly,French,red_bull,Red Bull,Austrian,Circuit Gilles Villeneuve,Canadian Grand Prix,Montreal,Canada,13,4.361,305.27,False,balanced,69,\N,8,4.0,,
1016,840,211,7,11,2019,7,2019-06-09,stroll,STR,Lance,Stroll,Canadian,racing_point,Racing Point,British,Circuit Gilles Villeneuve,Canadian Grand Prix,Montreal,Canada,13,4.361,305.27,False,balanced,69,\N,9,2.0,,
1016,826,5,7,11,2019,7,2019-06-09,kvyat,KVY,Daniil,Kvyat,Russian,toro_rosso,Toro Rosso,Italian,Circuit Gilles Villeneuve,Canadian Grand Prix,Montreal,Canada,13,4.361,305.27,False,balanced,69,\N,10,1.0,,
1016,832,1,7,11,2019,7,2019-06-09,sainz,SAI,Carlos,Sainz,Spanish,mclaren,McLaren,British,Circuit Gilles Villeneuve,Canadian Grand Prix,Montreal,Canada,13,4.361,305.27,False,balanced,69,\N,11,0.0,,
1016,815,211,7,11,2019,7,2019-06-09,perez,PER,Sergio,Pérez,Mexican,racing_point,Racing Point,British,Circuit Gilles Villeneuve,Canadian Grand Prix,Montreal,Canada,13,4.361,305.27,False,balanced,69,\N,12,0.0,,
1016,841,51,7,11,2019,7,2019-06-09,giovinazzi,GIO,Antonio,Giovinazzi,Italian,alfa,Alfa Romeo,Swiss,Circuit Gilles Villeneuve,Canadian Grand Prix,Montreal,Canada,13,4.361,305.27,False,balanced,69,\N,13,0.0,,
1016,154,210,7,11,2019,7,2019-06-09,grosjean,GRO,Romain,Grosjean,French,haas,Haas F1 Team,American,Circuit Gilles Villeneuve,Canadian Grand Prix,Montreal,Canada,13,4.361,305.27,False,balanced,69,\N,14,0.0,,
1016,8,51,7,11,2019,7,2019-06-09,raikkonen,RAI,Kimi,Räikkönen,Finnish,alfa,Alfa Romeo,Swiss,Circuit Gilles Villeneuve,Canadian Grand Prix,Montreal,Canada,13,4.361,305.27,False,balanced,69,\N,15,0.0,,
1016,847,3,7,12,2019,7,2019-06-09,russell,RUS,George,Russell,British,williams,Williams,British,Circuit Gilles Villeneuve,Canadian Grand Prix,Montreal,Canada,13,4.361,305.27,False,balanced,68,\N,16,0.0,,
1016,825,210,7,12,2019,7,2019-06-09,kevin_magnussen,MAG,Kevin,Magnussen,Danish,haas,Haas F1 Team,American,Circuit Gilles Villeneuve,Canadian Grand Prix,Montreal,Canada,13,4.361,305.27,False,balanced,68,\N,17,0.0,,
1016,9,3,7,13,2019,7,2019-06-09,kubica,KUB,Robert,Kubica,Polish,williams,Williams,British,Circuit Gilles Villeneuve,Canadian Grand Prix,Montreal,Canada,13,4.361,305.27,False,balanced,67,\N,18,0.0,,
1016,848,5,7,130,2019,7,2019-06-09,albon,ALB,Alexander,Albon,Thai,toro_rosso,Toro Rosso,Italian,Circuit Gilles Villeneuve,Canadian Grand Prix,Montreal,Canada,13,4.361,305.27,False,balanced,59,\N,\N,0.0,,
1016,846,1,7,22,2019,7,2019-06-09,norris,NOR,Lando,Norris,British,mclaren,McLaren,British,Circuit Gilles Villeneuve,Canadian Grand Prix,Montreal,Canada,13,4.361,305.27,False,balanced,8,\N,\N,0.0,,
1017,1,131,34,1,2019,8,2019-06-23,hamilton,HAM,Lewis,Hamilton,British,mercedes,Mercedes,German,Circuit Paul Ricard,French Grand Prix,Le Castellet,France,432,5.842,309.626,False,balanced,53,5071198,1,25.0,,
1017,822,131,34,1,2019,8,2019-06-23,bottas,BOT,Valtteri,Bottas,Finnish,mercedes,Mercedes,German,Circuit Paul Ricard,French Grand Prix,Le Castellet,France,432,5.842,309.626,False,balanced,53,5089254,2,18.0,,
1017,844,6,34,1,2019,8,2019-06-23,leclerc,LEC,Charles,Leclerc,Monegasque,ferrari,Ferrari,Italian,Circuit Paul Ricard,French Grand Prix,Le Castellet,France,432,5.842,309.626,False,balanced,53,5090183,3,15.0,,
1017,830,9,34,1,2019,8,2019-06-23,max_verstappen,VER,Max,Verstappen,Dutch,red_bull,Red Bull,Austrian,Circuit Paul Ricard,French Grand Prix,Le Castellet,France,432,5.842,309.626,False,balanced,53,5106103,4,12.0,,
1017,20,6,34,1,2019,8,2019-06-23,vettel,VET,Sebastian,Vettel,German,ferrari,Ferrari,Italian,Circuit Paul Ricard,French Grand Prix,Le Castellet,France,432,5.842,309.626,False,balanced,53,5133994,5,11.0,,
1017,832,1,34,1,2019,8,2019-06-23,sainz,SAI,Carlos,Sainz,Spanish,mclaren,McLaren,British,Circuit Paul Ricard,French Grand Prix,Le Castellet,France,432,5.842,309.626,False,balanced,53,5166660,6,8.0,,
1017,8,51,34,11,2019,8,2019-06-23,raikkonen,RAI,Kimi,Räikkönen,Finnish,alfa,Alfa Romeo,Swiss,Circuit Paul Ricard,French Grand Prix,Le Castellet,France,432,5.842,309.626,False,balanced,52,\N,7,6.0,,
1017,807,4,34,11,2019,8,2019-06-23,hulkenberg,HUL,Nico,Hülkenberg,German,renault,Renault,French,Circuit Paul Ricard,French Grand Prix,Le Castellet,France,432,5.842,309.626,False,balanced,52,\N,8,4.0,,
1017,846,1,34,11,2019,8,2019-06-23,norris,NOR,Lando,Norris,British,mclaren,McLaren,British,Circuit Paul Ricard,French Grand Prix,Le Castellet,France,432,5.842,309.626,False,balanced,52,\N,9,2.0,,
1017,842,9,34,11,2019,8,2019-06-23,gasly,GAS,Pierre,Gasly,French,red_bull,Red Bull,Austrian,Circuit Paul Ricard,French Grand Prix,Le Castellet,France,432,5.842,309.626,False,balanced,52,\N,10,1.0,,
1017,817,4,34,11,2019,8,2019-06-23,ricciardo,RIC,Daniel,Ricciardo,Australian,renault,Renault,French,Circuit Paul Ricard,French Grand Prix,Le Castellet,France,432,5.842,309.626,False,balanced,52,\N,11,0.0,,
1017,815,211,34,11,2019,8,2019-06-23,perez,PER,Sergio,Pérez,Mexican,racing_point,Racing Point,British,Circuit Paul Ricard,French Grand Prix,Le Castellet,France,432,5.842,309.626,False,balanced,52,\N,12,0.0,,
1017,840,211,34,11,2019,8,2019-06-23,stroll,STR,Lance,Stroll,Canadian,racing_point,Racing Point,British,Circuit Paul Ricard,French Grand Prix,Le Castellet,France,432,5.842,309.626,False,balanced,52,\N,13,0.0,,
1017,826,5,34,11,2019,8,2019-06-23,kvyat,KVY,Daniil,Kvyat,Russian,toro_rosso,Toro Rosso,Italian,Circuit Paul Ricard,French Grand Prix,Le Castellet,France,432,5.842,309.626,False,balanced,52,\N,14,0.0,,
1017,848,5,34,11,2019,8,2019-06-23,albon,ALB,Alexander,Albon,Thai,toro_rosso,Toro Rosso,Italian,Circuit Paul Ricard,French Grand Prix,Le Castellet,France,432,5.842,309.626,False,balanced,52,\N,15,0.0,,
1017,841,51,34,11,2019,8,2019-06-23,giovinazzi,GIO,Antonio,Giovinazzi,Italian,alfa,Alfa Romeo,Swiss,Circuit Paul Ricard,French Grand Prix,Le Castellet,France,432,5.842,309.626,False,balanced,52,\N,16,0.0,,
1017,825,210,34,11,2019,8,2019-06-23,kevin_magnussen,MAG,Kevin,Magnussen,Danish,haas,Haas F1 Team,American,Circuit Paul Ricard,French Grand Prix,Le Castellet,France,432,5.842,309.626,False,balanced,52,\N,17,0.0,,
1017,9,3,34,12,2019,8,2019-06-23,kubica,KUB,Robert,Kubica,Polish,williams,Williams,British,Circuit Paul Ricard,French Grand Prix,Le Castellet,France,432,5.842,309.626,False,balanced,51,\N,18,0.0,,
1017,847,3,34,12,2019,8,2019-06-23,russell,RUS,George,Russell,British,williams,Williams,British,Circuit Paul Ricard,French Grand Prix,Le Castellet,France,432,5.842,309.626,False,balanced,51,\N,19,0.0,,
1017,154,210,34,31,2019,8,2019-06-23,grosjean,GRO,Romain,Grosjean,French,haas,Haas F1 Team,American,Circuit Paul Ricard,French Grand Prix,Le Castellet,France,432,5.842,309.626,False,balanced,44,\N,20,0.0,,
1018,830,9,70,1,2019,9,2019-06-30,max_verstappen,VER,Max,Verstappen,Dutch,red_bull,Red Bull,Austrian,Red Bull Ring,Austrian Grand Prix,Spielberg,Austria,678,4.326,307.146,False,high_speed,71,4921822,1,26.0,,
1018,844,6,70,1,2019,9,2019-06-30,leclerc,LEC,Charles,Leclerc,Monegasque,ferrari,Ferrari,Italian,Red Bull Ring,Austrian Grand Prix,Spielberg,Austria,678,4.326,307.146,False,high_speed,71,4924546,2,18.0,,
1018,822,131,70,1,2019,9,2019-06-30,bottas,BOT,Valtteri,Bottas,Finnish,mercedes,Mercedes,German,Red Bull Ring,Austrian Grand Prix,Spielberg,Austria,678,4.326,307.146,False,high_speed,71,4940782,3,15.0,,
1018,20,6,70,1,2019,9,2019-06-30,vettel,VET,Sebastian,Vettel,German,ferrari,Ferrari,Italian,Red Bull Ring,Austrian Grand Prix,Spielberg,Austria,678,4.326,307.146,False,high_speed,71,4941432,4,12.0,,
1018,1,131,70,1,2019,9,2019-06-30,hamilton,HAM,Lewis,Hamilton,British,mercedes,Mercedes,German,Red Bull Ring,Austrian Grand Prix,Spielberg,Austria,678,4.326,307.146,False,high_speed,71,4944627,5,10.0,,
1018,846,1,70,11,2019,9,2019-06-30,norris,NOR,Lando,Norris,British,mclaren,McLaren,British,Red Bull Ring,Austrian Grand Prix,Spielberg,Austria,678,4.326,307.146,False,high_speed,70,\N,6,8.0,,
1018,842,9,70,11,2019,9,2019-06-30,gasly,GAS,Pierre,Gasly,French,red_bull,Red Bull,Austrian,Red Bull Ring,Austrian Grand Prix,Spielberg,Austria,678,4.326,307.146,False,high_speed,70,\N,7,6.0,,
1018,832,1,70,11,2019,9,2019-06-30,sainz,SAI,Carlos,Sainz,Spanish,mclaren,McLaren,British,Red Bull Ring,Austrian Grand Prix,Spielberg,Austria,678,4.326,307.146,False,high_speed,70,\N,8,4.0,,
1018,8,51,70,11,2019,9,2019-06-30,raikkonen,RAI,Kimi,Räikkönen,Finnish,alfa,Alfa Romeo,Swiss,Red Bull Ring,Austrian Grand Prix,Spielberg,Austria,678,4.326,307.146,False,high_speed,70,\N,9,2.0,,
1018,841,51,70,11,2019,9,2019-06-30,giovinazzi,GIO,Antonio,Giovinazzi,Italian,alfa,Alfa Romeo,Swiss,Red Bull Ring,Austrian Grand Prix,Spielberg,Austria,678,4.326,307.146,False,high_speed,70,\N,10,1.0,,
1018,815,211,70,11,2019,9,2019-06-30,perez,PER,Sergio,Pérez,Mexican,racing_point,Racing Point,British,Red Bull Ring,Austrian Grand Prix,Spielberg,Austria,678,4.326,307.146,False,high_speed,70,\N,11,0.0,,
1018,817,4,70,11,2019,9,2019-06-30,ricciardo,RIC,Daniel,Ricciardo,Australian,renault,Renault,French,Red Bull Ring,Austrian Grand Prix,Spielberg,Austria,678,4.326,307.146,False,high_speed,70,\N,12,0.0,,
1018,807,4,70,11,2019,9,2019-06-30,hulkenberg,HUL,Nico,Hülkenberg,German,renault,Renault,French,Red Bull Ring,Austrian Grand Prix,Spielberg,Austria,678,4.326,307.146,False,high_speed,70,\N,13,0.0,,
1018,840,211,70,11,2019,9,2019-06-30,stroll,STR,Lance,Stroll,Canadian,racing_point,Racing Point,British,Red Bull Ring,Austrian Grand Prix,Spielberg,Austria,678,4.326,307.146,False,high_speed,70,\N,14,0.0,,
1018,848,5,70,11,2019,9,2019-06-30,albon,ALB,Alexander,Albon,Thai,toro_rosso,Toro Rosso,Italian,Red Bull Ring,Austrian Grand Prix,Spielberg,Austria,678,4.326,307.146,False,high_speed,70,\N,15,0.0,,
1018,154,210,70,11,2019,9,2019-06-30,grosjean,GRO,Romain,Grosjean,French,haas,Haas F1 Team,American,Red Bull Ring,Austrian Grand Prix,Spielberg,Austria,678,4.326,307.146,False,high_speed,70,\N,16,0.0,,
1018,826,5,70,11,2019,9,2019-06-30,kvyat,KVY,Daniil,Kvyat,Russian,toro_rosso,Toro Rosso,Italian,Red Bull Ring,Austrian Grand Prix,Spielberg,Austria,678,4.326,307.146,False,high_speed,70,\N,17,0.0,,
1018,847,3,70,12,2019,9,2019-06-30,russell,RUS,George,Russell,British,williams,Williams,British,Red Bull Ring,Austrian Grand Prix,Spielberg,Austria,678,4.326,307.146,False,high_speed,69,\N,18,0.0,,
1018,825,210,70,12,2019,9,2019-06-30,kevin_magnussen,MAG,Kevin,Magnussen,Danish,haas,Haas F1 Team,American,Red Bull Ring,Austrian Grand Prix,Spielberg,Austria,678,4.326,307.146,False,high_speed,69,\N,19,0.0,,
1018,9,3,70,13,2019,9,2019-06-30,kubica,KUB,Robert,Kubica,Polish,williams,Williams,British,Red Bull Ring,Austrian Grand Prix,Spielberg,Austria,678,4.326,307.146,False,high_speed,68,\N,20,0.0,,
1019,1,131,9,1,2019,10,2019-07-14,hamilton,HAM,Lewis,Hamilton,British,mercedes,Mercedes,German,Silverstone Circuit,British Grand Prix,Silverstone,UK,153,5.891,306.332,False,high_speed,52,4868452,1,26.0,,
1019,822,131,9,1,2019,10,2019-07-14,bottas,BOT,Valtteri,Bottas,Finnish,mercedes,Mercedes,German,Silverstone Circuit,British Grand Prix,Silverstone,UK,153,5.891,306.332,False,high_speed,52,4893380,2,18.0,,
1019,844,6,9,1,2019,10,2019-07-14,leclerc,LEC,Charles,Leclerc,Monegasque,ferrari,Ferrari,Italian,Silverstone Circuit,British Grand Prix,Silverstone,UK,153,5.891,306.332,False,high_speed,52,4898569,3,15.0,,
1019,842,9,9,1,2019,10,2019-07-14,gasly,GAS,Pierre,Gasly,French,red_bull,Red Bull,Austrian,Silverstone Circuit,British Grand Prix,Silverstone,UK,153,5.891,306.332,False,high_speed,52,4903144,4,12.0,,
1019,830,9,9,1,2019,10,2019-07-14,max_verstappen,VER,Max,Verstappen,Dutch,red_bull,Red Bull,Austrian,Silverstone Circuit,British Grand Prix,Silverstone,UK,153,5.891,306.332,False,high_speed,52,4907910,5,10.0,,
1019,832,1,9,1,2019,10,2019-07-14,sainz,SAI,Carlos,Sainz,Spanish,mclaren,McLaren,British,Silverstone Circuit,British Grand Prix,Silverstone,UK,153,5.891,306.332,False,high_speed,52,4922091,6,8.0,,
1019,817,4,9,1,2019,10,2019-07-14,ricciardo,RIC,Daniel,Ricciardo,Australian,renault,Renault,French,Silverstone Circuit,British Grand Prix,Silverstone,UK,153,5.891,306.332,False,high_speed,52,4922853,7,6.0,,
1019,8,51,9,1,2019,10,2019-07-14,raikkonen,RAI,Kimi,Räikkönen,Finnish,alfa,Alfa Romeo,Swiss,Silverstone Circuit,British Grand Prix,Silverstone,UK,153,5.891,306.332,False,high_speed,52,4933992,8,4.0,,
1019,826,5,9,1,2019,10,2019-07-14,kvyat,KVY,Daniil,Kvyat,Russian,toro_rosso,Toro Rosso,Italian,Silverstone Circuit,British Grand Prix,Silverstone,UK,153,5.891,306.332,False,high_speed,52,4935172,9,2.0,,
1019,807,4,9,1,2019,10,2019-07-14,hulkenberg,HUL,Nico,Hülkenberg,German,renault,Renault,French,Silverstone Circuit,British Grand Prix,Silverstone,UK,153,5.891,306.332,False,high_speed,52,4941185,10,1.0,,
1019,846,1,9,1,2019,10,2019-07-14,norris,NOR,Lando,Norris,British,mclaren,McLaren,British,Silverstone Circuit,British Grand Prix,Silverstone,UK,153,5.891,306.332,False,high_speed,52,4942733,11,0.0,,
1019,848,5,9,1,2019,10,2019-07-14,albon,ALB,Alexander,Albon,Thai,toro_rosso,Toro Rosso,Italian,Silverstone Circuit,British Grand Prix,Silverstone,UK,153,5.891,306.332,False,high_speed,52,4944069,12,0.0,,
1019,840,211,9,1,2019,10,2019-07-14,stroll,STR,Lance,Stroll,Canadian,racing_point,Racing Point,British,Silverstone Circuit,British Grand Prix,Silverstone,UK,153,5.891,306.332,False,high_speed,52,4949538,13,0.0,,
1019,847,3,9,11,2019,10,2019-07-14,russell,RUS,George,Russell,British,williams,Williams,British,Silverstone Circuit,British Grand Prix,Silverstone,UK,153,5.891,306.332,False,high_speed,51,\N,14,0.0,,
1019,9,3,9,11,2019,10,2019-07-14,kubica,KUB,Robert,Kubica,Polish,williams,Williams,British,Silverstone Circuit,British Grand Prix,Silverstone,UK,153,5.891,306.332,False,high_speed,51,\N,15,0.0,,
1019,20,6,9,11,2019,10,2019-07-14,vettel,VET,Sebastian,Vettel,German,ferrari,Ferrari,Italian,Silverstone Circuit,British Grand Prix,Silverstone,UK,153,5.891,306.332,False,high_speed,51,\N,16,0.0,,
1019,815,211,9,11,2019,10,2019-07-14,perez,PER,Sergio,Pérez,Mexican,racing_point,Racing Point,British,Silverstone Circuit,British Grand Prix,Silverstone,UK,153,5.891,306.332,False,high_speed,51,\N,17,0.0,,
1019,841,51,9,20,2019,10,2019-07-14,giovinazzi,GIO,Antonio,Giovinazzi,Italian,alfa,Alfa Romeo,Swiss,Silverstone Circuit,British Grand Prix,Silverstone,UK,153,5.891,306.332,False,high_speed,18,\N,\N,0.0,,
1019,154,210,9,4,2019,10,2019-07-14,grosjean,GRO,Romain,Grosjean,French,haas,Haas F1 Team,American,Silverstone Circuit,British Grand Prix,Silverstone,UK,153,5.891,306.332,False,high_speed,9,\N,\N,0.0,,
1019,825,210,9,4,2019,10,2019-07-14,kevin_magnussen,MAG,Kevin,Magnussen,Danish,haas,Haas F1 Team,American,Silverstone Circuit,British Grand Prix,Silverstone,UK,153,5.891,306.332,False,high_speed,6,\N,\N,0.0,,
1020,830,9,10,1,2019,11,2019-07-28,max_verstappen,VER,Max,Verstappen,Dutch,red_bull,Red Bull,Austrian,Hockenheimring,German Grand Prix,Hockenheim,Germany,103,4.574,292.736,False,balanced,64,6271275,1,26.0,,
1020,20,6,10,1,2019,11,2019-07-28,vettel,VET,Sebastian,Vettel,German,ferrari,Ferrari,Italian,Hockenheimring,German Grand Prix,Hockenheim,Germany,103,4.574,292.736,False,balanced,64,6278608,2,18.0,,
1020,826,5,10,1,2019,11,2019-07-28,kvyat,KVY,Daniil,Kvyat,Russian,toro_rosso,Toro Rosso,Italian,Hockenheimring,German Grand Prix,Hockenheim,Germany,103,4.574,292.736,False,balanced,64,6279580,3,15.0,,
1020,840,211,10,1,2019,11,2019-07-28,stroll,STR,Lance,Stroll,Canadian,racing_point,Racing Point,British,Hockenheimring,German Grand Prix,Hockenheim,Germany,103,4.574,292.736,False,balanced,64,6280241,4,12.0,,
1020,832,1,10,1,2019,11,2019-07-28,sainz,SAI,Carlos,Sainz,Spanish,mclaren,McLaren,British,Hockenheimring,German Grand Prix,Hockenheim,Germany,103,4.574,292.736,False,balanced,64,6280858,5,10.0,,
1020,848,5,10,1,2019,11,2019-07-28,albon,ALB,Alexander,Albon,Thai,toro_rosso,Toro Rosso,Italian,Hockenheimring,German Grand Prix,Hockenheim,Germany,103,4.574,292.736,False,balanced,64,6281327,6,8.0,,
1020,154,210,10,1,2019,11,2019-07-28,grosjean,GRO,Romain,Grosjean,French,haas,Haas F1 Team,American,Hockenheimring,German Grand Prix,Hockenheim,Germany,103,4.574,292.736,False,balanced,64,6288113,7,6.0,,
1020,825,210,10,1,2019,11,2019-07-28,kevin_magnussen,MAG,Kevin,Magnussen,Danish,haas,Haas F1 Team,American,Hockenheimring,German Grand Prix,Hockenheim,Germany,103,4.574,292.736,False,balanced,64,6290040,8,4.0,,
1020,1,131,10,1,2019,11,2019-07-28,hamilton,HAM,Lewis,Hamilton,British,mercedes,Mercedes,German,Hockenheimring,German Grand Prix,Hockenheim,Germany,103,4.574,292.736,False,balanced,64,6290942,9,2.0,,
1020,9,3,10,1,2019,11,2019-07-28,kubica,KUB,Robert,Kubica,Polish,williams,Williams,British,Hockenheimring,German Grand Prix,Hockenheim,Germany,103,4.574,292.736,False,balanced,64,6296262,10,1.0,,
1020,847,3,10,1,2019,11,2019-07-28,russell,RUS,George,Russell,British,williams,Williams,British,Hockenheimring,German Grand Prix,Hockenheim,Germany,103,4.574,292.736,False,balanced,64,6297679,11,0.0,,
1020,8,51,10,1,2019,11,2019-07-28,raikkonen,RAI,Kimi,Räikkönen,Finnish,alfa,Alfa Romeo,Swiss,Hockenheimring,German Grand Prix,Hockenheim,Germany,103,4.574,292.736,False,balanced,64,6313489,12,0.0,,
1020,841,51,10,1,2019,11,2019-07-28,giovinazzi,GIO,Antonio,Giovinazzi,Italian,alfa,Alfa Romeo,Swiss,Hockenheimring,German Grand Prix,Hockenheim,Germany,103,4.574,292.736,False,balanced,64,6315124,13,0.0,,
1020,842,9,10,4,2019,11,2019-07-28,gasly,GAS,Pierre,Gasly,French,red_bull,Red Bull,Austrian,Hockenheimring,German Grand Prix,Hockenheim,Germany,103,4.574,292.736,False,balanced,61,\N,14,0.0,,
1020,822,131,10,3,2019,11,2019-07-28,bottas,BOT,Valtteri,Bottas,Finnish,mercedes,Mercedes,German,Hockenheimring,German Grand Prix,Hockenheim,Germany,103,4.574,292.736,False,balanced,56,\N,\N,0.0,,
1020,807,4,10,3,2019,11,2019-07-28,hulkenberg,HUL,Nico,Hülkenberg,German,renault,Renault,French,Hockenheimring,German Grand Prix,Hockenheim,Germany,103,4.574,292.736,False,balanced,39,\N,\N,0.0,,
1020,844,6,10,3,2019,11,2019-07-28,leclerc,LEC,Charles,Leclerc,Monegasque,ferrari,Ferrari,Italian,Hockenheimring,German Grand Prix,Hockenheim,Germany,103,4.574,292.736,False,balanced,27,\N,\N,0.0,,
1020,846,1,10,75,2019,11,2019-07-28,norris,NOR,Lando,Norris,British,mclaren,McLaren,British,Hockenheimring,German Grand Prix,Hockenheim,Germany,103,4.574,292.736,False,balanced,25,\N,\N,0.0,,
1020,817,4,10,43,2019,11,2019-07-28,ricciardo,RIC,Daniel,Ricciardo,Australian,renault,Renault,French,Hockenheimring,German Grand Prix,Hockenheim,Germany,103,4.574,292.736,False,balanced,13,\N,\N,0.0,,
1020,815,211,10,20,2019,11,2019-07-28,perez,PER,Sergio,Pérez,Mexican,racing_point,Racing Point,British,Hockenheimring,German Grand Prix,Hockenheim,Germany,103,4.574,292.736,False,balanced,1,\N,\N,0.0,,
1021,1,131,11,1,2019,12,2019-08-04,hamilton,HAM,Lewis,Hamilton,British,mercedes,Mercedes,German,Hungaroring,Hungarian Grand Prix,Budapest,Hungary,264,4.381,306.67,False,technical,70,5703796,1,25.0,,
1021,830,9,11,1,2019,12,2019-08-04,max_verstappen,VER,Max,Verstappen,Dutch,red_bull,Red Bull,Austrian,Hungaroring,Hungarian Grand Prix,Budapest,Hungary,264,4.381,306.67,False,technical,70,5721592,2,19.0,,
1021,20,6,11,1,2019,12,2019-08-04,vettel,VET,Sebastian,Vettel,German,ferrari,Ferrari,Italian,Hungaroring,Hungarian Grand Prix,Budapest,Hungary,264,4.381,306.67,False,technical,70,5765229,3,15.0,,
1021,844,6,11,1,2019,12,2019-08-04,leclerc,LEC,Charles,Leclerc,Monegasque,ferrari,Ferrari,Italian,Hungaroring,Hungarian Grand Prix,Budapest,Hungary,264,4.381,306.67,False,technical,70,5769046,4,12.0,,
1021,832,1,11,11,2019,12,2019-08-04,sainz,SAI,Carlos,Sainz,Spanish,mclaren,McLaren,British,Hungaroring,Hungarian Grand Prix,Budapest,Hungary,264,4.381,306.67,False,technical,69,\N,5,10.0,,
1021,842,9,11,11,2019,12,2019-08-04,gasly,GAS,Pierre,Gasly,French,red_bull,Red Bull,Austrian,Hungaroring,Hungarian Grand Prix,Budapest,Hungary,264,4.381,306.67,False,technical,69,\N,6,8.0,,
1021,8,51,11,11,2019,12,2019-08-04,raikkonen,RAI,Kimi,Räikkönen,Finnish,alfa,Alfa Romeo,Swiss,Hungaroring,Hungarian Grand Prix,Budapest,Hungary,264,4.381,306.67,False,technical,69,\N,7,6.0,,
1021,822,131,11,11,2019,12,2019-08-04,bottas,BOT,Valtteri,Bottas,Finnish,mercedes,Mercedes,German,Hungaroring,Hungarian Grand Prix,Budapest,Hungary,264,4.381,306.67,False,technical,69,\N,8,4.0,,
1021,846,1,11,11,2019,12,2019-08-04,norris,NOR,Lando,Norris,British,mclaren,McLaren,British,Hungaroring,Hungarian Grand Prix,Budapest,Hungary,264,4.381,306.67,False,technical,69,\N,9,2.0,,
1021,848,5,11,11,2019,12,2019-08-04,albon,ALB,Alexander,Albon,Thai,toro_rosso,Toro Rosso,Italian,Hungaroring,Hungarian Grand Prix,Budapest,Hungary,264,4.381,306.67,False,technical,69,\N,10,1.0,,
1021,815,211,11,11,2019,12,2019-08-04,perez,PER,Sergio,Pérez,Mexican,racing_point,Racing Point,British,Hungaroring,Hungarian Grand Prix,Budapest,Hungary,264,4.381,306.67,False,technical,69,\N,11,0.0,,
1021,807,4,11,11,2019,12,2019-08-04,hulkenberg,HUL,Nico,Hülkenberg,German,renault,Renault,French,Hungaroring,Hungarian Grand Prix,Budapest,Hungary,264,4.381,306.67,False,technical,69,\N,12,0.0,,
1021,825,210,11,11,2019,12,2019-08-04,kevin_magnussen,MAG,Kevin,Magnussen,Danish,haas,Haas F1 Team,American,Hungaroring,Hungarian Grand Prix,Budapest,Hungary,264,4.381,306.67,False,technical,69,\N,13,0.0,,
1021,817,4,11,11,2019,12,2019-08-04,ricciardo,RIC,Daniel,Ricciardo,Australian,renault,Renault,French,Hungaroring,Hungarian Grand Prix,Budapest,Hungary,264,4.381,306.67,False,technical,69,\N,14,0.0,,
1021,826,5,11,12,2019,12,2019-08-04,kvyat,KVY,Daniil,Kvyat,Russian,toro_rosso,Toro Rosso,Italian,Hungaroring,Hungarian Grand Prix,Budapest,Hungary,264,4.381,306.67,False,technical,68,\N,15,0.0,,
1021,847,3,11,12,2019,12,2019-08-04,russell,RUS,George,Russell,British,williams,Williams,British,Hungaroring,Hungarian Grand Prix,Budapest,Hungary,264,4.381,306.67,False,technical,68,\N,16,0.0,,
1021,840,211,11,12,2019,12,2019-08-04,stroll,STR,Lance,Stroll,Canadian,racing_point,Racing Point,British,Hungaroring,Hungarian Grand Prix,Budapest,Hungary,264,4.381,306.67,False,technical,68,\N,17,0.0,,
1021,841,51,11,12,2019,12,2019-08-04,giovinazzi,GIO,Antonio,Giovinazzi,Italian,alfa,Alfa Romeo,Swiss,Hungaroring,Hungarian Grand Prix,Budapest,Hungary,264,4.381,306.67,False,technical,68,\N,18,0.0,,
1021,9,3,11,13,2019,12,2019-08-04,kubica,KUB,Robert,Kubica,Polish,williams,Williams,British,Hungaroring,Hungarian Grand Prix,Budapest,Hungary,264,4.381,306.67,False,technical,67,\N,19,0.0,,
1021,154,210,11,34,2019,12,2019-08-04,grosjean,GRO,Romain,Grosjean,French,haas,Haas F1 Team,American,Hungaroring,Hungarian Grand Prix,Budapest,Hungary,264,4.381,306.67,False,technical,49,\N,\N,0.0,,
1022,844,6,13,1,2019,13,2019-09-01,leclerc,LEC,Charles,Leclerc,Monegasque,ferrari,Ferrari,Italian,Circuit de Spa-Francorchamps,Belgian Grand Prix,Spa,Belgium,401,7.004,308.176,False,high_speed,44,5025710,1,25.0,,
1022,1,131,13,1,2019,13,2019-09-01,hamilton,HAM,Lewis,Hamilton,British,mercedes,Mercedes,German,Circuit de Spa-Francorchamps,Belgian Grand Prix,Spa,Belgium,401,7.004,308.176,False,high_speed,44,5026691,2,18.0,,
1022,822,131,13,1,2019,13,2019-09-01,bottas,BOT,Valtteri,Bottas,Finnish,mercedes,Mercedes,German,Circuit de Spa-Francorchamps,Belgian Grand Prix,Spa,Belgium,401,7.004,308.176,False,high_speed,44,5038295,3,15.0,,
1022,20,6,13,1,2019,13,2019-09-01,vettel,VET,Sebastian,Vettel,German,ferrari,Ferrari,Italian,Circuit de Spa-Francorchamps,Belgian Grand Prix,Spa,Belgium,401,7.004,308.176,False,high_speed,44,5052132,4,13.0,,
1022,848,9,13,1,2019,13,2019-09-01,albon,ALB,Alexander,Albon,Thai,red_bull,Red Bull,Austrian,Circuit de Spa-Francorchamps,Belgian Grand Prix,Spa,Belgium,401,7.004,308.176,False,high_speed,44,5107035,5,10.0,,
1022,815,211,13,1,2019,13,2019-09-01,perez,PER,Sergio,Pérez,Mexican,racing_point,Racing Point,British,Circuit de Spa-Francorchamps,Belgian Grand Prix,Spa,Belgium,401,7.004,308.176,False,high_speed,44,5110158,6,8.0,,
1022,826,5,13,1,2019,13,2019-09-01,kvyat,KVY,Daniil,Kvyat,Russian,toro_rosso,Toro Rosso,Italian,Circuit de Spa-Francorchamps,Belgian Grand Prix,Spa,Belgium,401,7.004,308.176,False,high_speed,44,5115367,7,6.0,,
1022,807,4,13,1,2019,13,2019-09-01,hulkenberg,HUL,Nico,Hülkenberg,German,renault,Renault,French,Circuit de Spa-Francorchamps,Belgian Grand Prix,Spa,Belgium,401,7.004,308.176,False,high_speed,44,5132349,8,4.0,,
1022,842,5,13,1,2019,13,2019-09-01,gasly,GAS,Pierre,Gasly,French,toro_rosso,Toro Rosso,Italian,Circuit de Spa-Francorchamps,Belgian Grand Prix,Spa,Belgium,401,7.004,308.176,False,high_speed,44,5134878,9,2.0,,
1022,840,211,13,1,2019,13,2019-09-01,stroll,STR,Lance,Stroll,Canadian,racing_point,Racing Point,British,Circuit de Spa-Francorchamps,Belgian Grand Prix,Spa,Belgium,401,7.004,308.176,False,high_speed,44,5135548,10,1.0,,
1022,846,1,13,5,2019,13,2019-09-01,norris,NOR,Lando,Norris,British,mclaren,McLaren,British,Circuit de Spa-Francorchamps,Belgian Grand Prix,Spa,Belgium,401,7.004,308.176,False,high_speed,43,\N,11,0.0,,
1022,825,210,13,11,2019,13,2019-09-01,kevin_magnussen,MAG,Kevin,Magnussen,Danish,haas,Haas F1 Team,American,Circuit de Spa-Francorchamps,Belgian Grand Prix,Spa,Belgium,401,7.004,308.176,False,high_speed,43,\N,12,0.0,,
1022,154,210,13,11,2019,13,2019-09-01,grosjean,GRO,Romain,Grosjean,French,haas,Haas F1 Team,American,Circuit de Spa-Francorchamps,Belgian Grand Prix,Spa,Belgium,401,7.004,308.176,False,high_speed,43,\N,13,0.0,,
1022,817,4,13,11,2019,13,2019-09-01,ricciardo,RIC,Daniel,Ricciardo,Australian,renault,Renault,French,Circuit de Spa-Francorchamps,Belgian Grand Prix,Spa,Belgium,401,7.004,308.176,False,high_speed,43,\N,14,0.0,,
1022,847,3,13,11,2019,13,2019-09-01,russell,RUS,George,Russell,British,williams,Williams,British,Circuit de Spa-Francorchamps,Belgian Grand Prix,Spa,Belgium,401,7.004,308.176,False,high_speed,43,\N,15,0.0,,
1022,8,51,13,11,2019,13,2019-09-01,raikkonen,RAI,Kimi,Räikkönen,Finnish,alfa,Alfa Romeo,Swiss,Circuit de Spa-Francorchamps,Belgian Grand Prix,Spa,Belgium,401,7.004,308.176,False,high_speed,43,\N,16,0.0,,
1022,9,3,13,11,2019,13,2019-09-01,kubica,KUB,Robert,Kubica,Polish,williams,Williams,British,Circuit de Spa-Francorchamps,Belgian Grand Prix,Spa,Belgium,401,7.004,308.176,False,high_speed,43,\N,17,0.0,,
1022,841,51,13,3,2019,13,2019-09-01,giovinazzi,GIO,Antonio,Giovinazzi,Italian,alfa,Alfa Romeo,Swiss,Circuit de Spa-Francorchamps,Belgian Grand Prix,Spa,Belgium,401,7.004,308.176,False,high_speed,42,\N,18,0.0,,
1022,832,1,13,75,2019,13,2019-09-01,sainz,SAI,Carlos,Sainz,Spanish,mclaren,McLaren,British,Circuit de Spa-Francorchamps,Belgian Grand Prix,Spa,Belgium,401,7.004,308.176,False,high_speed,1,\N,\N,0.0,,
1022,830,9,13,3,2019,13,2019-09-01,max_verstappen,VER,Max,Verstappen,Dutch,red_bull,Red Bull,Austrian,Circuit de Spa-Francorchamps,Belgian Grand Prix,Spa,Belgium,401,7.004,308.176,False,high_speed,0,\N,\N,0.0,,
1023,844,6,14,1,2019,14,2019-09-08,leclerc,LEC,Charles,Leclerc,Monegasque,ferrari,Ferrari,Italian,Autodromo Nazionale di Monza,Italian Grand Prix,Monza,Italy,162,5.793,307.029,False,high_speed,53,4526665,1,25.0,,
1023,822,131,14,1,2019,14,2019-09-08,bottas,BOT,Valtteri,Bottas,Finnish,mercedes,Mercedes,German,Autodromo Nazionale di Monza,Italian Grand Prix,Monza,Italy,162,5.793,307.029,False,high_speed,53,4527500,2,18.0,,
1023,1,131,14,1,2019,14,2019-09-08,hamilton,HAM,Lewis,Hamilton,British,mercedes,Mercedes,German,Autodromo Nazionale di Monza,Italian Grand Prix,Monza,Italy,162,5.793,307.029,False,high_speed,53,4561864,3,16.0,,
1023,817,4,14,1,2019,14,2019-09-08,ricciardo,RIC,Daniel,Ricciardo,Australian,renault,Renault,French,Autodromo Nazionale di Monza,Italian Grand Prix,Monza,Italy,162,5.793,307.029,False,high_speed,53,4572180,4,12.0,,
1023,807,4,14,1,2019,14,2019-09-08,hulkenberg,HUL,Nico,Hülkenberg,German,renault,Renault,French,Autodromo Nazionale di Monza,Italian Grand Prix,Monza,Italy,162,5.793,307.029,False,high_speed,53,4584830,5,10.0,,
1023,848,9,14,1,2019,14,2019-09-08,albon,ALB,Alexander,Albon,Thai,red_bull,Red Bull,Austrian,Autodromo Nazionale di Monza,Italian Grand Prix,Monza,Italy,162,5.793,307.029,False,high_speed,53,4585980,6,8.0,,
1023,815,211,14,1,2019,14,2019-09-08,perez,PER,Sergio,Pérez,Mexican,racing_point,Racing Point,British,Autodromo Nazionale di Monza,Italian Grand Prix,Monza,Italy,162,5.793,307.029,False,high_speed,53,4600467,7,6.0,,
1023,830,9,14,1,2019,14,2019-09-08,max_verstappen,VER,Max,Verstappen,Dutch,red_bull,Red Bull,Austrian,Autodromo Nazionale di Monza,Italian Grand Prix,Monza,Italy,162,5.793,307.029,False,high_speed,53,4601157,8,4.0,,
1023,841,51,14,11,2019,14,2019-09-08,giovinazzi,GIO,Antonio,Giovinazzi,Italian,alfa,Alfa Romeo,Swiss,Autodromo Nazionale di Monza,Italian Grand Prix,Monza,Italy,162,5.793,307.029,False,high_speed,52,\N,9,2.0,,
1023,846,1,14,11,2019,14,2019-09-08,norris,NOR,Lando,Norris,British,mclaren,McLaren,British,Autodromo Nazionale di Monza,Italian Grand Prix,Monza,Italy,162,5.793,307.029,False,high_speed,52,\N,10,1.0,,
1023,842,5,14,11,2019,14,2019-09-08,gasly,GAS,Pierre,Gasly,French,toro_rosso,Toro Rosso,Italian,Autodromo Nazionale di Monza,Italian Grand Prix,Monza,Italy,162,5.793,307.029,False,high_speed,52,\N,11,0.0,,
1023,840,211,14,11,2019,14,2019-09-08,stroll,STR,Lance,Stroll,Canadian,racing_point,Racing Point,British,Autodromo Nazionale di Monza,Italian Grand Prix,Monza,Italy,162,5.793,307.029,False,high_speed,52,\N,12,0.0,,
1023,20,6,14,11,2019,14,2019-09-08,vettel,VET,Sebastian,Vettel,German,ferrari,Ferrari,Italian,Autodromo Nazionale di Monza,Italian Grand Prix,Monza,Italy,162,5.793,307.029,False,high_speed,52,\N,13,0.0,,
1023,847,3,14,11,2019,14,2019-09-08,russell,RUS,George,Russell,British,williams,Williams,British,Autodromo Nazionale di Monza,Italian Grand Prix,Monza,Italy,162,5.793,307.029,False,high_speed,52,\N,14,0.0,,
1023,8,51,14,11,2019,14,2019-09-08,raikkonen,RAI,Kimi,Räikkönen,Finnish,alfa,Alfa Romeo,Swiss,Autodromo Nazionale di Monza,Italian Grand Prix,Monza,Italy,162,5.793,307.029,False,high_speed,52,\N,15,0.0,,
1023,154,210,14,11,2019,14,2019-09-08,grosjean,GRO,Romain,Grosjean,French,haas,Haas F1 Team,American,Autodromo Nazionale di Monza,Italian Grand Prix,Monza,Italy,162,5.793,307.029,False,high_speed,52,\N,16,0.0,,
1023,9,3,14,12,2019,14,2019-09-08,kubica,KUB,Robert,Kubica,Polish,williams,Williams,British,Autodromo Nazionale di Monza,Italian Grand Prix,Monza,Italy,162,5.793,307.029,False,high_speed,51,\N,17,0.0,,
1023,825,210,14,9,2019,14,2019-09-08,kevin_magnussen,MAG,Kevin,Magnussen,Danish,haas,Haas F1 Team,American,Autodromo Nazionale di Monza,Italian Grand Prix,Monza,Italy,162,5.793,307.029,False,high_speed,43,\N,\N,0.0,,
1023,826,5,14,5,2019,14,2019-09-08,kvyat,KVY,Daniil,Kvyat,Russian,toro_rosso,Toro Rosso,Italian,Autodromo Nazionale di Monza,Italian Grand Prix,Monza,Italy,162,5.793,307.029,False,high_speed,29,\N,\N,0.0,,
1023,832,1,14,36,2019,14,2019-09-08,sainz,SAI,Carlos,Sainz,Spanish,mclaren,McLaren,British,Autodromo Nazionale di Monza,Italian Grand Prix,Monza,Italy,162,5.793,307.029,False,high_speed,27,\N,\N,0.0,,
1024,20,6,15,1,2019,15,2019-09-22,vettel,VET,Sebastian,Vettel,German,ferrari,Ferrari,Italian,Marina Bay Street Circuit,Singapore Grand Prix,Marina Bay,Singapore,18,4.927,300.547,True,technical,61,7113667,1,25.0,,
1024,844,6,15,1,2019,15,2019-09-22,leclerc,LEC,Charles,Leclerc,Monegasque,ferrari,Ferrari,Italian,Marina Bay Street Circuit,Singapore Grand Prix,Marina Bay,Singapore,18,4.927,300.547,True,technical,61,7116308,2,18.0,,
1024,830,9,15,1,2019,15,2019-09-22,max_verstappen,VER,Max,Verstappen,Dutch,red_bull,Red Bull,Austrian,Marina Bay Street Circuit,Singapore Grand Prix,Marina Bay,Singapore,18,4.927,300.547,True,technical,61,7117488,3,15.0,,
1024,1,131,15,1,2019,15,2019-09-22,hamilton,HAM,Lewis,Hamilton,British,mercedes,Mercedes,German,Marina Bay Street Circuit,Singapore Grand Prix,Marina Bay,Singapore,18,4.927,300.547,True,technical,61,7118275,4,12.0,,
1024,822,131,15,1,2019,15,2019-09-22,bottas,BOT,Valtteri,Bottas,Finnish,mercedes,Mercedes,German,Marina Bay Street Circuit,Singapore Grand Prix,Marina Bay,Singapore,18,4.927,300.547,True,technical,61,7119786,5,10.0,,
1024,848,9,15,1,2019,15,2019-09-22,albon,ALB,Alexander,Albon,Thai,red_bull,Red Bull,Austrian,Marina Bay Street Circuit,Singapore Grand Prix,Marina Bay,Singapore,18,4.927,300.547,True,technical,61,7125330,6,8.0,,
1024,846,1,15,1,2019,15,2019-09-22,norris,NOR,Lando,Norris,British,mclaren,McLaren,British,Marina Bay Street Circuit,Singapore Grand Prix,Marina Bay,Singapore,18,4.927,300.547,True,technical,61,7128436,7,6.0,,
1024,842,5,15,1,2019,15,2019-09-22,gasly,GAS,Pierre,Gasly,French,toro_rosso,Toro Rosso,Italian,Marina Bay Street Circuit,Singapore Grand Prix,Marina Bay,Singapore,18,4.927,300.547,True,technical,61,7129214,8,4.0,,
1024,807,4,15,1,2019,15,2019-09-22,hulkenberg,HUL,Nico,Hülkenberg,German,renault,Renault,French,Marina Bay Street Circuit,Singapore Grand Prix,Marina Bay,Singapore,18,4.927,300.547,True,technical,61,7130385,9,2.0,,
1024,841,51,15,1,2019,15,2019-09-22,giovinazzi,GIO,Antonio,Giovinazzi,Italian,alfa,Alfa Romeo,Swiss,Marina Bay Street Circuit,Singapore Grand Prix,Marina Bay,Singapore,18,4.927,300.547,True,technical,61,7141522,10,1.0,,
1024,154,210,15,1,2019,15,2019-09-22,grosjean,GRO,Romain,Grosjean,French,haas,Haas F1 Team,American,Marina Bay Street Circuit,Singapore Grand Prix,Marina Bay,Singapore,18,4.927,300.547,True,technical,61,7149103,11,0.0,,
1024,832,1,15,1,2019,15,2019-09-22,sainz,SAI,Carlos,Sainz,Spanish,mclaren,McLaren,British,Marina Bay Street Circuit,Singapore Grand Prix,Marina Bay,Singapore,18,4.927,300.547,True,technical,61,7149641,12,0.0,,
1024,840,211,15,1,2019,15,2019-09-22,stroll,STR,Lance,Stroll,Canadian,racing_point,Racing Point,British,Marina Bay Street Circuit,Singapore Grand Prix,Marina Bay,Singapore,18,4.927,300.547,True,technical,61,7150086,13,0.0,,
1024,817,4,15,1,2019,15,2019-09-22,ricciardo,RIC,Daniel,Ricciardo,Australian,renault,Renault,French,Marina Bay Street Circuit,Singapore Grand Prix,Marina Bay,Singapore,18,4.927,300.547,True,technical,61,7151327,14,0.0,,
1024,826,5,15,1,2019,15,2019-09-22,kvyat,KVY,Daniil,Kvyat,Russian,toro_rosso,Toro Rosso,Italian,Marina Bay Street Circuit,Singapore Grand Prix,Marina Bay,Singapore,18,4.927,300.547,True,technical,61,7151845,15,0.0,,
1024,9,3,15,1,2019,15,2019-09-22,kubica,KUB,Robert,Kubica,Polish,williams,Williams,British,Marina Bay Street Circuit,Singapore Grand Prix,Marina Bay,Singapore,18,4.927,300.547,True,technical,61,7160691,16,0.0,,
1024,825,210,15,1,2019,15,2019-09-22,kevin_magnussen,MAG,Kevin,Magnussen,Danish,haas,Haas F1 Team,American,Marina Bay Street Circuit,Singapore Grand Prix,Marina Bay,Singapore,18,4.927,300.547,True,technical,61,7200189,17,0.0,,
1024,8,51,15,4,2019,15,2019-09-22,raikkonen,RAI,Kimi,Räikkönen,Finnish,alfa,Alfa Romeo,Swiss,Marina Bay Street Circuit,Singapore Grand Prix,Marina Bay,Singapore,18,4.927,300.547,True,technical,49,\N,\N,0.0,,
1024,815,211,15,5,2019,15,2019-09-22,perez,PER,Sergio,Pérez,Mexican,racing_point,Racing Point,British,Marina Bay Street Circuit,Singapore Grand Prix,Marina Bay,Singapore,18,4.927,300.547,True,technical,42,\N,\N,0.0,,
1024,847,3,15,4,2019,15,2019-09-22,russell,RUS,George,Russell,British,williams,Williams,British,Marina Bay Street Circuit,Singapore Grand Prix,Marina Bay,Singapore,18,4.927,300.547,True,technical,34,\N,\N,0.0,,
1025,1,131,71,1,2019,16,2019-09-29,hamilton,HAM,Lewis,Hamilton,British,mercedes,Mercedes,German,Sochi Autodrom,Russian Grand Prix,Sochi,Russia,2,5.848,309.944,False,balanced,53,5618992,1,26.0,,
1025,822,131,71,1,2019,16,2019-09-29,bottas,BOT,Valtteri,Bottas,Finnish,mercedes,Mercedes,German,Sochi Autodrom,Russian Grand Prix,Sochi,Russia,2,5.848,309.944,False,balanced,53,5622821,2,18.0,,
1025,844,6,71,1,2019,16,2019-09-29,leclerc,LEC,Charles,Leclerc,Monegasque,ferrari,Ferrari,Italian,Sochi Autodrom,Russian Grand Prix,Sochi,Russia,2,5.848,309.944,False,balanced,53,5624204,3,15.0,,
1025,830,9,71,1,2019,16,2019-09-29,max_verstappen,VER,Max,Verstappen,Dutch,red_bull,Red Bull,Austrian,Sochi Autodrom,Russian Grand Prix,Sochi,Russia,2,5.848,309.944,False,balanced,53,5633202,4,12.0,,
1025,848,9,71,1,2019,16,2019-09-29,albon,ALB,Alexander,Albon,Thai,red_bull,Red Bull,Austrian,Sochi Autodrom,Russian Grand Prix,Sochi,Russia,2,5.848,309.944,False,balanced,53,5657340,5,10.0,,
1025,832,1,71,1,2019,16,2019-09-29,sainz,SAI,Carlos,Sainz,Spanish,mclaren,McLaren,British,Sochi Autodrom,Russian Grand Prix,Sochi,Russia,2,5.848,309.944,False,balanced,53,5664881,6,8.0,,
1025,815,211,71,1,2019,16,2019-09-29,perez,PER,Sergio,Pérez,Mexican,racing_point,Racing Point,British,Sochi Autodrom,Russian Grand Prix,Sochi,Russia,2,5.848,309.944,False,balanced,53,5667720,7,6.0,,
1025,846,1,71,1,2019,16,2019-09-29,norris,NOR,Lando,Norris,British,mclaren,McLaren,British,Sochi Autodrom,Russian Grand Prix,Sochi,Russia,2,5.848,309.944,False,balanced,53,5676741,8,4.0,,
1025,825,210,71,1,2019,16,2019-09-29,kevin_magnussen,MAG,Kevin,Magnussen,Danish,haas,Haas F1 Team,American,Sochi Autodrom,Russian Grand Prix,Sochi,Russia,2,5.848,309.944,False,balanced,53,5677771,9,2.0,,
1025,807,4,71,1,2019,16,2019-09-29,hulkenberg,HUL,Nico,Hülkenberg,German,renault,Renault,French,Sochi Autodrom,Russian Grand Prix,Sochi,Russia,2,5.848,309.944,False,balanced,53,5678833,10,1.0,,
1025,840,211,71,1,2019,16,2019-09-29,stroll,STR,Lance,Stroll,Canadian,racing_point,Racing Point,British,Sochi Autodrom,Russian Grand Prix,Sochi,Russia,2,5.848,309.944,False,balanced,53,5679813,11,0.0,,
1025,826,5,71,1,2019,16,2019-09-29,kvyat,KVY,Daniil,Kvyat,Russian,toro_rosso,Toro Rosso,Italian,Sochi Autodrom,Russian Grand Prix,Sochi,Russia,2,5.848,309.944,False,balanced,53,5681488,12,0.0,,
1025,8,51,71,1,2019,16,2019-09-29,raikkonen,RAI,Kimi,Räikkönen,Finnish,alfa,Alfa Romeo,Swiss,Sochi Autodrom,Russian Grand Prix,Sochi,Russia,2,5.848,309.944,False,balanced,53,5687902,13,0.0,,
1025,842,5,71,1,2019,16,2019-09-29,gasly,GAS,Pierre,Gasly,French,toro_rosso,Toro Rosso,Italian,Sochi Autodrom,Russian Grand Prix,Sochi,Russia,2,5.848,309.944,False,balanced,53,5689068,14,0.0,,
1025,841,51,71,1,2019,16,2019-09-29,giovinazzi,GIO,Antonio,Giovinazzi,Italian,alfa,Alfa Romeo,Swiss,Sochi Autodrom,Russian Grand Prix,Sochi,Russia,2,5.848,309.944,False,balanced,53,5692338,15,0.0,,
1025,9,3,71,23,2019,16,2019-09-29,kubica,KUB,Robert,Kubica,Polish,williams,Williams,British,Sochi Autodrom,Russian Grand Prix,Sochi,Russia,2,5.848,309.944,False,balanced,28,\N,\N,0.0,,
1025,847,3,71,23,2019,16,2019-09-29,russell,RUS,George,Russell,British,williams,Williams,British,Sochi Autodrom,Russian Grand Prix,Sochi,Russia,2,5.848,309.944,False,balanced,27,\N,\N,0.0,,
1025,20,6,71,75,2019,16,2019-09-29,vettel,VET,Sebastian,Vettel,German,ferrari,Ferrari,Italian,Sochi Autodrom,Russian Grand Prix,Sochi,Russia,2,5.848,309.944,False,balanced,26,\N,\N,0.0,,
1025,817,4,71,4,2019,16,2019-09-29,ricciardo,RIC,Daniel,Ricciardo,Australian,renault,Renault,French,Sochi Autodrom,Russian Grand Prix,Sochi,Russia,2,5.848,309.944,False,balanced,24,\N,\N,0.0,,
1025,154,210,71,4,2019,16,2019-09-29,grosjean,GRO,Romain,Grosjean,French,haas,Haas F1 Team,American,Sochi Autodrom,Russian Grand Prix,Sochi,Russia,2,5.848,309.944,False,balanced,0,\N,\N,0.0,,
1026,822,131,22,1,2019,17,2019-10-13,bottas,BOT,Valtteri,Bottas,Finnish,mercedes,Mercedes,German,Suzuka Circuit,Japanese Grand Prix,Suzuka,Japan,45,5.807,301.964,False,technical,52,4906755,1,25.0,,
1026,20,6,22,1,2019,17,2019-10-13,vettel,VET,Sebastian,Vettel,German,ferrari,Ferrari,Italian,Suzuka Circuit,Japanese Grand Prix,Suzuka,Japan,45,5.807,301.964,False,technical,52,4920098,2,18.0,,
1026,1,131,22,1,2019,17,2019-10-13,hamilton,HAM,Lewis,Hamilton,British,mercedes,Mercedes,German,Suzuka Circuit,Japanese Grand Prix,Suzuka,Japan,45,5.807,301.964,False,technical,52,4920613,3,16.0,,
1026,848,9,22,1,2019,17,2019-10-13,albon,ALB,Alexander,Albon,Thai,red_bull,Red Bull,Austrian,Suzuka Circuit,Japanese Grand Prix,Suzuka,Japan,45,5.807,301.964,False,technical,52,4966292,4,12.0,,
1026,832,1,22,1,2019,17,2019-10-13,sainz,SAI,Carlos,Sainz,Spanish,mclaren,McLaren,British,Suzuka Circuit,Japanese Grand Prix,Suzuka,Japan,45,5.807,301.964,False,technical,52,4975856,5,10.0,,
1026,844,6,22,11,2019,17,2019-10-13,leclerc,LEC,Charles,Leclerc,Monegasque,ferrari,Ferrari,Italian,Suzuka Circuit,Japanese Grand Prix,Suzuka,Japan,45,5.807,301.964,False,technical,51,\N,6,8.0,,
1026,842,5,22,11,2019,17,2019-10-13,gasly,GAS,Pierre,Gasly,French,toro_rosso,Toro Rosso,Italian,Suzuka Circuit,Japanese Grand Prix,Suzuka,Japan,45,5.807,301.964,False,technical,51,\N,7,6.0,,
1026,815,211,22,11,2019,17,2019-10-13,perez,PER,Sergio,Pérez,Mexican,racing_point,Racing Point,British,Suzuka Circuit,Japanese Grand Prix,Suzuka,Japan,45,5.807,301.964,False,technical,51,\N,8,4.0,,
1026,840,211,22,11,2019,17,2019-10-13,stroll,STR,Lance,Stroll,Canadian,racing_point,Racing Point,British,Suzuka Circuit,Japanese Grand Prix,Suzuka,Japan,45,5.807,301.964,False,technical,51,\N,9,2.0,,
1026,826,5,22,11,2019,17,2019-10-13,kvyat,KVY,Daniil,Kvyat,Russian,toro_rosso,Toro Rosso,Italian,Suzuka Circuit,Japanese Grand Prix,Suzuka,Japan,45,5.807,301.964,False,technical,51,\N,10,1.0,,
1026,846,1,22,11,2019,17,2019-10-13,norris,NOR,Lando,Norris,British,mclaren,McLaren,British,Suzuka Circuit,Japanese Grand Prix,Suzuka,Japan,45,5.807,301.964,False,technical,51,\N,11,0.0,,
1026,8,51,22,11,2019,17,2019-10-13,raikkonen,RAI,Kimi,Räikkönen,Finnish,alfa,Alfa Romeo,Swiss,Suzuka Circuit,Japanese Grand Prix,Suzuka,Japan,45,5.807,301.964,False,technical,51,\N,12,0.0,,
1026,154,210,22,11,2019,17,2019-10-13,grosjean,GRO,Romain,Grosjean,French,haas,Haas F1 Team,American,Suzuka Circuit,Japanese Grand Prix,Suzuka,Japan,45,5.807,301.964,False,technical,51,\N,13,0.0,,
1026,841,51,22,11,2019,17,2019-10-13,giovinazzi,GIO,Antonio,Giovinazzi,Italian,alfa,Alfa Romeo,Swiss,Suzuka Circuit,Japanese Grand Prix,Suzuka,Japan,45,5.807,301.964,False,technical,51,\N,14,0.0,,
1026,825,210,22,11,2019,17,2019-10-13,kevin_magnussen,MAG,Kevin,Magnussen,Danish,haas,Haas F1 Team,American,Suzuka Circuit,Japanese Grand Prix,Suzuka,Japan,45,5.807,301.964,False,technical,51,\N,15,0.0,,
1026,847,3,22,12,2019,17,2019-10-13,russell,RUS,George,Russell,British,williams,Williams,British,Suzuka Circuit,Japanese Grand Prix,Suzuka,Japan,45,5.807,301.964,False,technical,50,\N,16,0.0,,
1026,9,3,22,12,2019,17,2019-10-13,kubica,KUB,Robert,Kubica,Polish,williams,Williams,British,Suzuka Circuit,Japanese Grand Prix,Suzuka,Japan,45,5.807,301.964,False,technical,50,\N,17,0.0,,
1026,830,9,22,23,2019,17,2019-10-13,max_verstappen,VER,Max,Verstappen,Dutch,red_bull,Red Bull,Austrian,Suzuka Circuit,Japanese Grand Prix,Suzuka,Japan,45,5.807,301.964,False,technical,14,\N,\N,0.0,,
1026,817,4,22,2,2019,17,2019-10-13,ricciardo,RIC,Daniel,Ricciardo,Australian,renault,Renault,French,Suzuka Circuit,Japanese Grand Prix,Suzuka,Japan,45,5.807,301.964,False,technical,51,\N,\N,0.0,,
1026,807,4,22,2,2019,17,2019-10-13,hulkenberg,HUL,Nico,Hülkenberg,German,renault,Renault,French,Suzuka Circuit,Japanese Grand Prix,Suzuka,Japan,45,5.807,301.964,False,technical,51,\N,\N,0.0,,
1027,1,131,32,1,2019,18,2019-10-27,hamilton,HAM,Lewis,Hamilton,British,mercedes,Mercedes,German,Autódromo Hermanos Rodríguez,Mexican Grand Prix,Mexico City,Mexico,2227,4.304,305.584,False,balanced,71,5808904,1,25.0,,
1027,20,6,32,1,2019,18,2019-10-27,vettel,VET,Sebastian,Vettel,German,ferrari,Ferrari,Italian,Autódromo Hermanos Rodríguez,Mexican Grand Prix,Mexico City,Mexico,2227,4.304,305.584,False,balanced,71,5810670,2,18.0,,
1027,822,131,32,1,2019,18,2019-10-27,bottas,BOT,Valtteri,Bottas,Finnish,mercedes,Mercedes,German,Autódromo Hermanos Rodríguez,Mexican Grand Prix,Mexico City,Mexico,2227,4.304,305.584,False,balanced,71,5812457,3,15.0,,
1027,844,6,32,1,2019,18,2019-10-27,leclerc,LEC,Charles,Leclerc,Monegasque,ferrari,Ferrari,Italian,Autódromo Hermanos Rodríguez,Mexican Grand Prix,Mexico City,Mexico,2227,4.304,305.584,False,balanced,71,5815272,4,13.0,,
1027,848,9,32,1,2019,18,2019-10-27,albon,ALB,Alexander,Albon,Thai,red_bull,Red Bull,Austrian,Autódromo Hermanos Rodríguez,Mexican Grand Prix,Mexico City,Mexico,2227,4.304,305.584,False,balanced,71,5830303,5,10.0,,
1027,830,9,32,1,2019,18,2019-10-27,max_verstappen,VER,Max,Verstappen,Dutch,red_bull,Red Bull,Austrian,Autódromo Hermanos Rodríguez,Mexican Grand Prix,Mexico City,Mexico,2227,4.304,305.584,False,balanced,71,5877711,6,8.0,,
1027,815,211,32,1,2019,18,2019-10-27,perez,PER,Sergio,Pérez,Mexican,racing_point,Racing Point,British,Autódromo Hermanos Rodríguez,Mexican Grand Prix,Mexico City,Mexico,2227,4.304,305.584,False,balanced,71,5882723,7,6.0,,
1027,817,4,32,1,2019,18,2019-10-27,ricciardo,RIC,Daniel,Ricciardo,Australian,renault,Renault,French,Autódromo Hermanos Rodríguez,Mexican Grand Prix,Mexico City,Mexico,2227,4.304,305.584,False,balanced,71,5883828,8,4.0,,
1027,842,5,32,11,2019,18,2019-10-27,gasly,GAS,Pierre,Gasly,French,toro_rosso,Toro Rosso,Italian,Autódromo Hermanos Rodríguez,Mexican Grand Prix,Mexico City,Mexico,2227,4.304,305.584,False,balanced,70,\N,9,2.0,,
1027,807,4,32,11,2019,18,2019-10-27,hulkenberg,HUL,Nico,Hülkenberg,German,renault,Renault,French,Autódromo Hermanos Rodríguez,Mexican Grand Prix,Mexico City,Mexico,2227,4.304,305.584,False,balanced,70,\N,10,1.0,,
1027,826,5,32,11,2019,18,2019-10-27,kvyat,KVY,Daniil,Kvyat,Russian,toro_rosso,Toro Rosso,Italian,Autódromo Hermanos Rodríguez,Mexican Grand Prix,Mexico City,Mexico,2227,4.304,305.584,False,balanced,70,\N,11,0.0,,
1027,840,211,32,11,2019,18,2019-10-27,stroll,STR,Lance,Stroll,Canadian,racing_point,Racing Point,British,Autódromo Hermanos Rodríguez,Mexican Grand Prix,Mexico City,Mexico,2227,4.304,305.584,False,balanced,70,\N,12,0.0,,
1027,832,1,32,11,2019,18,2019-10-27,sainz,SAI,Carlos,Sainz,Spanish,mclaren,McLaren,British,Autódromo Hermanos Rodríguez,Mexican Grand Prix,Mexico City,Mexico,2227,4.304,305.584,False,balanced,70,\N,13,0.0,,
1027,841,51,32,11,2019,18,2019-10-27,giovinazzi,GIO,Antonio,Giovinazzi,Italian,alfa,Alfa Romeo,Swiss,Autódromo Hermanos Rodríguez,Mexican Grand Prix,Mexico City,Mexico,2227,4.304,305.584,False,balanced,70,\N,14,0.0,,
1027,825,210,32,12,2019,18,2019-10-27,kevin_magnussen,MAG,Kevin,Magnussen,Danish,haas,Haas F1 Team,American,Autódromo Hermanos Rodríguez,Mexican Grand Prix,Mexico City,Mexico,2227,4.304,305.584,False,balanced,69,\N,15,0.0,,
1027,847,3,32,12,2019,18,2019-10-27,russell,RUS,George,Russell,British,williams,Williams,British,Autódromo Hermanos Rodríguez,Mexican Grand Prix,Mexico City,Mexico,2227,4.304,305.584,False,balanced,69,\N,16,0.0,,
1027,154,210,32,12,2019,18,2019-10-27,grosjean,GRO,Romain,Grosjean,French,haas,Haas F1 Team,American,Autódromo Hermanos Rodríguez,Mexican Grand Prix,Mexico City,Mexico,2227,4.304,305.584,False,balanced,69,\N,17,0.0,,
1027,9,3,32,12,2019,18,2019-10-27,kubica,KUB,Robert,Kubica,Polish,williams,Williams,British,Autódromo Hermanos Rodríguez,Mexican Grand Prix,Mexico City,Mexico,2227,4.304,305.584,False,balanced,69,\N,18,0.0,,
1027,8,51,32,25,2019,18,2019-10-27,raikkonen,RAI,Kimi,Räikkönen,Finnish,alfa,Alfa Romeo,Swiss,Autódromo Hermanos Rodríguez,Mexican Grand Prix,Mexico City,Mexico,2227,4.304,305.584,False,balanced,58,\N,\N,0.0,,
1027,846,1,32,54,2019,18,2019-10-27,norris,NOR,Lando,Norris,British,mclaren,McLaren,British,Autódromo Hermanos Rodríguez,Mexican Grand Prix,Mexico City,Mexico,2227,4.304,305.584,False,balanced,48,\N,\N,0.0,,
1031,822,131,70,1,2020,1,2020-07-05,bottas,BOT,Valtteri,Bottas,Finnish,mercedes,Mercedes,German,Red Bull Ring,Austrian Grand Prix,Spielberg,Austria,678,4.326,307.146,False,high_speed,71,5455739,1,25.0,,
1028,822,131,69,1,2019,19,2019-11-03,bottas,BOT,Valtteri,Bottas,Finnish,mercedes,Mercedes,German,Circuit of the Americas,United States Grand Prix,Austin,USA,161,5.513,308.728,False,balanced,56,5635653,1,25.0,,
1028,1,131,69,1,2019,19,2019-11-03,hamilton,HAM,Lewis,Hamilton,British,mercedes,Mercedes,German,Circuit of the Americas,United States Grand Prix,Austin,USA,161,5.513,308.728,False,balanced,56,5639801,2,18.0,,
1028,830,9,69,1,2019,19,2019-11-03,max_verstappen,VER,Max,Verstappen,Dutch,red_bull,Red Bull,Austrian,Circuit of the Americas,United States Grand Prix,Austin,USA,161,5.513,308.728,False,balanced,56,5640655,3,15.0,,
1028,844,6,69,1,2019,19,2019-11-03,leclerc,LEC,Charles,Leclerc,Monegasque,ferrari,Ferrari,Italian,Circuit of the Americas,United States Grand Prix,Austin,USA,161,5.513,308.728,False,balanced,56,5687892,4,13.0,,
1028,848,9,69,1,2019,19,2019-11-03,albon,ALB,Alexander,Albon,Thai,red_bull,Red Bull,Austrian,Circuit of the Americas,United States Grand Prix,Austin,USA,161,5.513,308.728,False,balanced,56,5713691,5,10.0,,
1028,817,4,69,1,2019,19,2019-11-03,ricciardo,RIC,Daniel,Ricciardo,Australian,renault,Renault,French,Circuit of the Americas,United States Grand Prix,Austin,USA,161,5.513,308.728,False,balanced,56,5726019,6,8.0,,
1028,846,1,69,1,2019,19,2019-11-03,norris,NOR,Lando,Norris,British,mclaren,McLaren,British,Circuit of the Americas,United States Grand Prix,Austin,USA,161,5.513,308.728,False,balanced,56,5726417,7,6.0,,
1028,832,1,69,11,2019,19,2019-11-03,sainz,SAI,Carlos,Sainz,Spanish,mclaren,McLaren,British,Circuit of the Americas,United States Grand Prix,Austin,USA,161,5.513,308.728,False,balanced,55,\N,8,4.0,,
1028,807,4,69,11,2019,19,2019-11-03,hulkenberg,HUL,Nico,Hülkenberg,German,renault,Renault,French,Circuit of the Americas,United States Grand Prix,Austin,USA,161,5.513,308.728,False,balanced,55,\N,9,2.0,,
1028,815,211,69,11,2019,19,2019-11-03,perez,PER,Sergio,Pérez,Mexican,racing_point,Racing Point,British,Circuit of the Americas,United States Grand Prix,Austin,USA,161,5.513,308.728,False,balanced,55,\N,10,1.0,,
1028,8,51,69,11,2019,19,2019-11-03,raikkonen,RAI,Kimi,Räikkönen,Finnish,alfa,Alfa Romeo,Swiss,Circuit of the Americas,United States Grand Prix,Austin,USA,161,5.513,308.728,False,balanced,55,\N,11,0.0,,
1028,826,5,69,11,2019,19,2019-11-03,kvyat,KVY,Daniil,Kvyat,Russian,toro_rosso,Toro Rosso,Italian,Circuit of the Americas,United States Grand Prix,Austin,USA,161,5.513,308.728,False,balanced,55,\N,12,0.0,,
1028,840,211,69,11,2019,19,2019-11-03,stroll,STR,Lance,Stroll,Canadian,racing_point,Racing Point,British,Circuit of the Americas,United States Grand Prix,Austin,USA,161,5.513,308.728,False,balanced,55,\N,13,0.0,,
1028,841,51,69,11,2019,19,2019-11-03,giovinazzi,GIO,Antonio,Giovinazzi,Italian,alfa,Alfa Romeo,Swiss,Circuit of the Americas,United States Grand Prix,Austin,USA,161,5.513,308.728,False,balanced,55,\N,14,0.0,,
1028,154,210,69,11,2019,19,2019-11-03,grosjean,GRO,Romain,Grosjean,French,haas,Haas F1 Team,American,Circuit of the Americas,United States Grand Prix,Austin,USA,161,5.513,308.728,False,balanced,55,\N,15,0.0,,
1028,842,5,69,22,2019,19,2019-11-03,gasly,GAS,Pierre,Gasly,French,toro_rosso,Toro Rosso,Italian,Circuit of the Americas,United States Grand Prix,Austin,USA,161,5.513,308.728,False,balanced,54,\N,16,0.0,,
1028,847,3,69,12,2019,19,2019-11-03,russell,RUS,George,Russell,British,williams,Williams,British,Circuit of the Americas,United States Grand Prix,Austin,USA,161,5.513,308.728,False,balanced,54,\N,17,0.0,,
1028,825,210,69,23,2019,19,2019-11-03,kevin_magnussen,MAG,Kevin,Magnussen,Danish,haas,Haas F1 Team,American,Circuit of the Americas,United States Grand Prix,Austin,USA,161,5.513,308.728,False,balanced,52,\N,18,0.0,,
1028,9,3,69,44,2019,19,2019-11-03,kubica,KUB,Robert,Kubica,Polish,williams,Williams,British,Circuit of the Americas,United States Grand Prix,Austin,USA,161,5.513,308.728,False,balanced,31,\N,\N,0.0,,
1028,20,6,69,22,2019,19,2019-11-03,vettel,VET,Sebastian,Vettel,German,ferrari,Ferrari,Italian,Circuit of the Americas,United States Grand Prix,Austin,USA,161,5.513,308.728,False,balanced,7,\N,\N,0.0,,
1029,830,9,18,1,2019,20,2019-11-17,max_verstappen,VER,Max,Verstappen,Dutch,red_bull,Red Bull,Austrian,Autódromo José Carlos Pace,Brazilian Grand Prix,São Paulo,Brazil,785,4.309,305.939,False,technical,71,5594678,1,25.0,,
1029,842,5,18,1,2019,20,2019-11-17,gasly,GAS,Pierre,Gasly,French,toro_rosso,Toro Rosso,Italian,Autódromo José Carlos Pace,Brazilian Grand Prix,São Paulo,Brazil,785,4.309,305.939,False,technical,71,5600755,2,18.0,,
1029,832,1,18,1,2019,20,2019-11-17,sainz,SAI,Carlos,Sainz,Spanish,mclaren,McLaren,British,Autódromo José Carlos Pace,Brazilian Grand Prix,São Paulo,Brazil,785,4.309,305.939,False,technical,71,5603574,3,15.0,,
1029,8,51,18,1,2019,20,2019-11-17,raikkonen,RAI,Kimi,Räikkönen,Finnish,alfa,Alfa Romeo,Swiss,Autódromo José Carlos Pace,Brazilian Grand Prix,São Paulo,Brazil,785,4.309,305.939,False,technical,71,5604130,4,12.0,,
1029,841,51,18,1,2019,20,2019-11-17,giovinazzi,GIO,Antonio,Giovinazzi,Italian,alfa,Alfa Romeo,Swiss,Autódromo José Carlos Pace,Brazilian Grand Prix,São Paulo,Brazil,785,4.309,305.939,False,technical,71,5604879,5,10.0,,
1029,817,4,18,1,2019,20,2019-11-17,ricciardo,RIC,Daniel,Ricciardo,Australian,renault,Renault,French,Autódromo José Carlos Pace,Brazilian Grand Prix,São Paulo,Brazil,785,4.309,305.939,False,technical,71,5605219,6,8.0,,
1029,1,131,18,1,2019,20,2019-11-17,hamilton,HAM,Lewis,Hamilton,British,mercedes,Mercedes,German,Autódromo José Carlos Pace,Brazilian Grand Prix,São Paulo,Brazil,785,4.309,305.939,False,technical,71,5605817,7,6.0,,
1029,846,1,18,1,2019,20,2019-11-17,norris,NOR,Lando,Norris,British,mclaren,McLaren,British,Autódromo José Carlos Pace,Brazilian Grand Prix,São Paulo,Brazil,785,4.309,305.939,False,technical,71,5605882,8,4.0,,
1029,815,211,18,1,2019,20,2019-11-17,perez,PER,Sergio,Pérez,Mexican,racing_point,Racing Point,British,Autódromo José Carlos Pace,Brazilian Grand Prix,São Paulo,Brazil,785,4.309,305.939,False,technical,71,5606207,9,2.0,,
1029,826,5,18,1,2019,20,2019-11-17,kvyat,KVY,Daniil,Kvyat,Russian,toro_rosso,Toro Rosso,Italian,Autódromo José Carlos Pace,Brazilian Grand Prix,São Paulo,Brazil,785,4.309,305.939,False,technical,71,5606609,10,1.0,,
1029,825,210,18,1,2019,20,2019-11-17,kevin_magnussen,MAG,Kevin,Magnussen,Danish,haas,Haas F1 Team,American,Autódromo José Carlos Pace,Brazilian Grand Prix,São Paulo,Brazil,785,4.309,305.939,False,technical,71,5607410,11,0.0,,
1029,847,3,18,1,2019,20,2019-11-17,russell,RUS,George,Russell,British,williams,Williams,British,Autódromo José Carlos Pace,Brazilian Grand Prix,São Paulo,Brazil,785,4.309,305.939,False,technical,71,5608277,12,0.0,,
1029,154,210,18,1,2019,20,2019-11-17,grosjean,GRO,Romain,Grosjean,French,haas,Haas F1 Team,American,Autódromo José Carlos Pace,Brazilian Grand Prix,São Paulo,Brazil,785,4.309,305.939,False,technical,71,5608925,13,0.0,,
1029,848,9,18,1,2019,20,2019-11-17,albon,ALB,Alexander,Albon,Thai,red_bull,Red Bull,Austrian,Autódromo José Carlos Pace,Brazilian Grand Prix,São Paulo,Brazil,785,4.309,305.939,False,technical,71,5609605,14,0.0,,
1029,807,4,18,1,2019,20,2019-11-17,hulkenberg,HUL,Nico,Hülkenberg,German,renault,Renault,French,Autódromo José Carlos Pace,Brazilian Grand Prix,São Paulo,Brazil,785,4.309,305.939,False,technical,71,5612737,15,0.0,,
1029,9,3,18,11,2019,20,2019-11-17,kubica,KUB,Robert,Kubica,Polish,williams,Williams,British,Autódromo José Carlos Pace,Brazilian Grand Prix,São Paulo,Brazil,785,4.309,305.939,False,technical,70,\N,16,0.0,,
1029,20,6,18,4,2019,20,2019-11-17,vettel,VET,Sebastian,Vettel,German,ferrari,Ferrari,Italian,Autódromo José Carlos Pace,Brazilian Grand Prix,São Paulo,Brazil,785,4.309,305.939,False,technical,65,\N,17,0.0,,
1029,844,6,18,4,2019,20,2019-11-17,leclerc,LEC,Charles,Leclerc,Monegasque,ferrari,Ferrari,Italian,Autódromo José Carlos Pace,Brazilian Grand Prix,São Paulo,Brazil,785,4.309,305.939,False,technical,65,\N,18,0.0,,
1029,840,211,18,22,2019,20,2019-11-17,stroll,STR,Lance,Stroll,Canadian,racing_point,Racing Point,British,Autódromo José Carlos Pace,Brazilian Grand Prix,São Paulo,Brazil,785,4.309,305.939,False,technical,65,\N,19,0.0,,
1029,822,131,18,131,2019,20,2019-11-17,bottas,BOT,Valtteri,Bottas,Finnish,mercedes,Mercedes,German,Autódromo José Carlos Pace,Brazilian Grand Prix,São Paulo,Brazil,785,4.309,305.939,False,technical,51,\N,\N,0.0,,
1030,1,131,24,1,2019,21,2019-12-01,hamilton,HAM,Lewis,Hamilton,British,mercedes,Mercedes,German,Yas Marina Circuit,Abu Dhabi Grand Prix,Abu Dhabi,UAE,3,5.281,290.455,True,technical,55,5645715,1,26.0,,
1030,830,9,24,1,2019,21,2019-12-01,max_verstappen,VER,Max,Verstappen,Dutch,red_bull,Red Bull,Austrian,Yas Marina Circuit,Abu Dhabi Grand Prix,Abu Dhabi,UAE,3,5.281,290.455,True,technical,55,5662487,2,18.0,,
1030,844,6,24,1,2019,21,2019-12-01,leclerc,LEC,Charles,Leclerc,Monegasque,ferrari,Ferrari,Italian,Yas Marina Circuit,Abu Dhabi Grand Prix,Abu Dhabi,UAE,3,5.281,290.455,True,technical,55,5689150,3,15.0,,
1030,822,131,24,1,2019,21,2019-12-01,bottas,BOT,Valtteri,Bottas,Finnish,mercedes,Mercedes,German,Yas Marina Circuit,Abu Dhabi Grand Prix,Abu Dhabi,UAE,3,5.281,290.455,True,technical,55,5690094,4,12.0,,
1030,20,6,24,1,2019,21,2019-12-01,vettel,VET,Sebastian,Vettel,German,ferrari,Ferrari,Italian,Yas Marina Circuit,Abu Dhabi Grand Prix,Abu Dhabi,UAE,3,5.281,290.455,True,technical,55,5710072,5,10.0,,
1030,848,9,24,1,2019,21,2019-12-01,albon,ALB,Alexander,Albon,Thai,red_bull,Red Bull,Austrian,Yas Marina Circuit,Abu Dhabi Grand Prix,Abu Dhabi,UAE,3,5.281,290.455,True,technical,55,5714920,6,8.0,,
1030,815,211,24,11,2019,21,2019-12-01,perez,PER,Sergio,Pérez,Mexican,racing_point,Racing Point,British,Yas Marina Circuit,Abu Dhabi Grand Prix,Abu Dhabi,UAE,3,5.281,290.455,True,technical,54,\N,7,6.0,,
1030,846,1,24,11,2019,21,2019-12-01,norris,NOR,Lando,Norris,British,mclaren,McLaren,British,Yas Marina Circuit,Abu Dhabi Grand Prix,Abu Dhabi,UAE,3,5.281,290.455,True,technical,54,\N,8,4.0,,
1030,826,5,24,11,2019,21,2019-12-01,kvyat,KVY,Daniil,Kvyat,Russian,toro_rosso,Toro Rosso,Italian,Yas Marina Circuit,Abu Dhabi Grand Prix,Abu Dhabi,UAE,3,5.281,290.455,True,technical,54,\N,9,2.0,,
1030,832,1,24,11,2019,21,2019-12-01,sainz,SAI,Carlos,Sainz,Spanish,mclaren,McLaren,British,Yas Marina Circuit,Abu Dhabi Grand Prix,Abu Dhabi,UAE,3,5.281,290.455,True,technical,54,\N,10,1.0,,
1030,817,4,24,11,2019,21,2019-12-01,ricciardo,RIC,Daniel,Ricciardo,Australian,renault,Renault,French,Yas Marina Circuit,Abu Dhabi Grand Prix,Abu Dhabi,UAE,3,5.281,290.455,True,technical,54,\N,11,0.0,,
1030,807,4,24,11,2019,21,2019-12-01,hulkenberg,HUL,Nico,Hülkenberg,German,renault,Renault,French,Yas Marina Circuit,Abu Dhabi Grand Prix,Abu Dhabi,UAE,3,5.281,290.455,True,technical,54,\N,12,0.0,,
1030,8,51,24,11,2019,21,2019-12-01,raikkonen,RAI,Kimi,Räikkönen,Finnish,alfa,Alfa Romeo,Swiss,Yas Marina Circuit,Abu Dhabi Grand Prix,Abu Dhabi,UAE,3,5.281,290.455,True,technical,54,\N,13,0.0,,
1030,825,210,24,11,2019,21,2019-12-01,kevin_magnussen,MAG,Kevin,Magnussen,Danish,haas,Haas F1 Team,American,Yas Marina Circuit,Abu Dhabi Grand Prix,Abu Dhabi,UAE,3,5.281,290.455,True,technical,54,\N,14,0.0,,
1030,154,210,24,11,2019,21,2019-12-01,grosjean,GRO,Romain,Grosjean,French,haas,Haas F1 Team,American,Yas Marina Circuit,Abu Dhabi Grand Prix,Abu Dhabi,UAE,3,5.281,290.455,True,technical,54,\N,15,0.0,,
1030,841,51,24,11,2019,21,2019-12-01,giovinazzi,GIO,Antonio,Giovinazzi,Italian,alfa,Alfa Romeo,Swiss,Yas Marina Circuit,Abu Dhabi Grand Prix,Abu Dhabi,UAE,3,5.281,290.455,True,technical,54,\N,16,0.0,,
1030,847,3,24,11,2019,21,2019-12-01,russell,RUS,George,Russell,British,williams,Williams,British,Yas Marina Circuit,Abu Dhabi Grand Prix,Abu Dhabi,UAE,3,5.281,290.455,True,technical,54,\N,17,0.0,,
1030,842,5,24,12,2019,21,2019-12-01,gasly,GAS,Pierre,Gasly,French,toro_rosso,Toro Rosso,Italian,Yas Marina Circuit,Abu Dhabi Grand Prix,Abu Dhabi,UAE,3,5.281,290.455,True,technical,53,\N,18,0.0,,
1030,9,3,24,12,2019,21,2019-12-01,kubica,KUB,Robert,Kubica,Polish,williams,Williams,British,Yas Marina Circuit,Abu Dhabi Grand Prix,Abu Dhabi,UAE,3,5.281,290.455,True,technical,53,\N,19,0.0,,
1030,840,211,24,23,2019,21,2019-12-01,stroll,STR,Lance,Stroll,Canadian,racing_point,Racing Point,British,Yas Marina Circuit,Abu Dhabi Grand Prix,Abu Dhabi,UAE,3,5.281,290.455,True,technical,45,\N,\N,0.0,,
1031,844,6,70,1,2020,1,2020-07-05,leclerc,LEC,Charles,Leclerc,Monegasque,ferrari,Ferrari,Italian,Red Bull Ring,Austrian Grand Prix,Spielberg,Austria,678,4.326,307.146,False,high_speed,71,5458439,2,18.0,,
1031,846,1,70,1,2020,1,2020-07-05,norris,NOR,Lando,Norris,British,mclaren,McLaren,British,Red Bull Ring,Austrian Grand Prix,Spielberg,Austria,678,4.326,307.146,False,high_speed,71,5461230,3,16.0,,
1031,1,131,70,1,2020,1,2020-07-05,hamilton,HAM,Lewis,Hamilton,British,mercedes,Mercedes,German,Red Bull Ring,Austrian Grand Prix,Spielberg,Austria,678,4.326,307.146,False,high_speed,71,5461428,4,12.0,,
1031,832,1,70,1,2020,1,2020-07-05,sainz,SAI,Carlos,Sainz,Spanish,mclaren,McLaren,British,Red Bull Ring,Austrian Grand Prix,Spielberg,Austria,678,4.326,307.146,False,high_speed,71,5464642,5,10.0,,
1031,815,211,70,1,2020,1,2020-07-05,perez,PER,Sergio,Pérez,Mexican,racing_point,Racing Point,British,Red Bull Ring,Austrian Grand Prix,Spielberg,Austria,678,4.326,307.146,False,high_speed,71,5470831,6,8.0,,
1031,842,213,70,1,2020,1,2020-07-05,gasly,GAS,Pierre,Gasly,French,alphatauri,AlphaTauri,Italian,Red Bull Ring,Austrian Grand Prix,Spielberg,Austria,678,4.326,307.146,False,high_speed,71,5472421,7,6.0,,
1031,839,4,70,1,2020,1,2020-07-05,ocon,OCO,Esteban,Ocon,French,renault,Renault,French,Red Bull Ring,Austrian Grand Prix,Spielberg,Austria,678,4.326,307.146,False,high_speed,71,5473195,8,4.0,,
1031,841,51,70,1,2020,1,2020-07-05,giovinazzi,GIO,Antonio,Giovinazzi,Italian,alfa,Alfa Romeo,Swiss,Red Bull Ring,Austrian Grand Prix,Spielberg,Austria,678,4.326,307.146,False,high_speed,71,5476885,9,2.0,,
1031,20,6,70,1,2020,1,2020-07-05,vettel,VET,Sebastian,Vettel,German,ferrari,Ferrari,Italian,Red Bull Ring,Austrian Grand Prix,Spielberg,Austria,678,4.326,307.146,False,high_speed,71,5480284,10,1.0,,
1031,849,3,70,1,2020,1,2020-07-05,latifi,LAT,Nicholas,Latifi,Canadian,williams,Williams,British,Red Bull Ring,Austrian Grand Prix,Spielberg,Austria,678,4.326,307.146,False,high_speed,71,5487389,11,0.0,,
1031,826,213,70,22,2020,1,2020-07-05,kvyat,KVY,Daniil,Kvyat,Russian,alphatauri,AlphaTauri,Italian,Red Bull Ring,Austrian Grand Prix,Spielberg,Austria,678,4.326,307.146,False,high_speed,69,\N,12,0.0,,
1031,848,9,70,40,2020,1,2020-07-05,albon,ALB,Alexander,Albon,Thai,red_bull,Red Bull,Austrian,Red Bull Ring,Austrian Grand Prix,Spielberg,Austria,678,4.326,307.146,False,high_speed,67,\N,13,0.0,,
1031,8,51,70,36,2020,1,2020-07-05,raikkonen,RAI,Kimi,Räikkönen,Finnish,alfa,Alfa Romeo,Swiss,Red Bull Ring,Austrian Grand Prix,Spielberg,Austria,678,4.326,307.146,False,high_speed,53,\N,\N,0.0,,
1031,847,3,70,32,2020,1,2020-07-05,russell,RUS,George,Russell,British,williams,Williams,British,Red Bull Ring,Austrian Grand Prix,Spielberg,Austria,678,4.326,307.146,False,high_speed,49,\N,\N,0.0,,
1031,154,210,70,23,2020,1,2020-07-05,grosjean,GRO,Romain,Grosjean,French,haas,Haas F1 Team,American,Red Bull Ring,Austrian Grand Prix,Spielberg,Austria,678,4.326,307.146,False,high_speed,49,\N,\N,0.0,,
1031,825,210,70,23,2020,1,2020-07-05,kevin_magnussen,MAG,Kevin,Magnussen,Danish,haas,Haas F1 Team,American,Red Bull Ring,Austrian Grand Prix,Spielberg,Austria,678,4.326,307.146,False,high_speed,24,\N,\N,0.0,,
1031,840,211,70,5,2020,1,2020-07-05,stroll,STR,Lance,Stroll,Canadian,racing_point,Racing Point,British,Red Bull Ring,Austrian Grand Prix,Spielberg,Austria,678,4.326,307.146,False,high_speed,20,\N,\N,0.0,,
1031,817,4,70,25,2020,1,2020-07-05,ricciardo,RIC,Daniel,Ricciardo,Australian,renault,Renault,French,Red Bull Ring,Austrian Grand Prix,Spielberg,Austria,678,4.326,307.146,False,high_speed,17,\N,\N,0.0,,
1031,830,9,70,40,2020,1,2020-07-05,max_verstappen,VER,Max,Verstappen,Dutch,red_bull,Red Bull,Austrian,Red Bull Ring,Austrian Grand Prix,Spielberg,Austria,678,4.326,307.146,False,high_speed,11,\N,\N,0.0,,
1032,1,131,70,1,2020,2,2020-07-12,hamilton,HAM,Lewis,Hamilton,British,mercedes,Mercedes,German,Red Bull Ring,Styrian Grand Prix,Spielberg,Austria,678,4.326,307.146,False,high_speed,71,4970683,1,25.0,,
1032,822,131,70,1,2020,2,2020-07-12,bottas,BOT,Valtteri,Bottas,Finnish,mercedes,Mercedes,German,Red Bull Ring,Styrian Grand Prix,Spielberg,Austria,678,4.326,307.146,False,high_speed,71,4984402,2,18.0,,
1032,830,9,70,1,2020,2,2020-07-12,max_verstappen,VER,Max,Verstappen,Dutch,red_bull,Red Bull,Austrian,Red Bull Ring,Styrian Grand Prix,Spielberg,Austria,678,4.326,307.146,False,high_speed,71,5004381,3,15.0,,
1032,848,9,70,1,2020,2,2020-07-12,albon,ALB,Alexander,Albon,Thai,red_bull,Red Bull,Austrian,Red Bull Ring,Styrian Grand Prix,Spielberg,Austria,678,4.326,307.146,False,high_speed,71,5015083,4,12.0,,
1032,846,1,70,1,2020,2,2020-07-12,norris,NOR,Lando,Norris,British,mclaren,McLaren,British,Red Bull Ring,Styrian Grand Prix,Spielberg,Austria,678,4.326,307.146,False,high_speed,71,5032153,5,10.0,,
1032,815,211,70,1,2020,2,2020-07-12,perez,PER,Sergio,Pérez,Mexican,racing_point,Racing Point,British,Red Bull Ring,Styrian Grand Prix,Spielberg,Austria,678,4.326,307.146,False,high_speed,71,5033070,6,8.0,,
1032,840,211,70,1,2020,2,2020-07-12,stroll,STR,Lance,Stroll,Canadian,racing_point,Racing Point,British,Red Bull Ring,Styrian Grand Prix,Spielberg,Austria,678,4.326,307.146,False,high_speed,71,5033136,7,6.0,,
1032,817,4,70,1,2020,2,2020-07-12,ricciardo,RIC,Daniel,Ricciardo,Australian,renault,Renault,French,Red Bull Ring,Styrian Grand Prix,Spielberg,Austria,678,4.326,307.146,False,high_speed,71,5033274,8,4.0,,
1032,832,1,70,11,2020,2,2020-07-12,sainz,SAI,Carlos,Sainz,Spanish,mclaren,McLaren,British,Red Bull Ring,Styrian Grand Prix,Spielberg,Austria,678,4.326,307.146,False,high_speed,70,\N,9,3.0,,
1032,826,213,70,11,2020,2,2020-07-12,kvyat,KVY,Daniil,Kvyat,Russian,alphatauri,AlphaTauri,Italian,Red Bull Ring,Styrian Grand Prix,Spielberg,Austria,678,4.326,307.146,False,high_speed,70,\N,10,1.0,,
1032,8,51,70,11,2020,2,2020-07-12,raikkonen,RAI,Kimi,Räikkönen,Finnish,alfa,Alfa Romeo,Swiss,Red Bull Ring,Styrian Grand Prix,Spielberg,Austria,678,4.326,307.146,False,high_speed,70,\N,11,0.0,,
1032,825,210,70,11,2020,2,2020-07-12,kevin_magnussen,MAG,Kevin,Magnussen,Danish,haas,Haas F1 Team,American,Red Bull Ring,Styrian Grand Prix,Spielberg,Austria,678,4.326,307.146,False,high_speed,70,\N,12,0.0,,
1032,154,210,70,11,2020,2,2020-07-12,grosjean,GRO,Romain,Grosjean,French,haas,Haas F1 Team,American,Red Bull Ring,Styrian Grand Prix,Spielberg,Austria,678,4.326,307.146,False,high_speed,70,\N,13,0.0,,
1032,841,51,70,11,2020,2,2020-07-12,giovinazzi,GIO,Antonio,Giovinazzi,Italian,alfa,Alfa Romeo,Swiss,Red Bull Ring,Styrian Grand Prix,Spielberg,Austria,678,4.326,307.146,False,high_speed,70,\N,14,0.0,,
1032,842,213,70,11,2020,2,2020-07-12,gasly,GAS,Pierre,Gasly,French,alphatauri,AlphaTauri,Italian,Red Bull Ring,Styrian Grand Prix,Spielberg,Austria,678,4.326,307.146,False,high_speed,70,\N,15,0.0,,
1032,847,3,70,12,2020,2,2020-07-12,russell,RUS,George,Russell,British,williams,Williams,British,Red Bull Ring,Styrian Grand Prix,Spielberg,Austria,678,4.326,307.146,False,high_speed,69,\N,16,0.0,,
1032,849,3,70,12,2020,2,2020-07-12,latifi,LAT,Nicholas,Latifi,Canadian,williams,Williams,British,Red Bull Ring,Styrian Grand Prix,Spielberg,Austria,678,4.326,307.146,False,high_speed,69,\N,17,0.0,,
1032,839,4,70,25,2020,2,2020-07-12,ocon,OCO,Esteban,Ocon,French,renault,Renault,French,Red Bull Ring,Styrian Grand Prix,Spielberg,Austria,678,4.326,307.146,False,high_speed,25,\N,\N,0.0,,
1032,844,6,70,130,2020,2,2020-07-12,leclerc,LEC,Charles,Leclerc,Monegasque,ferrari,Ferrari,Italian,Red Bull Ring,Styrian Grand Prix,Spielberg,Austria,678,4.326,307.146,False,high_speed,4,\N,\N,0.0,,
1032,20,6,70,130,2020,2,2020-07-12,vettel,VET,Sebastian,Vettel,German,ferrari,Ferrari,Italian,Red Bull Ring,Styrian Grand Prix,Spielberg,Austria,678,4.326,307.146,False,high_speed,1,\N,\N,0.0,,
1033,1,131,11,1,2020,3,2020-07-19,hamilton,HAM,Lewis,Hamilton,British,mercedes,Mercedes,German,Hungaroring,Hungarian Grand Prix,Budapest,Hungary,264,4.381,306.67,False,technical,70,5772473,1,26.0,,
1033,830,9,11,1,2020,3,2020-07-19,max_verstappen,VER,Max,Verstappen,Dutch,red_bull,Red Bull,Austrian,Hungaroring,Hungarian Grand Prix,Budapest,Hungary,264,4.381,306.67,False,technical,70,5781175,2,18.0,,
1033,822,131,11,1,2020,3,2020-07-19,bottas,BOT,Valtteri,Bottas,Finnish,mercedes,Mercedes,German,Hungaroring,Hungarian Grand Prix,Budapest,Hungary,264,4.381,306.67,False,technical,70,5781925,3,15.0,,
1033,840,211,11,1,2020,3,2020-07-19,stroll,STR,Lance,Stroll,Canadian,racing_point,Racing Point,British,Hungaroring,Hungarian Grand Prix,Budapest,Hungary,264,4.381,306.67,False,technical,70,5830052,4,12.0,,
1033,848,9,11,1,2020,3,2020-07-19,albon,ALB,Alexander,Albon,Thai,red_bull,Red Bull,Austrian,Hungaroring,Hungarian Grand Prix,Budapest,Hungary,264,4.381,306.67,False,technical,70,5850789,5,10.0,,
1033,20,6,11,11,2020,3,2020-07-19,vettel,VET,Sebastian,Vettel,German,ferrari,Ferrari,Italian,Hungaroring,Hungarian Grand Prix,Budapest,Hungary,264,4.381,306.67,False,technical,69,\N,6,8.0,,
1033,815,211,11,11,2020,3,2020-07-19,perez,PER,Sergio,Pérez,Mexican,racing_point,Racing Point,British,Hungaroring,Hungarian Grand Prix,Budapest,Hungary,264,4.381,306.67,False,technical,69,\N,7,6.0,,
1033,817,4,11,11,2020,3,2020-07-19,ricciardo,RIC,Daniel,Ricciardo,Australian,renault,Renault,French,Hungaroring,Hungarian Grand Prix,Budapest,Hungary,264,4.381,306.67,False,technical,69,\N,8,4.0,,
1033,832,1,11,11,2020,3,2020-07-19,sainz,SAI,Carlos,Sainz,Spanish,mclaren,McLaren,British,Hungaroring,Hungarian Grand Prix,Budapest,Hungary,264,4.381,306.67,False,technical,69,\N,9,2.0,,
1033,825,210,11,11,2020,3,2020-07-19,kevin_magnussen,MAG,Kevin,Magnussen,Danish,haas,Haas F1 Team,American,Hungaroring,Hungarian Grand Prix,Budapest,Hungary,264,4.381,306.67,False,technical,69,\N,10,1.0,,
1033,844,6,11,11,2020,3,2020-07-19,leclerc,LEC,Charles,Leclerc,Monegasque,ferrari,Ferrari,Italian,Hungaroring,Hungarian Grand Prix,Budapest,Hungary,264,4.381,306.67,False,technical,69,\N,11,0.0,,
1033,826,213,11,11,2020,3,2020-07-19,kvyat,KVY,Daniil,Kvyat,Russian,alphatauri,AlphaTauri,Italian,Hungaroring,Hungarian Grand Prix,Budapest,Hungary,264,4.381,306.67,False,technical,69,\N,12,0.0,,
1033,846,1,11,11,2020,3,2020-07-19,norris,NOR,Lando,Norris,British,mclaren,McLaren,British,Hungaroring,Hungarian Grand Prix,Budapest,Hungary,264,4.381,306.67,False,technical,69,\N,13,0.0,,
1033,839,4,11,11,2020,3,2020-07-19,ocon,OCO,Esteban,Ocon,French,renault,Renault,French,Hungaroring,Hungarian Grand Prix,Budapest,Hungary,264,4.381,306.67,False,technical,69,\N,14,0.0,,
1033,8,51,11,11,2020,3,2020-07-19,raikkonen,RAI,Kimi,Räikkönen,Finnish,alfa,Alfa Romeo,Swiss,Hungaroring,Hungarian Grand Prix,Budapest,Hungary,264,4.381,306.67,False,technical,69,\N,15,0.0,,
1033,154,210,11,11,2020,3,2020-07-19,grosjean,GRO,Romain,Grosjean,French,haas,Haas F1 Team,American,Hungaroring,Hungarian Grand Prix,Budapest,Hungary,264,4.381,306.67,False,technical,69,\N,16,0.0,,
1033,841,51,11,11,2020,3,2020-07-19,giovinazzi,GIO,Antonio,Giovinazzi,Italian,alfa,Alfa Romeo,Swiss,Hungaroring,Hungarian Grand Prix,Budapest,Hungary,264,4.381,306.67,False,technical,69,\N,17,0.0,,
1033,847,3,11,11,2020,3,2020-07-19,russell,RUS,George,Russell,British,williams,Williams,British,Hungaroring,Hungarian Grand Prix,Budapest,Hungary,264,4.381,306.67,False,technical,69,\N,18,0.0,,
1033,849,3,11,15,2020,3,2020-07-19,latifi,LAT,Nicholas,Latifi,Canadian,williams,Williams,British,Hungaroring,Hungarian Grand Prix,Budapest,Hungary,264,4.381,306.67,False,technical,65,\N,19,0.0,,
1033,842,213,11,5,2020,3,2020-07-19,gasly,GAS,Pierre,Gasly,French,alphatauri,AlphaTauri,Italian,Hungaroring,Hungarian Grand Prix,Budapest,Hungary,264,4.381,306.67,False,technical,15,\N,\N,0.0,,
1034,1,131,9,1,2020,4,2020-08-02,hamilton,HAM,Lewis,Hamilton,British,mercedes,Mercedes,German,Silverstone Circuit,British Grand Prix,Silverstone,UK,153,5.891,306.332,False,high_speed,52,5281283,1,25.0,,
1034,830,9,9,1,2020,4,2020-08-02,max_verstappen,VER,Max,Verstappen,Dutch,red_bull,Red Bull,Austrian,Silverstone Circuit,British Grand Prix,Silverstone,UK,153,5.891,306.332,False,high_speed,52,5287139,2,19.0,,
1034,844,6,9,1,2020,4,2020-08-02,leclerc,LEC,Charles,Leclerc,Monegasque,ferrari,Ferrari,Italian,Silverstone Circuit,British Grand Prix,Silverstone,UK,153,5.891,306.332,False,high_speed,52,5299757,3,15.0,,
1034,817,4,9,1,2020,4,2020-08-02,ricciardo,RIC,Daniel,Ricciardo,Australian,renault,Renault,French,Silverstone Circuit,British Grand Prix,Silverstone,UK,153,5.891,306.332,False,high_speed,52,5300933,4,12.0,,
1034,846,1,9,1,2020,4,2020-08-02,norris,NOR,Lando,Norris,British,mclaren,McLaren,British,Silverstone Circuit,British Grand Prix,Silverstone,UK,153,5.891,306.332,False,high_speed,52,5303560,5,10.0,,
1034,839,4,9,1,2020,4,2020-08-02,ocon,OCO,Esteban,Ocon,French,renault,Renault,French,Silverstone Circuit,British Grand Prix,Silverstone,UK,153,5.891,306.332,False,high_speed,52,5308220,6,8.0,,
1034,842,213,9,1,2020,4,2020-08-02,gasly,GAS,Pierre,Gasly,French,alphatauri,AlphaTauri,Italian,Silverstone Circuit,British Grand Prix,Silverstone,UK,153,5.891,306.332,False,high_speed,52,5312471,7,6.0,,
1034,848,9,9,1,2020,4,2020-08-02,albon,ALB,Alexander,Albon,Thai,red_bull,Red Bull,Austrian,Silverstone Circuit,British Grand Prix,Silverstone,UK,153,5.891,306.332,False,high_speed,52,5313953,8,4.0,,
1034,840,211,9,1,2020,4,2020-08-02,stroll,STR,Lance,Stroll,Canadian,racing_point,Racing Point,British,Silverstone Circuit,British Grand Prix,Silverstone,UK,153,5.891,306.332,False,high_speed,52,5318594,9,2.0,,
1034,20,6,9,1,2020,4,2020-08-02,vettel,VET,Sebastian,Vettel,German,ferrari,Ferrari,Italian,Silverstone Circuit,British Grand Prix,Silverstone,UK,153,5.891,306.332,False,high_speed,52,5323140,10,1.0,,
1034,822,131,9,1,2020,4,2020-08-02,bottas,BOT,Valtteri,Bottas,Finnish,mercedes,Mercedes,German,Silverstone Circuit,British Grand Prix,Silverstone,UK,153,5.891,306.332,False,high_speed,52,5323450,11,0.0,,
1034,847,3,9,1,2020,4,2020-08-02,russell,RUS,George,Russell,British,williams,Williams,British,Silverstone Circuit,British Grand Prix,Silverstone,UK,153,5.891,306.332,False,high_speed,52,5333287,12,0.0,,
1034,832,1,9,1,2020,4,2020-08-02,sainz,SAI,Carlos,Sainz,Spanish,mclaren,McLaren,British,Silverstone Circuit,British Grand Prix,Silverstone,UK,153,5.891,306.332,False,high_speed,52,5334653,13,0.0,,
1034,841,51,9,1,2020,4,2020-08-02,giovinazzi,GIO,Antonio,Giovinazzi,Italian,alfa,Alfa Romeo,Swiss,Silverstone Circuit,British Grand Prix,Silverstone,UK,153,5.891,306.332,False,high_speed,52,5335488,14,0.0,,
1034,849,3,9,1,2020,4,2020-08-02,latifi,LAT,Nicholas,Latifi,Canadian,williams,Williams,British,Silverstone Circuit,British Grand Prix,Silverstone,UK,153,5.891,306.332,False,high_speed,52,5335832,15,0.0,,
1034,154,210,9,1,2020,4,2020-08-02,grosjean,GRO,Romain,Grosjean,French,haas,Haas F1 Team,American,Silverstone Circuit,British Grand Prix,Silverstone,UK,153,5.891,306.332,False,high_speed,52,5336333,16,0.0,,
1034,8,51,9,11,2020,4,2020-08-02,raikkonen,RAI,Kimi,Räikkönen,Finnish,alfa,Alfa Romeo,Swiss,Silverstone Circuit,British Grand Prix,Silverstone,UK,153,5.891,306.332,False,high_speed,51,\N,17,0.0,,
1034,826,213,9,3,2020,4,2020-08-02,kvyat,KVY,Daniil,Kvyat,Russian,alphatauri,AlphaTauri,Italian,Silverstone Circuit,British Grand Prix,Silverstone,UK,153,5.891,306.332,False,high_speed,11,\N,\N,0.0,,
1034,825,210,9,4,2020,4,2020-08-02,kevin_magnussen,MAG,Kevin,Magnussen,Danish,haas,Haas F1 Team,American,Silverstone Circuit,British Grand Prix,Silverstone,UK,153,5.891,306.332,False,high_speed,1,\N,\N,0.0,,
1034,807,211,9,131,2020,4,2020-08-02,hulkenberg,HUL,Nico,Hülkenberg,German,racing_point,Racing Point,British,Silverstone Circuit,British Grand Prix,Silverstone,UK,153,5.891,306.332,False,high_speed,0,\N,\N,0.0,,
1035,830,9,9,1,2020,5,2020-08-09,max_verstappen,VER,Max,Verstappen,Dutch,red_bull,Red Bull,Austrian,Silverstone Circuit,70th Anniversary Grand Prix,Silverstone,UK,153,5.891,306.332,False,high_speed,52,4781993,1,25.0,,
1035,1,131,9,1,2020,5,2020-08-09,hamilton,HAM,Lewis,Hamilton,British,mercedes,Mercedes,German,Silverstone Circuit,70th Anniversary Grand Prix,Silverstone,UK,153,5.891,306.332,False,high_speed,52,4793319,2,19.0,,
1035,822,131,9,1,2020,5,2020-08-09,bottas,BOT,Valtteri,Bottas,Finnish,mercedes,Mercedes,German,Silverstone Circuit,70th Anniversary Grand Prix,Silverstone,UK,153,5.891,306.332,False,high_speed,52,4801224,3,15.0,,
1035,844,6,9,1,2020,5,2020-08-09,leclerc,LEC,Charles,Leclerc,Monegasque,ferrari,Ferrari,Italian,Silverstone Circuit,70th Anniversary Grand Prix,Silverstone,UK,153,5.891,306.332,False,high_speed,52,4811282,4,12.0,,
1035,848,9,9,1,2020,5,2020-08-09,albon,ALB,Alexander,Albon,Thai,red_bull,Red Bull,Austrian,Silverstone Circuit,70th Anniversary Grand Prix,Silverstone,UK,153,5.891,306.332,False,high_speed,52,4821139,5,10.0,,
1035,840,211,9,1,2020,5,2020-08-09,stroll,STR,Lance,Stroll,Canadian,racing_point,Racing Point,British,Silverstone Circuit,70th Anniversary Grand Prix,Silverstone,UK,153,5.891,306.332,False,high_speed,52,4824531,6,8.0,,
1035,807,211,9,1,2020,5,2020-08-09,hulkenberg,HUL,Nico,Hülkenberg,German,racing_point,Racing Point,British,Silverstone Circuit,70th Anniversary Grand Prix,Silverstone,UK,153,5.891,306.332,False,high_speed,52,4837944,7,6.0,,
1035,839,4,9,1,2020,5,2020-08-09,ocon,OCO,Esteban,Ocon,French,renault,Renault,French,Silverstone Circuit,70th Anniversary Grand Prix,Silverstone,UK,153,5.891,306.332,False,high_speed,52,4846766,8,4.0,,
1035,846,1,9,1,2020,5,2020-08-09,norris,NOR,Lando,Norris,British,mclaren,McLaren,British,Silverstone Circuit,70th Anniversary Grand Prix,Silverstone,UK,153,5.891,306.332,False,high_speed,52,4847537,9,2.0,,
1035,826,213,9,1,2020,5,2020-08-09,kvyat,KVY,Daniil,Kvyat,Russian,alphatauri,AlphaTauri,Italian,Silverstone Circuit,70th Anniversary Grand Prix,Silverstone,UK,153,5.891,306.332,False,high_speed,52,4851662,10,1.0,,
1035,842,213,9,1,2020,5,2020-08-09,gasly,GAS,Pierre,Gasly,French,alphatauri,AlphaTauri,Italian,Silverstone Circuit,70th Anniversary Grand Prix,Silverstone,UK,153,5.891,306.332,False,high_speed,52,4852635,11,0.0,,
1035,20,6,9,1,2020,5,2020-08-09,vettel,VET,Sebastian,Vettel,German,ferrari,Ferrari,Italian,Silverstone Circuit,70th Anniversary Grand Prix,Silverstone,UK,153,5.891,306.332,False,high_speed,52,4855363,12,0.0,,
1035,832,1,9,1,2020,5,2020-08-09,sainz,SAI,Carlos,Sainz,Spanish,mclaren,McLaren,British,Silverstone Circuit,70th Anniversary Grand Prix,Silverstone,UK,153,5.891,306.332,False,high_speed,52,4856063,13,0.0,,
1035,817,4,9,11,2020,5,2020-08-09,ricciardo,RIC,Daniel,Ricciardo,Australian,renault,Renault,French,Silverstone Circuit,70th Anniversary Grand Prix,Silverstone,UK,153,5.891,306.332,False,high_speed,51,\N,14,0.0,,
1035,8,51,9,11,2020,5,2020-08-09,raikkonen,RAI,Kimi,Räikkönen,Finnish,alfa,Alfa Romeo,Swiss,Silverstone Circuit,70th Anniversary Grand Prix,Silverstone,UK,153,5.891,306.332,False,high_speed,51,\N,15,0.0,,
1035,154,210,9,11,2020,5,2020-08-09,grosjean,GRO,Romain,Grosjean,French,haas,Haas F1 Team,American,Silverstone Circuit,70th Anniversary Grand Prix,Silverstone,UK,153,5.891,306.332,False,high_speed,51,\N,16,0.0,,
1035,841,51,9,11,2020,5,2020-08-09,giovinazzi,GIO,Antonio,Giovinazzi,Italian,alfa,Alfa Romeo,Swiss,Silverstone Circuit,70th Anniversary Grand Prix,Silverstone,UK,153,5.891,306.332,False,high_speed,51,\N,17,0.0,,
1035,847,3,9,11,2020,5,2020-08-09,russell,RUS,George,Russell,British,williams,Williams,British,Silverstone Circuit,70th Anniversary Grand Prix,Silverstone,UK,153,5.891,306.332,False,high_speed,51,\N,18,0.0,,
1035,849,3,9,11,2020,5,2020-08-09,latifi,LAT,Nicholas,Latifi,Canadian,williams,Williams,British,Silverstone Circuit,70th Anniversary Grand Prix,Silverstone,UK,153,5.891,306.332,False,high_speed,51,\N,19,0.0,,
1035,825,210,9,31,2020,5,2020-08-09,kevin_magnussen,MAG,Kevin,Magnussen,Danish,haas,Haas F1 Team,American,Silverstone Circuit,70th Anniversary Grand Prix,Silverstone,UK,153,5.891,306.332,False,high_speed,43,\N,\N,0.0,,
1036,1,131,4,1,2020,6,2020-08-16,hamilton,HAM,Lewis,Hamilton,British,mercedes,Mercedes,German,Circuit de Barcelona-Catalunya,Spanish Grand Prix,Montmeló,Spain,109,4.657,307.362,False,balanced,66,5505279,1,25.0,,
1036,830,9,4,1,2020,6,2020-08-16,max_verstappen,VER,Max,Verstappen,Dutch,red_bull,Red Bull,Austrian,Circuit de Barcelona-Catalunya,Spanish Grand Prix,Montmeló,Spain,109,4.657,307.362,False,balanced,66,5529456,2,18.0,,
1036,822,131,4,1,2020,6,2020-08-16,bottas,BOT,Valtteri,Bottas,Finnish,mercedes,Mercedes,German,Circuit de Barcelona-Catalunya,Spanish Grand Prix,Montmeló,Spain,109,4.657,307.362,False,balanced,66,5550031,3,16.0,,
1036,840,211,4,11,2020,6,2020-08-16,stroll,STR,Lance,Stroll,Canadian,racing_point,Racing Point,British,Circuit de Barcelona-Catalunya,Spanish Grand Prix,Montmeló,Spain,109,4.657,307.362,False,balanced,65,\N,4,12.0,,
1036,815,211,4,11,2020,6,2020-08-16,perez,PER,Sergio,Pérez,Mexican,racing_point,Racing Point,British,Circuit de Barcelona-Catalunya,Spanish Grand Prix,Montmeló,Spain,109,4.657,307.362,False,balanced,65,\N,5,10.0,,
1036,832,1,4,11,2020,6,2020-08-16,sainz,SAI,Carlos,Sainz,Spanish,mclaren,McLaren,British,Circuit de Barcelona-Catalunya,Spanish Grand Prix,Montmeló,Spain,109,4.657,307.362,False,balanced,65,\N,6,8.0,,
1036,20,6,4,11,2020,6,2020-08-16,vettel,VET,Sebastian,Vettel,German,ferrari,Ferrari,Italian,Circuit de Barcelona-Catalunya,Spanish Grand Prix,Montmeló,Spain,109,4.657,307.362,False,balanced,65,\N,7,6.0,,
1036,848,9,4,11,2020,6,2020-08-16,albon,ALB,Alexander,Albon,Thai,red_bull,Red Bull,Austrian,Circuit de Barcelona-Catalunya,Spanish Grand Prix,Montmeló,Spain,109,4.657,307.362,False,balanced,65,\N,8,4.0,,
1036,842,213,4,11,2020,6,2020-08-16,gasly,GAS,Pierre,Gasly,French,alphatauri,AlphaTauri,Italian,Circuit de Barcelona-Catalunya,Spanish Grand Prix,Montmeló,Spain,109,4.657,307.362,False,balanced,65,\N,9,2.0,,
1036,846,1,4,11,2020,6,2020-08-16,norris,NOR,Lando,Norris,British,mclaren,McLaren,British,Circuit de Barcelona-Catalunya,Spanish Grand Prix,Montmeló,Spain,109,4.657,307.362,False,balanced,65,\N,10,1.0,,
1036,817,4,4,11,2020,6,2020-08-16,ricciardo,RIC,Daniel,Ricciardo,Australian,renault,Renault,French,Circuit de Barcelona-Catalunya,Spanish Grand Prix,Montmeló,Spain,109,4.657,307.362,False,balanced,65,\N,11,0.0,,
1036,826,213,4,11,2020,6,2020-08-16,kvyat,KVY,Daniil,Kvyat,Russian,alphatauri,AlphaTauri,Italian,Circuit de Barcelona-Catalunya,Spanish Grand Prix,Montmeló,Spain,109,4.657,307.362,False,balanced,65,\N,12,0.0,,
1036,839,4,4,11,2020,6,2020-08-16,ocon,OCO,Esteban,Ocon,French,renault,Renault,French,Circuit de Barcelona-Catalunya,Spanish Grand Prix,Montmeló,Spain,109,4.657,307.362,False,balanced,65,\N,13,0.0,,
1036,8,51,4,11,2020,6,2020-08-16,raikkonen,RAI,Kimi,Räikkönen,Finnish,alfa,Alfa Romeo,Swiss,Circuit de Barcelona-Catalunya,Spanish Grand Prix,Montmeló,Spain,109,4.657,307.362,False,balanced,65,\N,14,0.0,,
1036,825,210,4,11,2020,6,2020-08-16,kevin_magnussen,MAG,Kevin,Magnussen,Danish,haas,Haas F1 Team,American,Circuit de Barcelona-Catalunya,Spanish Grand Prix,Montmeló,Spain,109,4.657,307.362,False,balanced,65,\N,15,0.0,,
1036,841,51,4,11,2020,6,2020-08-16,giovinazzi,GIO,Antonio,Giovinazzi,Italian,alfa,Alfa Romeo,Swiss,Circuit de Barcelona-Catalunya,Spanish Grand Prix,Montmeló,Spain,109,4.657,307.362,False,balanced,65,\N,16,0.0,,
1036,847,3,4,11,2020,6,2020-08-16,russell,RUS,George,Russell,British,williams,Williams,British,Circuit de Barcelona-Catalunya,Spanish Grand Prix,Montmeló,Spain,109,4.657,307.362,False,balanced,65,\N,17,0.0,,
1036,849,3,4,12,2020,6,2020-08-16,latifi,LAT,Nicholas,Latifi,Canadian,williams,Williams,British,Circuit de Barcelona-Catalunya,Spanish Grand Prix,Montmeló,Spain,109,4.657,307.362,False,balanced,64,\N,18,0.0,,
1036,154,210,4,12,2020,6,2020-08-16,grosjean,GRO,Romain,Grosjean,French,haas,Haas F1 Team,American,Circuit de Barcelona-Catalunya,Spanish Grand Prix,Montmeló,Spain,109,4.657,307.362,False,balanced,64,\N,19,0.0,,
1036,844,6,4,40,2020,6,2020-08-16,leclerc,LEC,Charles,Leclerc,Monegasque,ferrari,Ferrari,Italian,Circuit de Barcelona-Catalunya,Spanish Grand Prix,Montmeló,Spain,109,4.657,307.362,False,balanced,38,\N,\N,0.0,,
1037,1,131,13,1,2020,7,2020-08-30,hamilton,HAM,Lewis,Hamilton,British,mercedes,Mercedes,German,Circuit de Spa-Francorchamps,Belgian Grand Prix,Spa,Belgium,401,7.004,308.176,False,high_speed,44,5048761,1,25.0,,
1037,822,131,13,1,2020,7,2020-08-30,bottas,BOT,Valtteri,Bottas,Finnish,mercedes,Mercedes,German,Circuit de Spa-Francorchamps,Belgian Grand Prix,Spa,Belgium,401,7.004,308.176,False,high_speed,44,5057209,2,18.0,,
1037,830,9,13,1,2020,7,2020-08-30,max_verstappen,VER,Max,Verstappen,Dutch,red_bull,Red Bull,Austrian,Circuit de Spa-Francorchamps,Belgian Grand Prix,Spa,Belgium,401,7.004,308.176,False,high_speed,44,5064216,3,15.0,,
1037,817,4,13,1,2020,7,2020-08-30,ricciardo,RIC,Daniel,Ricciardo,Australian,renault,Renault,French,Circuit de Spa-Francorchamps,Belgian Grand Prix,Spa,Belgium,401,7.004,308.176,False,high_speed,44,5067638,4,13.0,,
1037,839,4,13,1,2020,7,2020-08-30,ocon,OCO,Esteban,Ocon,French,renault,Renault,French,Circuit de Spa-Francorchamps,Belgian Grand Prix,Spa,Belgium,401,7.004,308.176,False,high_speed,44,5089411,5,10.0,,
1037,848,9,13,1,2020,7,2020-08-30,albon,ALB,Alexander,Albon,Thai,red_bull,Red Bull,Austrian,Circuit de Spa-Francorchamps,Belgian Grand Prix,Spa,Belgium,401,7.004,308.176,False,high_speed,44,5091473,6,8.0,,
1037,846,1,13,1,2020,7,2020-08-30,norris,NOR,Lando,Norris,British,mclaren,McLaren,British,Circuit de Spa-Francorchamps,Belgian Grand Prix,Spa,Belgium,401,7.004,308.176,False,high_speed,44,5092535,7,6.0,,
1037,842,213,13,1,2020,7,2020-08-30,gasly,GAS,Pierre,Gasly,French,alphatauri,AlphaTauri,Italian,Circuit de Spa-Francorchamps,Belgian Grand Prix,Spa,Belgium,401,7.004,308.176,False,high_speed,44,5096132,8,4.0,,
1037,840,211,13,1,2020,7,2020-08-30,stroll,STR,Lance,Stroll,Canadian,racing_point,Racing Point,British,Circuit de Spa-Francorchamps,Belgian Grand Prix,Spa,Belgium,401,7.004,308.176,False,high_speed,44,5101364,9,2.0,,
1037,815,211,13,1,2020,7,2020-08-30,perez,PER,Sergio,Pérez,Mexican,racing_point,Racing Point,British,Circuit de Spa-Francorchamps,Belgian Grand Prix,Spa,Belgium,401,7.004,308.176,False,high_speed,44,5101940,10,1.0,,
1037,826,213,13,1,2020,7,2020-08-30,kvyat,KVY,Daniil,Kvyat,Russian,alphatauri,AlphaTauri,Italian,Circuit de Spa-Francorchamps,Belgian Grand Prix,Spa,Belgium,401,7.004,308.176,False,high_speed,44,5118961,11,0.0,,
1037,8,51,13,1,2020,7,2020-08-30,raikkonen,RAI,Kimi,Räikkönen,Finnish,alfa,Alfa Romeo,Swiss,Circuit de Spa-Francorchamps,Belgian Grand Prix,Spa,Belgium,401,7.004,308.176,False,high_speed,44,5120265,12,0.0,,
1037,20,6,13,1,2020,7,2020-08-30,vettel,VET,Sebastian,Vettel,German,ferrari,Ferrari,Italian,Circuit de Spa-Francorchamps,Belgian Grand Prix,Spa,Belgium,401,7.004,308.176,False,high_speed,44,5121655,13,0.0,,
1037,844,6,13,1,2020,7,2020-08-30,leclerc,LEC,Charles,Leclerc,Monegasque,ferrari,Ferrari,Italian,Circuit de Spa-Francorchamps,Belgian Grand Prix,Spa,Belgium,401,7.004,308.176,False,high_speed,44,5123681,14,0.0,,
1037,154,210,13,1,2020,7,2020-08-30,grosjean,GRO,Romain,Grosjean,French,haas,Haas F1 Team,American,Circuit de Spa-Francorchamps,Belgian Grand Prix,Spa,Belgium,401,7.004,308.176,False,high_speed,44,5125554,15,0.0,,
1037,849,3,13,1,2020,7,2020-08-30,latifi,LAT,Nicholas,Latifi,Canadian,williams,Williams,British,Circuit de Spa-Francorchamps,Belgian Grand Prix,Spa,Belgium,401,7.004,308.176,False,high_speed,44,5126556,16,0.0,,
1037,825,210,13,1,2020,7,2020-08-30,kevin_magnussen,MAG,Kevin,Magnussen,Danish,haas,Haas F1 Team,American,Circuit de Spa-Francorchamps,Belgian Grand Prix,Spa,Belgium,401,7.004,308.176,False,high_speed,44,5134301,17,0.0,,
1037,841,51,13,3,2020,7,2020-08-30,giovinazzi,GIO,Antonio,Giovinazzi,Italian,alfa,Alfa Romeo,Swiss,Circuit de Spa-Francorchamps,Belgian Grand Prix,Spa,Belgium,401,7.004,308.176,False,high_speed,9,\N,\N,0.0,,
1037,847,3,13,138,2020,7,2020-08-30,russell,RUS,George,Russell,British,williams,Williams,British,Circuit de Spa-Francorchamps,Belgian Grand Prix,Spa,Belgium,401,7.004,308.176,False,high_speed,9,\N,\N,0.0,,
1037,832,1,13,43,2020,7,2020-08-30,sainz,SAI,Carlos,Sainz,Spanish,mclaren,McLaren,British,Circuit de Spa-Francorchamps,Belgian Grand Prix,Spa,Belgium,401,7.004,308.176,False,high_speed,0,\N,\N,0.0,,
1038,842,213,14,1,2020,8,2020-09-06,gasly,GAS,Pierre,Gasly,French,alphatauri,AlphaTauri,Italian,Autodromo Nazionale di Monza,Italian Grand Prix,Monza,Italy,162,5.793,307.029,False,high_speed,53,6426056,1,25.0,,
1038,832,1,14,1,2020,8,2020-09-06,sainz,SAI,Carlos,Sainz,Spanish,mclaren,McLaren,British,Autodromo Nazionale di Monza,Italian Grand Prix,Monza,Italy,162,5.793,307.029,False,high_speed,53,6426471,2,18.0,,
1038,840,211,14,1,2020,8,2020-09-06,stroll,STR,Lance,Stroll,Canadian,racing_point,Racing Point,British,Autodromo Nazionale di Monza,Italian Grand Prix,Monza,Italy,162,5.793,307.029,False,high_speed,53,6429414,3,15.0,,
1038,846,1,14,1,2020,8,2020-09-06,norris,NOR,Lando,Norris,British,mclaren,McLaren,British,Autodromo Nazionale di Monza,Italian Grand Prix,Monza,Italy,162,5.793,307.029,False,high_speed,53,6432056,4,12.0,,
1038,822,131,14,1,2020,8,2020-09-06,bottas,BOT,Valtteri,Bottas,Finnish,mercedes,Mercedes,German,Autodromo Nazionale di Monza,Italian Grand Prix,Monza,Italy,162,5.793,307.029,False,high_speed,53,6433164,5,10.0,,
1038,817,4,14,1,2020,8,2020-09-06,ricciardo,RIC,Daniel,Ricciardo,Australian,renault,Renault,French,Autodromo Nazionale di Monza,Italian Grand Prix,Monza,Italy,162,5.793,307.029,False,high_speed,53,6434447,6,8.0,,
1038,1,131,14,1,2020,8,2020-09-06,hamilton,HAM,Lewis,Hamilton,British,mercedes,Mercedes,German,Autodromo Nazionale di Monza,Italian Grand Prix,Monza,Italy,162,5.793,307.029,False,high_speed,53,6443301,7,7.0,,
1038,839,4,14,1,2020,8,2020-09-06,ocon,OCO,Esteban,Ocon,French,renault,Renault,French,Autodromo Nazionale di Monza,Italian Grand Prix,Monza,Italy,162,5.793,307.029,False,high_speed,53,6444747,8,4.0,,
1038,826,213,14,1,2020,8,2020-09-06,kvyat,KVY,Daniil,Kvyat,Russian,alphatauri,AlphaTauri,Italian,Autodromo Nazionale di Monza,Italian Grand Prix,Monza,Italy,162,5.793,307.029,False,high_speed,53,6448264,9,2.0,,
1038,815,211,14,1,2020,8,2020-09-06,perez,PER,Sergio,Pérez,Mexican,racing_point,Racing Point,British,Autodromo Nazionale di Monza,Italian Grand Prix,Monza,Italy,162,5.793,307.029,False,high_speed,53,6449280,10,1.0,,
1038,849,3,14,1,2020,8,2020-09-06,latifi,LAT,Nicholas,Latifi,Canadian,williams,Williams,British,Autodromo Nazionale di Monza,Italian Grand Prix,Monza,Italy,162,5.793,307.029,False,high_speed,53,6458932,11,0.0,,
1038,154,210,14,1,2020,8,2020-09-06,grosjean,GRO,Romain,Grosjean,French,haas,Haas F1 Team,American,Autodromo Nazionale di Monza,Italian Grand Prix,Monza,Italy,162,5.793,307.029,False,high_speed,53,6461220,12,0.0,,
1038,8,51,14,1,2020,8,2020-09-06,raikkonen,RAI,Kimi,Räikkönen,Finnish,alfa,Alfa Romeo,Swiss,Autodromo Nazionale di Monza,Italian Grand Prix,Monza,Italy,162,5.793,307.029,False,high_speed,53,6462368,13,0.0,,
1038,847,3,14,1,2020,8,2020-09-06,russell,RUS,George,Russell,British,williams,Williams,British,Autodromo Nazionale di Monza,Italian Grand Prix,Monza,Italy,162,5.793,307.029,False,high_speed,53,6462649,14,0.0,,
1038,848,9,14,1,2020,8,2020-09-06,albon,ALB,Alexander,Albon,Thai,red_bull,Red Bull,Austrian,Autodromo Nazionale di Monza,Italian Grand Prix,Monza,Italy,162,5.793,307.029,False,high_speed,53,6463589,15,0.0,,
1038,841,51,14,1,2020,8,2020-09-06,giovinazzi,GIO,Antonio,Giovinazzi,Italian,alfa,Alfa Romeo,Swiss,Autodromo Nazionale di Monza,Italian Grand Prix,Monza,Italy,162,5.793,307.029,False,high_speed,53,6481255,16,0.0,,
1038,830,9,14,131,2020,8,2020-09-06,max_verstappen,VER,Max,Verstappen,Dutch,red_bull,Red Bull,Austrian,Autodromo Nazionale di Monza,Italian Grand Prix,Monza,Italy,162,5.793,307.029,False,high_speed,30,\N,\N,0.0,,
1038,844,6,14,3,2020,8,2020-09-06,leclerc,LEC,Charles,Leclerc,Monegasque,ferrari,Ferrari,Italian,Autodromo Nazionale di Monza,Italian Grand Prix,Monza,Italy,162,5.793,307.029,False,high_speed,23,\N,\N,0.0,,
1038,825,210,14,131,2020,8,2020-09-06,kevin_magnussen,MAG,Kevin,Magnussen,Danish,haas,Haas F1 Team,American,Autodromo Nazionale di Monza,Italian Grand Prix,Monza,Italy,162,5.793,307.029,False,high_speed,17,\N,\N,0.0,,
1038,20,6,14,23,2020,8,2020-09-06,vettel,VET,Sebastian,Vettel,German,ferrari,Ferrari,Italian,Autodromo Nazionale di Monza,Italian Grand Prix,Monza,Italy,162,5.793,307.029,False,high_speed,6,\N,\N,0.0,,
1039,1,131,76,1,2020,9,2020-09-13,hamilton,HAM,Lewis,Hamilton,British,mercedes,Mercedes,German,Autodromo Internazionale del Mugello,Tuscan Grand Prix,Mugello,Italy,255,5.245,309.455,False,high_speed,59,8375060,1,26.0,,
1039,822,131,76,1,2020,9,2020-09-13,bottas,BOT,Valtteri,Bottas,Finnish,mercedes,Mercedes,German,Autodromo Internazionale del Mugello,Tuscan Grand Prix,Mugello,Italy,255,5.245,309.455,False,high_speed,59,8379940,2,18.0,,
1039,848,9,76,1,2020,9,2020-09-13,albon,ALB,Alexander,Albon,Thai,red_bull,Red Bull,Austrian,Autodromo Internazionale del Mugello,Tuscan Grand Prix,Mugello,Italy,255,5.245,309.455,False,high_speed,59,8383124,3,15.0,,
1039,817,4,76,1,2020,9,2020-09-13,ricciardo,RIC,Daniel,Ricciardo,Australian,renault,Renault,French,Autodromo Internazionale del Mugello,Tuscan Grand Prix,Mugello,Italy,255,5.245,309.455,False,high_speed,59,8385477,4,12.0,,
1039,815,211,76,1,2020,9,2020-09-13,perez,PER,Sergio,Pérez,Mexican,racing_point,Racing Point,British,Autodromo Internazionale del Mugello,Tuscan Grand Prix,Mugello,Italy,255,5.245,309.455,False,high_speed,59,8390710,5,10.0,,
1039,846,1,76,1,2020,9,2020-09-13,norris,NOR,Lando,Norris,British,mclaren,McLaren,British,Autodromo Internazionale del Mugello,Tuscan Grand Prix,Mugello,Italy,255,5.245,309.455,False,high_speed,59,8393943,6,8.0,,
1039,826,213,76,1,2020,9,2020-09-13,kvyat,KVY,Daniil,Kvyat,Russian,alphatauri,AlphaTauri,Italian,Autodromo Internazionale del Mugello,Tuscan Grand Prix,Mugello,Italy,255,5.245,309.455,False,high_speed,59,8396816,7,6.0,,
1039,844,6,76,1,2020,9,2020-09-13,leclerc,LEC,Charles,Leclerc,Monegasque,ferrari,Ferrari,Italian,Autodromo Internazionale del Mugello,Tuscan Grand Prix,Mugello,Italy,255,5.245,309.455,False,high_speed,59,8403405,8,4.0,,
1039,8,51,76,1,2020,9,2020-09-13,raikkonen,RAI,Kimi,Räikkönen,Finnish,alfa,Alfa Romeo,Swiss,Autodromo Internazionale del Mugello,Tuscan Grand Prix,Mugello,Italy,255,5.245,309.455,False,high_speed,59,8404830,9,2.0,,
1039,20,6,76,1,2020,9,2020-09-13,vettel,VET,Sebastian,Vettel,German,ferrari,Ferrari,Italian,Autodromo Internazionale del Mugello,Tuscan Grand Prix,Mugello,Italy,255,5.245,309.455,False,high_speed,59,8405043,10,1.0,,
1039,847,3,76,1,2020,9,2020-09-13,russell,RUS,George,Russell,British,williams,Williams,British,Autodromo Internazionale del Mugello,Tuscan Grand Prix,Mugello,Italy,255,5.245,309.455,False,high_speed,59,8407464,11,0.0,,
1039,154,210,76,1,2020,9,2020-09-13,grosjean,GRO,Romain,Grosjean,French,haas,Haas F1 Team,American,Autodromo Internazionale del Mugello,Tuscan Grand Prix,Mugello,Italy,255,5.245,309.455,False,high_speed,59,8417096,12,0.0,,
1039,840,211,76,29,2020,9,2020-09-13,stroll,STR,Lance,Stroll,Canadian,racing_point,Racing Point,British,Autodromo Internazionale del Mugello,Tuscan Grand Prix,Mugello,Italy,255,5.245,309.455,False,high_speed,42,\N,\N,0.0,,
1039,839,4,76,23,2020,9,2020-09-13,ocon,OCO,Esteban,Ocon,French,renault,Renault,French,Autodromo Internazionale del Mugello,Tuscan Grand Prix,Mugello,Italy,255,5.245,309.455,False,high_speed,7,\N,\N,0.0,,
1039,849,3,76,4,2020,9,2020-09-13,latifi,LAT,Nicholas,Latifi,Canadian,williams,Williams,British,Autodromo Internazionale del Mugello,Tuscan Grand Prix,Mugello,Italy,255,5.245,309.455,False,high_speed,6,\N,\N,0.0,,
1039,825,210,76,4,2020,9,2020-09-13,kevin_magnussen,MAG,Kevin,Magnussen,Danish,haas,Haas F1 Team,American,Autodromo Internazionale del Mugello,Tuscan Grand Prix,Mugello,Italy,255,5.245,309.455,False,high_speed,5,\N,\N,0.0,,
1039,841,51,76,4,2020,9,2020-09-13,giovinazzi,GIO,Antonio,Giovinazzi,Italian,alfa,Alfa Romeo,Swiss,Autodromo Internazionale del Mugello,Tuscan Grand Prix,Mugello,Italy,255,5.245,309.455,False,high_speed,5,\N,\N,0.0,,
1039,832,1,76,4,2020,9,2020-09-13,sainz,SAI,Carlos,Sainz,Spanish,mclaren,McLaren,British,Autodromo Internazionale del Mugello,Tuscan Grand Prix,Mugello,Italy,255,5.245,309.455,False,high_speed,5,\N,\N,0.0,,
1039,830,9,76,4,2020,9,2020-09-13,max_verstappen,VER,Max,Verstappen,Dutch,red_bull,Red Bull,Austrian,Autodromo Internazionale del Mugello,Tuscan Grand Prix,Mugello,Italy,255,5.245,309.455,False,high_speed,0,\N,\N,0.0,,
1039,842,213,76,4,2020,9,2020-09-13,gasly,GAS,Pierre,Gasly,French,alphatauri,AlphaTauri,Italian,Autodromo Internazionale del Mugello,Tuscan Grand Prix,Mugello,Italy,255,5.245,309.455,False,high_speed,0,\N,\N,0.0,,
1040,822,131,71,1,2020,10,2020-09-27,bottas,BOT,Valtteri,Bottas,Finnish,mercedes,Mercedes,German,Sochi Autodrom,Russian Grand Prix,Sochi,Russia,2,5.848,309.944,False,balanced,53,5640364,1,26.0,,
1040,830,9,71,1,2020,10,2020-09-27,max_verstappen,VER,Max,Verstappen,Dutch,red_bull,Red Bull,Austrian,Sochi Autodrom,Russian Grand Prix,Sochi,Russia,2,5.848,309.944,False,balanced,53,5648093,2,18.0,,
1040,1,131,71,1,2020,10,2020-09-27,hamilton,HAM,Lewis,Hamilton,British,mercedes,Mercedes,German,Sochi Autodrom,Russian Grand Prix,Sochi,Russia,2,5.848,309.944,False,balanced,53,5663093,3,15.0,,
1040,815,211,71,1,2020,10,2020-09-27,perez,PER,Sergio,Pérez,Mexican,racing_point,Racing Point,British,Sochi Autodrom,Russian Grand Prix,Sochi,Russia,2,5.848,309.944,False,balanced,53,5670922,4,12.0,,
1040,817,4,71,1,2020,10,2020-09-27,ricciardo,RIC,Daniel,Ricciardo,Australian,renault,Renault,French,Sochi Autodrom,Russian Grand Prix,Sochi,Russia,2,5.848,309.944,False,balanced,53,5692429,5,10.0,,
1040,844,6,71,1,2020,10,2020-09-27,leclerc,LEC,Charles,Leclerc,Monegasque,ferrari,Ferrari,Italian,Sochi Autodrom,Russian Grand Prix,Sochi,Russia,2,5.848,309.944,False,balanced,53,5702550,6,8.0,,
1040,839,4,71,1,2020,10,2020-09-27,ocon,OCO,Esteban,Ocon,French,renault,Renault,French,Sochi Autodrom,Russian Grand Prix,Sochi,Russia,2,5.848,309.944,False,balanced,53,5708370,7,6.0,,
1040,826,213,71,1,2020,10,2020-09-27,kvyat,KVY,Daniil,Kvyat,Russian,alphatauri,AlphaTauri,Italian,Sochi Autodrom,Russian Grand Prix,Sochi,Russia,2,5.848,309.944,False,balanced,53,5709104,8,4.0,,
1040,842,213,71,1,2020,10,2020-09-27,gasly,GAS,Pierre,Gasly,French,alphatauri,AlphaTauri,Italian,Sochi Autodrom,Russian Grand Prix,Sochi,Russia,2,5.848,309.944,False,balanced,53,5730130,9,2.0,,
1040,848,9,71,1,2020,10,2020-09-27,albon,ALB,Alexander,Albon,Thai,red_bull,Red Bull,Austrian,Sochi Autodrom,Russian Grand Prix,Sochi,Russia,2,5.848,309.944,False,balanced,53,5738224,10,1.0,,
1040,841,51,71,11,2020,10,2020-09-27,giovinazzi,GIO,Antonio,Giovinazzi,Italian,alfa,Alfa Romeo,Swiss,Sochi Autodrom,Russian Grand Prix,Sochi,Russia,2,5.848,309.944,False,balanced,52,\N,11,0.0,,
1040,825,210,71,11,2020,10,2020-09-27,kevin_magnussen,MAG,Kevin,Magnussen,Danish,haas,Haas F1 Team,American,Sochi Autodrom,Russian Grand Prix,Sochi,Russia,2,5.848,309.944,False,balanced,52,\N,12,0.0,,
1040,20,6,71,11,2020,10,2020-09-27,vettel,VET,Sebastian,Vettel,German,ferrari,Ferrari,Italian,Sochi Autodrom,Russian Grand Prix,Sochi,Russia,2,5.848,309.944,False,balanced,52,\N,13,0.0,,
1040,8,51,71,11,2020,10,2020-09-27,raikkonen,RAI,Kimi,Räikkönen,Finnish,alfa,Alfa Romeo,Swiss,Sochi Autodrom,Russian Grand Prix,Sochi,Russia,2,5.848,309.944,False,balanced,52,\N,14,0.0,,
1040,846,1,71,11,2020,10,2020-09-27,norris,NOR,Lando,Norris,British,mclaren,McLaren,British,Sochi Autodrom,Russian Grand Prix,Sochi,Russia,2,5.848,309.944,False,balanced,52,\N,15,0.0,,
1040,849,3,71,11,2020,10,2020-09-27,latifi,LAT,Nicholas,Latifi,Canadian,williams,Williams,British,Sochi Autodrom,Russian Grand Prix,Sochi,Russia,2,5.848,309.944,False,balanced,52,\N,16,0.0,,
1040,154,210,71,11,2020,10,2020-09-27,grosjean,GRO,Romain,Grosjean,French,haas,Haas F1 Team,American,Sochi Autodrom,Russian Grand Prix,Sochi,Russia,2,5.848,309.944,False,balanced,52,\N,17,0.0,,
1040,847,3,71,11,2020,10,2020-09-27,russell,RUS,George,Russell,British,williams,Williams,British,Sochi Autodrom,Russian Grand Prix,Sochi,Russia,2,5.848,309.944,False,balanced,52,\N,18,0.0,,
1040,832,1,71,3,2020,10,2020-09-27,sainz,SAI,Carlos,Sainz,Spanish,mclaren,McLaren,British,Sochi Autodrom,Russian Grand Prix,Sochi,Russia,2,5.848,309.944,False,balanced,0,\N,\N,0.0,,
1040,840,211,71,4,2020,10,2020-09-27,stroll,STR,Lance,Stroll,Canadian,racing_point,Racing Point,British,Sochi Autodrom,Russian Grand Prix,Sochi,Russia,2,5.848,309.944,False,balanced,0,\N,\N,0.0,,
1041,1,131,20,1,2020,11,2020-10-11,hamilton,HAM,Lewis,Hamilton,British,mercedes,Mercedes,German,Nürburgring,Eifel Grand Prix,Nürburg,Germany,578,5.148,308.88,False,balanced,60,5749641,1,25.0,,
1041,830,9,20,1,2020,11,2020-10-11,max_verstappen,VER,Max,Verstappen,Dutch,red_bull,Red Bull,Austrian,Nürburgring,Eifel Grand Prix,Nürburg,Germany,578,5.148,308.88,False,balanced,60,5754111,2,19.0,,
1041,817,4,20,1,2020,11,2020-10-11,ricciardo,RIC,Daniel,Ricciardo,Australian,renault,Renault,French,Nürburgring,Eifel Grand Prix,Nürburg,Germany,578,5.148,308.88,False,balanced,60,5764254,3,15.0,,
1041,815,211,20,1,2020,11,2020-10-11,perez,PER,Sergio,Pérez,Mexican,racing_point,Racing Point,British,Nürburgring,Eifel Grand Prix,Nürburg,Germany,578,5.148,308.88,False,balanced,60,5765711,4,12.0,,
1041,832,1,20,1,2020,11,2020-10-11,sainz,SAI,Carlos,Sainz,Spanish,mclaren,McLaren,British,Nürburgring,Eifel Grand Prix,Nürburg,Germany,578,5.148,308.88,False,balanced,60,5771546,5,10.0,,
1041,842,213,20,1,2020,11,2020-10-11,gasly,GAS,Pierre,Gasly,French,alphatauri,AlphaTauri,Italian,Nürburgring,Eifel Grand Prix,Nürburg,Germany,578,5.148,308.88,False,balanced,60,5772407,6,8.0,,
1041,844,6,20,1,2020,11,2020-10-11,leclerc,LEC,Charles,Leclerc,Monegasque,ferrari,Ferrari,Italian,Nürburgring,Eifel Grand Prix,Nürburg,Germany,578,5.148,308.88,False,balanced,60,5780455,7,6.0,,
1041,807,211,20,1,2020,11,2020-10-11,hulkenberg,HUL,Nico,Hülkenberg,German,racing_point,Racing Point,British,Nürburgring,Eifel Grand Prix,Nürburg,Germany,578,5.148,308.88,False,balanced,60,5782237,8,4.0,,
1041,154,210,20,1,2020,11,2020-10-11,grosjean,GRO,Romain,Grosjean,French,haas,Haas F1 Team,American,Nürburgring,Eifel Grand Prix,Nürburg,Germany,578,5.148,308.88,False,balanced,60,5788722,9,2.0,,
1041,841,51,20,1,2020,11,2020-10-11,giovinazzi,GIO,Antonio,Giovinazzi,Italian,alfa,Alfa Romeo,Swiss,Nürburgring,Eifel Grand Prix,Nürburg,Germany,578,5.148,308.88,False,balanced,60,5789676,10,1.0,,
1041,20,6,20,1,2020,11,2020-10-11,vettel,VET,Sebastian,Vettel,German,ferrari,Ferrari,Italian,Nürburgring,Eifel Grand Prix,Nürburg,Germany,578,5.148,308.88,False,balanced,60,5790451,11,0.0,,
1041,8,51,20,1,2020,11,2020-10-11,raikkonen,RAI,Kimi,Räikkönen,Finnish,alfa,Alfa Romeo,Swiss,Nürburgring,Eifel Grand Prix,Nürburg,Germany,578,5.148,308.88,False,balanced,60,5791117,12,0.0,,
1041,825,210,20,1,2020,11,2020-10-11,kevin_magnussen,MAG,Kevin,Magnussen,Danish,haas,Haas F1 Team,American,Nürburgring,Eifel Grand Prix,Nürburg,Germany,578,5.148,308.88,False,balanced,60,5799226,13,0.0,,
1041,849,3,20,1,2020,11,2020-10-11,latifi,LAT,Nicholas,Latifi,Canadian,williams,Williams,British,Nürburgring,Eifel Grand Prix,Nürburg,Germany,578,5.148,308.88,False,balanced,60,5804090,14,0.0,,
1041,826,213,20,1,2020,11,2020-10-11,kvyat,KVY,Daniil,Kvyat,Russian,alphatauri,AlphaTauri,Italian,Nürburgring,Eifel Grand Prix,Nürburg,Germany,578,5.148,308.88,False,balanced,60,5805229,15,0.0,,
1041,846,1,20,131,2020,11,2020-10-11,norris,NOR,Lando,Norris,British,mclaren,McLaren,British,Nürburgring,Eifel Grand Prix,Nürburg,Germany,578,5.148,308.88,False,balanced,42,\N,\N,0.0,,
1041,848,9,20,21,2020,11,2020-10-11,albon,ALB,Alexander,Albon,Thai,red_bull,Red Bull,Austrian,Nürburgring,Eifel Grand Prix,Nürburg,Germany,578,5.148,308.88,False,balanced,23,\N,\N,0.0,,
1041,839,4,20,6,2020,11,2020-10-11,ocon,OCO,Esteban,Ocon,French,renault,Renault,French,Nürburgring,Eifel Grand Prix,Nürburg,Germany,578,5.148,308.88,False,balanced,22,\N,\N,0.0,,
1041,822,131,20,131,2020,11,2020-10-11,bottas,BOT,Valtteri,Bottas,Finnish,mercedes,Mercedes,German,Nürburgring,Eifel Grand Prix,Nürburg,Germany,578,5.148,308.88,False,balanced,18,\N,\N,0.0,,
1041,847,3,20,4,2020,11,2020-10-11,russell,RUS,George,Russell,British,williams,Williams,British,Nürburgring,Eifel Grand Prix,Nürburg,Germany,578,5.148,308.88,False,balanced,12,\N,\N,0.0,,
1042,1,131,75,1,2020,12,2020-10-25,hamilton,HAM,Lewis,Hamilton,British,mercedes,Mercedes,German,Autódromo Internacional do Algarve,Portuguese Grand Prix,Portimão,Portugal,108,4.653,307.098,False,balanced,66,5396828,1,26.0,,
1042,822,131,75,1,2020,12,2020-10-25,bottas,BOT,Valtteri,Bottas,Finnish,mercedes,Mercedes,German,Autódromo Internacional do Algarve,Portuguese Grand Prix,Portimão,Portugal,108,4.653,307.098,False,balanced,66,5422420,2,18.0,,
1042,830,9,75,1,2020,12,2020-10-25,max_verstappen,VER,Max,Verstappen,Dutch,red_bull,Red Bull,Austrian,Autódromo Internacional do Algarve,Portuguese Grand Prix,Portimão,Portugal,108,4.653,307.098,False,balanced,66,5431336,3,15.0,,
1042,844,6,75,1,2020,12,2020-10-25,leclerc,LEC,Charles,Leclerc,Monegasque,ferrari,Ferrari,Italian,Autódromo Internacional do Algarve,Portuguese Grand Prix,Portimão,Portugal,108,4.653,307.098,False,balanced,66,5462140,4,12.0,,
1042,842,213,75,11,2020,12,2020-10-25,gasly,GAS,Pierre,Gasly,French,alphatauri,AlphaTauri,Italian,Autódromo Internacional do Algarve,Portuguese Grand Prix,Portimão,Portugal,108,4.653,307.098,False,balanced,65,\N,5,10.0,,
1042,832,1,75,11,2020,12,2020-10-25,sainz,SAI,Carlos,Sainz,Spanish,mclaren,McLaren,British,Autódromo Internacional do Algarve,Portuguese Grand Prix,Portimão,Portugal,108,4.653,307.098,False,balanced,65,\N,6,8.0,,
1042,815,211,75,11,2020,12,2020-10-25,perez,PER,Sergio,Pérez,Mexican,racing_point,Racing Point,British,Autódromo Internacional do Algarve,Portuguese Grand Prix,Portimão,Portugal,108,4.653,307.098,False,balanced,65,\N,7,6.0,,
1042,839,4,75,11,2020,12,2020-10-25,ocon,OCO,Esteban,Ocon,French,renault,Renault,French,Autódromo Internacional do Algarve,Portuguese Grand Prix,Portimão,Portugal,108,4.653,307.098,False,balanced,65,\N,8,4.0,,
1042,817,4,75,11,2020,12,2020-10-25,ricciardo,RIC,Daniel,Ricciardo,Australian,renault,Renault,French,Autódromo Internacional do Algarve,Portuguese Grand Prix,Portimão,Portugal,108,4.653,307.098,False,balanced,65,\N,9,2.0,,
1042,20,6,75,11,2020,12,2020-10-25,vettel,VET,Sebastian,Vettel,German,ferrari,Ferrari,Italian,Autódromo Internacional do Algarve,Portuguese Grand Prix,Portimão,Portugal,108,4.653,307.098,False,balanced,65,\N,10,1.0,,
1042,8,51,75,11,2020,12,2020-10-25,raikkonen,RAI,Kimi,Räikkönen,Finnish,alfa,Alfa Romeo,Swiss,Autódromo Internacional do Algarve,Portuguese Grand Prix,Portimão,Portugal,108,4.653,307.098,False,balanced,65,\N,11,0.0,,
1042,848,9,75,11,2020,12,2020-10-25,albon,ALB,Alexander,Albon,Thai,red_bull,Red Bull,Austrian,Autódromo Internacional do Algarve,Portuguese Grand Prix,Portimão,Portugal,108,4.653,307.098,False,balanced,65,\N,12,0.0,,
1042,846,1,75,11,2020,12,2020-10-25,norris,NOR,Lando,Norris,British,mclaren,McLaren,British,Autódromo Internacional do Algarve,Portuguese Grand Prix,Portimão,Portugal,108,4.653,307.098,False,balanced,65,\N,13,0.0,,
1042,847,3,75,11,2020,12,2020-10-25,russell,RUS,George,Russell,British,williams,Williams,British,Autódromo Internacional do Algarve,Portuguese Grand Prix,Portimão,Portugal,108,4.653,307.098,False,balanced,65,\N,14,0.0,,
1042,841,51,75,11,2020,12,2020-10-25,giovinazzi,GIO,Antonio,Giovinazzi,Italian,alfa,Alfa Romeo,Swiss,Autódromo Internacional do Algarve,Portuguese Grand Prix,Portimão,Portugal,108,4.653,307.098,False,balanced,65,\N,15,0.0,,
1042,825,210,75,11,2020,12,2020-10-25,kevin_magnussen,MAG,Kevin,Magnussen,Danish,haas,Haas F1 Team,American,Autódromo Internacional do Algarve,Portuguese Grand Prix,Portimão,Portugal,108,4.653,307.098,False,balanced,65,\N,16,0.0,,
1042,154,210,75,11,2020,12,2020-10-25,grosjean,GRO,Romain,Grosjean,French,haas,Haas F1 Team,American,Autódromo Internacional do Algarve,Portuguese Grand Prix,Portimão,Portugal,108,4.653,307.098,False,balanced,65,\N,17,0.0,,
1042,849,3,75,12,2020,12,2020-10-25,latifi,LAT,Nicholas,Latifi,Canadian,williams,Williams,British,Autódromo Internacional do Algarve,Portuguese Grand Prix,Portimão,Portugal,108,4.653,307.098,False,balanced,64,\N,18,0.0,,
1042,826,213,75,12,2020,12,2020-10-25,kvyat,KVY,Daniil,Kvyat,Russian,alphatauri,AlphaTauri,Italian,Autódromo Internacional do Algarve,Portuguese Grand Prix,Portimão,Portugal,108,4.653,307.098,False,balanced,64,\N,19,0.0,,
1042,840,211,75,130,2020,12,2020-10-25,stroll,STR,Lance,Stroll,Canadian,racing_point,Racing Point,British,Autódromo Internacional do Algarve,Portuguese Grand Prix,Portimão,Portugal,108,4.653,307.098,False,balanced,51,\N,\N,0.0,,
1043,1,131,21,1,2020,13,2020-11-01,hamilton,HAM,Lewis,Hamilton,British,mercedes,Mercedes,German,Autodromo Enzo e Dino Ferrari,Emilia Romagna Grand Prix,Imola,Italy,37,4.909,309.267,False,technical,63,5312430,1,26.0,,
1043,822,131,21,1,2020,13,2020-11-01,bottas,BOT,Valtteri,Bottas,Finnish,mercedes,Mercedes,German,Autodromo Enzo e Dino Ferrari,Emilia Romagna Grand Prix,Imola,Italy,37,4.909,309.267,False,technical,63,5318213,2,18.0,,
1043,817,4,21,1,2020,13,2020-11-01,ricciardo,RIC,Daniel,Ricciardo,Australian,renault,Renault,French,Autodromo Enzo e Dino Ferrari,Emilia Romagna Grand Prix,Imola,Italy,37,4.909,309.267,False,technical,63,5326750,3,15.0,,
1043,826,213,21,1,2020,13,2020-11-01,kvyat,KVY,Daniil,Kvyat,Russian,alphatauri,AlphaTauri,Italian,Autodromo Enzo e Dino Ferrari,Emilia Romagna Grand Prix,Imola,Italy,37,4.909,309.267,False,technical,63,5327571,4,12.0,,
1043,844,6,21,1,2020,13,2020-11-01,leclerc,LEC,Charles,Leclerc,Monegasque,ferrari,Ferrari,Italian,Autodromo Enzo e Dino Ferrari,Emilia Romagna Grand Prix,Imola,Italy,37,4.909,309.267,False,technical,63,5331541,5,10.0,,
1043,815,211,21,1,2020,13,2020-11-01,perez,PER,Sergio,Pérez,Mexican,racing_point,Racing Point,British,Autodromo Enzo e Dino Ferrari,Emilia Romagna Grand Prix,Imola,Italy,37,4.909,309.267,False,technical,63,5332082,6,8.0,,
1043,832,1,21,1,2020,13,2020-11-01,sainz,SAI,Carlos,Sainz,Spanish,mclaren,McLaren,British,Autodromo Enzo e Dino Ferrari,Emilia Romagna Grand Prix,Imola,Italy,37,4.909,309.267,False,technical,63,5332660,7,6.0,,
1043,846,1,21,1,2020,13,2020-11-01,norris,NOR,Lando,Norris,British,mclaren,McLaren,British,Autodromo Enzo e Dino Ferrari,Emilia Romagna Grand Prix,Imola,Italy,37,4.909,309.267,False,technical,63,5333561,8,4.0,,
1043,8,51,21,1,2020,13,2020-11-01,raikkonen,RAI,Kimi,Räikkönen,Finnish,alfa,Alfa Romeo,Swiss,Autodromo Enzo e Dino Ferrari,Emilia Romagna Grand Prix,Imola,Italy,37,4.909,309.267,False,technical,63,5334654,9,2.0,,
1043,841,51,21,1,2020,13,2020-11-01,giovinazzi,GIO,Antonio,Giovinazzi,Italian,alfa,Alfa Romeo,Swiss,Autodromo Enzo e Dino Ferrari,Emilia Romagna Grand Prix,Imola,Italy,37,4.909,309.267,False,technical,63,5338828,10,1.0,,
1043,849,3,21,1,2020,13,2020-11-01,latifi,LAT,Nicholas,Latifi,Canadian,williams,Williams,British,Autodromo Enzo e Dino Ferrari,Emilia Romagna Grand Prix,Imola,Italy,37,4.909,309.267,False,technical,63,5339565,11,0.0,,
1043,20,6,21,1,2020,13,2020-11-01,vettel,VET,Sebastian,Vettel,German,ferrari,Ferrari,Italian,Autodromo Enzo e Dino Ferrari,Emilia Romagna Grand Prix,Imola,Italy,37,4.909,309.267,False,technical,63,5340883,12,0.0,,
1043,840,211,21,1,2020,13,2020-11-01,stroll,STR,Lance,Stroll,Canadian,racing_point,Racing Point,British,Autodromo Enzo e Dino Ferrari,Emilia Romagna Grand Prix,Imola,Italy,37,4.909,309.267,False,technical,63,5341593,13,0.0,,
1043,154,210,21,1,2020,13,2020-11-01,grosjean,GRO,Romain,Grosjean,French,haas,Haas F1 Team,American,Autodromo Enzo e Dino Ferrari,Emilia Romagna Grand Prix,Imola,Italy,37,4.909,309.267,False,technical,63,5345365,14,0.0,,
1043,848,9,21,1,2020,13,2020-11-01,albon,ALB,Alexander,Albon,Thai,red_bull,Red Bull,Austrian,Autodromo Enzo e Dino Ferrari,Emilia Romagna Grand Prix,Imola,Italy,37,4.909,309.267,False,technical,63,5369714,15,0.0,,
1043,847,3,21,3,2020,13,2020-11-01,russell,RUS,George,Russell,British,williams,Williams,British,Autodromo Enzo e Dino Ferrari,Emilia Romagna Grand Prix,Imola,Italy,37,4.909,309.267,False,technical,51,\N,\N,0.0,,
1043,830,9,21,29,2020,13,2020-11-01,max_verstappen,VER,Max,Verstappen,Dutch,red_bull,Red Bull,Austrian,Autodromo Enzo e Dino Ferrari,Emilia Romagna Grand Prix,Imola,Italy,37,4.909,309.267,False,technical,50,\N,\N,0.0,,
1043,825,210,21,139,2020,13,2020-11-01,kevin_magnussen,MAG,Kevin,Magnussen,Danish,haas,Haas F1 Team,American,Autodromo Enzo e Dino Ferrari,Emilia Romagna Grand Prix,Imola,Italy,37,4.909,309.267,False,technical,47,\N,\N,0.0,,
1043,839,4,21,6,2020,13,2020-11-01,ocon,OCO,Esteban,Ocon,French,renault,Renault,French,Autodromo Enzo e Dino Ferrari,Emilia Romagna Grand Prix,Imola,Italy,37,4.909,309.267,False,technical,27,\N,\N,0.0,,
1043,842,213,21,34,2020,13,2020-11-01,gasly,GAS,Pierre,Gasly,French,alphatauri,AlphaTauri,Italian,Autodromo Enzo e Dino Ferrari,Emilia Romagna Grand Prix,Imola,Italy,37,4.909,309.267,False,technical,8,\N,\N,0.0,,
1044,1,131,5,1,2020,14,2020-11-15,hamilton,HAM,Lewis,Hamilton,British,mercedes,Mercedes,German,Istanbul Park,Turkish Grand Prix,Istanbul,Turkey,130,5.338,309.604,False,balanced,58,6139313,1,25.0,,
1044,815,211,5,1,2020,14,2020-11-15,perez,PER,Sergio,Pérez,Mexican,racing_point,Racing Point,British,Istanbul Park,Turkish Grand Prix,Istanbul,Turkey,130,5.338,309.604,False,balanced,58,6170946,2,18.0,,
1044,20,6,5,1,2020,14,2020-11-15,vettel,VET,Sebastian,Vettel,German,ferrari,Ferrari,Italian,Istanbul Park,Turkish Grand Prix,Istanbul,Turkey,130,5.338,309.604,False,balanced,58,6171273,3,15.0,,
1044,844,6,5,1,2020,14,2020-11-15,leclerc,LEC,Charles,Leclerc,Monegasque,ferrari,Ferrari,Italian,Istanbul Park,Turkish Grand Prix,Istanbul,Turkey,130,5.338,309.604,False,balanced,58,6173171,4,12.0,,
1044,832,1,5,1,2020,14,2020-11-15,sainz,SAI,Carlos,Sainz,Spanish,mclaren,McLaren,British,Istanbul Park,Turkish Grand Prix,Istanbul,Turkey,130,5.338,309.604,False,balanced,58,6173676,5,10.0,,
1044,830,9,5,1,2020,14,2020-11-15,max_verstappen,VER,Max,Verstappen,Dutch,red_bull,Red Bull,Austrian,Istanbul Park,Turkish Grand Prix,Istanbul,Turkey,130,5.338,309.604,False,balanced,58,6184186,6,8.0,,
1044,848,9,5,1,2020,14,2020-11-15,albon,ALB,Alexander,Albon,Thai,red_bull,Red Bull,Austrian,Istanbul Park,Turkish Grand Prix,Istanbul,Turkey,130,5.338,309.604,False,balanced,58,6185797,7,6.0,,
1044,846,1,5,1,2020,14,2020-11-15,norris,NOR,Lando,Norris,British,mclaren,McLaren,British,Istanbul Park,Turkish Grand Prix,Istanbul,Turkey,130,5.338,309.604,False,balanced,58,6200572,8,5.0,,
1044,840,211,5,1,2020,14,2020-11-15,stroll,STR,Lance,Stroll,Canadian,racing_point,Racing Point,British,Istanbul Park,Turkish Grand Prix,Istanbul,Turkey,130,5.338,309.604,False,balanced,58,6211666,9,2.0,,
1044,817,4,5,1,2020,14,2020-11-15,ricciardo,RIC,Daniel,Ricciardo,Australian,renault,Renault,French,Istanbul Park,Turkish Grand Prix,Istanbul,Turkey,130,5.338,309.604,False,balanced,58,6234773,10,1.0,,
1044,839,4,5,11,2020,14,2020-11-15,ocon,OCO,Esteban,Ocon,French,renault,Renault,French,Istanbul Park,Turkish Grand Prix,Istanbul,Turkey,130,5.338,309.604,False,balanced,57,\N,11,0.0,,
1044,826,213,5,11,2020,14,2020-11-15,kvyat,KVY,Daniil,Kvyat,Russian,alphatauri,AlphaTauri,Italian,Istanbul Park,Turkish Grand Prix,Istanbul,Turkey,130,5.338,309.604,False,balanced,57,\N,12,0.0,,
1044,842,213,5,11,2020,14,2020-11-15,gasly,GAS,Pierre,Gasly,French,alphatauri,AlphaTauri,Italian,Istanbul Park,Turkish Grand Prix,Istanbul,Turkey,130,5.338,309.604,False,balanced,57,\N,13,0.0,,
1044,822,131,5,11,2020,14,2020-11-15,bottas,BOT,Valtteri,Bottas,Finnish,mercedes,Mercedes,German,Istanbul Park,Turkish Grand Prix,Istanbul,Turkey,130,5.338,309.604,False,balanced,57,\N,14,0.0,,
1044,8,51,5,11,2020,14,2020-11-15,raikkonen,RAI,Kimi,Räikkönen,Finnish,alfa,Alfa Romeo,Swiss,Istanbul Park,Turkish Grand Prix,Istanbul,Turkey,130,5.338,309.604,False,balanced,57,\N,15,0.0,,
1044,847,3,5,11,2020,14,2020-11-15,russell,RUS,George,Russell,British,williams,Williams,British,Istanbul Park,Turkish Grand Prix,Istanbul,Turkey,130,5.338,309.604,False,balanced,57,\N,16,0.0,,
1044,825,210,5,54,2020,14,2020-11-15,kevin_magnussen,MAG,Kevin,Magnussen,Danish,haas,Haas F1 Team,American,Istanbul Park,Turkish Grand Prix,Istanbul,Turkey,130,5.338,309.604,False,balanced,55,\N,17,0.0,,
1044,154,210,5,130,2020,14,2020-11-15,grosjean,GRO,Romain,Grosjean,French,haas,Haas F1 Team,American,Istanbul Park,Turkish Grand Prix,Istanbul,Turkey,130,5.338,309.604,False,balanced,49,\N,\N,0.0,,
1044,849,3,5,130,2020,14,2020-11-15,latifi,LAT,Nicholas,Latifi,Canadian,williams,Williams,British,Istanbul Park,Turkish Grand Prix,Istanbul,Turkey,130,5.338,309.604,False,balanced,39,\N,\N,0.0,,
1044,841,51,5,6,2020,14,2020-11-15,giovinazzi,GIO,Antonio,Giovinazzi,Italian,alfa,Alfa Romeo,Swiss,Istanbul Park,Turkish Grand Prix,Istanbul,Turkey,130,5.338,309.604,False,balanced,11,\N,\N,0.0,,
1045,1,131,3,1,2020,15,2020-11-29,hamilton,HAM,Lewis,Hamilton,British,mercedes,Mercedes,German,Bahrain International Circuit,Bahrain Grand Prix,Sakhir,Bahrain,7,5.412,308.484,True,balanced,57,7187515,1,25.0,,
1045,830,9,3,1,2020,15,2020-11-29,max_verstappen,VER,Max,Verstappen,Dutch,red_bull,Red Bull,Austrian,Bahrain International Circuit,Bahrain Grand Prix,Sakhir,Bahrain,7,5.412,308.484,True,balanced,57,7188769,2,19.0,,
1045,848,9,3,1,2020,15,2020-11-29,albon,ALB,Alexander,Albon,Thai,red_bull,Red Bull,Austrian,Bahrain International Circuit,Bahrain Grand Prix,Sakhir,Bahrain,7,5.412,308.484,True,balanced,57,7195520,3,15.0,,
1045,846,1,3,1,2020,15,2020-11-29,norris,NOR,Lando,Norris,British,mclaren,McLaren,British,Bahrain International Circuit,Bahrain Grand Prix,Sakhir,Bahrain,7,5.412,308.484,True,balanced,57,7198852,4,12.0,,
1045,832,1,3,1,2020,15,2020-11-29,sainz,SAI,Carlos,Sainz,Spanish,mclaren,McLaren,British,Bahrain International Circuit,Bahrain Grand Prix,Sakhir,Bahrain,7,5.412,308.484,True,balanced,57,7199302,5,10.0,,
1045,842,213,3,1,2020,15,2020-11-29,gasly,GAS,Pierre,Gasly,French,alphatauri,AlphaTauri,Italian,Bahrain International Circuit,Bahrain Grand Prix,Sakhir,Bahrain,7,5.412,308.484,True,balanced,57,7199457,6,8.0,,
1045,817,4,3,1,2020,15,2020-11-29,ricciardo,RIC,Daniel,Ricciardo,Australian,renault,Renault,French,Bahrain International Circuit,Bahrain Grand Prix,Sakhir,Bahrain,7,5.412,308.484,True,balanced,57,7206883,7,6.0,,
1045,822,131,3,1,2020,15,2020-11-29,bottas,BOT,Valtteri,Bottas,Finnish,mercedes,Mercedes,German,Bahrain International Circuit,Bahrain Grand Prix,Sakhir,Bahrain,7,5.412,308.484,True,balanced,57,7207195,8,4.0,,
1045,839,4,3,1,2020,15,2020-11-29,ocon,OCO,Esteban,Ocon,French,renault,Renault,French,Bahrain International Circuit,Bahrain Grand Prix,Sakhir,Bahrain,7,5.412,308.484,True,balanced,57,7210318,9,2.0,,
1045,844,6,3,11,2020,15,2020-11-29,leclerc,LEC,Charles,Leclerc,Monegasque,ferrari,Ferrari,Italian,Bahrain International Circuit,Bahrain Grand Prix,Sakhir,Bahrain,7,5.412,308.484,True,balanced,56,\N,10,1.0,,
1045,826,213,3,11,2020,15,2020-11-29,kvyat,KVY,Daniil,Kvyat,Russian,alphatauri,AlphaTauri,Italian,Bahrain International Circuit,Bahrain Grand Prix,Sakhir,Bahrain,7,5.412,308.484,True,balanced,56,\N,11,0.0,,
1045,847,3,3,11,2020,15,2020-11-29,russell,RUS,George,Russell,British,williams,Williams,British,Bahrain International Circuit,Bahrain Grand Prix,Sakhir,Bahrain,7,5.412,308.484,True,balanced,56,\N,12,0.0,,
1045,20,6,3,11,2020,15,2020-11-29,vettel,VET,Sebastian,Vettel,German,ferrari,Ferrari,Italian,Bahrain International Circuit,Bahrain Grand Prix,Sakhir,Bahrain,7,5.412,308.484,True,balanced,56,\N,13,0.0,,
1045,849,3,3,11,2020,15,2020-11-29,latifi,LAT,Nicholas,Latifi,Canadian,williams,Williams,British,Bahrain International Circuit,Bahrain Grand Prix,Sakhir,Bahrain,7,5.412,308.484,True,balanced,56,\N,14,0.0,,
1045,8,51,3,11,2020,15,2020-11-29,raikkonen,RAI,Kimi,Räikkönen,Finnish,alfa,Alfa Romeo,Swiss,Bahrain International Circuit,Bahrain Grand Prix,Sakhir,Bahrain,7,5.412,308.484,True,balanced,56,\N,15,0.0,,
1045,841,51,3,11,2020,15,2020-11-29,giovinazzi,GIO,Antonio,Giovinazzi,Italian,alfa,Alfa Romeo,Swiss,Bahrain International Circuit,Bahrain Grand Prix,Sakhir,Bahrain,7,5.412,308.484,True,balanced,56,\N,16,0.0,,
1045,825,210,3,11,2020,15,2020-11-29,kevin_magnussen,MAG,Kevin,Magnussen,Danish,haas,Haas F1 Team,American,Bahrain International Circuit,Bahrain Grand Prix,Sakhir,Bahrain,7,5.412,308.484,True,balanced,56,\N,17,0.0,,
1045,815,211,3,5,2020,15,2020-11-29,perez,PER,Sergio,Pérez,Mexican,racing_point,Racing Point,British,Bahrain International Circuit,Bahrain Grand Prix,Sakhir,Bahrain,7,5.412,308.484,True,balanced,53,\N,18,0.0,,
1045,840,211,3,4,2020,15,2020-11-29,stroll,STR,Lance,Stroll,Canadian,racing_point,Racing Point,British,Bahrain International Circuit,Bahrain Grand Prix,Sakhir,Bahrain,7,5.412,308.484,True,balanced,2,\N,\N,0.0,,
1045,154,210,3,4,2020,15,2020-11-29,grosjean,GRO,Romain,Grosjean,French,haas,Haas F1 Team,American,Bahrain International Circuit,Bahrain Grand Prix,Sakhir,Bahrain,7,5.412,308.484,True,balanced,0,\N,\N,0.0,,
1046,815,211,3,1,2020,16,2020-12-06,perez,PER,Sergio,Pérez,Mexican,racing_point,Racing Point,British,Bahrain International Circuit,Sakhir Grand Prix,Sakhir,Bahrain,7,5.412,470.844,True,balanced,87,5475114,1,25.0,,
1046,839,4,3,1,2020,16,2020-12-06,ocon,OCO,Esteban,Ocon,French,renault,Renault,French,Bahrain International Circuit,Sakhir Grand Prix,Sakhir,Bahrain,7,5.412,470.844,True,balanced,87,5485632,2,18.0,,
1046,840,211,3,1,2020,16,2020-12-06,stroll,STR,Lance,Stroll,Canadian,racing_point,Racing Point,British,Bahrain International Circuit,Sakhir Grand Prix,Sakhir,Bahrain,7,5.412,470.844,True,balanced,87,5486983,3,15.0,,
1046,832,1,3,1,2020,16,2020-12-06,sainz,SAI,Carlos,Sainz,Spanish,mclaren,McLaren,British,Bahrain International Circuit,Sakhir Grand Prix,Sakhir,Bahrain,7,5.412,470.844,True,balanced,87,5487694,4,12.0,,
1046,817,4,3,1,2020,16,2020-12-06,ricciardo,RIC,Daniel,Ricciardo,Australian,renault,Renault,French,Bahrain International Circuit,Sakhir Grand Prix,Sakhir,Bahrain,7,5.412,470.844,True,balanced,87,5488444,5,10.0,,
1046,848,9,3,1,2020,16,2020-12-06,albon,ALB,Alexander,Albon,Thai,red_bull,Red Bull,Austrian,Bahrain International Circuit,Sakhir Grand Prix,Sakhir,Bahrain,7,5.412,470.844,True,balanced,87,5488956,6,8.0,,
1046,826,213,3,1,2020,16,2020-12-06,kvyat,KVY,Daniil,Kvyat,Russian,alphatauri,AlphaTauri,Italian,Bahrain International Circuit,Sakhir Grand Prix,Sakhir,Bahrain,7,5.412,470.844,True,balanced,87,5489648,7,6.0,,
1046,822,131,3,1,2020,16,2020-12-06,bottas,BOT,Valtteri,Bottas,Finnish,mercedes,Mercedes,German,Bahrain International Circuit,Sakhir Grand Prix,Sakhir,Bahrain,7,5.412,470.844,True,balanced,87,5490503,8,4.0,,
1046,847,131,3,1,2020,16,2020-12-06,russell,RUS,George,Russell,British,mercedes,Mercedes,German,Bahrain International Circuit,Sakhir Grand Prix,Sakhir,Bahrain,7,5.412,470.844,True,balanced,87,5493670,9,3.0,,
1046,846,1,3,1,2020,16,2020-12-06,norris,NOR,Lando,Norris,British,mclaren,McLaren,British,Bahrain International Circuit,Sakhir Grand Prix,Sakhir,Bahrain,7,5.412,470.844,True,balanced,87,5494655,10,1.0,,
1046,842,213,3,1,2020,16,2020-12-06,gasly,GAS,Pierre,Gasly,French,alphatauri,AlphaTauri,Italian,Bahrain International Circuit,Sakhir Grand Prix,Sakhir,Bahrain,7,5.412,470.844,True,balanced,87,5495641,11,0.0,,
1046,20,6,3,1,2020,16,2020-12-06,vettel,VET,Sebastian,Vettel,German,ferrari,Ferrari,Italian,Bahrain International Circuit,Sakhir Grand Prix,Sakhir,Bahrain,7,5.412,470.844,True,balanced,87,5497725,12,0.0,,
1046,841,51,3,1,2020,16,2020-12-06,giovinazzi,GIO,Antonio,Giovinazzi,Italian,alfa,Alfa Romeo,Swiss,Bahrain International Circuit,Sakhir Grand Prix,Sakhir,Bahrain,7,5.412,470.844,True,balanced,87,5499225,13,0.0,,
1046,8,51,3,1,2020,16,2020-12-06,raikkonen,RAI,Kimi,Räikkönen,Finnish,alfa,Alfa Romeo,Swiss,Bahrain International Circuit,Sakhir Grand Prix,Sakhir,Bahrain,7,5.412,470.844,True,balanced,87,5501267,14,0.0,,
1046,825,210,3,1,2020,16,2020-12-06,kevin_magnussen,MAG,Kevin,Magnussen,Danish,haas,Haas F1 Team,American,Bahrain International Circuit,Sakhir Grand Prix,Sakhir,Bahrain,7,5.412,470.844,True,balanced,87,5507484,15,0.0,,
1046,851,3,3,1,2020,16,2020-12-06,aitken,AIT,Jack,Aitken,British,williams,Williams,British,Bahrain International Circuit,Sakhir Grand Prix,Sakhir,Bahrain,7,5.412,470.844,True,balanced,87,5508788,16,0.0,,
1046,850,210,3,1,2020,16,2020-12-06,pietro_fittipaldi,FIT,Pietro,Fittipaldi,Brazilian,haas,Haas F1 Team,American,Bahrain International Circuit,Sakhir Grand Prix,Sakhir,Bahrain,7,5.412,470.844,True,balanced,87,5511972,17,0.0,,
1046,849,3,3,5,2020,16,2020-12-06,latifi,LAT,Nicholas,Latifi,Canadian,williams,Williams,British,Bahrain International Circuit,Sakhir Grand Prix,Sakhir,Bahrain,7,5.412,470.844,True,balanced,52,\N,\N,0.0,,
1046,830,9,3,3,2020,16,2020-12-06,max_verstappen,VER,Max,Verstappen,Dutch,red_bull,Red Bull,Austrian,Bahrain International Circuit,Sakhir Grand Prix,Sakhir,Bahrain,7,5.412,470.844,True,balanced,0,\N,\N,0.0,,
1046,844,6,3,4,2020,16,2020-12-06,leclerc,LEC,Charles,Leclerc,Monegasque,ferrari,Ferrari,Italian,Bahrain International Circuit,Sakhir Grand Prix,Sakhir,Bahrain,7,5.412,470.844,True,balanced,0,\N,\N,0.0,,
1047,830,9,24,1,2020,17,2020-12-13,max_verstappen,VER,Max,Verstappen,Dutch,red_bull,Red Bull,Austrian,Yas Marina Circuit,Abu Dhabi Grand Prix,Abu Dhabi,UAE,3,5.281,290.455,True,technical,55,5788645,1,25.0,,
1047,822,131,24,1,2020,17,2020-12-13,bottas,BOT,Valtteri,Bottas,Finnish,mercedes,Mercedes,German,Yas Marina Circuit,Abu Dhabi Grand Prix,Abu Dhabi,UAE,3,5.281,290.455,True,technical,55,5804621,2,18.0,,
1047,1,131,24,1,2020,17,2020-12-13,hamilton,HAM,Lewis,Hamilton,British,mercedes,Mercedes,German,Yas Marina Circuit,Abu Dhabi Grand Prix,Abu Dhabi,UAE,3,5.281,290.455,True,technical,55,5807060,3,15.0,,
1047,848,9,24,1,2020,17,2020-12-13,albon,ALB,Alexander,Albon,Thai,red_bull,Red Bull,Austrian,Yas Marina Circuit,Abu Dhabi Grand Prix,Abu Dhabi,UAE,3,5.281,290.455,True,technical,55,5808632,4,12.0,,
1047,846,1,24,1,2020,17,2020-12-13,norris,NOR,Lando,Norris,British,mclaren,McLaren,British,Yas Marina Circuit,Abu Dhabi Grand Prix,Abu Dhabi,UAE,3,5.281,290.455,True,technical,55,5849374,5,10.0,,
1047,832,1,24,1,2020,17,2020-12-13,sainz,SAI,Carlos,Sainz,Spanish,mclaren,McLaren,British,Yas Marina Circuit,Abu Dhabi Grand Prix,Abu Dhabi,UAE,3,5.281,290.455,True,technical,55,5854307,6,8.0,,
1047,817,4,24,1,2020,17,2020-12-13,ricciardo,RIC,Daniel,Ricciardo,Australian,renault,Renault,French,Yas Marina Circuit,Abu Dhabi Grand Prix,Abu Dhabi,UAE,3,5.281,290.455,True,technical,55,5862393,7,7.0,,
1047,842,213,24,1,2020,17,2020-12-13,gasly,GAS,Pierre,Gasly,French,alphatauri,AlphaTauri,Italian,Yas Marina Circuit,Abu Dhabi Grand Prix,Abu Dhabi,UAE,3,5.281,290.455,True,technical,55,5878363,8,4.0,,
1047,839,4,24,1,2020,17,2020-12-13,ocon,OCO,Esteban,Ocon,French,renault,Renault,French,Yas Marina Circuit,Abu Dhabi Grand Prix,Abu Dhabi,UAE,3,5.281,290.455,True,technical,55,5889714,9,2.0,,
1047,840,211,24,1,2020,17,2020-12-13,stroll,STR,Lance,Stroll,Canadian,racing_point,Racing Point,British,Yas Marina Circuit,Abu Dhabi Grand Prix,Abu Dhabi,UAE,3,5.281,290.455,True,technical,55,5891383,10,1.0,,
1047,826,213,24,11,2020,17,2020-12-13,kvyat,KVY,Daniil,Kvyat,Russian,alphatauri,AlphaTauri,Italian,Yas Marina Circuit,Abu Dhabi Grand Prix,Abu Dhabi,UAE,3,5.281,290.455,True,technical,54,\N,11,0.0,,
1047,8,51,24,11,2020,17,2020-12-13,raikkonen,RAI,Kimi,Räikkönen,Finnish,alfa,Alfa Romeo,Swiss,Yas Marina Circuit,Abu Dhabi Grand Prix,Abu Dhabi,UAE,3,5.281,290.455,True,technical,54,\N,12,0.0,,
1047,844,6,24,11,2020,17,2020-12-13,leclerc,LEC,Charles,Leclerc,Monegasque,ferrari,Ferrari,Italian,Yas Marina Circuit,Abu Dhabi Grand Prix,Abu Dhabi,UAE,3,5.281,290.455,True,technical,54,\N,13,0.0,,
1047,20,6,24,11,2020,17,2020-12-13,vettel,VET,Sebastian,Vettel,German,ferrari,Ferrari,Italian,Yas Marina Circuit,Abu Dhabi Grand Prix,Abu Dhabi,UAE,3,5.281,290.455,True,technical,54,\N,14,0.0,,
1047,847,3,24,11,2020,17,2020-12-13,russell,RUS,George,Russell,British,williams,Williams,British,Yas Marina Circuit,Abu Dhabi Grand Prix,Abu Dhabi,UAE,3,5.281,290.455,True,technical,54,\N,15,0.0,,
1047,841,51,24,11,2020,17,2020-12-13,giovinazzi,GIO,Antonio,Giovinazzi,Italian,alfa,Alfa Romeo,Swiss,Yas Marina Circuit,Abu Dhabi Grand Prix,Abu Dhabi,UAE,3,5.281,290.455,True,technical,54,\N,16,0.0,,
1047,849,3,24,11,2020,17,2020-12-13,latifi,LAT,Nicholas,Latifi,Canadian,williams,Williams,British,Yas Marina Circuit,Abu Dhabi Grand Prix,Abu Dhabi,UAE,3,5.281,290.455,True,technical,54,\N,17,0.0,,
1047,825,210,24,11,2020,17,2020-12-13,kevin_magnussen,MAG,Kevin,Magnussen,Danish,haas,Haas F1 Team,American,Yas Marina Circuit,Abu Dhabi Grand Prix,Abu Dhabi,UAE,3,5.281,290.455,True,technical,54,\N,18,0.0,,
1047,850,210,24,12,2020,17,2020-12-13,pietro_fittipaldi,FIT,Pietro,Fittipaldi,Brazilian,haas,Haas F1 Team,American,Yas Marina Circuit,Abu Dhabi Grand Prix,Abu Dhabi,UAE,3,5.281,290.455,True,technical,53,\N,19,0.0,,
1047,815,211,24,7,2020,17,2020-12-13,perez,PER,Sergio,Pérez,Mexican,racing_point,Racing Point,British,Yas Marina Circuit,Abu Dhabi Grand Prix,Abu Dhabi,UAE,3,5.281,290.455,True,technical,8,\N,\N,0.0,,
1052,1,131,3,1,2021,1,2021-03-28,hamilton,HAM,Lewis,Hamilton,British,mercedes,Mercedes,German,Bahrain International Circuit,Bahrain Grand Prix,Sakhir,Bahrain,7,5.412,303.072,True,balanced,56,5523897,1,25.0,,
1052,830,9,3,1,2021,1,2021-03-28,max_verstappen,VER,Max,Verstappen,Dutch,red_bull,Red Bull,Austrian,Bahrain International Circuit,Bahrain Grand Prix,Sakhir,Bahrain,7,5.412,303.072,True,balanced,56,5524642,2,18.0,,
1052,822,131,3,1,2021,1,2021-03-28,bottas,BOT,Valtteri,Bottas,Finnish,mercedes,Mercedes,German,Bahrain International Circuit,Bahrain Grand Prix,Sakhir,Bahrain,7,5.412,303.072,True,balanced,56,5561280,3,16.0,,
1052,846,1,3,1,2021,1,2021-03-28,norris,NOR,Lando,Norris,British,mclaren,McLaren,British,Bahrain International Circuit,Bahrain Grand Prix,Sakhir,Bahrain,7,5.412,303.072,True,balanced,56,5570363,4,12.0,,
1052,815,9,3,1,2021,1,2021-03-28,perez,PER,Sergio,Pérez,Mexican,red_bull,Red Bull,Austrian,Bahrain International Circuit,Bahrain Grand Prix,Sakhir,Bahrain,7,5.412,303.072,True,balanced,56,5575944,5,10.0,,
1052,844,6,3,1,2021,1,2021-03-28,leclerc,LEC,Charles,Leclerc,Monegasque,ferrari,Ferrari,Italian,Bahrain International Circuit,Bahrain Grand Prix,Sakhir,Bahrain,7,5.412,303.072,True,balanced,56,5582987,6,8.0,,
1052,817,1,3,1,2021,1,2021-03-28,ricciardo,RIC,Daniel,Ricciardo,Australian,mclaren,McLaren,British,Bahrain International Circuit,Bahrain Grand Prix,Sakhir,Bahrain,7,5.412,303.072,True,balanced,56,5589901,7,6.0,,
1052,832,6,3,1,2021,1,2021-03-28,sainz,SAI,Carlos,Sainz,Spanish,ferrari,Ferrari,Italian,Bahrain International Circuit,Bahrain Grand Prix,Sakhir,Bahrain,7,5.412,303.072,True,balanced,56,5590997,8,4.0,,
1052,852,213,3,1,2021,1,2021-03-28,tsunoda,TSU,Yuki,Tsunoda,Japanese,alphatauri,AlphaTauri,Italian,Bahrain International Circuit,Bahrain Grand Prix,Sakhir,Bahrain,7,5.412,303.072,True,balanced,56,5609589,9,2.0,,
1052,840,117,3,1,2021,1,2021-03-28,stroll,STR,Lance,Stroll,Canadian,aston_martin,Aston Martin,British,Bahrain International Circuit,Bahrain Grand Prix,Sakhir,Bahrain,7,5.412,303.072,True,balanced,56,5610610,10,1.0,,
1052,8,51,3,1,2021,1,2021-03-28,raikkonen,RAI,Kimi,Räikkönen,Finnish,alfa,Alfa Romeo,Swiss,Bahrain International Circuit,Bahrain Grand Prix,Sakhir,Bahrain,7,5.412,303.072,True,balanced,56,5612761,11,0.0,,
1052,841,51,3,11,2021,1,2021-03-28,giovinazzi,GIO,Antonio,Giovinazzi,Italian,alfa,Alfa Romeo,Swiss,Bahrain International Circuit,Bahrain Grand Prix,Sakhir,Bahrain,7,5.412,303.072,True,balanced,55,\N,12,0.0,,
1052,839,214,3,11,2021,1,2021-03-28,ocon,OCO,Esteban,Ocon,French,alpine,Alpine F1 Team,French,Bahrain International Circuit,Bahrain Grand Prix,Sakhir,Bahrain,7,5.412,303.072,True,balanced,55,\N,13,0.0,,
1052,847,3,3,11,2021,1,2021-03-28,russell,RUS,George,Russell,British,williams,Williams,British,Bahrain International Circuit,Bahrain Grand Prix,Sakhir,Bahrain,7,5.412,303.072,True,balanced,55,\N,14,0.0,,
1052,20,117,3,11,2021,1,2021-03-28,vettel,VET,Sebastian,Vettel,German,aston_martin,Aston Martin,British,Bahrain International Circuit,Bahrain Grand Prix,Sakhir,Bahrain,7,5.412,303.072,True,balanced,55,\N,15,0.0,,
1052,854,210,3,11,2021,1,2021-03-28,mick_schumacher,MSC,Mick,Schumacher,German,haas,Haas F1 Team,American,Bahrain International Circuit,Bahrain Grand Prix,Sakhir,Bahrain,7,5.412,303.072,True,balanced,55,\N,16,0.0,,
1052,842,213,3,31,2021,1,2021-03-28,gasly,GAS,Pierre,Gasly,French,alphatauri,AlphaTauri,Italian,Bahrain International Circuit,Bahrain Grand Prix,Sakhir,Bahrain,7,5.412,303.072,True,balanced,52,\N,17,0.0,,
1052,849,3,3,31,2021,1,2021-03-28,latifi,LAT,Nicholas,Latifi,Canadian,williams,Williams,British,Bahrain International Circuit,Bahrain Grand Prix,Sakhir,Bahrain,7,5.412,303.072,True,balanced,51,\N,18,0.0,,
1052,4,214,3,23,2021,1,2021-03-28,alonso,ALO,Fernando,Alonso,Spanish,alpine,Alpine F1 Team,French,Bahrain International Circuit,Bahrain Grand Prix,Sakhir,Bahrain,7,5.412,303.072,True,balanced,32,\N,\N,0.0,,
1052,853,210,3,3,2021,1,2021-03-28,mazepin,MAZ,Nikita,Mazepin,Russian,haas,Haas F1 Team,American,Bahrain International Circuit,Bahrain Grand Prix,Sakhir,Bahrain,7,5.412,303.072,True,balanced,0,\N,\N,0.0,,
1053,830,9,21,1,2021,2,2021-04-18,max_verstappen,VER,Max,Verstappen,Dutch,red_bull,Red Bull,Austrian,Autodromo Enzo e Dino Ferrari,Emilia Romagna Grand Prix,Imola,Italy,37,4.909,309.267,False,technical,63,7354598,1,25.0,,
1053,1,131,21,1,2021,2,2021-04-18,hamilton,HAM,Lewis,Hamilton,British,mercedes,Mercedes,German,Autodromo Enzo e Dino Ferrari,Emilia Romagna Grand Prix,Imola,Italy,37,4.909,309.267,False,technical,63,7376598,2,19.0,,
1053,846,1,21,1,2021,2,2021-04-18,norris,NOR,Lando,Norris,British,mclaren,McLaren,British,Autodromo Enzo e Dino Ferrari,Emilia Romagna Grand Prix,Imola,Italy,37,4.909,309.267,False,technical,63,7378300,3,15.0,,
1053,844,6,21,1,2021,2,2021-04-18,leclerc,LEC,Charles,Leclerc,Monegasque,ferrari,Ferrari,Italian,Autodromo Enzo e Dino Ferrari,Emilia Romagna Grand Prix,Imola,Italy,37,4.909,309.267,False,technical,63,7380177,4,12.0,,
1053,832,6,21,1,2021,2,2021-04-18,sainz,SAI,Carlos,Sainz,Spanish,ferrari,Ferrari,Italian,Autodromo Enzo e Dino Ferrari,Emilia Romagna Grand Prix,Imola,Italy,37,4.909,309.267,False,technical,63,7381634,5,10.0,,
1053,817,1,21,1,2021,2,2021-04-18,ricciardo,RIC,Daniel,Ricciardo,Australian,mclaren,McLaren,British,Autodromo Enzo e Dino Ferrari,Emilia Romagna Grand Prix,Imola,Italy,37,4.909,309.267,False,technical,63,7405818,6,8.0,,
1053,842,213,21,1,2021,2,2021-04-18,gasly,GAS,Pierre,Gasly,French,alphatauri,AlphaTauri,Italian,Autodromo Enzo e Dino Ferrari,Emilia Romagna Grand Prix,Imola,Italy,37,4.909,309.267,False,technical,63,7407416,7,6.0,,
1053,840,117,21,1,2021,2,2021-04-18,stroll,STR,Lance,Stroll,Canadian,aston_martin,Aston Martin,British,Autodromo Enzo e Dino Ferrari,Emilia Romagna Grand Prix,Imola,Italy,37,4.909,309.267,False,technical,63,7411507,8,4.0,,
1053,839,214,21,1,2021,2,2021-04-18,ocon,OCO,Esteban,Ocon,French,alpine,Alpine F1 Team,French,Autodromo Enzo e Dino Ferrari,Emilia Romagna Grand Prix,Imola,Italy,37,4.909,309.267,False,technical,63,7420302,9,2.0,,
1053,4,214,21,1,2021,2,2021-04-18,alonso,ALO,Fernando,Alonso,Spanish,alpine,Alpine F1 Team,French,Autodromo Enzo e Dino Ferrari,Emilia Romagna Grand Prix,Imola,Italy,37,4.909,309.267,False,technical,63,7421159,10,1.0,,
1053,815,9,21,1,2021,2,2021-04-18,perez,PER,Sergio,Pérez,Mexican,red_bull,Red Bull,Austrian,Autodromo Enzo e Dino Ferrari,Emilia Romagna Grand Prix,Imola,Italy,37,4.909,309.267,False,technical,63,7421749,11,0.0,,
1053,852,213,21,1,2021,2,2021-04-18,tsunoda,TSU,Yuki,Tsunoda,Japanese,alphatauri,AlphaTauri,Italian,Autodromo Enzo e Dino Ferrari,Emilia Romagna Grand Prix,Imola,Italy,37,4.909,309.267,False,technical,63,7427782,12,0.0,,
1053,8,51,21,1,2021,2,2021-04-18,raikkonen,RAI,Kimi,Räikkönen,Finnish,alfa,Alfa Romeo,Swiss,Autodromo Enzo e Dino Ferrari,Emilia Romagna Grand Prix,Imola,Italy,37,4.909,309.267,False,technical,63,7449371,13,0.0,,
1053,841,51,21,11,2021,2,2021-04-18,giovinazzi,GIO,Antonio,Giovinazzi,Italian,alfa,Alfa Romeo,Swiss,Autodromo Enzo e Dino Ferrari,Emilia Romagna Grand Prix,Imola,Italy,37,4.909,309.267,False,technical,62,\N,14,0.0,,
1053,20,117,21,6,2021,2,2021-04-18,vettel,VET,Sebastian,Vettel,German,aston_martin,Aston Martin,British,Autodromo Enzo e Dino Ferrari,Emilia Romagna Grand Prix,Imola,Italy,37,4.909,309.267,False,technical,61,\N,15,0.0,,
1053,854,210,21,12,2021,2,2021-04-18,mick_schumacher,MSC,Mick,Schumacher,German,haas,Haas F1 Team,American,Autodromo Enzo e Dino Ferrari,Emilia Romagna Grand Prix,Imola,Italy,37,4.909,309.267,False,technical,61,\N,16,0.0,,
1053,853,210,21,12,2021,2,2021-04-18,mazepin,MAZ,Nikita,Mazepin,Russian,haas,Haas F1 Team,American,Autodromo Enzo e Dino Ferrari,Emilia Romagna Grand Prix,Imola,Italy,37,4.909,309.267,False,technical,61,\N,17,0.0,,
1053,822,131,21,4,2021,2,2021-04-18,bottas,BOT,Valtteri,Bottas,Finnish,mercedes,Mercedes,German,Autodromo Enzo e Dino Ferrari,Emilia Romagna Grand Prix,Imola,Italy,37,4.909,309.267,False,technical,30,\N,\N,0.0,,
1053,847,3,21,4,2021,2,2021-04-18,russell,RUS,George,Russell,British,williams,Williams,British,Autodromo Enzo e Dino Ferrari,Emilia Romagna Grand Prix,Imola,Italy,37,4.909,309.267,False,technical,30,\N,\N,0.0,,
1053,849,3,21,4,2021,2,2021-04-18,latifi,LAT,Nicholas,Latifi,Canadian,williams,Williams,British,Autodromo Enzo e Dino Ferrari,Emilia Romagna Grand Prix,Imola,Italy,37,4.909,309.267,False,technical,0,\N,\N,0.0,,
1054,1,131,75,1,2021,3,2021-05-02,hamilton,HAM,Lewis,Hamilton,British,mercedes,Mercedes,German,Autódromo Internacional do Algarve,Portuguese Grand Prix,Portimão,Portugal,108,4.653,307.098,False,balanced,66,5671421,1,25.0,,
1054,830,9,75,1,2021,3,2021-05-02,max_verstappen,VER,Max,Verstappen,Dutch,red_bull,Red Bull,Austrian,Autódromo Internacional do Algarve,Portuguese Grand Prix,Portimão,Portugal,108,4.653,307.098,False,balanced,66,5700569,2,18.0,,
1054,822,131,75,1,2021,3,2021-05-02,bottas,BOT,Valtteri,Bottas,Finnish,mercedes,Mercedes,German,Autódromo Internacional do Algarve,Portuguese Grand Prix,Portimão,Portugal,108,4.653,307.098,False,balanced,66,5704951,3,16.0,,
1054,815,9,75,1,2021,3,2021-05-02,perez,PER,Sergio,Pérez,Mexican,red_bull,Red Bull,Austrian,Autódromo Internacional do Algarve,Portuguese Grand Prix,Portimão,Portugal,108,4.653,307.098,False,balanced,66,5711156,4,12.0,,
1054,846,1,75,1,2021,3,2021-05-02,norris,NOR,Lando,Norris,British,mclaren,McLaren,British,Autódromo Internacional do Algarve,Portuguese Grand Prix,Portimão,Portugal,108,4.653,307.098,False,balanced,66,5722790,5,10.0,,
1054,844,6,75,1,2021,3,2021-05-02,leclerc,LEC,Charles,Leclerc,Monegasque,ferrari,Ferrari,Italian,Autódromo Internacional do Algarve,Portuguese Grand Prix,Portimão,Portugal,108,4.653,307.098,False,balanced,66,5727202,6,8.0,,
1054,839,214,75,1,2021,3,2021-05-02,ocon,OCO,Esteban,Ocon,French,alpine,Alpine F1 Team,French,Autódromo Internacional do Algarve,Portuguese Grand Prix,Portimão,Portugal,108,4.653,307.098,False,balanced,66,5735170,7,6.0,,
1054,4,214,75,1,2021,3,2021-05-02,alonso,ALO,Fernando,Alonso,Spanish,alpine,Alpine F1 Team,French,Autódromo Internacional do Algarve,Portuguese Grand Prix,Portimão,Portugal,108,4.653,307.098,False,balanced,66,5736229,8,4.0,,
1054,817,1,75,1,2021,3,2021-05-02,ricciardo,RIC,Daniel,Ricciardo,Australian,mclaren,McLaren,British,Autódromo Internacional do Algarve,Portuguese Grand Prix,Portimão,Portugal,108,4.653,307.098,False,balanced,66,5746790,9,2.0,,
1054,842,213,75,1,2021,3,2021-05-02,gasly,GAS,Pierre,Gasly,French,alphatauri,AlphaTauri,Italian,Autódromo Internacional do Algarve,Portuguese Grand Prix,Portimão,Portugal,108,4.653,307.098,False,balanced,66,5747884,10,1.0,,
1054,832,6,75,1,2021,3,2021-05-02,sainz,SAI,Carlos,Sainz,Spanish,ferrari,Ferrari,Italian,Autódromo Internacional do Algarve,Portuguese Grand Prix,Portimão,Portugal,108,4.653,307.098,False,balanced,66,5750376,11,0.0,,
1054,841,51,75,11,2021,3,2021-05-02,giovinazzi,GIO,Antonio,Giovinazzi,Italian,alfa,Alfa Romeo,Swiss,Autódromo Internacional do Algarve,Portuguese Grand Prix,Portimão,Portugal,108,4.653,307.098,False,balanced,65,\N,12,0.0,,
1054,20,117,75,11,2021,3,2021-05-02,vettel,VET,Sebastian,Vettel,German,aston_martin,Aston Martin,British,Autódromo Internacional do Algarve,Portuguese Grand Prix,Portimão,Portugal,108,4.653,307.098,False,balanced,65,\N,13,0.0,,
1054,840,117,75,11,2021,3,2021-05-02,stroll,STR,Lance,Stroll,Canadian,aston_martin,Aston Martin,British,Autódromo Internacional do Algarve,Portuguese Grand Prix,Portimão,Portugal,108,4.653,307.098,False,balanced,65,\N,14,0.0,,
1054,852,213,75,11,2021,3,2021-05-02,tsunoda,TSU,Yuki,Tsunoda,Japanese,alphatauri,AlphaTauri,Italian,Autódromo Internacional do Algarve,Portuguese Grand Prix,Portimão,Portugal,108,4.653,307.098,False,balanced,65,\N,15,0.0,,
1054,847,3,75,11,2021,3,2021-05-02,russell,RUS,George,Russell,British,williams,Williams,British,Autódromo Internacional do Algarve,Portuguese Grand Prix,Portimão,Portugal,108,4.653,307.098,False,balanced,65,\N,16,0.0,,
1054,854,210,75,12,2021,3,2021-05-02,mick_schumacher,MSC,Mick,Schumacher,German,haas,Haas F1 Team,American,Autódromo Internacional do Algarve,Portuguese Grand Prix,Portimão,Portugal,108,4.653,307.098,False,balanced,64,\N,17,0.0,,
1054,849,3,75,12,2021,3,2021-05-02,latifi,LAT,Nicholas,Latifi,Canadian,williams,Williams,British,Autódromo Internacional do Algarve,Portuguese Grand Prix,Portimão,Portugal,108,4.653,307.098,False,balanced,64,\N,18,0.0,,
1054,853,210,75,12,2021,3,2021-05-02,mazepin,MAZ,Nikita,Mazepin,Russian,haas,Haas F1 Team,American,Autódromo Internacional do Algarve,Portuguese Grand Prix,Portimão,Portugal,108,4.653,307.098,False,balanced,64,\N,19,0.0,,
1054,8,51,75,130,2021,3,2021-05-02,raikkonen,RAI,Kimi,Räikkönen,Finnish,alfa,Alfa Romeo,Swiss,Autódromo Internacional do Algarve,Portuguese Grand Prix,Portimão,Portugal,108,4.653,307.098,False,balanced,1,\N,\N,0.0,,
1055,1,131,4,1,2021,4,2021-05-09,hamilton,HAM,Lewis,Hamilton,British,mercedes,Mercedes,German,Circuit de Barcelona-Catalunya,Spanish Grand Prix,Montmeló,Spain,109,4.657,307.362,False,balanced,66,5587680,1,25.0,,
1055,830,9,4,1,2021,4,2021-05-09,max_verstappen,VER,Max,Verstappen,Dutch,red_bull,Red Bull,Austrian,Circuit de Barcelona-Catalunya,Spanish Grand Prix,Montmeló,Spain,109,4.657,307.362,False,balanced,66,5603521,2,19.0,,
1055,822,131,4,1,2021,4,2021-05-09,bottas,BOT,Valtteri,Bottas,Finnish,mercedes,Mercedes,German,Circuit de Barcelona-Catalunya,Spanish Grand Prix,Montmeló,Spain,109,4.657,307.362,False,balanced,66,5614290,3,15.0,,
1055,844,6,4,1,2021,4,2021-05-09,leclerc,LEC,Charles,Leclerc,Monegasque,ferrari,Ferrari,Italian,Circuit de Barcelona-Catalunya,Spanish Grand Prix,Montmeló,Spain,109,4.657,307.362,False,balanced,66,5642296,4,12.0,,
1055,815,9,4,1,2021,4,2021-05-09,perez,PER,Sergio,Pérez,Mexican,red_bull,Red Bull,Austrian,Circuit de Barcelona-Catalunya,Spanish Grand Prix,Montmeló,Spain,109,4.657,307.362,False,balanced,66,5651351,5,10.0,,
1055,817,1,4,1,2021,4,2021-05-09,ricciardo,RIC,Daniel,Ricciardo,Australian,mclaren,McLaren,British,Circuit de Barcelona-Catalunya,Spanish Grand Prix,Montmeló,Spain,109,4.657,307.362,False,balanced,66,5661448,6,8.0,,
1055,832,6,4,1,2021,4,2021-05-09,sainz,SAI,Carlos,Sainz,Spanish,ferrari,Ferrari,Italian,Circuit de Barcelona-Catalunya,Spanish Grand Prix,Montmeló,Spain,109,4.657,307.362,False,balanced,66,5662350,7,6.0,,
1055,846,1,4,11,2021,4,2021-05-09,norris,NOR,Lando,Norris,British,mclaren,McLaren,British,Circuit de Barcelona-Catalunya,Spanish Grand Prix,Montmeló,Spain,109,4.657,307.362,False,balanced,65,\N,8,4.0,,
1055,839,214,4,11,2021,4,2021-05-09,ocon,OCO,Esteban,Ocon,French,alpine,Alpine F1 Team,French,Circuit de Barcelona-Catalunya,Spanish Grand Prix,Montmeló,Spain,109,4.657,307.362,False,balanced,65,\N,9,2.0,,
1055,842,213,4,11,2021,4,2021-05-09,gasly,GAS,Pierre,Gasly,French,alphatauri,AlphaTauri,Italian,Circuit de Barcelona-Catalunya,Spanish Grand Prix,Montmeló,Spain,109,4.657,307.362,False,balanced,65,\N,10,1.0,,
1055,840,117,4,11,2021,4,2021-05-09,stroll,STR,Lance,Stroll,Canadian,aston_martin,Aston Martin,British,Circuit de Barcelona-Catalunya,Spanish Grand Prix,Montmeló,Spain,109,4.657,307.362,False,balanced,65,\N,11,0.0,,
1055,8,51,4,11,2021,4,2021-05-09,raikkonen,RAI,Kimi,Räikkönen,Finnish,alfa,Alfa Romeo,Swiss,Circuit de Barcelona-Catalunya,Spanish Grand Prix,Montmeló,Spain,109,4.657,307.362,False,balanced,65,\N,12,0.0,,
1055,20,117,4,11,2021,4,2021-05-09,vettel,VET,Sebastian,Vettel,German,aston_martin,Aston Martin,British,Circuit de Barcelona-Catalunya,Spanish Grand Prix,Montmeló,Spain,109,4.657,307.362,False,balanced,65,\N,13,0.0,,
1055,847,3,4,11,2021,4,2021-05-09,russell,RUS,George,Russell,British,williams,Williams,British,Circuit de Barcelona-Catalunya,Spanish Grand Prix,Montmeló,Spain,109,4.657,307.362,False,balanced,65,\N,14,0.0,,
1055,841,51,4,11,2021,4,2021-05-09,giovinazzi,GIO,Antonio,Giovinazzi,Italian,alfa,Alfa Romeo,Swiss,Circuit de Barcelona-Catalunya,Spanish Grand Prix,Montmeló,Spain,109,4.657,307.362,False,balanced,65,\N,15,0.0,,
1055,849,3,4,11,2021,4,2021-05-09,latifi,LAT,Nicholas,Latifi,Canadian,williams,Williams,British,Circuit de Barcelona-Catalunya,Spanish Grand Prix,Montmeló,Spain,109,4.657,307.362,False,balanced,65,\N,16,0.0,,
1055,4,214,4,11,2021,4,2021-05-09,alonso,ALO,Fernando,Alonso,Spanish,alpine,Alpine F1 Team,French,Circuit de Barcelona-Catalunya,Spanish Grand Prix,Montmeló,Spain,109,4.657,307.362,False,balanced,65,\N,17,0.0,,
1055,854,210,4,12,2021,4,2021-05-09,mick_schumacher,MSC,Mick,Schumacher,German,haas,Haas F1 Team,American,Circuit de Barcelona-Catalunya,Spanish Grand Prix,Montmeló,Spain,109,4.657,307.362,False,balanced,64,\N,18,0.0,,
1055,853,210,4,12,2021,4,2021-05-09,mazepin,MAZ,Nikita,Mazepin,Russian,haas,Haas F1 Team,American,Circuit de Barcelona-Catalunya,Spanish Grand Prix,Montmeló,Spain,109,4.657,307.362,False,balanced,64,\N,19,0.0,,
1055,852,213,4,10,2021,4,2021-05-09,tsunoda,TSU,Yuki,Tsunoda,Japanese,alphatauri,AlphaTauri,Italian,Circuit de Barcelona-Catalunya,Spanish Grand Prix,Montmeló,Spain,109,4.657,307.362,False,balanced,6,\N,\N,0.0,,
1056,832,6,6,1,2021,5,2021-05-23,sainz,SAI,Carlos,Sainz,Spanish,ferrari,Ferrari,Italian,Circuit de Monaco,Monaco Grand Prix,Monte-Carlo,Monaco,7,3.337,260.286,False,technical,78,5945788,2,18.0,,
1056,830,9,6,1,2021,5,2021-05-23,max_verstappen,VER,Max,Verstappen,Dutch,red_bull,Red Bull,Austrian,Circuit de Monaco,Monaco Grand Prix,Monte-Carlo,Monaco,7,3.337,260.286,False,technical,78,5936820,1,25.0,,
1056,846,1,6,1,2021,5,2021-05-23,norris,NOR,Lando,Norris,British,mclaren,McLaren,British,Circuit de Monaco,Monaco Grand Prix,Monte-Carlo,Monaco,7,3.337,260.286,False,technical,78,5956247,3,15.0,,
1056,815,9,6,1,2021,5,2021-05-23,perez,PER,Sergio,Pérez,Mexican,red_bull,Red Bull,Austrian,Circuit de Monaco,Monaco Grand Prix,Monte-Carlo,Monaco,7,3.337,260.286,False,technical,78,5957310,4,12.0,,
1056,20,117,6,1,2021,5,2021-05-23,vettel,VET,Sebastian,Vettel,German,aston_martin,Aston Martin,British,Circuit de Monaco,Monaco Grand Prix,Monte-Carlo,Monaco,7,3.337,260.286,False,technical,78,5989411,5,10.0,,
1056,842,213,6,1,2021,5,2021-05-23,gasly,GAS,Pierre,Gasly,French,alphatauri,AlphaTauri,Italian,Circuit de Monaco,Monaco Grand Prix,Monte-Carlo,Monaco,7,3.337,260.286,False,technical,78,5990716,6,8.0,,
1056,1,131,6,1,2021,5,2021-05-23,hamilton,HAM,Lewis,Hamilton,British,mercedes,Mercedes,German,Circuit de Monaco,Monaco Grand Prix,Monte-Carlo,Monaco,7,3.337,260.286,False,technical,78,6005051,7,7.0,,
1056,840,117,6,11,2021,5,2021-05-23,stroll,STR,Lance,Stroll,Canadian,aston_martin,Aston Martin,British,Circuit de Monaco,Monaco Grand Prix,Monte-Carlo,Monaco,7,3.337,260.286,False,technical,77,\N,8,4.0,,
1056,839,214,6,11,2021,5,2021-05-23,ocon,OCO,Esteban,Ocon,French,alpine,Alpine F1 Team,French,Circuit de Monaco,Monaco Grand Prix,Monte-Carlo,Monaco,7,3.337,260.286,False,technical,77,\N,9,2.0,,
1056,841,51,6,11,2021,5,2021-05-23,giovinazzi,GIO,Antonio,Giovinazzi,Italian,alfa,Alfa Romeo,Swiss,Circuit de Monaco,Monaco Grand Prix,Monte-Carlo,Monaco,7,3.337,260.286,False,technical,77,\N,10,1.0,,
1056,8,51,6,11,2021,5,2021-05-23,raikkonen,RAI,Kimi,Räikkönen,Finnish,alfa,Alfa Romeo,Swiss,Circuit de Monaco,Monaco Grand Prix,Monte-Carlo,Monaco,7,3.337,260.286,False,technical,77,\N,11,0.0,,
1056,817,1,6,11,2021,5,2021-05-23,ricciardo,RIC,Daniel,Ricciardo,Australian,mclaren,McLaren,British,Circuit de Monaco,Monaco Grand Prix,Monte-Carlo,Monaco,7,3.337,260.286,False,technical,77,\N,12,0.0,,
1056,4,214,6,11,2021,5,2021-05-23,alonso,ALO,Fernando,Alonso,Spanish,alpine,Alpine F1 Team,French,Circuit de Monaco,Monaco Grand Prix,Monte-Carlo,Monaco,7,3.337,260.286,False,technical,77,\N,13,0.0,,
1056,847,3,6,11,2021,5,2021-05-23,russell,RUS,George,Russell,British,williams,Williams,British,Circuit de Monaco,Monaco Grand Prix,Monte-Carlo,Monaco,7,3.337,260.286,False,technical,77,\N,14,0.0,,
1056,849,3,6,11,2021,5,2021-05-23,latifi,LAT,Nicholas,Latifi,Canadian,williams,Williams,British,Circuit de Monaco,Monaco Grand Prix,Monte-Carlo,Monaco,7,3.337,260.286,False,technical,77,\N,15,0.0,,
1056,852,213,6,11,2021,5,2021-05-23,tsunoda,TSU,Yuki,Tsunoda,Japanese,alphatauri,AlphaTauri,Italian,Circuit de Monaco,Monaco Grand Prix,Monte-Carlo,Monaco,7,3.337,260.286,False,technical,77,\N,16,0.0,,
1056,853,210,6,13,2021,5,2021-05-23,mazepin,MAZ,Nikita,Mazepin,Russian,haas,Haas F1 Team,American,Circuit de Monaco,Monaco Grand Prix,Monte-Carlo,Monaco,7,3.337,260.286,False,technical,75,\N,17,0.0,,
1056,854,210,6,13,2021,5,2021-05-23,mick_schumacher,MSC,Mick,Schumacher,German,haas,Haas F1 Team,American,Circuit de Monaco,Monaco Grand Prix,Monte-Carlo,Monaco,7,3.337,260.286,False,technical,75,\N,18,0.0,,
1056,822,131,6,61,2021,5,2021-05-23,bottas,BOT,Valtteri,Bottas,Finnish,mercedes,Mercedes,German,Circuit de Monaco,Monaco Grand Prix,Monte-Carlo,Monaco,7,3.337,260.286,False,technical,29,\N,\N,0.0,,
1056,844,6,6,30,2021,5,2021-05-23,leclerc,LEC,Charles,Leclerc,Monegasque,ferrari,Ferrari,Italian,Circuit de Monaco,Monaco Grand Prix,Monte-Carlo,Monaco,7,3.337,260.286,False,technical,0,\N,\N,0.0,,
1057,815,9,73,1,2021,6,2021-06-06,perez,PER,Sergio,Pérez,Mexican,red_bull,Red Bull,Austrian,Baku City Circuit,Azerbaijan Grand Prix,Baku,Azerbaijan,-7,6.003,306.153,False,high_speed,51,8016410,1,25.0,,
1057,20,117,73,1,2021,6,2021-06-06,vettel,VET,Sebastian,Vettel,German,aston_martin,Aston Martin,British,Baku City Circuit,Azerbaijan Grand Prix,Baku,Azerbaijan,-7,6.003,306.153,False,high_speed,51,8017795,2,18.0,,
1057,842,213,73,1,2021,6,2021-06-06,gasly,GAS,Pierre,Gasly,French,alphatauri,AlphaTauri,Italian,Baku City Circuit,Azerbaijan Grand Prix,Baku,Azerbaijan,-7,6.003,306.153,False,high_speed,51,8019172,3,15.0,,
1057,844,6,73,1,2021,6,2021-06-06,leclerc,LEC,Charles,Leclerc,Monegasque,ferrari,Ferrari,Italian,Baku City Circuit,Azerbaijan Grand Prix,Baku,Azerbaijan,-7,6.003,306.153,False,high_speed,51,8020238,4,12.0,,
1057,846,1,73,1,2021,6,2021-06-06,norris,NOR,Lando,Norris,British,mclaren,McLaren,British,Baku City Circuit,Azerbaijan Grand Prix,Baku,Azerbaijan,-7,6.003,306.153,False,high_speed,51,8021164,5,10.0,,
1057,4,214,73,1,2021,6,2021-06-06,alonso,ALO,Fernando,Alonso,Spanish,alpine,Alpine F1 Team,French,Baku City Circuit,Azerbaijan Grand Prix,Baku,Azerbaijan,-7,6.003,306.153,False,high_speed,51,8022792,6,8.0,,
1057,852,213,73,1,2021,6,2021-06-06,tsunoda,TSU,Yuki,Tsunoda,Japanese,alphatauri,AlphaTauri,Italian,Baku City Circuit,Azerbaijan Grand Prix,Baku,Azerbaijan,-7,6.003,306.153,False,high_speed,51,8023034,7,6.0,,
1057,832,6,73,1,2021,6,2021-06-06,sainz,SAI,Carlos,Sainz,Spanish,ferrari,Ferrari,Italian,Baku City Circuit,Azerbaijan Grand Prix,Baku,Azerbaijan,-7,6.003,306.153,False,high_speed,51,8024119,8,4.0,,
1057,817,1,73,1,2021,6,2021-06-06,ricciardo,RIC,Daniel,Ricciardo,Australian,mclaren,McLaren,British,Baku City Circuit,Azerbaijan Grand Prix,Baku,Azerbaijan,-7,6.003,306.153,False,high_speed,51,8025284,9,2.0,,
1057,8,51,73,1,2021,6,2021-06-06,raikkonen,RAI,Kimi,Räikkönen,Finnish,alfa,Alfa Romeo,Swiss,Baku City Circuit,Azerbaijan Grand Prix,Baku,Azerbaijan,-7,6.003,306.153,False,high_speed,51,8025986,10,1.0,,
1057,841,51,73,1,2021,6,2021-06-06,giovinazzi,GIO,Antonio,Giovinazzi,Italian,alfa,Alfa Romeo,Swiss,Baku City Circuit,Azerbaijan Grand Prix,Baku,Azerbaijan,-7,6.003,306.153,False,high_speed,51,8026664,11,0.0,,
1057,822,131,73,1,2021,6,2021-06-06,bottas,BOT,Valtteri,Bottas,Finnish,mercedes,Mercedes,German,Baku City Circuit,Azerbaijan Grand Prix,Baku,Azerbaijan,-7,6.003,306.153,False,high_speed,51,8027674,12,0.0,,
1057,854,210,73,1,2021,6,2021-06-06,mick_schumacher,MSC,Mick,Schumacher,German,haas,Haas F1 Team,American,Baku City Circuit,Azerbaijan Grand Prix,Baku,Azerbaijan,-7,6.003,306.153,False,high_speed,51,8030651,13,0.0,,
1057,853,210,73,1,2021,6,2021-06-06,mazepin,MAZ,Nikita,Mazepin,Russian,haas,Haas F1 Team,American,Baku City Circuit,Azerbaijan Grand Prix,Baku,Azerbaijan,-7,6.003,306.153,False,high_speed,51,8030725,14,0.0,,
1057,1,131,73,1,2021,6,2021-06-06,hamilton,HAM,Lewis,Hamilton,British,mercedes,Mercedes,German,Baku City Circuit,Azerbaijan Grand Prix,Baku,Azerbaijan,-7,6.003,306.153,False,high_speed,51,8034078,15,0.0,,
1057,849,3,73,1,2021,6,2021-06-06,latifi,LAT,Nicholas,Latifi,Canadian,williams,Williams,British,Baku City Circuit,Azerbaijan Grand Prix,Baku,Azerbaijan,-7,6.003,306.153,False,high_speed,51,8058789,16,0.0,,
1057,847,3,73,6,2021,6,2021-06-06,russell,RUS,George,Russell,British,williams,Williams,British,Baku City Circuit,Azerbaijan Grand Prix,Baku,Azerbaijan,-7,6.003,306.153,False,high_speed,48,\N,\N,0.0,,
1057,830,9,73,3,2021,6,2021-06-06,max_verstappen,VER,Max,Verstappen,Dutch,red_bull,Red Bull,Austrian,Baku City Circuit,Azerbaijan Grand Prix,Baku,Azerbaijan,-7,6.003,306.153,False,high_speed,45,\N,\N,0.0,,
1057,840,117,73,3,2021,6,2021-06-06,stroll,STR,Lance,Stroll,Canadian,aston_martin,Aston Martin,British,Baku City Circuit,Azerbaijan Grand Prix,Baku,Azerbaijan,-7,6.003,306.153,False,high_speed,29,\N,\N,0.0,,
1057,839,214,73,101,2021,6,2021-06-06,ocon,OCO,Esteban,Ocon,French,alpine,Alpine F1 Team,French,Baku City Circuit,Azerbaijan Grand Prix,Baku,Azerbaijan,-7,6.003,306.153,False,high_speed,3,\N,\N,0.0,,
1059,830,9,34,1,2021,7,2021-06-20,max_verstappen,VER,Max,Verstappen,Dutch,red_bull,Red Bull,Austrian,Circuit Paul Ricard,French Grand Prix,Le Castellet,France,432,5.842,309.626,False,balanced,53,5245770,1,26.0,,
1059,1,131,34,1,2021,7,2021-06-20,hamilton,HAM,Lewis,Hamilton,British,mercedes,Mercedes,German,Circuit Paul Ricard,French Grand Prix,Le Castellet,France,432,5.842,309.626,False,balanced,53,5248674,2,18.0,,
1059,815,9,34,1,2021,7,2021-06-20,perez,PER,Sergio,Pérez,Mexican,red_bull,Red Bull,Austrian,Circuit Paul Ricard,French Grand Prix,Le Castellet,France,432,5.842,309.626,False,balanced,53,5254581,3,15.0,,
1059,822,131,34,1,2021,7,2021-06-20,bottas,BOT,Valtteri,Bottas,Finnish,mercedes,Mercedes,German,Circuit Paul Ricard,French Grand Prix,Le Castellet,France,432,5.842,309.626,False,balanced,53,5260388,4,12.0,,
1059,846,1,34,1,2021,7,2021-06-20,norris,NOR,Lando,Norris,British,mclaren,McLaren,British,Circuit Paul Ricard,French Grand Prix,Le Castellet,France,432,5.842,309.626,False,balanced,53,5309802,5,10.0,,
1059,817,1,34,1,2021,7,2021-06-20,ricciardo,RIC,Daniel,Ricciardo,Australian,mclaren,McLaren,British,Circuit Paul Ricard,French Grand Prix,Le Castellet,France,432,5.842,309.626,False,balanced,53,5321627,6,8.0,,
1059,842,213,34,1,2021,7,2021-06-20,gasly,GAS,Pierre,Gasly,French,alphatauri,AlphaTauri,Italian,Circuit Paul Ricard,French Grand Prix,Le Castellet,France,432,5.842,309.626,False,balanced,53,5322366,7,6.0,,
1059,4,214,34,1,2021,7,2021-06-20,alonso,ALO,Fernando,Alonso,Spanish,alpine,Alpine F1 Team,French,Circuit Paul Ricard,French Grand Prix,Le Castellet,France,432,5.842,309.626,False,balanced,53,5323465,8,4.0,,
1059,20,117,34,1,2021,7,2021-06-20,vettel,VET,Sebastian,Vettel,German,aston_martin,Aston Martin,British,Circuit Paul Ricard,French Grand Prix,Le Castellet,France,432,5.842,309.626,False,balanced,53,5325436,9,2.0,,
1059,840,117,34,1,2021,7,2021-06-20,stroll,STR,Lance,Stroll,Canadian,aston_martin,Aston Martin,British,Circuit Paul Ricard,French Grand Prix,Le Castellet,France,432,5.842,309.626,False,balanced,53,5337716,10,1.0,,
1059,832,6,34,1,2021,7,2021-06-20,sainz,SAI,Carlos,Sainz,Spanish,ferrari,Ferrari,Italian,Circuit Paul Ricard,French Grand Prix,Le Castellet,France,432,5.842,309.626,False,balanced,53,5345107,11,0.0,,
1059,847,3,34,11,2021,7,2021-06-20,russell,RUS,George,Russell,British,williams,Williams,British,Circuit Paul Ricard,French Grand Prix,Le Castellet,France,432,5.842,309.626,False,balanced,52,\N,12,0.0,,
1059,852,213,34,11,2021,7,2021-06-20,tsunoda,TSU,Yuki,Tsunoda,Japanese,alphatauri,AlphaTauri,Italian,Circuit Paul Ricard,French Grand Prix,Le Castellet,France,432,5.842,309.626,False,balanced,52,\N,13,0.0,,
1059,839,214,34,11,2021,7,2021-06-20,ocon,OCO,Esteban,Ocon,French,alpine,Alpine F1 Team,French,Circuit Paul Ricard,French Grand Prix,Le Castellet,France,432,5.842,309.626,False,balanced,52,\N,14,0.0,,
1059,841,51,34,11,2021,7,2021-06-20,giovinazzi,GIO,Antonio,Giovinazzi,Italian,alfa,Alfa Romeo,Swiss,Circuit Paul Ricard,French Grand Prix,Le Castellet,France,432,5.842,309.626,False,balanced,52,\N,15,0.0,,
1059,844,6,34,11,2021,7,2021-06-20,leclerc,LEC,Charles,Leclerc,Monegasque,ferrari,Ferrari,Italian,Circuit Paul Ricard,French Grand Prix,Le Castellet,France,432,5.842,309.626,False,balanced,52,\N,16,0.0,,
1059,8,51,34,11,2021,7,2021-06-20,raikkonen,RAI,Kimi,Räikkönen,Finnish,alfa,Alfa Romeo,Swiss,Circuit Paul Ricard,French Grand Prix,Le Castellet,France,432,5.842,309.626,False,balanced,52,\N,17,0.0,,
1059,849,3,34,11,2021,7,2021-06-20,latifi,LAT,Nicholas,Latifi,Canadian,williams,Williams,British,Circuit Paul Ricard,French Grand Prix,Le Castellet,France,432,5.842,309.626,False,balanced,52,\N,18,0.0,,
1059,854,210,34,11,2021,7,2021-06-20,mick_schumacher,MSC,Mick,Schumacher,German,haas,Haas F1 Team,American,Circuit Paul Ricard,French Grand Prix,Le Castellet,France,432,5.842,309.626,False,balanced,52,\N,19,0.0,,
1059,853,210,34,11,2021,7,2021-06-20,mazepin,MAZ,Nikita,Mazepin,Russian,haas,Haas F1 Team,American,Circuit Paul Ricard,French Grand Prix,Le Castellet,France,432,5.842,309.626,False,balanced,52,\N,20,0.0,,
1058,830,9,70,1,2021,8,2021-06-27,max_verstappen,VER,Max,Verstappen,Dutch,red_bull,Red Bull,Austrian,Red Bull Ring,Styrian Grand Prix,Spielberg,Austria,678,4.326,307.146,False,high_speed,71,4938925,1,25.0,,
1058,1,131,70,1,2021,8,2021-06-27,hamilton,HAM,Lewis,Hamilton,British,mercedes,Mercedes,German,Red Bull Ring,Styrian Grand Prix,Spielberg,Austria,678,4.326,307.146,False,high_speed,71,4974668,2,19.0,,
1058,822,131,70,1,2021,8,2021-06-27,bottas,BOT,Valtteri,Bottas,Finnish,mercedes,Mercedes,German,Red Bull Ring,Styrian Grand Prix,Spielberg,Austria,678,4.326,307.146,False,high_speed,71,4985832,3,15.0,,
1058,815,9,70,1,2021,8,2021-06-27,perez,PER,Sergio,Pérez,Mexican,red_bull,Red Bull,Austrian,Red Bull Ring,Styrian Grand Prix,Spielberg,Austria,678,4.326,307.146,False,high_speed,71,4986359,4,12.0,,
1058,846,1,70,11,2021,8,2021-06-27,norris,NOR,Lando,Norris,British,mclaren,McLaren,British,Red Bull Ring,Styrian Grand Prix,Spielberg,Austria,678,4.326,307.146,False,high_speed,70,\N,5,10.0,,
1058,832,6,70,11,2021,8,2021-06-27,sainz,SAI,Carlos,Sainz,Spanish,ferrari,Ferrari,Italian,Red Bull Ring,Styrian Grand Prix,Spielberg,Austria,678,4.326,307.146,False,high_speed,70,\N,6,8.0,,
1058,844,6,70,11,2021,8,2021-06-27,leclerc,LEC,Charles,Leclerc,Monegasque,ferrari,Ferrari,Italian,Red Bull Ring,Styrian Grand Prix,Spielberg,Austria,678,4.326,307.146,False,high_speed,70,\N,7,6.0,,
1058,840,117,70,11,2021,8,2021-06-27,stroll,STR,Lance,Stroll,Canadian,aston_martin,Aston Martin,British,Red Bull Ring,Styrian Grand Prix,Spielberg,Austria,678,4.326,307.146,False,high_speed,70,\N,8,4.0,,
1058,4,214,70,11,2021,8,2021-06-27,alonso,ALO,Fernando,Alonso,Spanish,alpine,Alpine F1 Team,French,Red Bull Ring,Styrian Grand Prix,Spielberg,Austria,678,4.326,307.146,False,high_speed,70,\N,9,2.0,,
1058,852,213,70,11,2021,8,2021-06-27,tsunoda,TSU,Yuki,Tsunoda,Japanese,alphatauri,AlphaTauri,Italian,Red Bull Ring,Styrian Grand Prix,Spielberg,Austria,678,4.326,307.146,False,high_speed,70,\N,10,1.0,,
1058,8,51,70,11,2021,8,2021-06-27,raikkonen,RAI,Kimi,Räikkönen,Finnish,alfa,Alfa Romeo,Swiss,Red Bull Ring,Styrian Grand Prix,Spielberg,Austria,678,4.326,307.146,False,high_speed,70,\N,11,0.0,,
1058,20,117,70,11,2021,8,2021-06-27,vettel,VET,Sebastian,Vettel,German,aston_martin,Aston Martin,British,Red Bull Ring,Styrian Grand Prix,Spielberg,Austria,678,4.326,307.146,False,high_speed,70,\N,12,0.0,,
1058,817,1,70,11,2021,8,2021-06-27,ricciardo,RIC,Daniel,Ricciardo,Australian,mclaren,McLaren,British,Red Bull Ring,Styrian Grand Prix,Spielberg,Austria,678,4.326,307.146,False,high_speed,70,\N,13,0.0,,
1058,839,214,70,11,2021,8,2021-06-27,ocon,OCO,Esteban,Ocon,French,alpine,Alpine F1 Team,French,Red Bull Ring,Styrian Grand Prix,Spielberg,Austria,678,4.326,307.146,False,high_speed,70,\N,14,0.0,,
1058,841,51,70,11,2021,8,2021-06-27,giovinazzi,GIO,Antonio,Giovinazzi,Italian,alfa,Alfa Romeo,Swiss,Red Bull Ring,Styrian Grand Prix,Spielberg,Austria,678,4.326,307.146,False,high_speed,70,\N,15,0.0,,
1058,854,210,70,12,2021,8,2021-06-27,mick_schumacher,MSC,Mick,Schumacher,German,haas,Haas F1 Team,American,Red Bull Ring,Styrian Grand Prix,Spielberg,Austria,678,4.326,307.146,False,high_speed,69,\N,16,0.0,,
1058,849,3,70,13,2021,8,2021-06-27,latifi,LAT,Nicholas,Latifi,Canadian,williams,Williams,British,Red Bull Ring,Styrian Grand Prix,Spielberg,Austria,678,4.326,307.146,False,high_speed,68,\N,17,0.0,,
1058,853,210,70,13,2021,8,2021-06-27,mazepin,MAZ,Nikita,Mazepin,Russian,haas,Haas F1 Team,American,Red Bull Ring,Styrian Grand Prix,Spielberg,Austria,678,4.326,307.146,False,high_speed,68,\N,18,0.0,,
1058,847,3,70,5,2021,8,2021-06-27,russell,RUS,George,Russell,British,williams,Williams,British,Red Bull Ring,Styrian Grand Prix,Spielberg,Austria,678,4.326,307.146,False,high_speed,36,\N,\N,0.0,,
1058,842,213,70,4,2021,8,2021-06-27,gasly,GAS,Pierre,Gasly,French,alphatauri,AlphaTauri,Italian,Red Bull Ring,Styrian Grand Prix,Spielberg,Austria,678,4.326,307.146,False,high_speed,1,\N,\N,0.0,,
1060,830,9,70,1,2021,9,2021-07-04,max_verstappen,VER,Max,Verstappen,Dutch,red_bull,Red Bull,Austrian,Red Bull Ring,Austrian Grand Prix,Spielberg,Austria,678,4.326,307.146,False,high_speed,71,5034543,1,26.0,,
1060,822,131,70,1,2021,9,2021-07-04,bottas,BOT,Valtteri,Bottas,Finnish,mercedes,Mercedes,German,Red Bull Ring,Austrian Grand Prix,Spielberg,Austria,678,4.326,307.146,False,high_speed,71,5052516,2,18.0,,
1060,846,1,70,1,2021,9,2021-07-04,norris,NOR,Lando,Norris,British,mclaren,McLaren,British,Red Bull Ring,Austrian Grand Prix,Spielberg,Austria,678,4.326,307.146,False,high_speed,71,5054562,3,15.0,,
1060,1,131,70,1,2021,9,2021-07-04,hamilton,HAM,Lewis,Hamilton,British,mercedes,Mercedes,German,Red Bull Ring,Austrian Grand Prix,Spielberg,Austria,678,4.326,307.146,False,high_speed,71,5080995,4,12.0,,
1060,832,6,70,1,2021,9,2021-07-04,sainz,SAI,Carlos,Sainz,Spanish,ferrari,Ferrari,Italian,Red Bull Ring,Austrian Grand Prix,Spielberg,Austria,678,4.326,307.146,False,high_speed,71,5091687,5,10.0,,
1060,815,9,70,1,2021,9,2021-07-04,perez,PER,Sergio,Pérez,Mexican,red_bull,Red Bull,Austrian,Red Bull Ring,Austrian Grand Prix,Spielberg,Austria,678,4.326,307.146,False,high_speed,71,5092458,6,8.0,,
1060,817,1,70,1,2021,9,2021-07-04,ricciardo,RIC,Daniel,Ricciardo,Australian,mclaren,McLaren,British,Red Bull Ring,Austrian Grand Prix,Spielberg,Austria,678,4.326,307.146,False,high_speed,71,5094938,7,6.0,,
1060,844,6,70,1,2021,9,2021-07-04,leclerc,LEC,Charles,Leclerc,Monegasque,ferrari,Ferrari,Italian,Red Bull Ring,Austrian Grand Prix,Spielberg,Austria,678,4.326,307.146,False,high_speed,71,5095738,8,4.0,,
1060,842,213,70,1,2021,9,2021-07-04,gasly,GAS,Pierre,Gasly,French,alphatauri,AlphaTauri,Italian,Red Bull Ring,Austrian Grand Prix,Spielberg,Austria,678,4.326,307.146,False,high_speed,71,5096387,9,2.0,,
1060,4,214,70,11,2021,9,2021-07-04,alonso,ALO,Fernando,Alonso,Spanish,alpine,Alpine F1 Team,French,Red Bull Ring,Austrian Grand Prix,Spielberg,Austria,678,4.326,307.146,False,high_speed,70,\N,10,1.0,,
1060,847,3,70,11,2021,9,2021-07-04,russell,RUS,George,Russell,British,williams,Williams,British,Red Bull Ring,Austrian Grand Prix,Spielberg,Austria,678,4.326,307.146,False,high_speed,70,\N,11,0.0,,
1060,852,213,70,11,2021,9,2021-07-04,tsunoda,TSU,Yuki,Tsunoda,Japanese,alphatauri,AlphaTauri,Italian,Red Bull Ring,Austrian Grand Prix,Spielberg,Austria,678,4.326,307.146,False,high_speed,70,\N,12,0.0,,
1060,840,117,70,11,2021,9,2021-07-04,stroll,STR,Lance,Stroll,Canadian,aston_martin,Aston Martin,British,Red Bull Ring,Austrian Grand Prix,Spielberg,Austria,678,4.326,307.146,False,high_speed,70,\N,13,0.0,,
1060,841,51,70,11,2021,9,2021-07-04,giovinazzi,GIO,Antonio,Giovinazzi,Italian,alfa,Alfa Romeo,Swiss,Red Bull Ring,Austrian Grand Prix,Spielberg,Austria,678,4.326,307.146,False,high_speed,70,\N,14,0.0,,
1060,8,51,70,11,2021,9,2021-07-04,raikkonen,RAI,Kimi,Räikkönen,Finnish,alfa,Alfa Romeo,Swiss,Red Bull Ring,Austrian Grand Prix,Spielberg,Austria,678,4.326,307.146,False,high_speed,70,\N,15,0.0,,
1060,849,3,70,11,2021,9,2021-07-04,latifi,LAT,Nicholas,Latifi,Canadian,williams,Williams,British,Red Bull Ring,Austrian Grand Prix,Spielberg,Austria,678,4.326,307.146,False,high_speed,70,\N,16,0.0,,
1060,20,117,70,4,2021,9,2021-07-04,vettel,VET,Sebastian,Vettel,German,aston_martin,Aston Martin,British,Red Bull Ring,Austrian Grand Prix,Spielberg,Austria,678,4.326,307.146,False,high_speed,69,\N,17,0.0,,
1060,854,210,70,12,2021,9,2021-07-04,mick_schumacher,MSC,Mick,Schumacher,German,haas,Haas F1 Team,American,Red Bull Ring,Austrian Grand Prix,Spielberg,Austria,678,4.326,307.146,False,high_speed,69,\N,18,0.0,,
1060,853,210,70,12,2021,9,2021-07-04,mazepin,MAZ,Nikita,Mazepin,Russian,haas,Haas F1 Team,American,Red Bull Ring,Austrian Grand Prix,Spielberg,Austria,678,4.326,307.146,False,high_speed,69,\N,19,0.0,,
1060,839,214,70,4,2021,9,2021-07-04,ocon,OCO,Esteban,Ocon,French,alpine,Alpine F1 Team,French,Red Bull Ring,Austrian Grand Prix,Spielberg,Austria,678,4.326,307.146,False,high_speed,0,\N,\N,0.0,,
1061,1,131,9,1,2021,10,2021-07-18,hamilton,HAM,Lewis,Hamilton,British,mercedes,Mercedes,German,Silverstone Circuit,British Grand Prix,Silverstone,UK,153,5.891,306.332,False,high_speed,52,7103284,1,25.0,2,2.0
1061,844,6,9,1,2021,10,2021-07-18,leclerc,LEC,Charles,Leclerc,Monegasque,ferrari,Ferrari,Italian,Silverstone Circuit,British Grand Prix,Silverstone,UK,153,5.891,306.332,False,high_speed,52,7107155,2,18.0,4,0.0
1061,822,131,9,1,2021,10,2021-07-18,bottas,BOT,Valtteri,Bottas,Finnish,mercedes,Mercedes,German,Silverstone Circuit,British Grand Prix,Silverstone,UK,153,5.891,306.332,False,high_speed,52,7114409,3,15.0,3,1.0
1061,846,1,9,1,2021,10,2021-07-18,norris,NOR,Lando,Norris,British,mclaren,McLaren,British,Silverstone Circuit,British Grand Prix,Silverstone,UK,153,5.891,306.332,False,high_speed,52,7131857,4,12.0,5,0.0
1061,817,1,9,1,2021,10,2021-07-18,ricciardo,RIC,Daniel,Ricciardo,Australian,mclaren,McLaren,British,Silverstone Circuit,British Grand Prix,Silverstone,UK,153,5.891,306.332,False,high_speed,52,7145908,5,10.0,6,0.0
1061,832,6,9,1,2021,10,2021-07-18,sainz,SAI,Carlos,Sainz,Spanish,ferrari,Ferrari,Italian,Silverstone Circuit,British Grand Prix,Silverstone,UK,153,5.891,306.332,False,high_speed,52,7146738,6,8.0,11,0.0
1061,4,214,9,1,2021,10,2021-07-18,alonso,ALO,Fernando,Alonso,Spanish,alpine,Alpine F1 Team,French,Silverstone Circuit,British Grand Prix,Silverstone,UK,153,5.891,306.332,False,high_speed,52,7175377,7,6.0,7,0.0
1061,840,117,9,1,2021,10,2021-07-18,stroll,STR,Lance,Stroll,Canadian,aston_martin,Aston Martin,British,Silverstone Circuit,British Grand Prix,Silverstone,UK,153,5.891,306.332,False,high_speed,52,7177573,8,4.0,14,0.0
1061,839,214,9,1,2021,10,2021-07-18,ocon,OCO,Esteban,Ocon,French,alpine,Alpine F1 Team,French,Silverstone Circuit,British Grand Prix,Silverstone,UK,153,5.891,306.332,False,high_speed,52,7179446,9,2.0,10,0.0
1061,852,213,9,1,2021,10,2021-07-18,tsunoda,TSU,Yuki,Tsunoda,Japanese,alphatauri,AlphaTauri,Italian,Silverstone Circuit,British Grand Prix,Silverstone,UK,153,5.891,306.332,False,high_speed,52,7185349,10,1.0,16,0.0
1061,842,213,9,1,2021,10,2021-07-18,gasly,GAS,Pierre,Gasly,French,alphatauri,AlphaTauri,Italian,Silverstone Circuit,British Grand Prix,Silverstone,UK,153,5.891,306.332,False,high_speed,52,7188611,11,0.0,12,0.0
1061,847,3,9,11,2021,10,2021-07-18,russell,RUS,George,Russell,British,williams,Williams,British,Silverstone Circuit,British Grand Prix,Silverstone,UK,153,5.891,306.332,False,high_speed,51,\N,12,0.0,9,0.0
1061,841,51,9,11,2021,10,2021-07-18,giovinazzi,GIO,Antonio,Giovinazzi,Italian,alfa,Alfa Romeo,Swiss,Silverstone Circuit,British Grand Prix,Silverstone,UK,153,5.891,306.332,False,high_speed,51,\N,13,0.0,15,0.0
1061,849,3,9,11,2021,10,2021-07-18,latifi,LAT,Nicholas,Latifi,Canadian,williams,Williams,British,Silverstone Circuit,British Grand Prix,Silverstone,UK,153,5.891,306.332,False,high_speed,51,\N,14,0.0,17,0.0
1061,8,51,9,11,2021,10,2021-07-18,raikkonen,RAI,Kimi,Räikkönen,Finnish,alfa,Alfa Romeo,Swiss,Silverstone Circuit,British Grand Prix,Silverstone,UK,153,5.891,306.332,False,high_speed,51,\N,15,0.0,13,0.0
1061,815,9,9,11,2021,10,2021-07-18,perez,PER,Sergio,Pérez,Mexican,red_bull,Red Bull,Austrian,Silverstone Circuit,British Grand Prix,Silverstone,UK,153,5.891,306.332,False,high_speed,51,\N,16,0.0,\N,0.0
1061,853,210,9,11,2021,10,2021-07-18,mazepin,MAZ,Nikita,Mazepin,Russian,haas,Haas F1 Team,American,Silverstone Circuit,British Grand Prix,Silverstone,UK,153,5.891,306.332,False,high_speed,51,\N,17,0.0,19,0.0
1061,854,210,9,11,2021,10,2021-07-18,mick_schumacher,MSC,Mick,Schumacher,German,haas,Haas F1 Team,American,Silverstone Circuit,British Grand Prix,Silverstone,UK,153,5.891,306.332,False,high_speed,51,\N,18,0.0,18,0.0
1061,20,117,9,31,2021,10,2021-07-18,vettel,VET,Sebastian,Vettel,German,aston_martin,Aston Martin,British,Silverstone Circuit,British Grand Prix,Silverstone,UK,153,5.891,306.332,False,high_speed,40,\N,\N,0.0,8,0.0
1061,830,9,9,4,2021,10,2021-07-18,max_verstappen,VER,Max,Verstappen,Dutch,red_bull,Red Bull,Austrian,Silverstone Circuit,British Grand Prix,Silverstone,UK,153,5.891,306.332,False,high_speed,0,\N,\N,0.0,1,3.0
1062,839,214,11,1,2021,11,2021-08-01,ocon,OCO,Esteban,Ocon,French,alpine,Alpine F1 Team,French,Hungaroring,Hungarian Grand Prix,Budapest,Hungary,264,4.381,306.67,False,technical,70,7483199,1,25.0,,
1062,1,131,11,1,2021,11,2021-08-01,hamilton,HAM,Lewis,Hamilton,British,mercedes,Mercedes,German,Hungaroring,Hungarian Grand Prix,Budapest,Hungary,264,4.381,306.67,False,technical,70,7485935,2,18.0,,
1062,832,6,11,1,2021,11,2021-08-01,sainz,SAI,Carlos,Sainz,Spanish,ferrari,Ferrari,Italian,Hungaroring,Hungarian Grand Prix,Budapest,Hungary,264,4.381,306.67,False,technical,70,7498217,3,15.0,,
1062,4,214,11,1,2021,11,2021-08-01,alonso,ALO,Fernando,Alonso,Spanish,alpine,Alpine F1 Team,French,Hungaroring,Hungarian Grand Prix,Budapest,Hungary,264,4.381,306.67,False,technical,70,7498850,4,12.0,,
1062,842,213,11,1,2021,11,2021-08-01,gasly,GAS,Pierre,Gasly,French,alphatauri,AlphaTauri,Italian,Hungaroring,Hungarian Grand Prix,Budapest,Hungary,264,4.381,306.67,False,technical,70,7546813,5,11.0,,
1062,852,213,11,1,2021,11,2021-08-01,tsunoda,TSU,Yuki,Tsunoda,Japanese,alphatauri,AlphaTauri,Italian,Hungaroring,Hungarian Grand Prix,Budapest,Hungary,264,4.381,306.67,False,technical,70,7559002,6,8.0,,
1062,849,3,11,1,2021,11,2021-08-01,latifi,LAT,Nicholas,Latifi,Canadian,williams,Williams,British,Hungaroring,Hungarian Grand Prix,Budapest,Hungary,264,4.381,306.67,False,technical,70,7561109,7,6.0,,
1062,847,3,11,1,2021,11,2021-08-01,russell,RUS,George,Russell,British,williams,Williams,British,Hungaroring,Hungarian Grand Prix,Budapest,Hungary,264,4.381,306.67,False,technical,70,7562293,8,4.0,,
1062,830,9,11,1,2021,11,2021-08-01,max_verstappen,VER,Max,Verstappen,Dutch,red_bull,Red Bull,Austrian,Hungaroring,Hungarian Grand Prix,Budapest,Hungary,264,4.381,306.67,False,technical,70,7563443,9,2.0,,
1062,8,51,11,11,2021,11,2021-08-01,raikkonen,RAI,Kimi,Räikkönen,Finnish,alfa,Alfa Romeo,Swiss,Hungaroring,Hungarian Grand Prix,Budapest,Hungary,264,4.381,306.67,False,technical,69,\N,10,1.0,,
1062,817,1,11,11,2021,11,2021-08-01,ricciardo,RIC,Daniel,Ricciardo,Australian,mclaren,McLaren,British,Hungaroring,Hungarian Grand Prix,Budapest,Hungary,264,4.381,306.67,False,technical,69,\N,11,0.0,,
1062,854,210,11,11,2021,11,2021-08-01,mick_schumacher,MSC,Mick,Schumacher,German,haas,Haas F1 Team,American,Hungaroring,Hungarian Grand Prix,Budapest,Hungary,264,4.381,306.67,False,technical,69,\N,12,0.0,,
1062,841,51,11,11,2021,11,2021-08-01,giovinazzi,GIO,Antonio,Giovinazzi,Italian,alfa,Alfa Romeo,Swiss,Hungaroring,Hungarian Grand Prix,Budapest,Hungary,264,4.381,306.67,False,technical,69,\N,13,0.0,,
1062,853,210,11,4,2021,11,2021-08-01,mazepin,MAZ,Nikita,Mazepin,Russian,haas,Haas F1 Team,American,Hungaroring,Hungarian Grand Prix,Budapest,Hungary,264,4.381,306.67,False,technical,3,\N,\N,0.0,,
1062,846,1,11,4,2021,11,2021-08-01,norris,NOR,Lando,Norris,British,mclaren,McLaren,British,Hungaroring,Hungarian Grand Prix,Budapest,Hungary,264,4.381,306.67,False,technical,2,\N,\N,0.0,,
1062,822,131,11,4,2021,11,2021-08-01,bottas,BOT,Valtteri,Bottas,Finnish,mercedes,Mercedes,German,Hungaroring,Hungarian Grand Prix,Budapest,Hungary,264,4.381,306.67,False,technical,0,\N,\N,0.0,,
1062,815,9,11,4,2021,11,2021-08-01,perez,PER,Sergio,Pérez,Mexican,red_bull,Red Bull,Austrian,Hungaroring,Hungarian Grand Prix,Budapest,Hungary,264,4.381,306.67,False,technical,0,\N,\N,0.0,,
1062,844,6,11,4,2021,11,2021-08-01,leclerc,LEC,Charles,Leclerc,Monegasque,ferrari,Ferrari,Italian,Hungaroring,Hungarian Grand Prix,Budapest,Hungary,264,4.381,306.67,False,technical,0,\N,\N,0.0,,
1062,840,117,11,4,2021,11,2021-08-01,stroll,STR,Lance,Stroll,Canadian,aston_martin,Aston Martin,British,Hungaroring,Hungarian Grand Prix,Budapest,Hungary,264,4.381,306.67,False,technical,0,\N,\N,0.0,,
1062,20,117,11,2,2021,11,2021-08-01,vettel,VET,Sebastian,Vettel,German,aston_martin,Aston Martin,British,Hungaroring,Hungarian Grand Prix,Budapest,Hungary,264,4.381,306.67,False,technical,70,7485058,\N,0.0,,
1063,830,9,13,1,2021,12,2021-08-29,max_verstappen,VER,Max,Verstappen,Dutch,red_bull,Red Bull,Austrian,Circuit de Spa-Francorchamps,Belgian Grand Prix,Spa,Belgium,401,7.004,7.004,False,high_speed,1,207071,1,12.5,,
1063,847,3,13,1,2021,12,2021-08-29,russell,RUS,George,Russell,British,williams,Williams,British,Circuit de Spa-Francorchamps,Belgian Grand Prix,Spa,Belgium,401,7.004,7.004,False,high_speed,1,209066,2,9.0,,
1063,1,131,13,1,2021,12,2021-08-29,hamilton,HAM,Lewis,Hamilton,British,mercedes,Mercedes,German,Circuit de Spa-Francorchamps,Belgian Grand Prix,Spa,Belgium,401,7.004,7.004,False,high_speed,1,209672,3,7.5,,
1063,817,1,13,1,2021,12,2021-08-29,ricciardo,RIC,Daniel,Ricciardo,Australian,mclaren,McLaren,British,Circuit de Spa-Francorchamps,Belgian Grand Prix,Spa,Belgium,401,7.004,7.004,False,high_speed,1,211567,4,6.0,,
1063,20,117,13,1,2021,12,2021-08-29,vettel,VET,Sebastian,Vettel,German,aston_martin,Aston Martin,British,Circuit de Spa-Francorchamps,Belgian Grand Prix,Spa,Belgium,401,7.004,7.004,False,high_speed,1,214550,5,5.0,,
1063,842,213,13,1,2021,12,2021-08-29,gasly,GAS,Pierre,Gasly,French,alphatauri,AlphaTauri,Italian,Circuit de Spa-Francorchamps,Belgian Grand Prix,Spa,Belgium,401,7.004,7.004,False,high_speed,1,217248,6,4.0,,
1063,839,214,13,1,2021,12,2021-08-29,ocon,OCO,Esteban,Ocon,French,alpine,Alpine F1 Team,French,Circuit de Spa-Francorchamps,Belgian Grand Prix,Spa,Belgium,401,7.004,7.004,False,high_speed,1,218650,7,3.0,,
1063,844,6,13,1,2021,12,2021-08-29,leclerc,LEC,Charles,Leclerc,Monegasque,ferrari,Ferrari,Italian,Circuit de Spa-Francorchamps,Belgian Grand Prix,Spa,Belgium,401,7.004,7.004,False,high_speed,1,219679,8,2.0,,
1063,849,3,13,1,2021,12,2021-08-29,latifi,LAT,Nicholas,Latifi,Canadian,williams,Williams,British,Circuit de Spa-Francorchamps,Belgian Grand Prix,Spa,Belgium,401,7.004,7.004,False,high_speed,1,222555,9,1.0,,
1063,832,6,13,1,2021,12,2021-08-29,sainz,SAI,Carlos,Sainz,Spanish,ferrari,Ferrari,Italian,Circuit de Spa-Francorchamps,Belgian Grand Prix,Spa,Belgium,401,7.004,7.004,False,high_speed,1,223237,10,0.5,,
1063,4,214,13,1,2021,12,2021-08-29,alonso,ALO,Fernando,Alonso,Spanish,alpine,Alpine F1 Team,French,Circuit de Spa-Francorchamps,Belgian Grand Prix,Spa,Belgium,401,7.004,7.004,False,high_speed,1,227661,11,0.0,,
1063,822,131,13,1,2021,12,2021-08-29,bottas,BOT,Valtteri,Bottas,Finnish,mercedes,Mercedes,German,Circuit de Spa-Francorchamps,Belgian Grand Prix,Spa,Belgium,401,7.004,7.004,False,high_speed,1,229485,12,0.0,,
1063,841,51,13,1,2021,12,2021-08-29,giovinazzi,GIO,Antonio,Giovinazzi,Italian,alfa,Alfa Romeo,Swiss,Circuit de Spa-Francorchamps,Belgian Grand Prix,Spa,Belgium,401,7.004,7.004,False,high_speed,1,231234,13,0.0,,
1063,846,1,13,1,2021,12,2021-08-29,norris,NOR,Lando,Norris,British,mclaren,McLaren,British,Circuit de Spa-Francorchamps,Belgian Grand Prix,Spa,Belgium,401,7.004,7.004,False,high_speed,1,234180,14,0.0,,
1063,852,213,13,1,2021,12,2021-08-29,tsunoda,TSU,Yuki,Tsunoda,Japanese,alphatauri,AlphaTauri,Italian,Circuit de Spa-Francorchamps,Belgian Grand Prix,Spa,Belgium,401,7.004,7.004,False,high_speed,1,235400,15,0.0,,
1063,854,210,13,1,2021,12,2021-08-29,mick_schumacher,MSC,Mick,Schumacher,German,haas,Haas F1 Team,American,Circuit de Spa-Francorchamps,Belgian Grand Prix,Spa,Belgium,401,7.004,7.004,False,high_speed,1,236578,16,0.0,,
1063,853,210,13,1,2021,12,2021-08-29,mazepin,MAZ,Nikita,Mazepin,Russian,haas,Haas F1 Team,American,Circuit de Spa-Francorchamps,Belgian Grand Prix,Spa,Belgium,401,7.004,7.004,False,high_speed,1,239064,17,0.0,,
1063,8,51,13,1,2021,12,2021-08-29,raikkonen,RAI,Kimi,Räikkönen,Finnish,alfa,Alfa Romeo,Swiss,Circuit de Spa-Francorchamps,Belgian Grand Prix,Spa,Belgium,401,7.004,7.004,False,high_speed,1,243125,18,0.0,,
1063,815,9,13,1,2021,12,2021-08-29,perez,PER,Sergio,Pérez,Mexican,red_bull,Red Bull,Austrian,Circuit de Spa-Francorchamps,Belgian Grand Prix,Spa,Belgium,401,7.004,7.004,False,high_speed,1,245276,19,0.0,,
1063,840,117,13,1,2021,12,2021-08-29,stroll,STR,Lance,Stroll,Canadian,aston_martin,Aston Martin,British,Circuit de Spa-Francorchamps,Belgian Grand Prix,Spa,Belgium,401,7.004,7.004,False,high_speed,1,251179,20,0.0,,
1064,830,9,39,1,2021,13,2021-09-05,max_verstappen,VER,Max,Verstappen,Dutch,red_bull,Red Bull,Austrian,Circuit Park Zandvoort,Dutch Grand Prix,Zandvoort,Netherlands,6,4.259,306.648,False,balanced,72,5405395,1,25.0,,
1064,1,131,39,1,2021,13,2021-09-05,hamilton,HAM,Lewis,Hamilton,British,mercedes,Mercedes,German,Circuit Park Zandvoort,Dutch Grand Prix,Zandvoort,Netherlands,6,4.259,306.648,False,balanced,72,5426327,2,19.0,,
1064,822,131,39,1,2021,13,2021-09-05,bottas,BOT,Valtteri,Bottas,Finnish,mercedes,Mercedes,German,Circuit Park Zandvoort,Dutch Grand Prix,Zandvoort,Netherlands,6,4.259,306.648,False,balanced,72,5461855,3,15.0,,
1064,842,213,39,11,2021,13,2021-09-05,gasly,GAS,Pierre,Gasly,French,alphatauri,AlphaTauri,Italian,Circuit Park Zandvoort,Dutch Grand Prix,Zandvoort,Netherlands,6,4.259,306.648,False,balanced,71,\N,4,12.0,,
1064,844,6,39,11,2021,13,2021-09-05,leclerc,LEC,Charles,Leclerc,Monegasque,ferrari,Ferrari,Italian,Circuit Park Zandvoort,Dutch Grand Prix,Zandvoort,Netherlands,6,4.259,306.648,False,balanced,71,\N,5,10.0,,
1064,4,214,39,11,2021,13,2021-09-05,alonso,ALO,Fernando,Alonso,Spanish,alpine,Alpine F1 Team,French,Circuit Park Zandvoort,Dutch Grand Prix,Zandvoort,Netherlands,6,4.259,306.648,False,balanced,71,\N,6,8.0,,
1064,832,6,39,11,2021,13,2021-09-05,sainz,SAI,Carlos,Sainz,Spanish,ferrari,Ferrari,Italian,Circuit Park Zandvoort,Dutch Grand Prix,Zandvoort,Netherlands,6,4.259,306.648,False,balanced,71,\N,7,6.0,,
1064,815,9,39,11,2021,13,2021-09-05,perez,PER,Sergio,Pérez,Mexican,red_bull,Red Bull,Austrian,Circuit Park Zandvoort,Dutch Grand Prix,Zandvoort,Netherlands,6,4.259,306.648,False,balanced,71,\N,8,4.0,,
1064,839,214,39,11,2021,13,2021-09-05,ocon,OCO,Esteban,Ocon,French,alpine,Alpine F1 Team,French,Circuit Park Zandvoort,Dutch Grand Prix,Zandvoort,Netherlands,6,4.259,306.648,False,balanced,71,\N,9,2.0,,
1064,846,1,39,11,2021,13,2021-09-05,norris,NOR,Lando,Norris,British,mclaren,McLaren,British,Circuit Park Zandvoort,Dutch Grand Prix,Zandvoort,Netherlands,6,4.259,306.648,False,balanced,71,\N,10,1.0,,
1064,817,1,39,11,2021,13,2021-09-05,ricciardo,RIC,Daniel,Ricciardo,Australian,mclaren,McLaren,British,Circuit Park Zandvoort,Dutch Grand Prix,Zandvoort,Netherlands,6,4.259,306.648,False,balanced,71,\N,11,0.0,,
1064,840,117,39,12,2021,13,2021-09-05,stroll,STR,Lance,Stroll,Canadian,aston_martin,Aston Martin,British,Circuit Park Zandvoort,Dutch Grand Prix,Zandvoort,Netherlands,6,4.259,306.648,False,balanced,70,\N,12,0.0,,
1064,20,117,39,12,2021,13,2021-09-05,vettel,VET,Sebastian,Vettel,German,aston_martin,Aston Martin,British,Circuit Park Zandvoort,Dutch Grand Prix,Zandvoort,Netherlands,6,4.259,306.648,False,balanced,70,\N,13,0.0,,
1064,841,51,39,12,2021,13,2021-09-05,giovinazzi,GIO,Antonio,Giovinazzi,Italian,alfa,Alfa Romeo,Swiss,Circuit Park Zandvoort,Dutch Grand Prix,Zandvoort,Netherlands,6,4.259,306.648,False,balanced,70,\N,14,0.0,,
1064,9,51,39,12,2021,13,2021-09-05,kubica,KUB,Robert,Kubica,Polish,alfa,Alfa Romeo,Swiss,Circuit Park Zandvoort,Dutch Grand Prix,Zandvoort,Netherlands,6,4.259,306.648,False,balanced,70,\N,15,0.0,,
1064,849,3,39,12,2021,13,2021-09-05,latifi,LAT,Nicholas,Latifi,Canadian,williams,Williams,British,Circuit Park Zandvoort,Dutch Grand Prix,Zandvoort,Netherlands,6,4.259,306.648,False,balanced,70,\N,16,0.0,,
1064,847,3,39,6,2021,13,2021-09-05,russell,RUS,George,Russell,British,williams,Williams,British,Circuit Park Zandvoort,Dutch Grand Prix,Zandvoort,Netherlands,6,4.259,306.648,False,balanced,69,\N,17,0.0,,
1064,854,210,39,13,2021,13,2021-09-05,mick_schumacher,MSC,Mick,Schumacher,German,haas,Haas F1 Team,American,Circuit Park Zandvoort,Dutch Grand Prix,Zandvoort,Netherlands,6,4.259,306.648,False,balanced,69,\N,18,0.0,,
1064,852,213,39,131,2021,13,2021-09-05,tsunoda,TSU,Yuki,Tsunoda,Japanese,alphatauri,AlphaTauri,Italian,Circuit Park Zandvoort,Dutch Grand Prix,Zandvoort,Netherlands,6,4.259,306.648,False,balanced,48,\N,\N,0.0,,
1064,853,210,39,9,2021,13,2021-09-05,mazepin,MAZ,Nikita,Mazepin,Russian,haas,Haas F1 Team,American,Circuit Park Zandvoort,Dutch Grand Prix,Zandvoort,Netherlands,6,4.259,306.648,False,balanced,41,\N,\N,0.0,,
1065,817,1,14,1,2021,14,2021-09-12,ricciardo,RIC,Daniel,Ricciardo,Australian,mclaren,McLaren,British,Autodromo Nazionale di Monza,Italian Grand Prix,Monza,Italy,162,5.793,307.029,False,high_speed,53,4914365,1,26.0,3,1.0
1065,846,1,14,1,2021,14,2021-09-12,norris,NOR,Lando,Norris,British,mclaren,McLaren,British,Autodromo Nazionale di Monza,Italian Grand Prix,Monza,Italy,162,5.793,307.029,False,high_speed,53,4916112,2,18.0,4,0.0
1065,822,131,14,1,2021,14,2021-09-12,bottas,BOT,Valtteri,Bottas,Finnish,mercedes,Mercedes,German,Autodromo Nazionale di Monza,Italian Grand Prix,Monza,Italy,162,5.793,307.029,False,high_speed,53,4919286,3,15.0,1,3.0
1065,844,6,14,1,2021,14,2021-09-12,leclerc,LEC,Charles,Leclerc,Monegasque,ferrari,Ferrari,Italian,Autodromo Nazionale di Monza,Italian Grand Prix,Monza,Italy,162,5.793,307.029,False,high_speed,53,4921674,4,12.0,6,0.0
1065,815,9,14,1,2021,14,2021-09-12,perez,PER,Sergio,Pérez,Mexican,red_bull,Red Bull,Austrian,Autodromo Nazionale di Monza,Italian Grand Prix,Monza,Italy,162,5.793,307.029,False,high_speed,53,4923088,5,10.0,9,0.0
1065,832,6,14,1,2021,14,2021-09-12,sainz,SAI,Carlos,Sainz,Spanish,ferrari,Ferrari,Italian,Autodromo Nazionale di Monza,Italian Grand Prix,Monza,Italy,162,5.793,307.029,False,high_speed,53,4924900,6,8.0,7,0.0
1065,840,117,14,1,2021,14,2021-09-12,stroll,STR,Lance,Stroll,Canadian,aston_martin,Aston Martin,British,Autodromo Nazionale di Monza,Italian Grand Prix,Monza,Italy,162,5.793,307.029,False,high_speed,53,4930169,7,6.0,10,0.0
1065,4,214,14,1,2021,14,2021-09-12,alonso,ALO,Fernando,Alonso,Spanish,alpine,Alpine F1 Team,French,Autodromo Nazionale di Monza,Italian Grand Prix,Monza,Italy,162,5.793,307.029,False,high_speed,53,4931566,8,4.0,11,0.0
1065,847,3,14,1,2021,14,2021-09-12,russell,RUS,George,Russell,British,williams,Williams,British,Autodromo Nazionale di Monza,Italian Grand Prix,Monza,Italy,162,5.793,307.029,False,high_speed,53,4934107,9,2.0,15,0.0
1065,839,214,14,1,2021,14,2021-09-12,ocon,OCO,Esteban,Ocon,French,alpine,Alpine F1 Team,French,Autodromo Nazionale di Monza,Italian Grand Prix,Monza,Italy,162,5.793,307.029,False,high_speed,53,4935233,10,1.0,13,0.0
1065,849,3,14,1,2021,14,2021-09-12,latifi,LAT,Nicholas,Latifi,Canadian,williams,Williams,British,Autodromo Nazionale di Monza,Italian Grand Prix,Monza,Italy,162,5.793,307.029,False,high_speed,53,4938108,11,0.0,14,0.0
1065,20,117,14,1,2021,14,2021-09-12,vettel,VET,Sebastian,Vettel,German,aston_martin,Aston Martin,British,Autodromo Nazionale di Monza,Italian Grand Prix,Monza,Italy,162,5.793,307.029,False,high_speed,53,4938986,12,0.0,12,0.0
1065,841,51,14,1,2021,14,2021-09-12,giovinazzi,GIO,Antonio,Giovinazzi,Italian,alfa,Alfa Romeo,Swiss,Autodromo Nazionale di Monza,Italian Grand Prix,Monza,Italy,162,5.793,307.029,False,high_speed,53,4941581,13,0.0,8,0.0
1065,9,51,14,1,2021,14,2021-09-12,kubica,KUB,Robert,Kubica,Polish,alfa,Alfa Romeo,Swiss,Autodromo Nazionale di Monza,Italian Grand Prix,Monza,Italy,162,5.793,307.029,False,high_speed,53,4944134,14,0.0,18,0.0
1065,854,210,14,1,2021,14,2021-09-12,mick_schumacher,MSC,Mick,Schumacher,German,haas,Haas F1 Team,American,Autodromo Nazionale di Monza,Italian Grand Prix,Monza,Italy,162,5.793,307.029,False,high_speed,53,4965453,15,0.0,19,0.0
1065,853,210,14,131,2021,14,2021-09-12,mazepin,MAZ,Nikita,Mazepin,Russian,haas,Haas F1 Team,American,Autodromo Nazionale di Monza,Italian Grand Prix,Monza,Italy,162,5.793,307.029,False,high_speed,41,\N,\N,0.0,17,0.0
1065,1,131,14,4,2021,14,2021-09-12,hamilton,HAM,Lewis,Hamilton,British,mercedes,Mercedes,German,Autodromo Nazionale di Monza,Italian Grand Prix,Monza,Italy,162,5.793,307.029,False,high_speed,25,\N,\N,0.0,5,0.0
1065,830,9,14,4,2021,14,2021-09-12,max_verstappen,VER,Max,Verstappen,Dutch,red_bull,Red Bull,Austrian,Autodromo Nazionale di Monza,Italian Grand Prix,Monza,Italy,162,5.793,307.029,False,high_speed,25,\N,\N,0.0,2,2.0
1065,842,213,14,22,2021,14,2021-09-12,gasly,GAS,Pierre,Gasly,French,alphatauri,AlphaTauri,Italian,Autodromo Nazionale di Monza,Italian Grand Prix,Monza,Italy,162,5.793,307.029,False,high_speed,3,\N,\N,0.0,\N,0.0
1065,852,213,14,23,2021,14,2021-09-12,tsunoda,TSU,Yuki,Tsunoda,Japanese,alphatauri,AlphaTauri,Italian,Autodromo Nazionale di Monza,Italian Grand Prix,Monza,Italy,162,5.793,307.029,False,high_speed,0,\N,\N,0.0,16,0.0
1066,1,131,71,1,2021,15,2021-09-26,hamilton,HAM,Lewis,Hamilton,British,mercedes,Mercedes,German,Sochi Autodrom,Russian Grand Prix,Sochi,Russia,2,5.848,309.944,False,balanced,53,5441001,1,25.0,,
1066,830,9,71,1,2021,15,2021-09-26,max_verstappen,VER,Max,Verstappen,Dutch,red_bull,Red Bull,Austrian,Sochi Autodrom,Russian Grand Prix,Sochi,Russia,2,5.848,309.944,False,balanced,53,5494272,2,18.0,,
1066,832,6,71,1,2021,15,2021-09-26,sainz,SAI,Carlos,Sainz,Spanish,ferrari,Ferrari,Italian,Sochi Autodrom,Russian Grand Prix,Sochi,Russia,2,5.848,309.944,False,balanced,53,5503476,3,15.0,,
1066,817,1,71,1,2021,15,2021-09-26,ricciardo,RIC,Daniel,Ricciardo,Australian,mclaren,McLaren,British,Sochi Autodrom,Russian Grand Prix,Sochi,Russia,2,5.848,309.944,False,balanced,53,5506608,4,12.0,,
1066,822,131,71,1,2021,15,2021-09-26,bottas,BOT,Valtteri,Bottas,Finnish,mercedes,Mercedes,German,Sochi Autodrom,Russian Grand Prix,Sochi,Russia,2,5.848,309.944,False,balanced,53,5508534,5,10.0,,
1066,4,214,71,1,2021,15,2021-09-26,alonso,ALO,Fernando,Alonso,Spanish,alpine,Alpine F1 Team,French,Sochi Autodrom,Russian Grand Prix,Sochi,Russia,2,5.848,309.944,False,balanced,53,5522322,6,8.0,,
1066,846,1,71,1,2021,15,2021-09-26,norris,NOR,Lando,Norris,British,mclaren,McLaren,British,Sochi Autodrom,Russian Grand Prix,Sochi,Russia,2,5.848,309.944,False,balanced,53,5528225,7,7.0,,
1066,8,51,71,1,2021,15,2021-09-26,raikkonen,RAI,Kimi,Räikkönen,Finnish,alfa,Alfa Romeo,Swiss,Sochi Autodrom,Russian Grand Prix,Sochi,Russia,2,5.848,309.944,False,balanced,53,5529956,8,4.0,,
1066,815,9,71,1,2021,15,2021-09-26,perez,PER,Sergio,Pérez,Mexican,red_bull,Red Bull,Austrian,Sochi Autodrom,Russian Grand Prix,Sochi,Russia,2,5.848,309.944,False,balanced,53,5531077,9,2.0,,
1066,847,3,71,1,2021,15,2021-09-26,russell,RUS,George,Russell,British,williams,Williams,British,Sochi Autodrom,Russian Grand Prix,Sochi,Russia,2,5.848,309.944,False,balanced,53,5541552,10,1.0,,
1066,840,117,71,1,2021,15,2021-09-26,stroll,STR,Lance,Stroll,Canadian,aston_martin,Aston Martin,British,Sochi Autodrom,Russian Grand Prix,Sochi,Russia,2,5.848,309.944,False,balanced,53,5557199,11,0.0,,
1066,20,117,71,11,2021,15,2021-09-26,vettel,VET,Sebastian,Vettel,German,aston_martin,Aston Martin,British,Sochi Autodrom,Russian Grand Prix,Sochi,Russia,2,5.848,309.944,False,balanced,52,\N,12,0.0,,
1066,842,213,71,11,2021,15,2021-09-26,gasly,GAS,Pierre,Gasly,French,alphatauri,AlphaTauri,Italian,Sochi Autodrom,Russian Grand Prix,Sochi,Russia,2,5.848,309.944,False,balanced,52,\N,13,0.0,,
1066,839,214,71,11,2021,15,2021-09-26,ocon,OCO,Esteban,Ocon,French,alpine,Alpine F1 Team,French,Sochi Autodrom,Russian Grand Prix,Sochi,Russia,2,5.848,309.944,False,balanced,52,\N,14,0.0,,
1066,844,6,71,11,2021,15,2021-09-26,leclerc,LEC,Charles,Leclerc,Monegasque,ferrari,Ferrari,Italian,Sochi Autodrom,Russian Grand Prix,Sochi,Russia,2,5.848,309.944,False,balanced,52,\N,15,0.0,,
1066,841,51,71,11,2021,15,2021-09-26,giovinazzi,GIO,Antonio,Giovinazzi,Italian,alfa,Alfa Romeo,Swiss,Sochi Autodrom,Russian Grand Prix,Sochi,Russia,2,5.848,309.944,False,balanced,52,\N,16,0.0,,
1066,852,213,71,11,2021,15,2021-09-26,tsunoda,TSU,Yuki,Tsunoda,Japanese,alphatauri,AlphaTauri,Italian,Sochi Autodrom,Russian Grand Prix,Sochi,Russia,2,5.848,309.944,False,balanced,52,\N,17,0.0,,
1066,853,210,71,12,2021,15,2021-09-26,mazepin,MAZ,Nikita,Mazepin,Russian,haas,Haas F1 Team,American,Sochi Autodrom,Russian Grand Prix,Sochi,Russia,2,5.848,309.944,False,balanced,51,\N,18,0.0,,
1066,849,3,71,3,2021,15,2021-09-26,latifi,LAT,Nicholas,Latifi,Canadian,williams,Williams,British,Sochi Autodrom,Russian Grand Prix,Sochi,Russia,2,5.848,309.944,False,balanced,47,\N,19,0.0,,
1066,854,210,71,44,2021,15,2021-09-26,mick_schumacher,MSC,Mick,Schumacher,German,haas,Haas F1 Team,American,Sochi Autodrom,Russian Grand Prix,Sochi,Russia,2,5.848,309.944,False,balanced,32,\N,\N,0.0,,
1067,822,131,5,1,2021,16,2021-10-10,bottas,BOT,Valtteri,Bottas,Finnish,mercedes,Mercedes,German,Istanbul Park,Turkish Grand Prix,Istanbul,Turkey,130,5.338,309.604,False,balanced,58,5464103,1,26.0,,
1067,830,9,5,1,2021,16,2021-10-10,max_verstappen,VER,Max,Verstappen,Dutch,red_bull,Red Bull,Austrian,Istanbul Park,Turkish Grand Prix,Istanbul,Turkey,130,5.338,309.604,False,balanced,58,5478687,2,18.0,,
1067,815,9,5,1,2021,16,2021-10-10,perez,PER,Sergio,Pérez,Mexican,red_bull,Red Bull,Austrian,Istanbul Park,Turkish Grand Prix,Istanbul,Turkey,130,5.338,309.604,False,balanced,58,5497574,3,15.0,,
1067,844,6,5,1,2021,16,2021-10-10,leclerc,LEC,Charles,Leclerc,Monegasque,ferrari,Ferrari,Italian,Istanbul Park,Turkish Grand Prix,Istanbul,Turkey,130,5.338,309.604,False,balanced,58,5501917,4,12.0,,
1067,1,131,5,1,2021,16,2021-10-10,hamilton,HAM,Lewis,Hamilton,British,mercedes,Mercedes,German,Istanbul Park,Turkish Grand Prix,Istanbul,Turkey,130,5.338,309.604,False,balanced,58,5505915,5,10.0,,
1067,842,213,5,1,2021,16,2021-10-10,gasly,GAS,Pierre,Gasly,French,alphatauri,AlphaTauri,Italian,Istanbul Park,Turkish Grand Prix,Istanbul,Turkey,130,5.338,309.604,False,balanced,58,5508395,6,8.0,,
1067,846,1,5,1,2021,16,2021-10-10,norris,NOR,Lando,Norris,British,mclaren,McLaren,British,Istanbul Park,Turkish Grand Prix,Istanbul,Turkey,130,5.338,309.604,False,balanced,58,5511316,7,6.0,,
1067,832,6,5,1,2021,16,2021-10-10,sainz,SAI,Carlos,Sainz,Spanish,ferrari,Ferrari,Italian,Istanbul Park,Turkish Grand Prix,Istanbul,Turkey,130,5.338,309.604,False,balanced,58,5515629,8,4.0,,
1067,840,117,5,1,2021,16,2021-10-10,stroll,STR,Lance,Stroll,Canadian,aston_martin,Aston Martin,British,Istanbul Park,Turkish Grand Prix,Istanbul,Turkey,130,5.338,309.604,False,balanced,58,5546121,9,2.0,,
1067,839,214,5,11,2021,16,2021-10-10,ocon,OCO,Esteban,Ocon,French,alpine,Alpine F1 Team,French,Istanbul Park,Turkish Grand Prix,Istanbul,Turkey,130,5.338,309.604,False,balanced,57,\N,10,1.0,,
1067,841,51,5,11,2021,16,2021-10-10,giovinazzi,GIO,Antonio,Giovinazzi,Italian,alfa,Alfa Romeo,Swiss,Istanbul Park,Turkish Grand Prix,Istanbul,Turkey,130,5.338,309.604,False,balanced,57,\N,11,0.0,,
1067,8,51,5,11,2021,16,2021-10-10,raikkonen,RAI,Kimi,Räikkönen,Finnish,alfa,Alfa Romeo,Swiss,Istanbul Park,Turkish Grand Prix,Istanbul,Turkey,130,5.338,309.604,False,balanced,57,\N,12,0.0,,
1067,817,1,5,11,2021,16,2021-10-10,ricciardo,RIC,Daniel,Ricciardo,Australian,mclaren,McLaren,British,Istanbul Park,Turkish Grand Prix,Istanbul,Turkey,130,5.338,309.604,False,balanced,57,\N,13,0.0,,
1067,852,213,5,11,2021,16,2021-10-10,tsunoda,TSU,Yuki,Tsunoda,Japanese,alphatauri,AlphaTauri,Italian,Istanbul Park,Turkish Grand Prix,Istanbul,Turkey,130,5.338,309.604,False,balanced,57,\N,14,0.0,,
1067,847,3,5,11,2021,16,2021-10-10,russell,RUS,George,Russell,British,williams,Williams,British,Istanbul Park,Turkish Grand Prix,Istanbul,Turkey,130,5.338,309.604,False,balanced,57,\N,15,0.0,,
1067,4,214,5,11,2021,16,2021-10-10,alonso,ALO,Fernando,Alonso,Spanish,alpine,Alpine F1 Team,French,Istanbul Park,Turkish Grand Prix,Istanbul,Turkey,130,5.338,309.604,False,balanced,57,\N,16,0.0,,
1067,849,3,5,11,2021,16,2021-10-10,latifi,LAT,Nicholas,Latifi,Canadian,williams,Williams,British,Istanbul Park,Turkish Grand Prix,Istanbul,Turkey,130,5.338,309.604,False,balanced,57,\N,17,0.0,,
1067,20,117,5,11,2021,16,2021-10-10,vettel,VET,Sebastian,Vettel,German,aston_martin,Aston Martin,British,Istanbul Park,Turkish Grand Prix,Istanbul,Turkey,130,5.338,309.604,False,balanced,57,\N,18,0.0,,
1067,854,210,5,12,2021,16,2021-10-10,mick_schumacher,MSC,Mick,Schumacher,German,haas,Haas F1 Team,American,Istanbul Park,Turkish Grand Prix,Istanbul,Turkey,130,5.338,309.604,False,balanced,56,\N,19,0.0,,
1067,853,210,5,12,2021,16,2021-10-10,mazepin,MAZ,Nikita,Mazepin,Russian,haas,Haas F1 Team,American,Istanbul Park,Turkish Grand Prix,Istanbul,Turkey,130,5.338,309.604,False,balanced,56,\N,20,0.0,,
1069,830,9,69,1,2021,17,2021-10-24,max_verstappen,VER,Max,Verstappen,Dutch,red_bull,Red Bull,Austrian,Circuit of the Americas,United States Grand Prix,Austin,USA,161,5.513,308.728,False,balanced,56,5676552,1,25.0,,
1069,1,131,69,1,2021,17,2021-10-24,hamilton,HAM,Lewis,Hamilton,British,mercedes,Mercedes,German,Circuit of the Americas,United States Grand Prix,Austin,USA,161,5.513,308.728,False,balanced,56,5677885,2,19.0,,
1069,815,9,69,1,2021,17,2021-10-24,perez,PER,Sergio,Pérez,Mexican,red_bull,Red Bull,Austrian,Circuit of the Americas,United States Grand Prix,Austin,USA,161,5.513,308.728,False,balanced,56,5718775,3,15.0,,
1069,844,6,69,1,2021,17,2021-10-24,leclerc,LEC,Charles,Leclerc,Monegasque,ferrari,Ferrari,Italian,Circuit of the Americas,United States Grand Prix,Austin,USA,161,5.513,308.728,False,balanced,56,5728798,4,12.0,,
1069,817,1,69,1,2021,17,2021-10-24,ricciardo,RIC,Daniel,Ricciardo,Australian,mclaren,McLaren,British,Circuit of the Americas,United States Grand Prix,Austin,USA,161,5.513,308.728,False,balanced,56,5753406,5,10.0,,
1069,822,131,69,1,2021,17,2021-10-24,bottas,BOT,Valtteri,Bottas,Finnish,mercedes,Mercedes,German,Circuit of the Americas,United States Grand Prix,Austin,USA,161,5.513,308.728,False,balanced,56,5756680,6,8.0,,
1069,832,6,69,1,2021,17,2021-10-24,sainz,SAI,Carlos,Sainz,Spanish,ferrari,Ferrari,Italian,Circuit of the Americas,United States Grand Prix,Austin,USA,161,5.513,308.728,False,balanced,56,5760097,7,6.0,,
1069,846,1,69,1,2021,17,2021-10-24,norris,NOR,Lando,Norris,British,mclaren,McLaren,British,Circuit of the Americas,United States Grand Prix,Austin,USA,161,5.513,308.728,False,balanced,56,5760947,8,4.0,,
1069,852,213,69,11,2021,17,2021-10-24,tsunoda,TSU,Yuki,Tsunoda,Japanese,alphatauri,AlphaTauri,Italian,Circuit of the Americas,United States Grand Prix,Austin,USA,161,5.513,308.728,False,balanced,55,\N,9,2.0,,
1069,20,117,69,11,2021,17,2021-10-24,vettel,VET,Sebastian,Vettel,German,aston_martin,Aston Martin,British,Circuit of the Americas,United States Grand Prix,Austin,USA,161,5.513,308.728,False,balanced,55,\N,10,1.0,,
1069,841,51,69,11,2021,17,2021-10-24,giovinazzi,GIO,Antonio,Giovinazzi,Italian,alfa,Alfa Romeo,Swiss,Circuit of the Americas,United States Grand Prix,Austin,USA,161,5.513,308.728,False,balanced,55,\N,11,0.0,,
1069,840,117,69,11,2021,17,2021-10-24,stroll,STR,Lance,Stroll,Canadian,aston_martin,Aston Martin,British,Circuit of the Americas,United States Grand Prix,Austin,USA,161,5.513,308.728,False,balanced,55,\N,12,0.0,,
1069,8,51,69,11,2021,17,2021-10-24,raikkonen,RAI,Kimi,Räikkönen,Finnish,alfa,Alfa Romeo,Swiss,Circuit of the Americas,United States Grand Prix,Austin,USA,161,5.513,308.728,False,balanced,55,\N,13,0.0,,
1069,847,3,69,11,2021,17,2021-10-24,russell,RUS,George,Russell,British,williams,Williams,British,Circuit of the Americas,United States Grand Prix,Austin,USA,161,5.513,308.728,False,balanced,55,\N,14,0.0,,
1069,849,3,69,11,2021,17,2021-10-24,latifi,LAT,Nicholas,Latifi,Canadian,williams,Williams,British,Circuit of the Americas,United States Grand Prix,Austin,USA,161,5.513,308.728,False,balanced,55,\N,15,0.0,,
1069,854,210,69,12,2021,17,2021-10-24,mick_schumacher,MSC,Mick,Schumacher,German,haas,Haas F1 Team,American,Circuit of the Americas,United States Grand Prix,Austin,USA,161,5.513,308.728,False,balanced,54,\N,16,0.0,,
1069,853,210,69,12,2021,17,2021-10-24,mazepin,MAZ,Nikita,Mazepin,Russian,haas,Haas F1 Team,American,Circuit of the Americas,United States Grand Prix,Austin,USA,161,5.513,308.728,False,balanced,54,\N,17,0.0,,
1069,4,214,69,65,2021,17,2021-10-24,alonso,ALO,Fernando,Alonso,Spanish,alpine,Alpine F1 Team,French,Circuit of the Americas,United States Grand Prix,Austin,USA,161,5.513,308.728,False,balanced,49,\N,\N,0.0,,
1069,839,214,69,26,2021,17,2021-10-24,ocon,OCO,Esteban,Ocon,French,alpine,Alpine F1 Team,French,Circuit of the Americas,United States Grand Prix,Austin,USA,161,5.513,308.728,False,balanced,40,\N,\N,0.0,,
1069,842,213,69,22,2021,17,2021-10-24,gasly,GAS,Pierre,Gasly,French,alphatauri,AlphaTauri,Italian,Circuit of the Americas,United States Grand Prix,Austin,USA,161,5.513,308.728,False,balanced,14,\N,\N,0.0,,
1070,830,9,32,1,2021,18,2021-11-07,max_verstappen,VER,Max,Verstappen,Dutch,red_bull,Red Bull,Austrian,Autódromo Hermanos Rodríguez,Mexico City Grand Prix,Mexico City,Mexico,2227,4.304,305.584,False,balanced,71,5919086,1,25.0,,
1070,1,131,32,1,2021,18,2021-11-07,hamilton,HAM,Lewis,Hamilton,British,mercedes,Mercedes,German,Autódromo Hermanos Rodríguez,Mexico City Grand Prix,Mexico City,Mexico,2227,4.304,305.584,False,balanced,71,5935641,2,18.0,,
1070,815,9,32,1,2021,18,2021-11-07,perez,PER,Sergio,Pérez,Mexican,red_bull,Red Bull,Austrian,Autódromo Hermanos Rodríguez,Mexico City Grand Prix,Mexico City,Mexico,2227,4.304,305.584,False,balanced,71,5936838,3,15.0,,
1070,842,213,32,1,2021,18,2021-11-07,gasly,GAS,Pierre,Gasly,French,alphatauri,AlphaTauri,Italian,Autódromo Hermanos Rodríguez,Mexico City Grand Prix,Mexico City,Mexico,2227,4.304,305.584,False,balanced,71,5982931,4,12.0,,
1070,844,6,32,1,2021,18,2021-11-07,leclerc,LEC,Charles,Leclerc,Monegasque,ferrari,Ferrari,Italian,Autódromo Hermanos Rodríguez,Mexico City Grand Prix,Mexico City,Mexico,2227,4.304,305.584,False,balanced,71,6000123,5,10.0,,
1070,832,6,32,11,2021,18,2021-11-07,sainz,SAI,Carlos,Sainz,Spanish,ferrari,Ferrari,Italian,Autódromo Hermanos Rodríguez,Mexico City Grand Prix,Mexico City,Mexico,2227,4.304,305.584,False,balanced,70,\N,6,8.0,,
1070,20,117,32,11,2021,18,2021-11-07,vettel,VET,Sebastian,Vettel,German,aston_martin,Aston Martin,British,Autódromo Hermanos Rodríguez,Mexico City Grand Prix,Mexico City,Mexico,2227,4.304,305.584,False,balanced,70,\N,7,6.0,,
1070,8,51,32,11,2021,18,2021-11-07,raikkonen,RAI,Kimi,Räikkönen,Finnish,alfa,Alfa Romeo,Swiss,Autódromo Hermanos Rodríguez,Mexico City Grand Prix,Mexico City,Mexico,2227,4.304,305.584,False,balanced,70,\N,8,4.0,,
1070,4,214,32,11,2021,18,2021-11-07,alonso,ALO,Fernando,Alonso,Spanish,alpine,Alpine F1 Team,French,Autódromo Hermanos Rodríguez,Mexico City Grand Prix,Mexico City,Mexico,2227,4.304,305.584,False,balanced,70,\N,9,2.0,,
1070,846,1,32,11,2021,18,2021-11-07,norris,NOR,Lando,Norris,British,mclaren,McLaren,British,Autódromo Hermanos Rodríguez,Mexico City Grand Prix,Mexico City,Mexico,2227,4.304,305.584,False,balanced,70,\N,10,1.0,,
1070,841,51,32,11,2021,18,2021-11-07,giovinazzi,GIO,Antonio,Giovinazzi,Italian,alfa,Alfa Romeo,Swiss,Autódromo Hermanos Rodríguez,Mexico City Grand Prix,Mexico City,Mexico,2227,4.304,305.584,False,balanced,70,\N,11,0.0,,
1070,817,1,32,11,2021,18,2021-11-07,ricciardo,RIC,Daniel,Ricciardo,Australian,mclaren,McLaren,British,Autódromo Hermanos Rodríguez,Mexico City Grand Prix,Mexico City,Mexico,2227,4.304,305.584,False,balanced,70,\N,12,0.0,,
1070,839,214,32,11,2021,18,2021-11-07,ocon,OCO,Esteban,Ocon,French,alpine,Alpine F1 Team,French,Autódromo Hermanos Rodríguez,Mexico City Grand Prix,Mexico City,Mexico,2227,4.304,305.584,False,balanced,70,\N,13,0.0,,
1070,840,117,32,12,2021,18,2021-11-07,stroll,STR,Lance,Stroll,Canadian,aston_martin,Aston Martin,British,Autódromo Hermanos Rodríguez,Mexico City Grand Prix,Mexico City,Mexico,2227,4.304,305.584,False,balanced,69,\N,14,0.0,,
1070,822,131,32,12,2021,18,2021-11-07,bottas,BOT,Valtteri,Bottas,Finnish,mercedes,Mercedes,German,Autódromo Hermanos Rodríguez,Mexico City Grand Prix,Mexico City,Mexico,2227,4.304,305.584,False,balanced,69,\N,15,0.0,,
1070,847,3,32,12,2021,18,2021-11-07,russell,RUS,George,Russell,British,williams,Williams,British,Autódromo Hermanos Rodríguez,Mexico City Grand Prix,Mexico City,Mexico,2227,4.304,305.584,False,balanced,69,\N,16,0.0,,
1070,849,3,32,12,2021,18,2021-11-07,latifi,LAT,Nicholas,Latifi,Canadian,williams,Williams,British,Autódromo Hermanos Rodríguez,Mexico City Grand Prix,Mexico City,Mexico,2227,4.304,305.584,False,balanced,69,\N,17,0.0,,
1070,853,210,32,13,2021,18,2021-11-07,mazepin,MAZ,Nikita,Mazepin,Russian,haas,Haas F1 Team,American,Autódromo Hermanos Rodríguez,Mexico City Grand Prix,Mexico City,Mexico,2227,4.304,305.584,False,balanced,68,\N,18,0.0,,
1070,854,210,32,4,2021,18,2021-11-07,mick_schumacher,MSC,Mick,Schumacher,German,haas,Haas F1 Team,American,Autódromo Hermanos Rodríguez,Mexico City Grand Prix,Mexico City,Mexico,2227,4.304,305.584,False,balanced,0,\N,\N,0.0,,
1070,852,213,32,4,2021,18,2021-11-07,tsunoda,TSU,Yuki,Tsunoda,Japanese,alphatauri,AlphaTauri,Italian,Autódromo Hermanos Rodríguez,Mexico City Grand Prix,Mexico City,Mexico,2227,4.304,305.584,False,balanced,0,\N,\N,0.0,,
1071,1,131,18,1,2021,19,2021-11-14,hamilton,HAM,Lewis,Hamilton,British,mercedes,Mercedes,German,Autódromo José Carlos Pace,São Paulo Grand Prix,São Paulo,Brazil,785,4.309,305.939,False,technical,71,5542851,1,25.0,5,0.0
1071,830,9,18,1,2021,19,2021-11-14,max_verstappen,VER,Max,Verstappen,Dutch,red_bull,Red Bull,Austrian,Autódromo José Carlos Pace,São Paulo Grand Prix,São Paulo,Brazil,785,4.309,305.939,False,technical,71,5553347,2,18.0,2,2.0
1071,822,131,18,1,2021,19,2021-11-14,bottas,BOT,Valtteri,Bottas,Finnish,mercedes,Mercedes,German,Autódromo José Carlos Pace,São Paulo Grand Prix,São Paulo,Brazil,785,4.309,305.939,False,technical,71,5556427,3,15.0,1,3.0
1071,815,9,18,1,2021,19,2021-11-14,perez,PER,Sergio,Pérez,Mexican,red_bull,Red Bull,Austrian,Autódromo José Carlos Pace,São Paulo Grand Prix,São Paulo,Brazil,785,4.309,305.939,False,technical,71,5582791,4,13.0,4,0.0
1071,844,6,18,1,2021,19,2021-11-14,leclerc,LEC,Charles,Leclerc,Monegasque,ferrari,Ferrari,Italian,Autódromo José Carlos Pace,São Paulo Grand Prix,São Paulo,Brazil,785,4.309,305.939,False,technical,71,5592368,5,10.0,7,0.0
1071,832,6,18,1,2021,19,2021-11-14,sainz,SAI,Carlos,Sainz,Spanish,ferrari,Ferrari,Italian,Autódromo José Carlos Pace,São Paulo Grand Prix,São Paulo,Brazil,785,4.309,305.939,False,technical,71,5594671,6,8.0,3,1.0
1071,842,213,18,11,2021,19,2021-11-14,gasly,GAS,Pierre,Gasly,French,alphatauri,AlphaTauri,Italian,Autódromo José Carlos Pace,São Paulo Grand Prix,São Paulo,Brazil,785,4.309,305.939,False,technical,70,\N,7,6.0,8,0.0
1071,839,214,18,11,2021,19,2021-11-14,ocon,OCO,Esteban,Ocon,French,alpine,Alpine F1 Team,French,Autódromo José Carlos Pace,São Paulo Grand Prix,São Paulo,Brazil,785,4.309,305.939,False,technical,70,\N,8,4.0,9,0.0
1071,4,214,18,11,2021,19,2021-11-14,alonso,ALO,Fernando,Alonso,Spanish,alpine,Alpine F1 Team,French,Autódromo José Carlos Pace,São Paulo Grand Prix,São Paulo,Brazil,785,4.309,305.939,False,technical,70,\N,9,2.0,12,0.0
1071,846,1,18,11,2021,19,2021-11-14,norris,NOR,Lando,Norris,British,mclaren,McLaren,British,Autódromo José Carlos Pace,São Paulo Grand Prix,São Paulo,Brazil,785,4.309,305.939,False,technical,70,\N,10,1.0,6,0.0
1071,20,117,18,11,2021,19,2021-11-14,vettel,VET,Sebastian,Vettel,German,aston_martin,Aston Martin,British,Autódromo José Carlos Pace,São Paulo Grand Prix,São Paulo,Brazil,785,4.309,305.939,False,technical,70,\N,11,0.0,10,0.0
1071,8,51,18,11,2021,19,2021-11-14,raikkonen,RAI,Kimi,Räikkönen,Finnish,alfa,Alfa Romeo,Swiss,Autódromo José Carlos Pace,São Paulo Grand Prix,São Paulo,Brazil,785,4.309,305.939,False,technical,70,\N,12,0.0,18,0.0
1071,847,3,18,11,2021,19,2021-11-14,russell,RUS,George,Russell,British,williams,Williams,British,Autódromo José Carlos Pace,São Paulo Grand Prix,São Paulo,Brazil,785,4.309,305.939,False,technical,70,\N,13,0.0,17,0.0
1071,841,51,18,11,2021,19,2021-11-14,giovinazzi,GIO,Antonio,Giovinazzi,Italian,alfa,Alfa Romeo,Swiss,Autódromo José Carlos Pace,São Paulo Grand Prix,São Paulo,Brazil,785,4.309,305.939,False,technical,70,\N,14,0.0,13,0.0
1071,852,213,18,11,2021,19,2021-11-14,tsunoda,TSU,Yuki,Tsunoda,Japanese,alphatauri,AlphaTauri,Italian,Autódromo José Carlos Pace,São Paulo Grand Prix,São Paulo,Brazil,785,4.309,305.939,False,technical,70,\N,15,0.0,15,0.0
1071,849,3,18,11,2021,19,2021-11-14,latifi,LAT,Nicholas,Latifi,Canadian,williams,Williams,British,Autódromo José Carlos Pace,São Paulo Grand Prix,São Paulo,Brazil,785,4.309,305.939,False,technical,70,\N,16,0.0,16,0.0
1071,853,210,18,12,2021,19,2021-11-14,mazepin,MAZ,Nikita,Mazepin,Russian,haas,Haas F1 Team,American,Autódromo José Carlos Pace,São Paulo Grand Prix,São Paulo,Brazil,785,4.309,305.939,False,technical,69,\N,17,0.0,20,0.0
1071,854,210,18,12,2021,19,2021-11-14,mick_schumacher,MSC,Mick,Schumacher,German,haas,Haas F1 Team,American,Autódromo José Carlos Pace,São Paulo Grand Prix,São Paulo,Brazil,785,4.309,305.939,False,technical,69,\N,18,0.0,19,0.0
1071,817,1,18,75,2021,19,2021-11-14,ricciardo,RIC,Daniel,Ricciardo,Australian,mclaren,McLaren,British,Autódromo José Carlos Pace,São Paulo Grand Prix,São Paulo,Brazil,785,4.309,305.939,False,technical,49,\N,\N,0.0,11,0.0
1071,840,117,18,130,2021,19,2021-11-14,stroll,STR,Lance,Stroll,Canadian,aston_martin,Aston Martin,British,Autódromo José Carlos Pace,São Paulo Grand Prix,São Paulo,Brazil,785,4.309,305.939,False,technical,47,\N,\N,0.0,14,0.0
1051,1,131,78,1,2021,20,2021-11-21,hamilton,HAM,Lewis,Hamilton,British,mercedes,Mercedes,German,Losail International Circuit,Qatar Grand Prix,Al Daayen,Qatar,12,5.419,308.883,True,balanced,57,5068471,1,25.0,,
1051,830,9,78,1,2021,20,2021-11-21,max_verstappen,VER,Max,Verstappen,Dutch,red_bull,Red Bull,Austrian,Losail International Circuit,Qatar Grand Prix,Al Daayen,Qatar,12,5.419,308.883,True,balanced,57,5094214,2,19.0,,
1051,4,214,78,1,2021,20,2021-11-21,alonso,ALO,Fernando,Alonso,Spanish,alpine,Alpine F1 Team,French,Losail International Circuit,Qatar Grand Prix,Al Daayen,Qatar,12,5.419,308.883,True,balanced,57,5127928,3,15.0,,
1051,815,9,78,1,2021,20,2021-11-21,perez,PER,Sergio,Pérez,Mexican,red_bull,Red Bull,Austrian,Losail International Circuit,Qatar Grand Prix,Al Daayen,Qatar,12,5.419,308.883,True,balanced,57,5130777,4,12.0,,
1051,839,214,78,1,2021,20,2021-11-21,ocon,OCO,Esteban,Ocon,French,alpine,Alpine F1 Team,French,Losail International Circuit,Qatar Grand Prix,Al Daayen,Qatar,12,5.419,308.883,True,balanced,57,5149041,5,10.0,,
1051,840,117,78,1,2021,20,2021-11-21,stroll,STR,Lance,Stroll,Canadian,aston_martin,Aston Martin,British,Losail International Circuit,Qatar Grand Prix,Al Daayen,Qatar,12,5.419,308.883,True,balanced,57,5149745,6,8.0,,
1051,832,6,78,1,2021,20,2021-11-21,sainz,SAI,Carlos,Sainz,Spanish,ferrari,Ferrari,Italian,Losail International Circuit,Qatar Grand Prix,Al Daayen,Qatar,12,5.419,308.883,True,balanced,57,5150382,7,6.0,,
1051,844,6,78,1,2021,20,2021-11-21,leclerc,LEC,Charles,Leclerc,Monegasque,ferrari,Ferrari,Italian,Losail International Circuit,Qatar Grand Prix,Al Daayen,Qatar,12,5.419,308.883,True,balanced,57,5151597,8,4.0,,
1051,846,1,78,11,2021,20,2021-11-21,norris,NOR,Lando,Norris,British,mclaren,McLaren,British,Losail International Circuit,Qatar Grand Prix,Al Daayen,Qatar,12,5.419,308.883,True,balanced,56,\N,9,2.0,,
1051,20,117,78,11,2021,20,2021-11-21,vettel,VET,Sebastian,Vettel,German,aston_martin,Aston Martin,British,Losail International Circuit,Qatar Grand Prix,Al Daayen,Qatar,12,5.419,308.883,True,balanced,56,\N,10,1.0,,
1051,842,213,78,11,2021,20,2021-11-21,gasly,GAS,Pierre,Gasly,French,alphatauri,AlphaTauri,Italian,Losail International Circuit,Qatar Grand Prix,Al Daayen,Qatar,12,5.419,308.883,True,balanced,56,\N,11,0.0,,
1051,817,1,78,11,2021,20,2021-11-21,ricciardo,RIC,Daniel,Ricciardo,Australian,mclaren,McLaren,British,Losail International Circuit,Qatar Grand Prix,Al Daayen,Qatar,12,5.419,308.883,True,balanced,56,\N,12,0.0,,
1051,852,213,78,11,2021,20,2021-11-21,tsunoda,TSU,Yuki,Tsunoda,Japanese,alphatauri,AlphaTauri,Italian,Losail International Circuit,Qatar Grand Prix,Al Daayen,Qatar,12,5.419,308.883,True,balanced,56,\N,13,0.0,,
1051,8,51,78,11,2021,20,2021-11-21,raikkonen,RAI,Kimi,Räikkönen,Finnish,alfa,Alfa Romeo,Swiss,Losail International Circuit,Qatar Grand Prix,Al Daayen,Qatar,12,5.419,308.883,True,balanced,56,\N,14,0.0,,
1051,841,51,78,11,2021,20,2021-11-21,giovinazzi,GIO,Antonio,Giovinazzi,Italian,alfa,Alfa Romeo,Swiss,Losail International Circuit,Qatar Grand Prix,Al Daayen,Qatar,12,5.419,308.883,True,balanced,56,\N,15,0.0,,
1051,854,210,78,11,2021,20,2021-11-21,mick_schumacher,MSC,Mick,Schumacher,German,haas,Haas F1 Team,American,Losail International Circuit,Qatar Grand Prix,Al Daayen,Qatar,12,5.419,308.883,True,balanced,56,\N,16,0.0,,
1051,847,3,78,12,2021,20,2021-11-21,russell,RUS,George,Russell,British,williams,Williams,British,Losail International Circuit,Qatar Grand Prix,Al Daayen,Qatar,12,5.419,308.883,True,balanced,55,\N,17,0.0,,
1051,853,210,78,12,2021,20,2021-11-21,mazepin,MAZ,Nikita,Mazepin,Russian,haas,Haas F1 Team,American,Losail International Circuit,Qatar Grand Prix,Al Daayen,Qatar,12,5.419,308.883,True,balanced,55,\N,18,0.0,,
1051,849,3,78,29,2021,20,2021-11-21,latifi,LAT,Nicholas,Latifi,Canadian,williams,Williams,British,Losail International Circuit,Qatar Grand Prix,Al Daayen,Qatar,12,5.419,308.883,True,balanced,50,\N,\N,0.0,,
1051,822,131,78,137,2021,20,2021-11-21,bottas,BOT,Valtteri,Bottas,Finnish,mercedes,Mercedes,German,Losail International Circuit,Qatar Grand Prix,Al Daayen,Qatar,12,5.419,308.883,True,balanced,48,\N,\N,0.0,,
1072,1,131,77,1,2021,21,2021-12-05,hamilton,HAM,Lewis,Hamilton,British,mercedes,Mercedes,German,Jeddah Corniche Circuit,Saudi Arabian Grand Prix,Jeddah,Saudi Arabia,15,6.174,308.7,True,high_speed,50,7575118,1,26.0,,
1072,830,9,77,1,2021,21,2021-12-05,max_verstappen,VER,Max,Verstappen,Dutch,red_bull,Red Bull,Austrian,Jeddah Corniche Circuit,Saudi Arabian Grand Prix,Jeddah,Saudi Arabia,15,6.174,308.7,True,high_speed,50,7596943,2,18.0,,
1072,822,131,77,1,2021,21,2021-12-05,bottas,BOT,Valtteri,Bottas,Finnish,mercedes,Mercedes,German,Jeddah Corniche Circuit,Saudi Arabian Grand Prix,Jeddah,Saudi Arabia,15,6.174,308.7,True,high_speed,50,7602649,3,15.0,,
1072,839,214,77,1,2021,21,2021-12-05,ocon,OCO,Esteban,Ocon,French,alpine,Alpine F1 Team,French,Jeddah Corniche Circuit,Saudi Arabian Grand Prix,Jeddah,Saudi Arabia,15,6.174,308.7,True,high_speed,50,7602751,4,12.0,,
1072,817,1,77,1,2021,21,2021-12-05,ricciardo,RIC,Daniel,Ricciardo,Australian,mclaren,McLaren,British,Jeddah Corniche Circuit,Saudi Arabian Grand Prix,Jeddah,Saudi Arabia,15,6.174,308.7,True,high_speed,50,7615239,5,10.0,,
1072,842,213,77,1,2021,21,2021-12-05,gasly,GAS,Pierre,Gasly,French,alphatauri,AlphaTauri,Italian,Jeddah Corniche Circuit,Saudi Arabian Grand Prix,Jeddah,Saudi Arabia,15,6.174,308.7,True,high_speed,50,7616731,6,8.0,,
1072,844,6,77,1,2021,21,2021-12-05,leclerc,LEC,Charles,Leclerc,Monegasque,ferrari,Ferrari,Italian,Jeddah Corniche Circuit,Saudi Arabian Grand Prix,Jeddah,Saudi Arabia,15,6.174,308.7,True,high_speed,50,7619593,7,6.0,,
1072,832,6,77,1,2021,21,2021-12-05,sainz,SAI,Carlos,Sainz,Spanish,ferrari,Ferrari,Italian,Jeddah Corniche Circuit,Saudi Arabian Grand Prix,Jeddah,Saudi Arabia,15,6.174,308.7,True,high_speed,50,7621724,8,4.0,,
1072,841,51,77,1,2021,21,2021-12-05,giovinazzi,GIO,Antonio,Giovinazzi,Italian,alfa,Alfa Romeo,Swiss,Jeddah Corniche Circuit,Saudi Arabian Grand Prix,Jeddah,Saudi Arabia,15,6.174,308.7,True,high_speed,50,7633623,9,2.0,,
1072,846,1,77,1,2021,21,2021-12-05,norris,NOR,Lando,Norris,British,mclaren,McLaren,British,Jeddah Corniche Circuit,Saudi Arabian Grand Prix,Jeddah,Saudi Arabia,15,6.174,308.7,True,high_speed,50,7636476,10,1.0,,
1072,840,117,77,1,2021,21,2021-12-05,stroll,STR,Lance,Stroll,Canadian,aston_martin,Aston Martin,British,Jeddah Corniche Circuit,Saudi Arabian Grand Prix,Jeddah,Saudi Arabia,15,6.174,308.7,True,high_speed,50,7652330,11,0.0,,
1072,849,3,77,1,2021,21,2021-12-05,latifi,LAT,Nicholas,Latifi,Canadian,williams,Williams,British,Jeddah Corniche Circuit,Saudi Arabian Grand Prix,Jeddah,Saudi Arabia,15,6.174,308.7,True,high_speed,50,7658367,12,0.0,,
1072,4,214,77,11,2021,21,2021-12-05,alonso,ALO,Fernando,Alonso,Spanish,alpine,Alpine F1 Team,French,Jeddah Corniche Circuit,Saudi Arabian Grand Prix,Jeddah,Saudi Arabia,15,6.174,308.7,True,high_speed,49,\N,13,0.0,,
1072,852,213,77,11,2021,21,2021-12-05,tsunoda,TSU,Yuki,Tsunoda,Japanese,alphatauri,AlphaTauri,Italian,Jeddah Corniche Circuit,Saudi Arabian Grand Prix,Jeddah,Saudi Arabia,15,6.174,308.7,True,high_speed,49,\N,14,0.0,,
1072,8,51,77,11,2021,21,2021-12-05,raikkonen,RAI,Kimi,Räikkönen,Finnish,alfa,Alfa Romeo,Swiss,Jeddah Corniche Circuit,Saudi Arabian Grand Prix,Jeddah,Saudi Arabia,15,6.174,308.7,True,high_speed,49,\N,15,0.0,,
1072,20,117,77,130,2021,21,2021-12-05,vettel,VET,Sebastian,Vettel,German,aston_martin,Aston Martin,British,Jeddah Corniche Circuit,Saudi Arabian Grand Prix,Jeddah,Saudi Arabia,15,6.174,308.7,True,high_speed,44,\N,\N,0.0,,
1072,815,9,77,4,2021,21,2021-12-05,perez,PER,Sergio,Pérez,Mexican,red_bull,Red Bull,Austrian,Jeddah Corniche Circuit,Saudi Arabian Grand Prix,Jeddah,Saudi Arabia,15,6.174,308.7,True,high_speed,14,\N,\N,0.0,,
1072,853,210,77,4,2021,21,2021-12-05,mazepin,MAZ,Nikita,Mazepin,Russian,haas,Haas F1 Team,American,Jeddah Corniche Circuit,Saudi Arabian Grand Prix,Jeddah,Saudi Arabia,15,6.174,308.7,True,high_speed,14,\N,\N,0.0,,
1072,847,3,77,4,2021,21,2021-12-05,russell,RUS,George,Russell,British,williams,Williams,British,Jeddah Corniche Circuit,Saudi Arabian Grand Prix,Jeddah,Saudi Arabia,15,6.174,308.7,True,high_speed,14,\N,\N,0.0,,
1072,854,210,77,3,2021,21,2021-12-05,mick_schumacher,MSC,Mick,Schumacher,German,haas,Haas F1 Team,American,Jeddah Corniche Circuit,Saudi Arabian Grand Prix,Jeddah,Saudi Arabia,15,6.174,308.7,True,high_speed,8,\N,\N,0.0,,
1073,830,9,24,1,2021,22,2021-12-12,max_verstappen,VER,Max,Verstappen,Dutch,red_bull,Red Bull,Austrian,Yas Marina Circuit,Abu Dhabi Grand Prix,Abu Dhabi,UAE,3,5.281,306.298,True,technical,58,5417345,1,26.0,,
1073,1,131,24,1,2021,22,2021-12-12,hamilton,HAM,Lewis,Hamilton,British,mercedes,Mercedes,German,Yas Marina Circuit,Abu Dhabi Grand Prix,Abu Dhabi,UAE,3,5.281,306.298,True,technical,58,5419601,2,18.0,,
1073,832,6,24,1,2021,22,2021-12-12,sainz,SAI,Carlos,Sainz,Spanish,ferrari,Ferrari,Italian,Yas Marina Circuit,Abu Dhabi Grand Prix,Abu Dhabi,UAE,3,5.281,306.298,True,technical,58,5422518,3,15.0,,
1073,852,213,24,1,2021,22,2021-12-12,tsunoda,TSU,Yuki,Tsunoda,Japanese,alphatauri,AlphaTauri,Italian,Yas Marina Circuit,Abu Dhabi Grand Prix,Abu Dhabi,UAE,3,5.281,306.298,True,technical,58,5423037,4,12.0,,
1073,842,213,24,1,2021,22,2021-12-12,gasly,GAS,Pierre,Gasly,French,alphatauri,AlphaTauri,Italian,Yas Marina Circuit,Abu Dhabi Grand Prix,Abu Dhabi,UAE,3,5.281,306.298,True,technical,58,5423876,5,10.0,,
1073,822,131,24,1,2021,22,2021-12-12,bottas,BOT,Valtteri,Bottas,Finnish,mercedes,Mercedes,German,Yas Marina Circuit,Abu Dhabi Grand Prix,Abu Dhabi,UAE,3,5.281,306.298,True,technical,58,5424808,6,8.0,,
1073,846,1,24,1,2021,22,2021-12-12,norris,NOR,Lando,Norris,British,mclaren,McLaren,British,Yas Marina Circuit,Abu Dhabi Grand Prix,Abu Dhabi,UAE,3,5.281,306.298,True,technical,58,5476545,7,6.0,,
1073,4,214,24,1,2021,22,2021-12-12,alonso,ALO,Fernando,Alonso,Spanish,alpine,Alpine F1 Team,French,Yas Marina Circuit,Abu Dhabi Grand Prix,Abu Dhabi,UAE,3,5.281,306.298,True,technical,58,5479053,8,4.0,,
1073,839,214,24,1,2021,22,2021-12-12,ocon,OCO,Esteban,Ocon,French,alpine,Alpine F1 Team,French,Yas Marina Circuit,Abu Dhabi Grand Prix,Abu Dhabi,UAE,3,5.281,306.298,True,technical,58,5481371,9,2.0,,
1073,844,6,24,1,2021,22,2021-12-12,leclerc,LEC,Charles,Leclerc,Monegasque,ferrari,Ferrari,Italian,Yas Marina Circuit,Abu Dhabi Grand Prix,Abu Dhabi,UAE,3,5.281,306.298,True,technical,58,5483402,10,1.0,,
1073,20,117,24,1,2021,22,2021-12-12,vettel,VET,Sebastian,Vettel,German,aston_martin,Aston Martin,British,Yas Marina Circuit,Abu Dhabi Grand Prix,Abu Dhabi,UAE,3,5.281,306.298,True,technical,58,5484872,11,0.0,,
1073,817,1,24,11,2021,22,2021-12-12,ricciardo,RIC,Daniel,Ricciardo,Australian,mclaren,McLaren,British,Yas Marina Circuit,Abu Dhabi Grand Prix,Abu Dhabi,UAE,3,5.281,306.298,True,technical,57,\N,12,0.0,,
1073,840,117,24,11,2021,22,2021-12-12,stroll,STR,Lance,Stroll,Canadian,aston_martin,Aston Martin,British,Yas Marina Circuit,Abu Dhabi Grand Prix,Abu Dhabi,UAE,3,5.281,306.298,True,technical,57,\N,13,0.0,,
1073,854,210,24,11,2021,22,2021-12-12,mick_schumacher,MSC,Mick,Schumacher,German,haas,Haas F1 Team,American,Yas Marina Circuit,Abu Dhabi Grand Prix,Abu Dhabi,UAE,3,5.281,306.298,True,technical,57,\N,14,0.0,,
1073,815,9,24,5,2021,22,2021-12-12,perez,PER,Sergio,Pérez,Mexican,red_bull,Red Bull,Austrian,Yas Marina Circuit,Abu Dhabi Grand Prix,Abu Dhabi,UAE,3,5.281,306.298,True,technical,55,\N,15,0.0,,
1073,849,3,24,3,2021,22,2021-12-12,latifi,LAT,Nicholas,Latifi,Canadian,williams,Williams,British,Yas Marina Circuit,Abu Dhabi Grand Prix,Abu Dhabi,UAE,3,5.281,306.298,True,technical,50,\N,\N,0.0,,
1073,841,51,24,6,2021,22,2021-12-12,giovinazzi,GIO,Antonio,Giovinazzi,Italian,alfa,Alfa Romeo,Swiss,Yas Marina Circuit,Abu Dhabi Grand Prix,Abu Dhabi,UAE,3,5.281,306.298,True,technical,33,\N,\N,0.0,,
1073,847,3,24,6,2021,22,2021-12-12,russell,RUS,George,Russell,British,williams,Williams,British,Yas Marina Circuit,Abu Dhabi Grand Prix,Abu Dhabi,UAE,3,5.281,306.298,True,technical,26,\N,\N,0.0,,
1073,8,51,24,23,2021,22,2021-12-12,raikkonen,RAI,Kimi,Räikkönen,Finnish,alfa,Alfa Romeo,Swiss,Yas Marina Circuit,Abu Dhabi Grand Prix,Abu Dhabi,UAE,3,5.281,306.298,True,technical,25,\N,\N,0.0,,
1073,853,210,24,139,2021,22,2021-12-12,mazepin,MAZ,Nikita,Mazepin,Russian,haas,Haas F1 Team,American,Yas Marina Circuit,Abu Dhabi Grand Prix,Abu Dhabi,UAE,3,5.281,306.298,True,technical,0,\N,\N,0.0,,
1074,844,6,3,1,2022,1,2022-03-20,leclerc,LEC,Charles,Leclerc,Monegasque,ferrari,Ferrari,Italian,Bahrain International Circuit,Bahrain Grand Prix,Sakhir,Bahrain,7,5.412,308.484,True,balanced,57,5853584,1,26.0,,
1074,832,6,3,1,2022,1,2022-03-20,sainz,SAI,Carlos,Sainz,Spanish,ferrari,Ferrari,Italian,Bahrain International Circuit,Bahrain Grand Prix,Sakhir,Bahrain,7,5.412,308.484,True,balanced,57,5859182,2,18.0,,
1074,1,131,3,1,2022,1,2022-03-20,hamilton,HAM,Lewis,Hamilton,British,mercedes,Mercedes,German,Bahrain International Circuit,Bahrain Grand Prix,Sakhir,Bahrain,7,5.412,308.484,True,balanced,57,5863259,3,15.0,,
1074,847,131,3,1,2022,1,2022-03-20,russell,RUS,George,Russell,British,mercedes,Mercedes,German,Bahrain International Circuit,Bahrain Grand Prix,Sakhir,Bahrain,7,5.412,308.484,True,balanced,57,5864795,4,12.0,,
1074,825,210,3,1,2022,1,2022-03-20,kevin_magnussen,MAG,Kevin,Magnussen,Danish,haas,Haas F1 Team,American,Bahrain International Circuit,Bahrain Grand Prix,Sakhir,Bahrain,7,5.412,308.484,True,balanced,57,5868338,5,10.0,,
1074,822,51,3,1,2022,1,2022-03-20,bottas,BOT,Valtteri,Bottas,Finnish,alfa,Alfa Romeo,Swiss,Bahrain International Circuit,Bahrain Grand Prix,Sakhir,Bahrain,7,5.412,308.484,True,balanced,57,5869703,6,8.0,,
1074,839,214,3,1,2022,1,2022-03-20,ocon,OCO,Esteban,Ocon,French,alpine,Alpine F1 Team,French,Bahrain International Circuit,Bahrain Grand Prix,Sakhir,Bahrain,7,5.412,308.484,True,balanced,57,5873007,7,6.0,,
1074,852,213,3,1,2022,1,2022-03-20,tsunoda,TSU,Yuki,Tsunoda,Japanese,alphatauri,AlphaTauri,Italian,Bahrain International Circuit,Bahrain Grand Prix,Sakhir,Bahrain,7,5.412,308.484,True,balanced,57,5873970,8,4.0,,
1074,4,214,3,1,2022,1,2022-03-20,alonso,ALO,Fernando,Alonso,Spanish,alpine,Alpine F1 Team,French,Bahrain International Circuit,Bahrain Grand Prix,Sakhir,Bahrain,7,5.412,308.484,True,balanced,57,5875974,9,2.0,,
1074,855,51,3,1,2022,1,2022-03-20,zhou,ZHO,Guanyu,Zhou,Chinese,alfa,Alfa Romeo,Swiss,Bahrain International Circuit,Bahrain Grand Prix,Sakhir,Bahrain,7,5.412,308.484,True,balanced,57,5876648,10,1.0,,
1074,854,210,3,1,2022,1,2022-03-20,mick_schumacher,MSC,Mick,Schumacher,German,haas,Haas F1 Team,American,Bahrain International Circuit,Bahrain Grand Prix,Sakhir,Bahrain,7,5.412,308.484,True,balanced,57,5886158,11,0.0,,
1074,840,117,3,1,2022,1,2022-03-20,stroll,STR,Lance,Stroll,Canadian,aston_martin,Aston Martin,British,Bahrain International Circuit,Bahrain Grand Prix,Sakhir,Bahrain,7,5.412,308.484,True,balanced,57,5899457,12,0.0,,
1074,848,3,3,1,2022,1,2022-03-20,albon,ALB,Alexander,Albon,Thai,williams,Williams,British,Bahrain International Circuit,Bahrain Grand Prix,Sakhir,Bahrain,7,5.412,308.484,True,balanced,57,5907516,13,0.0,,
1074,817,1,3,1,2022,1,2022-03-20,ricciardo,RIC,Daniel,Ricciardo,Australian,mclaren,McLaren,British,Bahrain International Circuit,Bahrain Grand Prix,Sakhir,Bahrain,7,5.412,308.484,True,balanced,57,5908559,14,0.0,,
1074,846,1,3,1,2022,1,2022-03-20,norris,NOR,Lando,Norris,British,mclaren,McLaren,British,Bahrain International Circuit,Bahrain Grand Prix,Sakhir,Bahrain,7,5.412,308.484,True,balanced,57,5909919,15,0.0,,
1074,849,3,3,1,2022,1,2022-03-20,latifi,LAT,Nicholas,Latifi,Canadian,williams,Williams,British,Bahrain International Circuit,Bahrain Grand Prix,Sakhir,Bahrain,7,5.412,308.484,True,balanced,57,5915379,16,0.0,,
1074,807,117,3,1,2022,1,2022-03-20,hulkenberg,HUL,Nico,Hülkenberg,German,aston_martin,Aston Martin,British,Bahrain International Circuit,Bahrain Grand Prix,Sakhir,Bahrain,7,5.412,308.484,True,balanced,57,5917413,17,0.0,,
1074,815,9,3,32,2022,1,2022-03-20,perez,PER,Sergio,Pérez,Mexican,red_bull,Red Bull,Austrian,Bahrain International Circuit,Bahrain Grand Prix,Sakhir,Bahrain,7,5.412,308.484,True,balanced,56,\N,18,0.0,,
1074,830,9,3,32,2022,1,2022-03-20,max_verstappen,VER,Max,Verstappen,Dutch,red_bull,Red Bull,Austrian,Bahrain International Circuit,Bahrain Grand Prix,Sakhir,Bahrain,7,5.412,308.484,True,balanced,54,\N,19,0.0,,
1074,842,213,3,131,2022,1,2022-03-20,gasly,GAS,Pierre,Gasly,French,alphatauri,AlphaTauri,Italian,Bahrain International Circuit,Bahrain Grand Prix,Sakhir,Bahrain,7,5.412,308.484,True,balanced,44,\N,\N,0.0,,
1075,830,9,77,1,2022,2,2022-03-27,max_verstappen,VER,Max,Verstappen,Dutch,red_bull,Red Bull,Austrian,Jeddah Corniche Circuit,Saudi Arabian Grand Prix,Jeddah,Saudi Arabia,15,6.174,308.7,True,high_speed,50,5059293,1,25.0,,
1075,844,6,77,1,2022,2,2022-03-27,leclerc,LEC,Charles,Leclerc,Monegasque,ferrari,Ferrari,Italian,Jeddah Corniche Circuit,Saudi Arabian Grand Prix,Jeddah,Saudi Arabia,15,6.174,308.7,True,high_speed,50,5059842,2,19.0,,
1075,832,6,77,1,2022,2,2022-03-27,sainz,SAI,Carlos,Sainz,Spanish,ferrari,Ferrari,Italian,Jeddah Corniche Circuit,Saudi Arabian Grand Prix,Jeddah,Saudi Arabia,15,6.174,308.7,True,high_speed,50,5067390,3,15.0,,
1075,815,9,77,1,2022,2,2022-03-27,perez,PER,Sergio,Pérez,Mexican,red_bull,Red Bull,Austrian,Jeddah Corniche Circuit,Saudi Arabian Grand Prix,Jeddah,Saudi Arabia,15,6.174,308.7,True,high_speed,50,5070093,4,12.0,,
1075,847,131,77,1,2022,2,2022-03-27,russell,RUS,George,Russell,British,mercedes,Mercedes,German,Jeddah Corniche Circuit,Saudi Arabian Grand Prix,Jeddah,Saudi Arabia,15,6.174,308.7,True,high_speed,50,5092025,5,10.0,,
1075,839,214,77,1,2022,2,2022-03-27,ocon,OCO,Esteban,Ocon,French,alpine,Alpine F1 Team,French,Jeddah Corniche Circuit,Saudi Arabian Grand Prix,Jeddah,Saudi Arabia,15,6.174,308.7,True,high_speed,50,5115310,6,8.0,,
1075,846,1,77,1,2022,2,2022-03-27,norris,NOR,Lando,Norris,British,mclaren,McLaren,British,Jeddah Corniche Circuit,Saudi Arabian Grand Prix,Jeddah,Saudi Arabia,15,6.174,308.7,True,high_speed,50,5115417,7,6.0,,
1075,842,213,77,1,2022,2,2022-03-27,gasly,GAS,Pierre,Gasly,French,alphatauri,AlphaTauri,Italian,Jeddah Corniche Circuit,Saudi Arabian Grand Prix,Jeddah,Saudi Arabia,15,6.174,308.7,True,high_speed,50,5122239,8,4.0,,
1075,825,210,77,1,2022,2,2022-03-27,kevin_magnussen,MAG,Kevin,Magnussen,Danish,haas,Haas F1 Team,American,Jeddah Corniche Circuit,Saudi Arabian Grand Prix,Jeddah,Saudi Arabia,15,6.174,308.7,True,high_speed,50,5123601,9,2.0,,
1075,1,131,77,1,2022,2,2022-03-27,hamilton,HAM,Lewis,Hamilton,British,mercedes,Mercedes,German,Jeddah Corniche Circuit,Saudi Arabian Grand Prix,Jeddah,Saudi Arabia,15,6.174,308.7,True,high_speed,50,5133241,10,1.0,,
1075,855,51,77,1,2022,2,2022-03-27,zhou,ZHO,Guanyu,Zhou,Chinese,alfa,Alfa Romeo,Swiss,Jeddah Corniche Circuit,Saudi Arabian Grand Prix,Jeddah,Saudi Arabia,15,6.174,308.7,True,high_speed,50,5141508,11,0.0,,
1075,807,117,77,1,2022,2,2022-03-27,hulkenberg,HUL,Nico,Hülkenberg,German,aston_martin,Aston Martin,British,Jeddah Corniche Circuit,Saudi Arabian Grand Prix,Jeddah,Saudi Arabia,15,6.174,308.7,True,high_speed,50,5151035,12,0.0,,
1075,840,117,77,11,2022,2,2022-03-27,stroll,STR,Lance,Stroll,Canadian,aston_martin,Aston Martin,British,Jeddah Corniche Circuit,Saudi Arabian Grand Prix,Jeddah,Saudi Arabia,15,6.174,308.7,True,high_speed,49,\N,13,0.0,,
1075,848,3,77,130,2022,2,2022-03-27,albon,ALB,Alexander,Albon,Thai,williams,Williams,British,Jeddah Corniche Circuit,Saudi Arabian Grand Prix,Jeddah,Saudi Arabia,15,6.174,308.7,True,high_speed,47,\N,14,0.0,,
1075,822,51,77,141,2022,2,2022-03-27,bottas,BOT,Valtteri,Bottas,Finnish,alfa,Alfa Romeo,Swiss,Jeddah Corniche Circuit,Saudi Arabian Grand Prix,Jeddah,Saudi Arabia,15,6.174,308.7,True,high_speed,36,\N,\N,0.0,,
1075,4,214,77,103,2022,2,2022-03-27,alonso,ALO,Fernando,Alonso,Spanish,alpine,Alpine F1 Team,French,Jeddah Corniche Circuit,Saudi Arabian Grand Prix,Jeddah,Saudi Arabia,15,6.174,308.7,True,high_speed,35,\N,\N,0.0,,
1075,817,1,77,6,2022,2,2022-03-27,ricciardo,RIC,Daniel,Ricciardo,Australian,mclaren,McLaren,British,Jeddah Corniche Circuit,Saudi Arabian Grand Prix,Jeddah,Saudi Arabia,15,6.174,308.7,True,high_speed,35,\N,\N,0.0,,
1075,849,3,77,3,2022,2,2022-03-27,latifi,LAT,Nicholas,Latifi,Canadian,williams,Williams,British,Jeddah Corniche Circuit,Saudi Arabian Grand Prix,Jeddah,Saudi Arabia,15,6.174,308.7,True,high_speed,14,\N,\N,0.0,,
1075,852,213,77,131,2022,2,2022-03-27,tsunoda,TSU,Yuki,Tsunoda,Japanese,alphatauri,AlphaTauri,Italian,Jeddah Corniche Circuit,Saudi Arabian Grand Prix,Jeddah,Saudi Arabia,15,6.174,308.7,True,high_speed,0,\N,\N,0.0,,
1075,854,210,77,54,2022,2,2022-03-27,mick_schumacher,MSC,Mick,Schumacher,German,haas,Haas F1 Team,American,Jeddah Corniche Circuit,Saudi Arabian Grand Prix,Jeddah,Saudi Arabia,15,6.174,308.7,True,high_speed,0,\N,\N,0.0,,
1076,844,6,1,1,2022,3,2022-04-10,leclerc,LEC,Charles,Leclerc,Monegasque,ferrari,Ferrari,Italian,Albert Park Grand Prix Circuit,Australian Grand Prix,Melbourne,Australia,10,5.278,306.124,False,balanced,58,5266548,1,26.0,,
1076,815,9,1,1,2022,3,2022-04-10,perez,PER,Sergio,Pérez,Mexican,red_bull,Red Bull,Austrian,Albert Park Grand Prix Circuit,Australian Grand Prix,Melbourne,Australia,10,5.278,306.124,False,balanced,58,5287072,2,18.0,,
1076,847,131,1,1,2022,3,2022-04-10,russell,RUS,George,Russell,British,mercedes,Mercedes,German,Albert Park Grand Prix Circuit,Australian Grand Prix,Melbourne,Australia,10,5.278,306.124,False,balanced,58,5292141,3,15.0,,
1076,1,131,1,1,2022,3,2022-04-10,hamilton,HAM,Lewis,Hamilton,British,mercedes,Mercedes,German,Albert Park Grand Prix Circuit,Australian Grand Prix,Melbourne,Australia,10,5.278,306.124,False,balanced,58,5295091,4,12.0,,
1076,846,1,1,1,2022,3,2022-04-10,norris,NOR,Lando,Norris,British,mclaren,McLaren,British,Albert Park Grand Prix Circuit,Australian Grand Prix,Melbourne,Australia,10,5.278,306.124,False,balanced,58,5319851,5,10.0,,
1076,817,1,1,1,2022,3,2022-04-10,ricciardo,RIC,Daniel,Ricciardo,Australian,mclaren,McLaren,British,Albert Park Grand Prix Circuit,Australian Grand Prix,Melbourne,Australia,10,5.278,306.124,False,balanced,58,5320285,6,8.0,,
1076,839,214,1,1,2022,3,2022-04-10,ocon,OCO,Esteban,Ocon,French,alpine,Alpine F1 Team,French,Albert Park Grand Prix Circuit,Australian Grand Prix,Melbourne,Australia,10,5.278,306.124,False,balanced,58,5328231,7,6.0,,
1076,822,51,1,1,2022,3,2022-04-10,bottas,BOT,Valtteri,Bottas,Finnish,alfa,Alfa Romeo,Swiss,Albert Park Grand Prix Circuit,Australian Grand Prix,Melbourne,Australia,10,5.278,306.124,False,balanced,58,5334987,8,4.0,,
1076,842,213,1,1,2022,3,2022-04-10,gasly,GAS,Pierre,Gasly,French,alphatauri,AlphaTauri,Italian,Albert Park Grand Prix Circuit,Australian Grand Prix,Melbourne,Australia,10,5.278,306.124,False,balanced,58,5342769,9,2.0,,
1076,848,3,1,1,2022,3,2022-04-10,albon,ALB,Alexander,Albon,Thai,williams,Williams,British,Albert Park Grand Prix Circuit,Australian Grand Prix,Melbourne,Australia,10,5.278,306.124,False,balanced,58,5345930,10,1.0,,
1076,855,51,1,1,2022,3,2022-04-10,zhou,ZHO,Guanyu,Zhou,Chinese,alfa,Alfa Romeo,Swiss,Albert Park Grand Prix Circuit,Australian Grand Prix,Melbourne,Australia,10,5.278,306.124,False,balanced,58,5348243,11,0.0,,
1076,840,117,1,1,2022,3,2022-04-10,stroll,STR,Lance,Stroll,Canadian,aston_martin,Aston Martin,British,Albert Park Grand Prix Circuit,Australian Grand Prix,Melbourne,Australia,10,5.278,306.124,False,balanced,58,5355146,12,0.0,,
1076,854,210,1,11,2022,3,2022-04-10,mick_schumacher,MSC,Mick,Schumacher,German,haas,Haas F1 Team,American,Albert Park Grand Prix Circuit,Australian Grand Prix,Melbourne,Australia,10,5.278,306.124,False,balanced,57,\N,13,0.0,,
1076,825,210,1,11,2022,3,2022-04-10,kevin_magnussen,MAG,Kevin,Magnussen,Danish,haas,Haas F1 Team,American,Albert Park Grand Prix Circuit,Australian Grand Prix,Melbourne,Australia,10,5.278,306.124,False,balanced,57,\N,14,0.0,,
1076,852,213,1,11,2022,3,2022-04-10,tsunoda,TSU,Yuki,Tsunoda,Japanese,alphatauri,AlphaTauri,Italian,Albert Park Grand Prix Circuit,Australian Grand Prix,Melbourne,Australia,10,5.278,306.124,False,balanced,57,\N,15,0.0,,
1076,849,3,1,11,2022,3,2022-04-10,latifi,LAT,Nicholas,Latifi,Canadian,williams,Williams,British,Albert Park Grand Prix Circuit,Australian Grand Prix,Melbourne,Australia,10,5.278,306.124,False,balanced,57,\N,16,0.0,,
1076,4,214,1,11,2022,3,2022-04-10,alonso,ALO,Fernando,Alonso,Spanish,alpine,Alpine F1 Team,French,Albert Park Grand Prix Circuit,Australian Grand Prix,Melbourne,Australia,10,5.278,306.124,False,balanced,57,\N,17,0.0,,
1076,830,9,1,95,2022,3,2022-04-10,max_verstappen,VER,Max,Verstappen,Dutch,red_bull,Red Bull,Austrian,Albert Park Grand Prix Circuit,Australian Grand Prix,Melbourne,Australia,10,5.278,306.124,False,balanced,38,\N,\N,0.0,,
1076,20,117,1,3,2022,3,2022-04-10,vettel,VET,Sebastian,Vettel,German,aston_martin,Aston Martin,British,Albert Park Grand Prix Circuit,Australian Grand Prix,Melbourne,Australia,10,5.278,306.124,False,balanced,22,\N,\N,0.0,,
1076,832,6,1,20,2022,3,2022-04-10,sainz,SAI,Carlos,Sainz,Spanish,ferrari,Ferrari,Italian,Albert Park Grand Prix Circuit,Australian Grand Prix,Melbourne,Australia,10,5.278,306.124,False,balanced,1,\N,\N,0.0,,
1077,830,9,21,1,2022,4,2022-04-24,max_verstappen,VER,Max,Verstappen,Dutch,red_bull,Red Bull,Austrian,Autodromo Enzo e Dino Ferrari,Emilia Romagna Grand Prix,Imola,Italy,37,4.909,309.267,False,technical,63,5527986,1,26.0,1,8.0
1077,815,9,21,1,2022,4,2022-04-24,perez,PER,Sergio,Pérez,Mexican,red_bull,Red Bull,Austrian,Autodromo Enzo e Dino Ferrari,Emilia Romagna Grand Prix,Imola,Italy,37,4.909,309.267,False,technical,63,5544513,2,18.0,3,6.0
1077,846,1,21,1,2022,4,2022-04-24,norris,NOR,Lando,Norris,British,mclaren,McLaren,British,Autodromo Enzo e Dino Ferrari,Emilia Romagna Grand Prix,Imola,Italy,37,4.909,309.267,False,technical,63,5562820,3,15.0,5,4.0
1077,847,131,21,1,2022,4,2022-04-24,russell,RUS,George,Russell,British,mercedes,Mercedes,German,Autodromo Enzo e Dino Ferrari,Emilia Romagna Grand Prix,Imola,Italy,37,4.909,309.267,False,technical,63,5570492,4,12.0,11,0.0
1077,822,51,21,1,2022,4,2022-04-24,bottas,BOT,Valtteri,Bottas,Finnish,alfa,Alfa Romeo,Swiss,Autodromo Enzo e Dino Ferrari,Emilia Romagna Grand Prix,Imola,Italy,37,4.909,309.267,False,technical,63,5571167,5,10.0,7,2.0
1077,844,6,21,1,2022,4,2022-04-24,leclerc,LEC,Charles,Leclerc,Monegasque,ferrari,Ferrari,Italian,Autodromo Enzo e Dino Ferrari,Emilia Romagna Grand Prix,Imola,Italy,37,4.909,309.267,False,technical,63,5584058,6,8.0,2,7.0
1077,852,213,21,1,2022,4,2022-04-24,tsunoda,TSU,Yuki,Tsunoda,Japanese,alphatauri,AlphaTauri,Italian,Autodromo Enzo e Dino Ferrari,Emilia Romagna Grand Prix,Imola,Italy,37,4.909,309.267,False,technical,63,5589096,7,6.0,12,0.0
1077,20,117,21,1,2022,4,2022-04-24,vettel,VET,Sebastian,Vettel,German,aston_martin,Aston Martin,British,Autodromo Enzo e Dino Ferrari,Emilia Romagna Grand Prix,Imola,Italy,37,4.909,309.267,False,technical,63,5598878,8,4.0,13,0.0
1077,825,210,21,1,2022,4,2022-04-24,kevin_magnussen,MAG,Kevin,Magnussen,Danish,haas,Haas F1 Team,American,Autodromo Enzo e Dino Ferrari,Emilia Romagna Grand Prix,Imola,Italy,37,4.909,309.267,False,technical,63,5603246,9,2.0,8,1.0
1077,840,117,21,11,2022,4,2022-04-24,stroll,STR,Lance,Stroll,Canadian,aston_martin,Aston Martin,British,Autodromo Enzo e Dino Ferrari,Emilia Romagna Grand Prix,Imola,Italy,37,4.909,309.267,False,technical,62,\N,10,1.0,15,0.0
1077,848,3,21,11,2022,4,2022-04-24,albon,ALB,Alexander,Albon,Thai,williams,Williams,British,Autodromo Enzo e Dino Ferrari,Emilia Romagna Grand Prix,Imola,Italy,37,4.909,309.267,False,technical,62,\N,11,0.0,18,0.0
1077,842,213,21,11,2022,4,2022-04-24,gasly,GAS,Pierre,Gasly,French,alphatauri,AlphaTauri,Italian,Autodromo Enzo e Dino Ferrari,Emilia Romagna Grand Prix,Imola,Italy,37,4.909,309.267,False,technical,62,\N,12,0.0,17,0.0
1077,1,131,21,11,2022,4,2022-04-24,hamilton,HAM,Lewis,Hamilton,British,mercedes,Mercedes,German,Autodromo Enzo e Dino Ferrari,Emilia Romagna Grand Prix,Imola,Italy,37,4.909,309.267,False,technical,62,\N,13,0.0,14,0.0
1077,839,214,21,11,2022,4,2022-04-24,ocon,OCO,Esteban,Ocon,French,alpine,Alpine F1 Team,French,Autodromo Enzo e Dino Ferrari,Emilia Romagna Grand Prix,Imola,Italy,37,4.909,309.267,False,technical,62,\N,14,0.0,16,0.0
1077,855,51,21,11,2022,4,2022-04-24,zhou,ZHO,Guanyu,Zhou,Chinese,alfa,Alfa Romeo,Swiss,Autodromo Enzo e Dino Ferrari,Emilia Romagna Grand Prix,Imola,Italy,37,4.909,309.267,False,technical,62,\N,15,0.0,\N,0.0
1077,849,3,21,11,2022,4,2022-04-24,latifi,LAT,Nicholas,Latifi,Canadian,williams,Williams,British,Autodromo Enzo e Dino Ferrari,Emilia Romagna Grand Prix,Imola,Italy,37,4.909,309.267,False,technical,62,\N,16,0.0,19,0.0
1077,854,210,21,11,2022,4,2022-04-24,mick_schumacher,MSC,Mick,Schumacher,German,haas,Haas F1 Team,American,Autodromo Enzo e Dino Ferrari,Emilia Romagna Grand Prix,Imola,Italy,37,4.909,309.267,False,technical,62,\N,17,0.0,10,0.0
1077,817,1,21,11,2022,4,2022-04-24,ricciardo,RIC,Daniel,Ricciardo,Australian,mclaren,McLaren,British,Autodromo Enzo e Dino Ferrari,Emilia Romagna Grand Prix,Imola,Italy,37,4.909,309.267,False,technical,62,\N,18,0.0,6,3.0
1077,4,214,21,130,2022,4,2022-04-24,alonso,ALO,Fernando,Alonso,Spanish,alpine,Alpine F1 Team,French,Autodromo Enzo e Dino Ferrari,Emilia Romagna Grand Prix,Imola,Italy,37,4.909,309.267,False,technical,6,\N,\N,0.0,9,0.0
1077,832,6,21,4,2022,4,2022-04-24,sainz,SAI,Carlos,Sainz,Spanish,ferrari,Ferrari,Italian,Autodromo Enzo e Dino Ferrari,Emilia Romagna Grand Prix,Imola,Italy,37,4.909,309.267,False,technical,0,\N,\N,0.0,4,5.0
1078,830,9,79,1,2022,5,2022-05-08,max_verstappen,VER,Max,Verstappen,Dutch,red_bull,Red Bull,Austrian,Miami International Autodrome,Miami Grand Prix,Miami,USA,0,5.412,308.484,False,technical,57,5664258,1,26.0,,
1078,844,6,79,1,2022,5,2022-05-08,leclerc,LEC,Charles,Leclerc,Monegasque,ferrari,Ferrari,Italian,Miami International Autodrome,Miami Grand Prix,Miami,USA,0,5.412,308.484,False,technical,57,5668044,2,18.0,,
1078,832,6,79,1,2022,5,2022-05-08,sainz,SAI,Carlos,Sainz,Spanish,ferrari,Ferrari,Italian,Miami International Autodrome,Miami Grand Prix,Miami,USA,0,5.412,308.484,False,technical,57,5672487,3,15.0,,
1078,815,9,79,1,2022,5,2022-05-08,perez,PER,Sergio,Pérez,Mexican,red_bull,Red Bull,Austrian,Miami International Autodrome,Miami Grand Prix,Miami,USA,0,5.412,308.484,False,technical,57,5674896,4,12.0,,
1078,847,131,79,1,2022,5,2022-05-08,russell,RUS,George,Russell,British,mercedes,Mercedes,German,Miami International Autodrome,Miami Grand Prix,Miami,USA,0,5.412,308.484,False,technical,57,5682840,5,10.0,,
1078,1,131,79,1,2022,5,2022-05-08,hamilton,HAM,Lewis,Hamilton,British,mercedes,Mercedes,German,Miami International Autodrome,Miami Grand Prix,Miami,USA,0,5.412,308.484,False,technical,57,5685626,6,8.0,,
1078,822,51,79,1,2022,5,2022-05-08,bottas,BOT,Valtteri,Bottas,Finnish,alfa,Alfa Romeo,Swiss,Miami International Autodrome,Miami Grand Prix,Miami,USA,0,5.412,308.484,False,technical,57,5689331,7,6.0,,
1078,839,214,79,1,2022,5,2022-05-08,ocon,OCO,Esteban,Ocon,French,alpine,Alpine F1 Team,French,Miami International Autodrome,Miami Grand Prix,Miami,USA,0,5.412,308.484,False,technical,57,5692644,8,4.0,,
1078,848,3,79,1,2022,5,2022-05-08,albon,ALB,Alexander,Albon,Thai,williams,Williams,British,Miami International Autodrome,Miami Grand Prix,Miami,USA,0,5.412,308.484,False,technical,57,5696623,9,2.0,,
1078,840,117,79,1,2022,5,2022-05-08,stroll,STR,Lance,Stroll,Canadian,aston_martin,Aston Martin,British,Miami International Autodrome,Miami Grand Prix,Miami,USA,0,5.412,308.484,False,technical,57,5701284,10,1.0,,
1078,4,214,79,1,2022,5,2022-05-08,alonso,ALO,Fernando,Alonso,Spanish,alpine,Alpine F1 Team,French,Miami International Autodrome,Miami Grand Prix,Miami,USA,0,5.412,308.484,False,technical,57,5701386,11,0.0,,
1078,852,213,79,1,2022,5,2022-05-08,tsunoda,TSU,Yuki,Tsunoda,Japanese,alphatauri,AlphaTauri,Italian,Miami International Autodrome,Miami Grand Prix,Miami,USA,0,5.412,308.484,False,technical,57,5704404,12,0.0,,
1078,817,1,79,1,2022,5,2022-05-08,ricciardo,RIC,Daniel,Ricciardo,Australian,mclaren,McLaren,British,Miami International Autodrome,Miami Grand Prix,Miami,USA,0,5.412,308.484,False,technical,57,5705160,13,0.0,,
1078,849,3,79,1,2022,5,2022-05-08,latifi,LAT,Nicholas,Latifi,Canadian,williams,Williams,British,Miami International Autodrome,Miami Grand Prix,Miami,USA,0,5.412,308.484,False,technical,57,5714194,14,0.0,,
1078,854,210,79,1,2022,5,2022-05-08,mick_schumacher,MSC,Mick,Schumacher,German,haas,Haas F1 Team,American,Miami International Autodrome,Miami Grand Prix,Miami,USA,0,5.412,308.484,False,technical,57,5737563,15,0.0,,
1078,825,210,79,33,2022,5,2022-05-08,kevin_magnussen,MAG,Kevin,Magnussen,Danish,haas,Haas F1 Team,American,Miami International Autodrome,Miami Grand Prix,Miami,USA,0,5.412,308.484,False,technical,56,\N,16,0.0,,
1078,20,117,79,4,2022,5,2022-05-08,vettel,VET,Sebastian,Vettel,German,aston_martin,Aston Martin,British,Miami International Autodrome,Miami Grand Prix,Miami,USA,0,5.412,308.484,False,technical,54,\N,17,0.0,,
1078,842,213,79,22,2022,5,2022-05-08,gasly,GAS,Pierre,Gasly,French,alphatauri,AlphaTauri,Italian,Miami International Autodrome,Miami Grand Prix,Miami,USA,0,5.412,308.484,False,technical,45,\N,\N,0.0,,
1078,846,1,79,4,2022,5,2022-05-08,norris,NOR,Lando,Norris,British,mclaren,McLaren,British,Miami International Autodrome,Miami Grand Prix,Miami,USA,0,5.412,308.484,False,technical,39,\N,\N,0.0,,
1078,855,51,79,47,2022,5,2022-05-08,zhou,ZHO,Guanyu,Zhou,Chinese,alfa,Alfa Romeo,Swiss,Miami International Autodrome,Miami Grand Prix,Miami,USA,0,5.412,308.484,False,technical,6,\N,\N,0.0,,
1079,830,9,4,1,2022,6,2022-05-22,max_verstappen,VER,Max,Verstappen,Dutch,red_bull,Red Bull,Austrian,Circuit de Barcelona-Catalunya,Spanish Grand Prix,Montmeló,Spain,109,4.657,307.362,False,balanced,66,5840475,1,25.0,,
1079,815,9,4,1,2022,6,2022-05-22,perez,PER,Sergio,Pérez,Mexican,red_bull,Red Bull,Austrian,Circuit de Barcelona-Catalunya,Spanish Grand Prix,Montmeló,Spain,109,4.657,307.362,False,balanced,66,5853547,2,19.0,,
1079,847,131,4,1,2022,6,2022-05-22,russell,RUS,George,Russell,British,mercedes,Mercedes,German,Circuit de Barcelona-Catalunya,Spanish Grand Prix,Montmeló,Spain,109,4.657,307.362,False,balanced,66,5873402,3,15.0,,
1079,832,6,4,1,2022,6,2022-05-22,sainz,SAI,Carlos,Sainz,Spanish,ferrari,Ferrari,Italian,Circuit de Barcelona-Catalunya,Spanish Grand Prix,Montmeló,Spain,109,4.657,307.362,False,balanced,66,5885683,4,12.0,,
1079,1,131,4,1,2022,6,2022-05-22,hamilton,HAM,Lewis,Hamilton,British,mercedes,Mercedes,German,Circuit de Barcelona-Catalunya,Spanish Grand Prix,Montmeló,Spain,109,4.657,307.362,False,balanced,66,5895009,5,10.0,,
1079,822,51,4,1,2022,6,2022-05-22,bottas,BOT,Valtteri,Bottas,Finnish,alfa,Alfa Romeo,Swiss,Circuit de Barcelona-Catalunya,Spanish Grand Prix,Montmeló,Spain,109,4.657,307.362,False,balanced,66,5900451,6,8.0,,
1079,839,214,4,1,2022,6,2022-05-22,ocon,OCO,Esteban,Ocon,French,alpine,Alpine F1 Team,French,Circuit de Barcelona-Catalunya,Spanish Grand Prix,Montmeló,Spain,109,4.657,307.362,False,balanced,66,5915872,7,6.0,,
1079,846,1,4,1,2022,6,2022-05-22,norris,NOR,Lando,Norris,British,mclaren,McLaren,British,Circuit de Barcelona-Catalunya,Spanish Grand Prix,Montmeló,Spain,109,4.657,307.362,False,balanced,66,5923710,8,4.0,,
1079,4,214,4,11,2022,6,2022-05-22,alonso,ALO,Fernando,Alonso,Spanish,alpine,Alpine F1 Team,French,Circuit de Barcelona-Catalunya,Spanish Grand Prix,Montmeló,Spain,109,4.657,307.362,False,balanced,65,\N,9,2.0,,
1079,852,213,4,11,2022,6,2022-05-22,tsunoda,TSU,Yuki,Tsunoda,Japanese,alphatauri,AlphaTauri,Italian,Circuit de Barcelona-Catalunya,Spanish Grand Prix,Montmeló,Spain,109,4.657,307.362,False,balanced,65,\N,10,1.0,,
1079,20,117,4,11,2022,6,2022-05-22,vettel,VET,Sebastian,Vettel,German,aston_martin,Aston Martin,British,Circuit de Barcelona-Catalunya,Spanish Grand Prix,Montmeló,Spain,109,4.657,307.362,False,balanced,65,\N,11,0.0,,
1079,817,1,4,11,2022,6,2022-05-22,ricciardo,RIC,Daniel,Ricciardo,Australian,mclaren,McLaren,British,Circuit de Barcelona-Catalunya,Spanish Grand Prix,Montmeló,Spain,109,4.657,307.362,False,balanced,65,\N,12,0.0,,
1079,842,213,4,11,2022,6,2022-05-22,gasly,GAS,Pierre,Gasly,French,alphatauri,AlphaTauri,Italian,Circuit de Barcelona-Catalunya,Spanish Grand Prix,Montmeló,Spain,109,4.657,307.362,False,balanced,65,\N,13,0.0,,
1079,854,210,4,11,2022,6,2022-05-22,mick_schumacher,MSC,Mick,Schumacher,German,haas,Haas F1 Team,American,Circuit de Barcelona-Catalunya,Spanish Grand Prix,Montmeló,Spain,109,4.657,307.362,False,balanced,65,\N,14,0.0,,
1079,840,117,4,11,2022,6,2022-05-22,stroll,STR,Lance,Stroll,Canadian,aston_martin,Aston Martin,British,Circuit de Barcelona-Catalunya,Spanish Grand Prix,Montmeló,Spain,109,4.657,307.362,False,balanced,65,\N,15,0.0,,
1079,849,3,4,12,2022,6,2022-05-22,latifi,LAT,Nicholas,Latifi,Canadian,williams,Williams,British,Circuit de Barcelona-Catalunya,Spanish Grand Prix,Montmeló,Spain,109,4.657,307.362,False,balanced,64,\N,16,0.0,,
1079,825,210,4,12,2022,6,2022-05-22,kevin_magnussen,MAG,Kevin,Magnussen,Danish,haas,Haas F1 Team,American,Circuit de Barcelona-Catalunya,Spanish Grand Prix,Montmeló,Spain,109,4.657,307.362,False,balanced,64,\N,17,0.0,,
1079,848,3,4,12,2022,6,2022-05-22,albon,ALB,Alexander,Albon,Thai,williams,Williams,British,Circuit de Barcelona-Catalunya,Spanish Grand Prix,Montmeló,Spain,109,4.657,307.362,False,balanced,64,\N,18,0.0,,
1079,855,51,4,75,2022,6,2022-05-22,zhou,ZHO,Guanyu,Zhou,Chinese,alfa,Alfa Romeo,Swiss,Circuit de Barcelona-Catalunya,Spanish Grand Prix,Montmeló,Spain,109,4.657,307.362,False,balanced,28,\N,\N,0.0,,
1079,844,6,4,101,2022,6,2022-05-22,leclerc,LEC,Charles,Leclerc,Monegasque,ferrari,Ferrari,Italian,Circuit de Barcelona-Catalunya,Spanish Grand Prix,Montmeló,Spain,109,4.657,307.362,False,balanced,27,\N,\N,0.0,,
1080,815,9,6,1,2022,7,2022-05-29,perez,PER,Sergio,Pérez,Mexican,red_bull,Red Bull,Austrian,Circuit de Monaco,Monaco Grand Prix,Monte-Carlo,Monaco,7,3.337,213.568,False,technical,64,6990265,1,25.0,,
1080,832,6,6,1,2022,7,2022-05-29,sainz,SAI,Carlos,Sainz,Spanish,ferrari,Ferrari,Italian,Circuit de Monaco,Monaco Grand Prix,Monte-Carlo,Monaco,7,3.337,213.568,False,technical,64,6991419,2,18.0,,
1080,830,9,6,1,2022,7,2022-05-29,max_verstappen,VER,Max,Verstappen,Dutch,red_bull,Red Bull,Austrian,Circuit de Monaco,Monaco Grand Prix,Monte-Carlo,Monaco,7,3.337,213.568,False,technical,64,6991756,3,15.0,,
1080,844,6,6,1,2022,7,2022-05-29,leclerc,LEC,Charles,Leclerc,Monegasque,ferrari,Ferrari,Italian,Circuit de Monaco,Monaco Grand Prix,Monte-Carlo,Monaco,7,3.337,213.568,False,technical,64,6993187,4,12.0,,
1080,847,131,6,1,2022,7,2022-05-29,russell,RUS,George,Russell,British,mercedes,Mercedes,German,Circuit de Monaco,Monaco Grand Prix,Monte-Carlo,Monaco,7,3.337,213.568,False,technical,64,7002233,5,10.0,,
1080,846,1,6,1,2022,7,2022-05-29,norris,NOR,Lando,Norris,British,mclaren,McLaren,British,Circuit de Monaco,Monaco Grand Prix,Monte-Carlo,Monaco,7,3.337,213.568,False,technical,64,7002496,6,9.0,,
1080,4,214,6,1,2022,7,2022-05-29,alonso,ALO,Fernando,Alonso,Spanish,alpine,Alpine F1 Team,French,Circuit de Monaco,Monaco Grand Prix,Monte-Carlo,Monaco,7,3.337,213.568,False,technical,64,7036623,7,6.0,,
1080,1,131,6,1,2022,7,2022-05-29,hamilton,HAM,Lewis,Hamilton,British,mercedes,Mercedes,German,Circuit de Monaco,Monaco Grand Prix,Monte-Carlo,Monaco,7,3.337,213.568,False,technical,64,7040653,8,4.0,,
1080,822,51,6,1,2022,7,2022-05-29,bottas,BOT,Valtteri,Bottas,Finnish,alfa,Alfa Romeo,Swiss,Circuit de Monaco,Monaco Grand Prix,Monte-Carlo,Monaco,7,3.337,213.568,False,technical,64,7042790,9,2.0,,
1080,20,117,6,1,2022,7,2022-05-29,vettel,VET,Sebastian,Vettel,German,aston_martin,Aston Martin,British,Circuit de Monaco,Monaco Grand Prix,Monte-Carlo,Monaco,7,3.337,213.568,False,technical,64,7043801,10,1.0,,
1080,842,213,6,1,2022,7,2022-05-29,gasly,GAS,Pierre,Gasly,French,alphatauri,AlphaTauri,Italian,Circuit de Monaco,Monaco Grand Prix,Monte-Carlo,Monaco,7,3.337,213.568,False,technical,64,7044554,11,0.0,,
1080,839,214,6,1,2022,7,2022-05-29,ocon,OCO,Esteban,Ocon,French,alpine,Alpine F1 Team,French,Circuit de Monaco,Monaco Grand Prix,Monte-Carlo,Monaco,7,3.337,213.568,False,technical,64,7045909,12,0.0,,
1080,817,1,6,1,2022,7,2022-05-29,ricciardo,RIC,Daniel,Ricciardo,Australian,mclaren,McLaren,British,Circuit de Monaco,Monaco Grand Prix,Monte-Carlo,Monaco,7,3.337,213.568,False,technical,64,7047900,13,0.0,,
1080,840,117,6,1,2022,7,2022-05-29,stroll,STR,Lance,Stroll,Canadian,aston_martin,Aston Martin,British,Circuit de Monaco,Monaco Grand Prix,Monte-Carlo,Monaco,7,3.337,213.568,False,technical,64,7051067,14,0.0,,
1080,849,3,6,11,2022,7,2022-05-29,latifi,LAT,Nicholas,Latifi,Canadian,williams,Williams,British,Circuit de Monaco,Monaco Grand Prix,Monte-Carlo,Monaco,7,3.337,213.568,False,technical,63,\N,15,0.0,,
1080,855,51,6,11,2022,7,2022-05-29,zhou,ZHO,Guanyu,Zhou,Chinese,alfa,Alfa Romeo,Swiss,Circuit de Monaco,Monaco Grand Prix,Monte-Carlo,Monaco,7,3.337,213.568,False,technical,63,\N,16,0.0,,
1080,852,213,6,11,2022,7,2022-05-29,tsunoda,TSU,Yuki,Tsunoda,Japanese,alphatauri,AlphaTauri,Italian,Circuit de Monaco,Monaco Grand Prix,Monte-Carlo,Monaco,7,3.337,213.568,False,technical,63,\N,17,0.0,,
1080,848,3,6,26,2022,7,2022-05-29,albon,ALB,Alexander,Albon,Thai,williams,Williams,British,Circuit de Monaco,Monaco Grand Prix,Monte-Carlo,Monaco,7,3.337,213.568,False,technical,48,\N,\N,0.0,,
1080,854,210,6,3,2022,7,2022-05-29,mick_schumacher,MSC,Mick,Schumacher,German,haas,Haas F1 Team,American,Circuit de Monaco,Monaco Grand Prix,Monte-Carlo,Monaco,7,3.337,213.568,False,technical,24,\N,\N,0.0,,
1080,825,210,6,34,2022,7,2022-05-29,kevin_magnussen,MAG,Kevin,Magnussen,Danish,haas,Haas F1 Team,American,Circuit de Monaco,Monaco Grand Prix,Monte-Carlo,Monaco,7,3.337,213.568,False,technical,19,\N,\N,0.0,,
1081,830,9,73,1,2022,8,2022-06-12,max_verstappen,VER,Max,Verstappen,Dutch,red_bull,Red Bull,Austrian,Baku City Circuit,Azerbaijan Grand Prix,Baku,Azerbaijan,-7,6.003,306.153,False,high_speed,51,5645941,1,25.0,,
1081,815,9,73,1,2022,8,2022-06-12,perez,PER,Sergio,Pérez,Mexican,red_bull,Red Bull,Austrian,Baku City Circuit,Azerbaijan Grand Prix,Baku,Azerbaijan,-7,6.003,306.153,False,high_speed,51,5666764,2,19.0,,
1081,847,131,73,1,2022,8,2022-06-12,russell,RUS,George,Russell,British,mercedes,Mercedes,German,Baku City Circuit,Azerbaijan Grand Prix,Baku,Azerbaijan,-7,6.003,306.153,False,high_speed,51,5691936,3,15.0,,
1081,1,131,73,1,2022,8,2022-06-12,hamilton,HAM,Lewis,Hamilton,British,mercedes,Mercedes,German,Baku City Circuit,Azerbaijan Grand Prix,Baku,Azerbaijan,-7,6.003,306.153,False,high_speed,51,5717620,4,12.0,,
1081,842,213,73,1,2022,8,2022-06-12,gasly,GAS,Pierre,Gasly,French,alphatauri,AlphaTauri,Italian,Baku City Circuit,Azerbaijan Grand Prix,Baku,Azerbaijan,-7,6.003,306.153,False,high_speed,51,5723240,5,10.0,,
1081,20,117,73,1,2022,8,2022-06-12,vettel,VET,Sebastian,Vettel,German,aston_martin,Aston Martin,British,Baku City Circuit,Azerbaijan Grand Prix,Baku,Azerbaijan,-7,6.003,306.153,False,high_speed,51,5730040,6,8.0,,
1081,4,214,73,1,2022,8,2022-06-12,alonso,ALO,Fernando,Alonso,Spanish,alpine,Alpine F1 Team,French,Baku City Circuit,Azerbaijan Grand Prix,Baku,Azerbaijan,-7,6.003,306.153,False,high_speed,51,5734537,7,6.0,,
1081,817,1,73,1,2022,8,2022-06-12,ricciardo,RIC,Daniel,Ricciardo,Australian,mclaren,McLaren,British,Baku City Circuit,Azerbaijan Grand Prix,Baku,Azerbaijan,-7,6.003,306.153,False,high_speed,51,5738148,8,4.0,,
1081,846,1,73,1,2022,8,2022-06-12,norris,NOR,Lando,Norris,British,mclaren,McLaren,British,Baku City Circuit,Azerbaijan Grand Prix,Baku,Azerbaijan,-7,6.003,306.153,False,high_speed,51,5738497,9,2.0,,
1081,839,214,73,1,2022,8,2022-06-12,ocon,OCO,Esteban,Ocon,French,alpine,Alpine F1 Team,French,Baku City Circuit,Azerbaijan Grand Prix,Baku,Azerbaijan,-7,6.003,306.153,False,high_speed,51,5754125,10,1.0,,
1081,822,51,73,11,2022,8,2022-06-12,bottas,BOT,Valtteri,Bottas,Finnish,alfa,Alfa Romeo,Swiss,Baku City Circuit,Azerbaijan Grand Prix,Baku,Azerbaijan,-7,6.003,306.153,False,high_speed,50,\N,11,0.0,,
1081,848,3,73,11,2022,8,2022-06-12,albon,ALB,Alexander,Albon,Thai,williams,Williams,British,Baku City Circuit,Azerbaijan Grand Prix,Baku,Azerbaijan,-7,6.003,306.153,False,high_speed,50,\N,12,0.0,,
1081,852,213,73,11,2022,8,2022-06-12,tsunoda,TSU,Yuki,Tsunoda,Japanese,alphatauri,AlphaTauri,Italian,Baku City Circuit,Azerbaijan Grand Prix,Baku,Azerbaijan,-7,6.003,306.153,False,high_speed,50,\N,13,0.0,,
1081,854,210,73,11,2022,8,2022-06-12,mick_schumacher,MSC,Mick,Schumacher,German,haas,Haas F1 Team,American,Baku City Circuit,Azerbaijan Grand Prix,Baku,Azerbaijan,-7,6.003,306.153,False,high_speed,50,\N,14,0.0,,
1081,849,3,73,11,2022,8,2022-06-12,latifi,LAT,Nicholas,Latifi,Canadian,williams,Williams,British,Baku City Circuit,Azerbaijan Grand Prix,Baku,Azerbaijan,-7,6.003,306.153,False,high_speed,50,\N,15,0.0,,
1081,840,117,73,76,2022,8,2022-06-12,stroll,STR,Lance,Stroll,Canadian,aston_martin,Aston Martin,British,Baku City Circuit,Azerbaijan Grand Prix,Baku,Azerbaijan,-7,6.003,306.153,False,high_speed,46,\N,16,0.0,,
1081,825,210,73,131,2022,8,2022-06-12,kevin_magnussen,MAG,Kevin,Magnussen,Danish,haas,Haas F1 Team,American,Baku City Circuit,Azerbaijan Grand Prix,Baku,Azerbaijan,-7,6.003,306.153,False,high_speed,31,\N,\N,0.0,,
1081,855,51,73,9,2022,8,2022-06-12,zhou,ZHO,Guanyu,Zhou,Chinese,alfa,Alfa Romeo,Swiss,Baku City Circuit,Azerbaijan Grand Prix,Baku,Azerbaijan,-7,6.003,306.153,False,high_speed,23,\N,\N,0.0,,
1081,844,6,73,131,2022,8,2022-06-12,leclerc,LEC,Charles,Leclerc,Monegasque,ferrari,Ferrari,Italian,Baku City Circuit,Azerbaijan Grand Prix,Baku,Azerbaijan,-7,6.003,306.153,False,high_speed,21,\N,\N,0.0,,
1081,832,6,73,9,2022,8,2022-06-12,sainz,SAI,Carlos,Sainz,Spanish,ferrari,Ferrari,Italian,Baku City Circuit,Azerbaijan Grand Prix,Baku,Azerbaijan,-7,6.003,306.153,False,high_speed,8,\N,\N,0.0,,
1082,830,9,7,1,2022,9,2022-06-19,max_verstappen,VER,Max,Verstappen,Dutch,red_bull,Red Bull,Austrian,Circuit Gilles Villeneuve,Canadian Grand Prix,Montreal,Canada,13,4.361,305.27,False,balanced,70,5781757,1,25.0,,
1082,832,6,7,1,2022,9,2022-06-19,sainz,SAI,Carlos,Sainz,Spanish,ferrari,Ferrari,Italian,Circuit Gilles Villeneuve,Canadian Grand Prix,Montreal,Canada,13,4.361,305.27,False,balanced,70,5782750,2,19.0,,
1082,1,131,7,1,2022,9,2022-06-19,hamilton,HAM,Lewis,Hamilton,British,mercedes,Mercedes,German,Circuit Gilles Villeneuve,Canadian Grand Prix,Montreal,Canada,13,4.361,305.27,False,balanced,70,5788763,3,15.0,,
1082,847,131,7,1,2022,9,2022-06-19,russell,RUS,George,Russell,British,mercedes,Mercedes,German,Circuit Gilles Villeneuve,Canadian Grand Prix,Montreal,Canada,13,4.361,305.27,False,balanced,70,5794070,4,12.0,,
1082,844,6,7,1,2022,9,2022-06-19,leclerc,LEC,Charles,Leclerc,Monegasque,ferrari,Ferrari,Italian,Circuit Gilles Villeneuve,Canadian Grand Prix,Montreal,Canada,13,4.361,305.27,False,balanced,70,5796925,5,10.0,,
1082,839,214,7,1,2022,9,2022-06-19,ocon,OCO,Esteban,Ocon,French,alpine,Alpine F1 Team,French,Circuit Gilles Villeneuve,Canadian Grand Prix,Montreal,Canada,13,4.361,305.27,False,balanced,70,5805647,6,8.0,,
1082,822,51,7,1,2022,9,2022-06-19,bottas,BOT,Valtteri,Bottas,Finnish,alfa,Alfa Romeo,Swiss,Circuit Gilles Villeneuve,Canadian Grand Prix,Montreal,Canada,13,4.361,305.27,False,balanced,70,5807004,7,6.0,,
1082,855,51,7,1,2022,9,2022-06-19,zhou,ZHO,Guanyu,Zhou,Chinese,alfa,Alfa Romeo,Swiss,Circuit Gilles Villeneuve,Canadian Grand Prix,Montreal,Canada,13,4.361,305.27,False,balanced,70,5808709,8,4.0,,
1082,4,214,7,1,2022,9,2022-06-19,alonso,ALO,Fernando,Alonso,Spanish,alpine,Alpine F1 Team,French,Circuit Gilles Villeneuve,Canadian Grand Prix,Montreal,Canada,13,4.361,305.27,False,balanced,70,5811702,9,2.0,,
1082,840,117,7,1,2022,9,2022-06-19,stroll,STR,Lance,Stroll,Canadian,aston_martin,Aston Martin,British,Circuit Gilles Villeneuve,Canadian Grand Prix,Montreal,Canada,13,4.361,305.27,False,balanced,70,5819979,10,1.0,,
1082,817,1,7,1,2022,9,2022-06-19,ricciardo,RIC,Daniel,Ricciardo,Australian,mclaren,McLaren,British,Circuit Gilles Villeneuve,Canadian Grand Prix,Montreal,Canada,13,4.361,305.27,False,balanced,70,5824804,11,0.0,,
1082,20,117,7,1,2022,9,2022-06-19,vettel,VET,Sebastian,Vettel,German,aston_martin,Aston Martin,British,Circuit Gilles Villeneuve,Canadian Grand Prix,Montreal,Canada,13,4.361,305.27,False,balanced,70,5826002,12,0.0,,
1082,848,3,7,1,2022,9,2022-06-19,albon,ALB,Alexander,Albon,Thai,williams,Williams,British,Circuit Gilles Villeneuve,Canadian Grand Prix,Montreal,Canada,13,4.361,305.27,False,balanced,70,5826650,13,0.0,,
1082,842,213,7,1,2022,9,2022-06-19,gasly,GAS,Pierre,Gasly,French,alphatauri,AlphaTauri,Italian,Circuit Gilles Villeneuve,Canadian Grand Prix,Montreal,Canada,13,4.361,305.27,False,balanced,70,5826940,14,0.0,,
1082,846,1,7,1,2022,9,2022-06-19,norris,NOR,Lando,Norris,British,mclaren,McLaren,British,Circuit Gilles Villeneuve,Canadian Grand Prix,Montreal,Canada,13,4.361,305.27,False,balanced,70,5833902,15,0.0,,
1082,849,3,7,1,2022,9,2022-06-19,latifi,LAT,Nicholas,Latifi,Canadian,williams,Williams,British,Circuit Gilles Villeneuve,Canadian Grand Prix,Montreal,Canada,13,4.361,305.27,False,balanced,70,5841735,16,0.0,,
1082,825,210,7,1,2022,9,2022-06-19,kevin_magnussen,MAG,Kevin,Magnussen,Danish,haas,Haas F1 Team,American,Circuit Gilles Villeneuve,Canadian Grand Prix,Montreal,Canada,13,4.361,305.27,False,balanced,70,5849937,17,0.0,,
1082,852,213,7,3,2022,9,2022-06-19,tsunoda,TSU,Yuki,Tsunoda,Japanese,alphatauri,AlphaTauri,Italian,Circuit Gilles Villeneuve,Canadian Grand Prix,Montreal,Canada,13,4.361,305.27,False,balanced,47,\N,\N,0.0,,
1082,854,210,7,5,2022,9,2022-06-19,mick_schumacher,MSC,Mick,Schumacher,German,haas,Haas F1 Team,American,Circuit Gilles Villeneuve,Canadian Grand Prix,Montreal,Canada,13,4.361,305.27,False,balanced,18,\N,\N,0.0,,
1082,815,9,7,6,2022,9,2022-06-19,perez,PER,Sergio,Pérez,Mexican,red_bull,Red Bull,Austrian,Circuit Gilles Villeneuve,Canadian Grand Prix,Montreal,Canada,13,4.361,305.27,False,balanced,7,\N,\N,0.0,,
1083,832,6,9,1,2022,10,2022-07-03,sainz,SAI,Carlos,Sainz,Spanish,ferrari,Ferrari,Italian,Silverstone Circuit,British Grand Prix,Silverstone,UK,153,5.891,306.332,False,high_speed,52,8270311,1,25.0,,
1083,815,9,9,1,2022,10,2022-07-03,perez,PER,Sergio,Pérez,Mexican,red_bull,Red Bull,Austrian,Silverstone Circuit,British Grand Prix,Silverstone,UK,153,5.891,306.332,False,high_speed,52,8274090,2,18.0,,
1083,1,131,9,1,2022,10,2022-07-03,hamilton,HAM,Lewis,Hamilton,British,mercedes,Mercedes,German,Silverstone Circuit,British Grand Prix,Silverstone,UK,153,5.891,306.332,False,high_speed,52,8276536,3,16.0,,
1083,844,6,9,1,2022,10,2022-07-03,leclerc,LEC,Charles,Leclerc,Monegasque,ferrari,Ferrari,Italian,Silverstone Circuit,British Grand Prix,Silverstone,UK,153,5.891,306.332,False,high_speed,52,8278857,4,12.0,,
1083,4,214,9,1,2022,10,2022-07-03,alonso,ALO,Fernando,Alonso,Spanish,alpine,Alpine F1 Team,French,Silverstone Circuit,British Grand Prix,Silverstone,UK,153,5.891,306.332,False,high_speed,52,8279882,5,10.0,,
1083,846,1,9,1,2022,10,2022-07-03,norris,NOR,Lando,Norris,British,mclaren,McLaren,British,Silverstone Circuit,British Grand Prix,Silverstone,UK,153,5.891,306.332,False,high_speed,52,8282254,6,8.0,,
1083,830,9,9,1,2022,10,2022-07-03,max_verstappen,VER,Max,Verstappen,Dutch,red_bull,Red Bull,Austrian,Silverstone Circuit,British Grand Prix,Silverstone,UK,153,5.891,306.332,False,high_speed,52,8289088,7,6.0,,
1083,854,210,9,1,2022,10,2022-07-03,mick_schumacher,MSC,Mick,Schumacher,German,haas,Haas F1 Team,American,Silverstone Circuit,British Grand Prix,Silverstone,UK,153,5.891,306.332,False,high_speed,52,8289306,8,4.0,,
1083,20,117,9,1,2022,10,2022-07-03,vettel,VET,Sebastian,Vettel,German,aston_martin,Aston Martin,British,Silverstone Circuit,British Grand Prix,Silverstone,UK,153,5.891,306.332,False,high_speed,52,8292667,9,2.0,,
1083,825,210,9,1,2022,10,2022-07-03,kevin_magnussen,MAG,Kevin,Magnussen,Danish,haas,Haas F1 Team,American,Silverstone Circuit,British Grand Prix,Silverstone,UK,153,5.891,306.332,False,high_speed,52,8294901,10,1.0,,
1083,840,117,9,1,2022,10,2022-07-03,stroll,STR,Lance,Stroll,Canadian,aston_martin,Aston Martin,British,Silverstone Circuit,British Grand Prix,Silverstone,UK,153,5.891,306.332,False,high_speed,52,8296458,11,0.0,,
1083,849,3,9,1,2022,10,2022-07-03,latifi,LAT,Nicholas,Latifi,Canadian,williams,Williams,British,Silverstone Circuit,British Grand Prix,Silverstone,UK,153,5.891,306.332,False,high_speed,52,8302822,12,0.0,,
1083,817,1,9,1,2022,10,2022-07-03,ricciardo,RIC,Daniel,Ricciardo,Australian,mclaren,McLaren,British,Silverstone Circuit,British Grand Prix,Silverstone,UK,153,5.891,306.332,False,high_speed,52,8303128,13,0.0,,
1083,852,213,9,1,2022,10,2022-07-03,tsunoda,TSU,Yuki,Tsunoda,Japanese,alphatauri,AlphaTauri,Italian,Silverstone Circuit,British Grand Prix,Silverstone,UK,153,5.891,306.332,False,high_speed,52,8311221,14,0.0,,
1083,839,214,9,48,2022,10,2022-07-03,ocon,OCO,Esteban,Ocon,French,alpine,Alpine F1 Team,French,Silverstone Circuit,British Grand Prix,Silverstone,UK,153,5.891,306.332,False,high_speed,37,\N,\N,0.0,,
1083,842,213,9,130,2022,10,2022-07-03,gasly,GAS,Pierre,Gasly,French,alphatauri,AlphaTauri,Italian,Silverstone Circuit,British Grand Prix,Silverstone,UK,153,5.891,306.332,False,high_speed,26,\N,\N,0.0,,
1083,822,51,9,6,2022,10,2022-07-03,bottas,BOT,Valtteri,Bottas,Finnish,alfa,Alfa Romeo,Swiss,Silverstone Circuit,British Grand Prix,Silverstone,UK,153,5.891,306.332,False,high_speed,20,\N,\N,0.0,,
1083,847,131,9,4,2022,10,2022-07-03,russell,RUS,George,Russell,British,mercedes,Mercedes,German,Silverstone Circuit,British Grand Prix,Silverstone,UK,153,5.891,306.332,False,high_speed,0,\N,\N,0.0,,
1083,855,51,9,4,2022,10,2022-07-03,zhou,ZHO,Guanyu,Zhou,Chinese,alfa,Alfa Romeo,Swiss,Silverstone Circuit,British Grand Prix,Silverstone,UK,153,5.891,306.332,False,high_speed,0,\N,\N,0.0,,
1083,848,3,9,4,2022,10,2022-07-03,albon,ALB,Alexander,Albon,Thai,williams,Williams,British,Silverstone Circuit,British Grand Prix,Silverstone,UK,153,5.891,306.332,False,high_speed,0,\N,\N,0.0,,
1084,844,6,70,1,2022,11,2022-07-10,leclerc,LEC,Charles,Leclerc,Monegasque,ferrari,Ferrari,Italian,Red Bull Ring,Austrian Grand Prix,Spielberg,Austria,678,4.326,307.146,False,high_speed,71,5064312,1,25.0,2,7.0
1084,830,9,70,1,2022,11,2022-07-10,max_verstappen,VER,Max,Verstappen,Dutch,red_bull,Red Bull,Austrian,Red Bull Ring,Austrian Grand Prix,Spielberg,Austria,678,4.326,307.146,False,high_speed,71,5065844,2,19.0,1,8.0
1084,1,131,70,1,2022,11,2022-07-10,hamilton,HAM,Lewis,Hamilton,British,mercedes,Mercedes,German,Red Bull Ring,Austrian Grand Prix,Spielberg,Austria,678,4.326,307.146,False,high_speed,71,5105529,3,15.0,8,1.0
1084,847,131,70,1,2022,11,2022-07-10,russell,RUS,George,Russell,British,mercedes,Mercedes,German,Red Bull Ring,Austrian Grand Prix,Spielberg,Austria,678,4.326,307.146,False,high_speed,71,5123284,4,12.0,4,5.0
1084,839,214,70,1,2022,11,2022-07-10,ocon,OCO,Esteban,Ocon,French,alpine,Alpine F1 Team,French,Red Bull Ring,Austrian Grand Prix,Spielberg,Austria,678,4.326,307.146,False,high_speed,71,5132748,5,10.0,6,3.0
1084,854,210,70,11,2022,11,2022-07-10,mick_schumacher,MSC,Mick,Schumacher,German,haas,Haas F1 Team,American,Red Bull Ring,Austrian Grand Prix,Spielberg,Austria,678,4.326,307.146,False,high_speed,70,\N,6,8.0,9,0.0
1084,846,1,70,11,2022,11,2022-07-10,norris,NOR,Lando,Norris,British,mclaren,McLaren,British,Red Bull Ring,Austrian Grand Prix,Spielberg,Austria,678,4.326,307.146,False,high_speed,70,\N,7,6.0,11,0.0
1084,825,210,70,11,2022,11,2022-07-10,kevin_magnussen,MAG,Kevin,Magnussen,Danish,haas,Haas F1 Team,American,Red Bull Ring,Austrian Grand Prix,Spielberg,Austria,678,4.326,307.146,False,high_speed,70,\N,8,4.0,7,2.0
1084,817,1,70,11,2022,11,2022-07-10,ricciardo,RIC,Daniel,Ricciardo,Australian,mclaren,McLaren,British,Red Bull Ring,Austrian Grand Prix,Spielberg,Austria,678,4.326,307.146,False,high_speed,70,\N,9,2.0,12,0.0
1084,4,214,70,11,2022,11,2022-07-10,alonso,ALO,Fernando,Alonso,Spanish,alpine,Alpine F1 Team,French,Red Bull Ring,Austrian Grand Prix,Spielberg,Austria,678,4.326,307.146,False,high_speed,70,\N,10,1.0,\N,0.0
1084,822,51,70,11,2022,11,2022-07-10,bottas,BOT,Valtteri,Bottas,Finnish,alfa,Alfa Romeo,Swiss,Red Bull Ring,Austrian Grand Prix,Spielberg,Austria,678,4.326,307.146,False,high_speed,70,\N,11,0.0,10,0.0
1084,848,3,70,11,2022,11,2022-07-10,albon,ALB,Alexander,Albon,Thai,williams,Williams,British,Red Bull Ring,Austrian Grand Prix,Spielberg,Austria,678,4.326,307.146,False,high_speed,70,\N,12,0.0,16,0.0
1084,840,117,70,11,2022,11,2022-07-10,stroll,STR,Lance,Stroll,Canadian,aston_martin,Aston Martin,British,Red Bull Ring,Austrian Grand Prix,Spielberg,Austria,678,4.326,307.146,False,high_speed,70,\N,13,0.0,13,0.0
1084,855,51,70,11,2022,11,2022-07-10,zhou,ZHO,Guanyu,Zhou,Chinese,alfa,Alfa Romeo,Swiss,Red Bull Ring,Austrian Grand Prix,Spielberg,Austria,678,4.326,307.146,False,high_speed,70,\N,14,0.0,14,0.0
1084,842,213,70,11,2022,11,2022-07-10,gasly,GAS,Pierre,Gasly,French,alphatauri,AlphaTauri,Italian,Red Bull Ring,Austrian Grand Prix,Spielberg,Austria,678,4.326,307.146,False,high_speed,70,\N,15,0.0,15,0.0
1084,852,213,70,11,2022,11,2022-07-10,tsunoda,TSU,Yuki,Tsunoda,Japanese,alphatauri,AlphaTauri,Italian,Red Bull Ring,Austrian Grand Prix,Spielberg,Austria,678,4.326,307.146,False,high_speed,70,\N,16,0.0,17,0.0
1084,20,117,70,11,2022,11,2022-07-10,vettel,VET,Sebastian,Vettel,German,aston_martin,Aston Martin,British,Red Bull Ring,Austrian Grand Prix,Spielberg,Austria,678,4.326,307.146,False,high_speed,70,\N,17,0.0,19,0.0
1084,832,6,70,131,2022,11,2022-07-10,sainz,SAI,Carlos,Sainz,Spanish,ferrari,Ferrari,Italian,Red Bull Ring,Austrian Grand Prix,Spielberg,Austria,678,4.326,307.146,False,high_speed,56,\N,\N,0.0,3,6.0
1084,849,3,70,140,2022,11,2022-07-10,latifi,LAT,Nicholas,Latifi,Canadian,williams,Williams,British,Red Bull Ring,Austrian Grand Prix,Spielberg,Austria,678,4.326,307.146,False,high_speed,48,\N,\N,0.0,18,0.0
1084,815,9,70,130,2022,11,2022-07-10,perez,PER,Sergio,Pérez,Mexican,red_bull,Red Bull,Austrian,Red Bull Ring,Austrian Grand Prix,Spielberg,Austria,678,4.326,307.146,False,high_speed,24,\N,\N,0.0,5,4.0
1085,830,9,34,1,2022,12,2022-07-24,max_verstappen,VER,Max,Verstappen,Dutch,red_bull,Red Bull,Austrian,Circuit Paul Ricard,French Grand Prix,Le Castellet,France,432,5.842,309.626,False,balanced,53,5402112,1,25.0,,
1085,1,131,34,1,2022,12,2022-07-24,hamilton,HAM,Lewis,Hamilton,British,mercedes,Mercedes,German,Circuit Paul Ricard,French Grand Prix,Le Castellet,France,432,5.842,309.626,False,balanced,53,5412699,2,18.0,,
1085,847,131,34,1,2022,12,2022-07-24,russell,RUS,George,Russell,British,mercedes,Mercedes,German,Circuit Paul Ricard,French Grand Prix,Le Castellet,France,432,5.842,309.626,False,balanced,53,5418607,3,15.0,,
1085,815,9,34,1,2022,12,2022-07-24,perez,PER,Sergio,Pérez,Mexican,red_bull,Red Bull,Austrian,Circuit Paul Ricard,French Grand Prix,Le Castellet,France,432,5.842,309.626,False,balanced,53,5419422,4,12.0,,
1085,832,6,34,1,2022,12,2022-07-24,sainz,SAI,Carlos,Sainz,Spanish,ferrari,Ferrari,Italian,Circuit Paul Ricard,French Grand Prix,Le Castellet,France,432,5.842,309.626,False,balanced,53,5430984,5,11.0,,
1085,4,214,34,1,2022,12,2022-07-24,alonso,ALO,Fernando,Alonso,Spanish,alpine,Alpine F1 Team,French,Circuit Paul Ricard,French Grand Prix,Le Castellet,France,432,5.842,309.626,False,balanced,53,5444991,6,8.0,,
1085,846,1,34,1,2022,12,2022-07-24,norris,NOR,Lando,Norris,British,mclaren,McLaren,British,Circuit Paul Ricard,French Grand Prix,Le Castellet,France,432,5.842,309.626,False,balanced,53,5454138,7,6.0,,
1085,839,214,34,1,2022,12,2022-07-24,ocon,OCO,Esteban,Ocon,French,alpine,Alpine F1 Team,French,Circuit Paul Ricard,French Grand Prix,Le Castellet,France,432,5.842,309.626,False,balanced,53,5459071,8,4.0,,
1085,817,1,34,1,2022,12,2022-07-24,ricciardo,RIC,Daniel,Ricciardo,Australian,mclaren,McLaren,British,Circuit Paul Ricard,French Grand Prix,Le Castellet,France,432,5.842,309.626,False,balanced,53,5462484,9,2.0,,
1085,840,117,34,1,2022,12,2022-07-24,stroll,STR,Lance,Stroll,Canadian,aston_martin,Aston Martin,British,Circuit Paul Ricard,French Grand Prix,Le Castellet,France,432,5.842,309.626,False,balanced,53,5464661,10,1.0,,
1085,20,117,34,1,2022,12,2022-07-24,vettel,VET,Sebastian,Vettel,German,aston_martin,Aston Martin,British,Circuit Paul Ricard,French Grand Prix,Le Castellet,France,432,5.842,309.626,False,balanced,53,5466606,11,0.0,,
1085,842,213,34,1,2022,12,2022-07-24,gasly,GAS,Pierre,Gasly,French,alphatauri,AlphaTauri,Italian,Circuit Paul Ricard,French Grand Prix,Le Castellet,France,432,5.842,309.626,False,balanced,53,5467560,12,0.0,,
1085,848,3,34,1,2022,12,2022-07-24,albon,ALB,Alexander,Albon,Thai,williams,Williams,British,Circuit Paul Ricard,French Grand Prix,Le Castellet,France,432,5.842,309.626,False,balanced,53,5470677,13,0.0,,
1085,822,51,34,1,2022,12,2022-07-24,bottas,BOT,Valtteri,Bottas,Finnish,alfa,Alfa Romeo,Swiss,Circuit Paul Ricard,French Grand Prix,Le Castellet,France,432,5.842,309.626,False,balanced,53,5478778,14,0.0,,
1085,854,210,34,1,2022,12,2022-07-24,mick_schumacher,MSC,Mick,Schumacher,German,haas,Haas F1 Team,American,Circuit Paul Ricard,French Grand Prix,Le Castellet,France,432,5.842,309.626,False,balanced,53,5482506,15,0.0,,
1085,855,51,34,16,2022,12,2022-07-24,zhou,ZHO,Guanyu,Zhou,Chinese,alfa,Alfa Romeo,Swiss,Circuit Paul Ricard,French Grand Prix,Le Castellet,France,432,5.842,309.626,False,balanced,47,\N,16,0.0,,
1085,849,3,34,130,2022,12,2022-07-24,latifi,LAT,Nicholas,Latifi,Canadian,williams,Williams,British,Circuit Paul Ricard,French Grand Prix,Le Castellet,France,432,5.842,309.626,False,balanced,40,\N,\N,0.0,,
1085,825,210,34,130,2022,12,2022-07-24,kevin_magnussen,MAG,Kevin,Magnussen,Danish,haas,Haas F1 Team,American,Circuit Paul Ricard,French Grand Prix,Le Castellet,France,432,5.842,309.626,False,balanced,37,\N,\N,0.0,,
1085,844,6,34,3,2022,12,2022-07-24,leclerc,LEC,Charles,Leclerc,Monegasque,ferrari,Ferrari,Italian,Circuit Paul Ricard,French Grand Prix,Le Castellet,France,432,5.842,309.626,False,balanced,17,\N,\N,0.0,,
1085,852,213,34,140,2022,12,2022-07-24,tsunoda,TSU,Yuki,Tsunoda,Japanese,alphatauri,AlphaTauri,Italian,Circuit Paul Ricard,French Grand Prix,Le Castellet,France,432,5.842,309.626,False,balanced,17,\N,\N,0.0,,
1086,830,9,11,1,2022,13,2022-07-31,max_verstappen,VER,Max,Verstappen,Dutch,red_bull,Red Bull,Austrian,Hungaroring,Hungarian Grand Prix,Budapest,Hungary,264,4.381,306.67,False,technical,70,5975912,1,25.0,,
1086,1,131,11,1,2022,13,2022-07-31,hamilton,HAM,Lewis,Hamilton,British,mercedes,Mercedes,German,Hungaroring,Hungarian Grand Prix,Budapest,Hungary,264,4.381,306.67,False,technical,70,5983746,2,19.0,,
1086,847,131,11,1,2022,13,2022-07-31,russell,RUS,George,Russell,British,mercedes,Mercedes,German,Hungaroring,Hungarian Grand Prix,Budapest,Hungary,264,4.381,306.67,False,technical,70,5988249,3,15.0,,
1086,832,6,11,1,2022,13,2022-07-31,sainz,SAI,Carlos,Sainz,Spanish,ferrari,Ferrari,Italian,Hungaroring,Hungarian Grand Prix,Budapest,Hungary,264,4.381,306.67,False,technical,70,5990491,4,12.0,,
1086,815,9,11,1,2022,13,2022-07-31,perez,PER,Sergio,Pérez,Mexican,red_bull,Red Bull,Austrian,Hungaroring,Hungarian Grand Prix,Budapest,Hungary,264,4.381,306.67,False,technical,70,5991600,5,10.0,,
1086,844,6,11,1,2022,13,2022-07-31,leclerc,LEC,Charles,Leclerc,Monegasque,ferrari,Ferrari,Italian,Hungaroring,Hungarian Grand Prix,Budapest,Hungary,264,4.381,306.67,False,technical,70,5991959,6,8.0,,
1086,846,1,11,1,2022,13,2022-07-31,norris,NOR,Lando,Norris,British,mclaren,McLaren,British,Hungaroring,Hungarian Grand Prix,Budapest,Hungary,264,4.381,306.67,False,technical,70,6054212,7,6.0,,
1086,4,214,11,11,2022,13,2022-07-31,alonso,ALO,Fernando,Alonso,Spanish,alpine,Alpine F1 Team,French,Hungaroring,Hungarian Grand Prix,Budapest,Hungary,264,4.381,306.67,False,technical,69,\N,8,4.0,,
1086,839,214,11,11,2022,13,2022-07-31,ocon,OCO,Esteban,Ocon,French,alpine,Alpine F1 Team,French,Hungaroring,Hungarian Grand Prix,Budapest,Hungary,264,4.381,306.67,False,technical,69,\N,9,2.0,,
1086,20,117,11,11,2022,13,2022-07-31,vettel,VET,Sebastian,Vettel,German,aston_martin,Aston Martin,British,Hungaroring,Hungarian Grand Prix,Budapest,Hungary,264,4.381,306.67,False,technical,69,\N,10,1.0,,
1086,840,117,11,11,2022,13,2022-07-31,stroll,STR,Lance,Stroll,Canadian,aston_martin,Aston Martin,British,Hungaroring,Hungarian Grand Prix,Budapest,Hungary,264,4.381,306.67,False,technical,69,\N,11,0.0,,
1086,842,213,11,11,2022,13,2022-07-31,gasly,GAS,Pierre,Gasly,French,alphatauri,AlphaTauri,Italian,Hungaroring,Hungarian Grand Prix,Budapest,Hungary,264,4.381,306.67,False,technical,69,\N,12,0.0,,
1086,855,51,11,11,2022,13,2022-07-31,zhou,ZHO,Guanyu,Zhou,Chinese,alfa,Alfa Romeo,Swiss,Hungaroring,Hungarian Grand Prix,Budapest,Hungary,264,4.381,306.67,False,technical,69,\N,13,0.0,,
1086,854,210,11,11,2022,13,2022-07-31,mick_schumacher,MSC,Mick,Schumacher,German,haas,Haas F1 Team,American,Hungaroring,Hungarian Grand Prix,Budapest,Hungary,264,4.381,306.67,False,technical,69,\N,14,0.0,,
1086,817,1,11,11,2022,13,2022-07-31,ricciardo,RIC,Daniel,Ricciardo,Australian,mclaren,McLaren,British,Hungaroring,Hungarian Grand Prix,Budapest,Hungary,264,4.381,306.67,False,technical,69,\N,15,0.0,,
1086,825,210,11,11,2022,13,2022-07-31,kevin_magnussen,MAG,Kevin,Magnussen,Danish,haas,Haas F1 Team,American,Hungaroring,Hungarian Grand Prix,Budapest,Hungary,264,4.381,306.67,False,technical,69,\N,16,0.0,,
1086,848,3,11,11,2022,13,2022-07-31,albon,ALB,Alexander,Albon,Thai,williams,Williams,British,Hungaroring,Hungarian Grand Prix,Budapest,Hungary,264,4.381,306.67,False,technical,69,\N,17,0.0,,
1086,849,3,11,11,2022,13,2022-07-31,latifi,LAT,Nicholas,Latifi,Canadian,williams,Williams,British,Hungaroring,Hungarian Grand Prix,Budapest,Hungary,264,4.381,306.67,False,technical,69,\N,18,0.0,,
1086,852,213,11,12,2022,13,2022-07-31,tsunoda,TSU,Yuki,Tsunoda,Japanese,alphatauri,AlphaTauri,Italian,Hungaroring,Hungarian Grand Prix,Budapest,Hungary,264,4.381,306.67,False,technical,68,\N,19,0.0,,
1086,822,51,11,131,2022,13,2022-07-31,bottas,BOT,Valtteri,Bottas,Finnish,alfa,Alfa Romeo,Swiss,Hungaroring,Hungarian Grand Prix,Budapest,Hungary,264,4.381,306.67,False,technical,65,\N,20,0.0,,
1087,830,9,13,1,2022,14,2022-08-28,max_verstappen,VER,Max,Verstappen,Dutch,red_bull,Red Bull,Austrian,Circuit de Spa-Francorchamps,Belgian Grand Prix,Spa,Belgium,401,7.004,308.176,False,high_speed,44,5152894,1,26.0,,
1087,815,9,13,1,2022,14,2022-08-28,perez,PER,Sergio,Pérez,Mexican,red_bull,Red Bull,Austrian,Circuit de Spa-Francorchamps,Belgian Grand Prix,Spa,Belgium,401,7.004,308.176,False,high_speed,44,5170735,2,18.0,,
1087,832,6,13,1,2022,14,2022-08-28,sainz,SAI,Carlos,Sainz,Spanish,ferrari,Ferrari,Italian,Circuit de Spa-Francorchamps,Belgian Grand Prix,Spa,Belgium,401,7.004,308.176,False,high_speed,44,5179780,3,15.0,,
1087,847,131,13,1,2022,14,2022-08-28,russell,RUS,George,Russell,British,mercedes,Mercedes,German,Circuit de Spa-Francorchamps,Belgian Grand Prix,Spa,Belgium,401,7.004,308.176,False,high_speed,44,5182034,4,12.0,,
1087,4,214,13,1,2022,14,2022-08-28,alonso,ALO,Fernando,Alonso,Spanish,alpine,Alpine F1 Team,French,Circuit de Spa-Francorchamps,Belgian Grand Prix,Spa,Belgium,401,7.004,308.176,False,high_speed,44,5226150,5,10.0,,
1087,844,6,13,1,2022,14,2022-08-28,leclerc,LEC,Charles,Leclerc,Monegasque,ferrari,Ferrari,Italian,Circuit de Spa-Francorchamps,Belgian Grand Prix,Spa,Belgium,401,7.004,308.176,False,high_speed,44,5227830,6,8.0,,
1087,839,214,13,1,2022,14,2022-08-28,ocon,OCO,Esteban,Ocon,French,alpine,Alpine F1 Team,French,Circuit de Spa-Francorchamps,Belgian Grand Prix,Spa,Belgium,401,7.004,308.176,False,high_speed,44,5228534,7,6.0,,
1087,20,117,13,1,2022,14,2022-08-28,vettel,VET,Sebastian,Vettel,German,aston_martin,Aston Martin,British,Circuit de Spa-Francorchamps,Belgian Grand Prix,Spa,Belgium,401,7.004,308.176,False,high_speed,44,5231001,8,4.0,,
1087,842,213,13,1,2022,14,2022-08-28,gasly,GAS,Pierre,Gasly,French,alphatauri,AlphaTauri,Italian,Circuit de Spa-Francorchamps,Belgian Grand Prix,Spa,Belgium,401,7.004,308.176,False,high_speed,44,5245075,9,2.0,,
1087,848,3,13,1,2022,14,2022-08-28,albon,ALB,Alexander,Albon,Thai,williams,Williams,British,Circuit de Spa-Francorchamps,Belgian Grand Prix,Spa,Belgium,401,7.004,308.176,False,high_speed,44,5254794,10,1.0,,
1087,840,117,13,1,2022,14,2022-08-28,stroll,STR,Lance,Stroll,Canadian,aston_martin,Aston Martin,British,Circuit de Spa-Francorchamps,Belgian Grand Prix,Spa,Belgium,401,7.004,308.176,False,high_speed,44,5255972,11,0.0,,
1087,846,1,13,1,2022,14,2022-08-28,norris,NOR,Lando,Norris,British,mclaren,McLaren,British,Circuit de Spa-Francorchamps,Belgian Grand Prix,Spa,Belgium,401,7.004,308.176,False,high_speed,44,5257633,12,0.0,,
1087,852,213,13,1,2022,14,2022-08-28,tsunoda,TSU,Yuki,Tsunoda,Japanese,alphatauri,AlphaTauri,Italian,Circuit de Spa-Francorchamps,Belgian Grand Prix,Spa,Belgium,401,7.004,308.176,False,high_speed,44,5258111,13,0.0,,
1087,855,51,13,1,2022,14,2022-08-28,zhou,ZHO,Guanyu,Zhou,Chinese,alfa,Alfa Romeo,Swiss,Circuit de Spa-Francorchamps,Belgian Grand Prix,Spa,Belgium,401,7.004,308.176,False,high_speed,44,5259146,14,0.0,,
1087,817,1,13,1,2022,14,2022-08-28,ricciardo,RIC,Daniel,Ricciardo,Australian,mclaren,McLaren,British,Circuit de Spa-Francorchamps,Belgian Grand Prix,Spa,Belgium,401,7.004,308.176,False,high_speed,44,5260057,15,0.0,,
1087,825,210,13,11,2022,14,2022-08-28,kevin_magnussen,MAG,Kevin,Magnussen,Danish,haas,Haas F1 Team,American,Circuit de Spa-Francorchamps,Belgian Grand Prix,Spa,Belgium,401,7.004,308.176,False,high_speed,43,\N,16,0.0,,
1087,854,210,13,11,2022,14,2022-08-28,mick_schumacher,MSC,Mick,Schumacher,German,haas,Haas F1 Team,American,Circuit de Spa-Francorchamps,Belgian Grand Prix,Spa,Belgium,401,7.004,308.176,False,high_speed,43,\N,17,0.0,,
1087,849,3,13,11,2022,14,2022-08-28,latifi,LAT,Nicholas,Latifi,Canadian,williams,Williams,British,Circuit de Spa-Francorchamps,Belgian Grand Prix,Spa,Belgium,401,7.004,308.176,False,high_speed,43,\N,18,0.0,,
1087,822,51,13,3,2022,14,2022-08-28,bottas,BOT,Valtteri,Bottas,Finnish,alfa,Alfa Romeo,Swiss,Circuit de Spa-Francorchamps,Belgian Grand Prix,Spa,Belgium,401,7.004,308.176,False,high_speed,1,\N,\N,0.0,,
1087,1,131,13,130,2022,14,2022-08-28,hamilton,HAM,Lewis,Hamilton,British,mercedes,Mercedes,German,Circuit de Spa-Francorchamps,Belgian Grand Prix,Spa,Belgium,401,7.004,308.176,False,high_speed,0,\N,\N,0.0,,
1088,830,9,39,1,2022,15,2022-09-04,max_verstappen,VER,Max,Verstappen,Dutch,red_bull,Red Bull,Austrian,Circuit Park Zandvoort,Dutch Grand Prix,Zandvoort,Netherlands,6,4.259,306.648,False,balanced,72,5802773,1,26.0,,
1088,847,131,39,1,2022,15,2022-09-04,russell,RUS,George,Russell,British,mercedes,Mercedes,German,Circuit Park Zandvoort,Dutch Grand Prix,Zandvoort,Netherlands,6,4.259,306.648,False,balanced,72,5806844,2,18.0,,
1088,844,6,39,1,2022,15,2022-09-04,leclerc,LEC,Charles,Leclerc,Monegasque,ferrari,Ferrari,Italian,Circuit Park Zandvoort,Dutch Grand Prix,Zandvoort,Netherlands,6,4.259,306.648,False,balanced,72,5813702,3,15.0,,
1088,1,131,39,1,2022,15,2022-09-04,hamilton,HAM,Lewis,Hamilton,British,mercedes,Mercedes,German,Circuit Park Zandvoort,Dutch Grand Prix,Zandvoort,Netherlands,6,4.259,306.648,False,balanced,72,5815789,4,12.0,,
1088,815,9,39,1,2022,15,2022-09-04,perez,PER,Sergio,Pérez,Mexican,red_bull,Red Bull,Austrian,Circuit Park Zandvoort,Dutch Grand Prix,Zandvoort,Netherlands,6,4.259,306.648,False,balanced,72,5820941,5,10.0,,
1088,4,214,39,1,2022,15,2022-09-04,alonso,ALO,Fernando,Alonso,Spanish,alpine,Alpine F1 Team,French,Circuit Park Zandvoort,Dutch Grand Prix,Zandvoort,Netherlands,6,4.259,306.648,False,balanced,72,5821527,6,8.0,,
1088,846,1,39,1,2022,15,2022-09-04,norris,NOR,Lando,Norris,British,mclaren,McLaren,British,Circuit Park Zandvoort,Dutch Grand Prix,Zandvoort,Netherlands,6,4.259,306.648,False,balanced,72,5822079,7,6.0,,
1088,832,6,39,1,2022,15,2022-09-04,sainz,SAI,Carlos,Sainz,Spanish,ferrari,Ferrari,Italian,Circuit Park Zandvoort,Dutch Grand Prix,Zandvoort,Netherlands,6,4.259,306.648,False,balanced,72,5823689,8,4.0,,
1088,839,214,39,1,2022,15,2022-09-04,ocon,OCO,Esteban,Ocon,French,alpine,Alpine F1 Team,French,Circuit Park Zandvoort,Dutch Grand Prix,Zandvoort,Netherlands,6,4.259,306.648,False,balanced,72,5823890,9,2.0,,
1088,840,117,39,1,2022,15,2022-09-04,stroll,STR,Lance,Stroll,Canadian,aston_martin,Aston Martin,British,Circuit Park Zandvoort,Dutch Grand Prix,Zandvoort,Netherlands,6,4.259,306.648,False,balanced,72,5825232,10,1.0,,
1088,842,213,39,1,2022,15,2022-09-04,gasly,GAS,Pierre,Gasly,French,alphatauri,AlphaTauri,Italian,Circuit Park Zandvoort,Dutch Grand Prix,Zandvoort,Netherlands,6,4.259,306.648,False,balanced,72,5829782,11,0.0,,
1088,848,3,39,1,2022,15,2022-09-04,albon,ALB,Alexander,Albon,Thai,williams,Williams,British,Circuit Park Zandvoort,Dutch Grand Prix,Zandvoort,Netherlands,6,4.259,306.648,False,balanced,72,5833163,12,0.0,,
1088,854,210,39,1,2022,15,2022-09-04,mick_schumacher,MSC,Mick,Schumacher,German,haas,Haas F1 Team,American,Circuit Park Zandvoort,Dutch Grand Prix,Zandvoort,Netherlands,6,4.259,306.648,False,balanced,72,5835768,13,0.0,,
1088,20,117,39,1,2022,15,2022-09-04,vettel,VET,Sebastian,Vettel,German,aston_martin,Aston Martin,British,Circuit Park Zandvoort,Dutch Grand Prix,Zandvoort,Netherlands,6,4.259,306.648,False,balanced,72,5838780,14,0.0,,
1088,825,210,39,1,2022,15,2022-09-04,kevin_magnussen,MAG,Kevin,Magnussen,Danish,haas,Haas F1 Team,American,Circuit Park Zandvoort,Dutch Grand Prix,Zandvoort,Netherlands,6,4.259,306.648,False,balanced,72,5839642,15,0.0,,
1088,855,51,39,1,2022,15,2022-09-04,zhou,ZHO,Guanyu,Zhou,Chinese,alfa,Alfa Romeo,Swiss,Circuit Park Zandvoort,Dutch Grand Prix,Zandvoort,Netherlands,6,4.259,306.648,False,balanced,72,5840093,16,0.0,,
1088,817,1,39,1,2022,15,2022-09-04,ricciardo,RIC,Daniel,Ricciardo,Australian,mclaren,McLaren,British,Circuit Park Zandvoort,Dutch Grand Prix,Zandvoort,Netherlands,6,4.259,306.648,False,balanced,72,5840537,17,0.0,,
1088,849,3,39,11,2022,15,2022-09-04,latifi,LAT,Nicholas,Latifi,Canadian,williams,Williams,British,Circuit Park Zandvoort,Dutch Grand Prix,Zandvoort,Netherlands,6,4.259,306.648,False,balanced,71,\N,18,0.0,,
1088,822,51,39,5,2022,15,2022-09-04,bottas,BOT,Valtteri,Bottas,Finnish,alfa,Alfa Romeo,Swiss,Circuit Park Zandvoort,Dutch Grand Prix,Zandvoort,Netherlands,6,4.259,306.648,False,balanced,53,\N,\N,0.0,,
1088,852,213,39,24,2022,15,2022-09-04,tsunoda,TSU,Yuki,Tsunoda,Japanese,alphatauri,AlphaTauri,Italian,Circuit Park Zandvoort,Dutch Grand Prix,Zandvoort,Netherlands,6,4.259,306.648,False,balanced,43,\N,\N,0.0,,
1089,830,9,14,1,2022,16,2022-09-11,max_verstappen,VER,Max,Verstappen,Dutch,red_bull,Red Bull,Austrian,Autodromo Nazionale di Monza,Italian Grand Prix,Monza,Italy,162,5.793,307.029,False,high_speed,53,4827511,1,25.0,,
1089,844,6,14,1,2022,16,2022-09-11,leclerc,LEC,Charles,Leclerc,Monegasque,ferrari,Ferrari,Italian,Autodromo Nazionale di Monza,Italian Grand Prix,Monza,Italy,162,5.793,307.029,False,high_speed,53,4829957,2,18.0,,
1089,847,131,14,1,2022,16,2022-09-11,russell,RUS,George,Russell,British,mercedes,Mercedes,German,Autodromo Nazionale di Monza,Italian Grand Prix,Monza,Italy,162,5.793,307.029,False,high_speed,53,4830916,3,15.0,,
1089,832,6,14,1,2022,16,2022-09-11,sainz,SAI,Carlos,Sainz,Spanish,ferrari,Ferrari,Italian,Autodromo Nazionale di Monza,Italian Grand Prix,Monza,Italy,162,5.793,307.029,False,high_speed,53,4832572,4,12.0,,
1089,1,131,14,1,2022,16,2022-09-11,hamilton,HAM,Lewis,Hamilton,British,mercedes,Mercedes,German,Autodromo Nazionale di Monza,Italian Grand Prix,Monza,Italy,162,5.793,307.029,False,high_speed,53,4832891,5,10.0,,
1089,815,9,14,1,2022,16,2022-09-11,perez,PER,Sergio,Pérez,Mexican,red_bull,Red Bull,Austrian,Autodromo Nazionale di Monza,Italian Grand Prix,Monza,Italy,162,5.793,307.029,False,high_speed,53,4833602,6,9.0,,
1089,846,1,14,1,2022,16,2022-09-11,norris,NOR,Lando,Norris,British,mclaren,McLaren,British,Autodromo Nazionale di Monza,Italian Grand Prix,Monza,Italy,162,5.793,307.029,False,high_speed,53,4833718,7,6.0,,
1089,842,213,14,1,2022,16,2022-09-11,gasly,GAS,Pierre,Gasly,French,alphatauri,AlphaTauri,Italian,Autodromo Nazionale di Monza,Italian Grand Prix,Monza,Italy,162,5.793,307.029,False,high_speed,53,4833907,8,4.0,,
1089,856,3,14,1,2022,16,2022-09-11,de_vries,DEV,Nyck,de Vries,Dutch,williams,Williams,British,Autodromo Nazionale di Monza,Italian Grand Prix,Monza,Italy,162,5.793,307.029,False,high_speed,53,4834633,9,2.0,,
1089,855,51,14,1,2022,16,2022-09-11,zhou,ZHO,Guanyu,Zhou,Chinese,alfa,Alfa Romeo,Swiss,Autodromo Nazionale di Monza,Italian Grand Prix,Monza,Italy,162,5.793,307.029,False,high_speed,53,4835421,10,1.0,,
1089,839,214,14,1,2022,16,2022-09-11,ocon,OCO,Esteban,Ocon,French,alpine,Alpine F1 Team,French,Autodromo Nazionale di Monza,Italian Grand Prix,Monza,Italy,162,5.793,307.029,False,high_speed,53,4835834,11,0.0,,
1089,854,210,14,1,2022,16,2022-09-11,mick_schumacher,MSC,Mick,Schumacher,German,haas,Haas F1 Team,American,Autodromo Nazionale di Monza,Italian Grand Prix,Monza,Italy,162,5.793,307.029,False,high_speed,53,4836060,12,0.0,,
1089,822,51,14,11,2022,16,2022-09-11,bottas,BOT,Valtteri,Bottas,Finnish,alfa,Alfa Romeo,Swiss,Autodromo Nazionale di Monza,Italian Grand Prix,Monza,Italy,162,5.793,307.029,False,high_speed,52,\N,13,0.0,,
1089,852,213,14,11,2022,16,2022-09-11,tsunoda,TSU,Yuki,Tsunoda,Japanese,alphatauri,AlphaTauri,Italian,Autodromo Nazionale di Monza,Italian Grand Prix,Monza,Italy,162,5.793,307.029,False,high_speed,52,\N,14,0.0,,
1089,849,3,14,11,2022,16,2022-09-11,latifi,LAT,Nicholas,Latifi,Canadian,williams,Williams,British,Autodromo Nazionale di Monza,Italian Grand Prix,Monza,Italy,162,5.793,307.029,False,high_speed,52,\N,15,0.0,,
1089,825,210,14,11,2022,16,2022-09-11,kevin_magnussen,MAG,Kevin,Magnussen,Danish,haas,Haas F1 Team,American,Autodromo Nazionale di Monza,Italian Grand Prix,Monza,Italy,162,5.793,307.029,False,high_speed,52,\N,16,0.0,,
1089,817,1,14,44,2022,16,2022-09-11,ricciardo,RIC,Daniel,Ricciardo,Australian,mclaren,McLaren,British,Autodromo Nazionale di Monza,Italian Grand Prix,Monza,Italy,162,5.793,307.029,False,high_speed,45,\N,\N,0.0,,
1089,840,117,14,5,2022,16,2022-09-11,stroll,STR,Lance,Stroll,Canadian,aston_martin,Aston Martin,British,Autodromo Nazionale di Monza,Italian Grand Prix,Monza,Italy,162,5.793,307.029,False,high_speed,39,\N,\N,0.0,,
1089,4,214,14,34,2022,16,2022-09-11,alonso,ALO,Fernando,Alonso,Spanish,alpine,Alpine F1 Team,French,Autodromo Nazionale di Monza,Italian Grand Prix,Monza,Italy,162,5.793,307.029,False,high_speed,31,\N,\N,0.0,,
1089,20,117,14,5,2022,16,2022-09-11,vettel,VET,Sebastian,Vettel,German,aston_martin,Aston Martin,British,Autodromo Nazionale di Monza,Italian Grand Prix,Monza,Italy,162,5.793,307.029,False,high_speed,10,\N,\N,0.0,,
1091,815,9,15,1,2022,17,2022-10-02,perez,PER,Sergio,Pérez,Mexican,red_bull,Red Bull,Austrian,Marina Bay Street Circuit,Singapore Grand Prix,Marina Bay,Singapore,18,4.927,290.693,True,technical,59,7340238,1,25.0,,
1091,844,6,15,1,2022,17,2022-10-02,leclerc,LEC,Charles,Leclerc,Monegasque,ferrari,Ferrari,Italian,Marina Bay Street Circuit,Singapore Grand Prix,Marina Bay,Singapore,18,4.927,290.693,True,technical,59,7342833,2,18.0,,
1091,832,6,15,1,2022,17,2022-10-02,sainz,SAI,Carlos,Sainz,Spanish,ferrari,Ferrari,Italian,Marina Bay Street Circuit,Singapore Grand Prix,Marina Bay,Singapore,18,4.927,290.693,True,technical,59,7350543,3,15.0,,
1091,846,1,15,1,2022,17,2022-10-02,norris,NOR,Lando,Norris,British,mclaren,McLaren,British,Marina Bay Street Circuit,Singapore Grand Prix,Marina Bay,Singapore,18,4.927,290.693,True,technical,59,7361371,4,12.0,,
1091,817,1,15,1,2022,17,2022-10-02,ricciardo,RIC,Daniel,Ricciardo,Australian,mclaren,McLaren,British,Marina Bay Street Circuit,Singapore Grand Prix,Marina Bay,Singapore,18,4.927,290.693,True,technical,59,7393520,5,10.0,,
1091,840,117,15,1,2022,17,2022-10-02,stroll,STR,Lance,Stroll,Canadian,aston_martin,Aston Martin,British,Marina Bay Street Circuit,Singapore Grand Prix,Marina Bay,Singapore,18,4.927,290.693,True,technical,59,7396568,6,8.0,,
1091,830,9,15,1,2022,17,2022-10-02,max_verstappen,VER,Max,Verstappen,Dutch,red_bull,Red Bull,Austrian,Marina Bay Street Circuit,Singapore Grand Prix,Marina Bay,Singapore,18,4.927,290.693,True,technical,59,7399063,7,6.0,,
1091,20,117,15,1,2022,17,2022-10-02,vettel,VET,Sebastian,Vettel,German,aston_martin,Aston Martin,British,Marina Bay Street Circuit,Singapore Grand Prix,Marina Bay,Singapore,18,4.927,290.693,True,technical,59,7400270,8,4.0,,
1091,1,131,15,1,2022,17,2022-10-02,hamilton,HAM,Lewis,Hamilton,British,mercedes,Mercedes,German,Marina Bay Street Circuit,Singapore Grand Prix,Marina Bay,Singapore,18,4.927,290.693,True,technical,59,7401753,9,2.0,,
1091,842,213,15,1,2022,17,2022-10-02,gasly,GAS,Pierre,Gasly,French,alphatauri,AlphaTauri,Italian,Marina Bay Street Circuit,Singapore Grand Prix,Marina Bay,Singapore,18,4.927,290.693,True,technical,59,7409814,10,1.0,,
1091,822,51,15,1,2022,17,2022-10-02,bottas,BOT,Valtteri,Bottas,Finnish,alfa,Alfa Romeo,Swiss,Marina Bay Street Circuit,Singapore Grand Prix,Marina Bay,Singapore,18,4.927,290.693,True,technical,59,7429082,11,0.0,,
1091,825,210,15,1,2022,17,2022-10-02,kevin_magnussen,MAG,Kevin,Magnussen,Danish,haas,Haas F1 Team,American,Marina Bay Street Circuit,Singapore Grand Prix,Marina Bay,Singapore,18,4.927,290.693,True,technical,59,7432848,12,0.0,,
1091,854,210,15,11,2022,17,2022-10-02,mick_schumacher,MSC,Mick,Schumacher,German,haas,Haas F1 Team,American,Marina Bay Street Circuit,Singapore Grand Prix,Marina Bay,Singapore,18,4.927,290.693,True,technical,58,\N,13,0.0,,
1091,847,131,15,12,2022,17,2022-10-02,russell,RUS,George,Russell,British,mercedes,Mercedes,German,Marina Bay Street Circuit,Singapore Grand Prix,Marina Bay,Singapore,18,4.927,290.693,True,technical,57,\N,14,0.0,,
1091,852,213,15,3,2022,17,2022-10-02,tsunoda,TSU,Yuki,Tsunoda,Japanese,alphatauri,AlphaTauri,Italian,Marina Bay Street Circuit,Singapore Grand Prix,Marina Bay,Singapore,18,4.927,290.693,True,technical,34,\N,\N,0.0,,
1091,839,214,15,5,2022,17,2022-10-02,ocon,OCO,Esteban,Ocon,French,alpine,Alpine F1 Team,French,Marina Bay Street Circuit,Singapore Grand Prix,Marina Bay,Singapore,18,4.927,290.693,True,technical,26,\N,\N,0.0,,
1091,848,3,15,130,2022,17,2022-10-02,albon,ALB,Alexander,Albon,Thai,williams,Williams,British,Marina Bay Street Circuit,Singapore Grand Prix,Marina Bay,Singapore,18,4.927,290.693,True,technical,25,\N,\N,0.0,,
1091,4,214,15,5,2022,17,2022-10-02,alonso,ALO,Fernando,Alonso,Spanish,alpine,Alpine F1 Team,French,Marina Bay Street Circuit,Singapore Grand Prix,Marina Bay,Singapore,18,4.927,290.693,True,technical,20,\N,\N,0.0,,
1091,849,3,15,130,2022,17,2022-10-02,latifi,LAT,Nicholas,Latifi,Canadian,williams,Williams,British,Marina Bay Street Circuit,Singapore Grand Prix,Marina Bay,Singapore,18,4.927,290.693,True,technical,7,\N,\N,0.0,,
1091,855,51,15,4,2022,17,2022-10-02,zhou,ZHO,Guanyu,Zhou,Chinese,alfa,Alfa Romeo,Swiss,Marina Bay Street Circuit,Singapore Grand Prix,Marina Bay,Singapore,18,4.927,290.693,True,technical,6,\N,\N,0.0,,
1092,830,9,22,1,2022,18,2022-10-09,max_verstappen,VER,Max,Verstappen,Dutch,red_bull,Red Bull,Austrian,Suzuka Circuit,Japanese Grand Prix,Suzuka,Japan,45,5.807,162.596,False,technical,28,3704004,1,25.0,,
1092,815,9,22,1,2022,18,2022-10-09,perez,PER,Sergio,Pérez,Mexican,red_bull,Red Bull,Austrian,Suzuka Circuit,Japanese Grand Prix,Suzuka,Japan,45,5.807,162.596,False,technical,28,3731070,2,18.0,,
1092,844,6,22,1,2022,18,2022-10-09,leclerc,LEC,Charles,Leclerc,Monegasque,ferrari,Ferrari,Italian,Suzuka Circuit,Japanese Grand Prix,Suzuka,Japan,45,5.807,162.596,False,technical,28,3735767,3,15.0,,
1092,839,214,22,1,2022,18,2022-10-09,ocon,OCO,Esteban,Ocon,French,alpine,Alpine F1 Team,French,Suzuka Circuit,Japanese Grand Prix,Suzuka,Japan,45,5.807,162.596,False,technical,28,3743689,4,12.0,,
1092,1,131,22,1,2022,18,2022-10-09,hamilton,HAM,Lewis,Hamilton,British,mercedes,Mercedes,German,Suzuka Circuit,Japanese Grand Prix,Suzuka,Japan,45,5.807,162.596,False,technical,28,3744330,5,10.0,,
1092,20,117,22,1,2022,18,2022-10-09,vettel,VET,Sebastian,Vettel,German,aston_martin,Aston Martin,British,Suzuka Circuit,Japanese Grand Prix,Suzuka,Japan,45,5.807,162.596,False,technical,28,3750362,6,8.0,,
1092,4,214,22,1,2022,18,2022-10-09,alonso,ALO,Fernando,Alonso,Spanish,alpine,Alpine F1 Team,French,Suzuka Circuit,Japanese Grand Prix,Suzuka,Japan,45,5.807,162.596,False,technical,28,3750373,7,6.0,,
1092,847,131,22,1,2022,18,2022-10-09,russell,RUS,George,Russell,British,mercedes,Mercedes,German,Suzuka Circuit,Japanese Grand Prix,Suzuka,Japan,45,5.807,162.596,False,technical,28,3751665,8,4.0,,
1092,849,3,22,1,2022,18,2022-10-09,latifi,LAT,Nicholas,Latifi,Canadian,williams,Williams,British,Suzuka Circuit,Japanese Grand Prix,Suzuka,Japan,45,5.807,162.596,False,technical,28,3774147,9,2.0,,
1092,846,1,22,1,2022,18,2022-10-09,norris,NOR,Lando,Norris,British,mclaren,McLaren,British,Suzuka Circuit,Japanese Grand Prix,Suzuka,Japan,45,5.807,162.596,False,technical,28,3774786,10,1.0,,
1092,817,1,22,1,2022,18,2022-10-09,ricciardo,RIC,Daniel,Ricciardo,Australian,mclaren,McLaren,British,Suzuka Circuit,Japanese Grand Prix,Suzuka,Japan,45,5.807,162.596,False,technical,28,3776881,11,0.0,,
1092,840,117,22,1,2022,18,2022-10-09,stroll,STR,Lance,Stroll,Canadian,aston_martin,Aston Martin,British,Suzuka Circuit,Japanese Grand Prix,Suzuka,Japan,45,5.807,162.596,False,technical,28,3777908,12,0.0,,
1092,852,213,22,1,2022,18,2022-10-09,tsunoda,TSU,Yuki,Tsunoda,Japanese,alphatauri,AlphaTauri,Italian,Suzuka Circuit,Japanese Grand Prix,Suzuka,Japan,45,5.807,162.596,False,technical,28,3779603,13,0.0,,
1092,825,210,22,1,2022,18,2022-10-09,kevin_magnussen,MAG,Kevin,Magnussen,Danish,haas,Haas F1 Team,American,Suzuka Circuit,Japanese Grand Prix,Suzuka,Japan,45,5.807,162.596,False,technical,28,3790020,14,0.0,,
1092,822,51,22,1,2022,18,2022-10-09,bottas,BOT,Valtteri,Bottas,Finnish,alfa,Alfa Romeo,Swiss,Suzuka Circuit,Japanese Grand Prix,Suzuka,Japan,45,5.807,162.596,False,technical,28,3790500,15,0.0,,
1092,855,51,22,1,2022,18,2022-10-09,zhou,ZHO,Guanyu,Zhou,Chinese,alfa,Alfa Romeo,Swiss,Suzuka Circuit,Japanese Grand Prix,Suzuka,Japan,45,5.807,162.596,False,technical,28,3791047,16,0.0,,
1092,854,210,22,1,2022,18,2022-10-09,mick_schumacher,MSC,Mick,Schumacher,German,haas,Haas F1 Team,American,Suzuka Circuit,Japanese Grand Prix,Suzuka,Japan,45,5.807,162.596,False,technical,28,3796527,17,0.0,,
1092,842,213,22,1,2022,18,2022-10-09,gasly,GAS,Pierre,Gasly,French,alphatauri,AlphaTauri,Italian,Suzuka Circuit,Japanese Grand Prix,Suzuka,Japan,45,5.807,162.596,False,technical,28,3812095,18,0.0,,
1092,832,6,22,3,2022,18,2022-10-09,sainz,SAI,Carlos,Sainz,Spanish,ferrari,Ferrari,Italian,Suzuka Circuit,Japanese Grand Prix,Suzuka,Japan,45,5.807,162.596,False,technical,0,\N,\N,0.0,,
1092,848,3,22,9,2022,18,2022-10-09,albon,ALB,Alexander,Albon,Thai,williams,Williams,British,Suzuka Circuit,Japanese Grand Prix,Suzuka,Japan,45,5.807,162.596,False,technical,0,\N,\N,0.0,,
1093,830,9,69,1,2022,19,2022-10-23,max_verstappen,VER,Max,Verstappen,Dutch,red_bull,Red Bull,Austrian,Circuit of the Americas,United States Grand Prix,Austin,USA,161,5.513,308.728,False,balanced,56,6131687,1,25.0,,
1093,1,131,69,1,2022,19,2022-10-23,hamilton,HAM,Lewis,Hamilton,British,mercedes,Mercedes,German,Circuit of the Americas,United States Grand Prix,Austin,USA,161,5.513,308.728,False,balanced,56,6136710,2,18.0,,
1093,844,6,69,1,2022,19,2022-10-23,leclerc,LEC,Charles,Leclerc,Monegasque,ferrari,Ferrari,Italian,Circuit of the Americas,United States Grand Prix,Austin,USA,161,5.513,308.728,False,balanced,56,6139188,3,15.0,,
1093,815,9,69,1,2022,19,2022-10-23,perez,PER,Sergio,Pérez,Mexican,red_bull,Red Bull,Austrian,Circuit of the Americas,United States Grand Prix,Austin,USA,161,5.513,308.728,False,balanced,56,6139980,4,12.0,,
1093,847,131,69,1,2022,19,2022-10-23,russell,RUS,George,Russell,British,mercedes,Mercedes,German,Circuit of the Americas,United States Grand Prix,Austin,USA,161,5.513,308.728,False,balanced,56,6176502,5,11.0,,
1093,846,1,69,1,2022,19,2022-10-23,norris,NOR,Lando,Norris,British,mclaren,McLaren,British,Circuit of the Americas,United States Grand Prix,Austin,USA,161,5.513,308.728,False,balanced,56,6185472,6,8.0,,
1093,4,214,69,1,2022,19,2022-10-23,alonso,ALO,Fernando,Alonso,Spanish,alpine,Alpine F1 Team,French,Circuit of the Americas,United States Grand Prix,Austin,USA,161,5.513,308.728,False,balanced,56,6186765,7,6.0,,
1093,20,117,69,1,2022,19,2022-10-23,vettel,VET,Sebastian,Vettel,German,aston_martin,Aston Martin,British,Circuit of the Americas,United States Grand Prix,Austin,USA,161,5.513,308.728,False,balanced,56,6197041,8,4.0,,
1093,825,210,69,1,2022,19,2022-10-23,kevin_magnussen,MAG,Kevin,Magnussen,Danish,haas,Haas F1 Team,American,Circuit of the Americas,United States Grand Prix,Austin,USA,161,5.513,308.728,False,balanced,56,6197521,9,2.0,,
1093,852,213,69,1,2022,19,2022-10-23,tsunoda,TSU,Yuki,Tsunoda,Japanese,alphatauri,AlphaTauri,Italian,Circuit of the Americas,United States Grand Prix,Austin,USA,161,5.513,308.728,False,balanced,56,6202606,10,1.0,,
1093,839,214,69,1,2022,19,2022-10-23,ocon,OCO,Esteban,Ocon,French,alpine,Alpine F1 Team,French,Circuit of the Americas,United States Grand Prix,Austin,USA,161,5.513,308.728,False,balanced,56,6204562,11,0.0,,
1093,855,51,69,1,2022,19,2022-10-23,zhou,ZHO,Guanyu,Zhou,Chinese,alfa,Alfa Romeo,Swiss,Circuit of the Americas,United States Grand Prix,Austin,USA,161,5.513,308.728,False,balanced,56,6207851,12,0.0,,
1093,848,3,69,1,2022,19,2022-10-23,albon,ALB,Alexander,Albon,Thai,williams,Williams,British,Circuit of the Americas,United States Grand Prix,Austin,USA,161,5.513,308.728,False,balanced,56,6211744,13,0.0,,
1093,842,213,69,1,2022,19,2022-10-23,gasly,GAS,Pierre,Gasly,French,alphatauri,AlphaTauri,Italian,Circuit of the Americas,United States Grand Prix,Austin,USA,161,5.513,308.728,False,balanced,56,6213450,14,0.0,,
1093,854,210,69,1,2022,19,2022-10-23,mick_schumacher,MSC,Mick,Schumacher,German,haas,Haas F1 Team,American,Circuit of the Americas,United States Grand Prix,Austin,USA,161,5.513,308.728,False,balanced,56,6216177,15,0.0,,
1093,817,1,69,1,2022,19,2022-10-23,ricciardo,RIC,Daniel,Ricciardo,Australian,mclaren,McLaren,British,Circuit of the Americas,United States Grand Prix,Austin,USA,161,5.513,308.728,False,balanced,56,6222174,16,0.0,,
1093,849,3,69,1,2022,19,2022-10-23,latifi,LAT,Nicholas,Latifi,Canadian,williams,Williams,British,Circuit of the Americas,United States Grand Prix,Austin,USA,161,5.513,308.728,False,balanced,56,6235275,17,0.0,,
1093,840,117,69,4,2022,19,2022-10-23,stroll,STR,Lance,Stroll,Canadian,aston_martin,Aston Martin,British,Circuit of the Americas,United States Grand Prix,Austin,USA,161,5.513,308.728,False,balanced,21,\N,\N,0.0,,
1093,822,51,69,20,2022,19,2022-10-23,bottas,BOT,Valtteri,Bottas,Finnish,alfa,Alfa Romeo,Swiss,Circuit of the Americas,United States Grand Prix,Austin,USA,161,5.513,308.728,False,balanced,16,\N,\N,0.0,,
1093,832,6,69,130,2022,19,2022-10-23,sainz,SAI,Carlos,Sainz,Spanish,ferrari,Ferrari,Italian,Circuit of the Americas,United States Grand Prix,Austin,USA,161,5.513,308.728,False,balanced,1,\N,\N,0.0,,
1094,830,9,32,1,2022,20,2022-10-30,max_verstappen,VER,Max,Verstappen,Dutch,red_bull,Red Bull,Austrian,Autódromo Hermanos Rodríguez,Mexico City Grand Prix,Mexico City,Mexico,2227,4.304,305.584,False,balanced,71,5916729,1,25.0,,
1094,1,131,32,1,2022,20,2022-10-30,hamilton,HAM,Lewis,Hamilton,British,mercedes,Mercedes,German,Autódromo Hermanos Rodríguez,Mexico City Grand Prix,Mexico City,Mexico,2227,4.304,305.584,False,balanced,71,5931915,2,18.0,,
1094,815,9,32,1,2022,20,2022-10-30,perez,PER,Sergio,Pérez,Mexican,red_bull,Red Bull,Austrian,Autódromo Hermanos Rodríguez,Mexico City Grand Prix,Mexico City,Mexico,2227,4.304,305.584,False,balanced,71,5934826,3,15.0,,
1094,847,131,32,1,2022,20,2022-10-30,russell,RUS,George,Russell,British,mercedes,Mercedes,German,Autódromo Hermanos Rodríguez,Mexico City Grand Prix,Mexico City,Mexico,2227,4.304,305.584,False,balanced,71,5966160,4,13.0,,
1094,832,6,32,1,2022,20,2022-10-30,sainz,SAI,Carlos,Sainz,Spanish,ferrari,Ferrari,Italian,Autódromo Hermanos Rodríguez,Mexico City Grand Prix,Mexico City,Mexico,2227,4.304,305.584,False,balanced,71,5974852,5,10.0,,
1094,844,6,32,1,2022,20,2022-10-30,leclerc,LEC,Charles,Leclerc,Monegasque,ferrari,Ferrari,Italian,Autódromo Hermanos Rodríguez,Mexico City Grand Prix,Mexico City,Mexico,2227,4.304,305.584,False,balanced,71,5985503,6,8.0,,
1094,817,1,32,11,2022,20,2022-10-30,ricciardo,RIC,Daniel,Ricciardo,Australian,mclaren,McLaren,British,Autódromo Hermanos Rodríguez,Mexico City Grand Prix,Mexico City,Mexico,2227,4.304,305.584,False,balanced,70,\N,7,6.0,,
1094,839,214,32,11,2022,20,2022-10-30,ocon,OCO,Esteban,Ocon,French,alpine,Alpine F1 Team,French,Autódromo Hermanos Rodríguez,Mexico City Grand Prix,Mexico City,Mexico,2227,4.304,305.584,False,balanced,70,\N,8,4.0,,
1094,846,1,32,11,2022,20,2022-10-30,norris,NOR,Lando,Norris,British,mclaren,McLaren,British,Autódromo Hermanos Rodríguez,Mexico City Grand Prix,Mexico City,Mexico,2227,4.304,305.584,False,balanced,70,\N,9,2.0,,
1094,822,51,32,11,2022,20,2022-10-30,bottas,BOT,Valtteri,Bottas,Finnish,alfa,Alfa Romeo,Swiss,Autódromo Hermanos Rodríguez,Mexico City Grand Prix,Mexico City,Mexico,2227,4.304,305.584,False,balanced,70,\N,10,1.0,,
1094,842,213,32,11,2022,20,2022-10-30,gasly,GAS,Pierre,Gasly,French,alphatauri,AlphaTauri,Italian,Autódromo Hermanos Rodríguez,Mexico City Grand Prix,Mexico City,Mexico,2227,4.304,305.584,False,balanced,70,\N,11,0.0,,
1094,848,3,32,11,2022,20,2022-10-30,albon,ALB,Alexander,Albon,Thai,williams,Williams,British,Autódromo Hermanos Rodríguez,Mexico City Grand Prix,Mexico City,Mexico,2227,4.304,305.584,False,balanced,70,\N,12,0.0,,
1094,855,51,32,11,2022,20,2022-10-30,zhou,ZHO,Guanyu,Zhou,Chinese,alfa,Alfa Romeo,Swiss,Autódromo Hermanos Rodríguez,Mexico City Grand Prix,Mexico City,Mexico,2227,4.304,305.584,False,balanced,70,\N,13,0.0,,
1094,20,117,32,11,2022,20,2022-10-30,vettel,VET,Sebastian,Vettel,German,aston_martin,Aston Martin,British,Autódromo Hermanos Rodríguez,Mexico City Grand Prix,Mexico City,Mexico,2227,4.304,305.584,False,balanced,70,\N,14,0.0,,
1094,840,117,32,11,2022,20,2022-10-30,stroll,STR,Lance,Stroll,Canadian,aston_martin,Aston Martin,British,Autódromo Hermanos Rodríguez,Mexico City Grand Prix,Mexico City,Mexico,2227,4.304,305.584,False,balanced,70,\N,15,0.0,,
1094,854,210,32,11,2022,20,2022-10-30,mick_schumacher,MSC,Mick,Schumacher,German,haas,Haas F1 Team,American,Autódromo Hermanos Rodríguez,Mexico City Grand Prix,Mexico City,Mexico,2227,4.304,305.584,False,balanced,70,\N,16,0.0,,
1094,825,210,32,11,2022,20,2022-10-30,kevin_magnussen,MAG,Kevin,Magnussen,Danish,haas,Haas F1 Team,American,Autódromo Hermanos Rodríguez,Mexico City Grand Prix,Mexico City,Mexico,2227,4.304,305.584,False,balanced,70,\N,17,0.0,,
1094,849,3,32,12,2022,20,2022-10-30,latifi,LAT,Nicholas,Latifi,Canadian,williams,Williams,British,Autódromo Hermanos Rodríguez,Mexico City Grand Prix,Mexico City,Mexico,2227,4.304,305.584,False,balanced,69,\N,18,0.0,,
1094,4,214,32,5,2022,20,2022-10-30,alonso,ALO,Fernando,Alonso,Spanish,alpine,Alpine F1 Team,French,Autódromo Hermanos Rodríguez,Mexico City Grand Prix,Mexico City,Mexico,2227,4.304,305.584,False,balanced,63,\N,19,0.0,,
1094,852,213,32,130,2022,20,2022-10-30,tsunoda,TSU,Yuki,Tsunoda,Japanese,alphatauri,AlphaTauri,Italian,Autódromo Hermanos Rodríguez,Mexico City Grand Prix,Mexico City,Mexico,2227,4.304,305.584,False,balanced,50,\N,\N,0.0,,
1095,847,131,18,1,2022,21,2022-11-13,russell,RUS,George,Russell,British,mercedes,Mercedes,German,Autódromo José Carlos Pace,São Paulo Grand Prix,São Paulo,Brazil,785,4.309,305.939,False,technical,71,5914044,1,26.0,1,8.0
1095,1,131,18,1,2022,21,2022-11-13,hamilton,HAM,Lewis,Hamilton,British,mercedes,Mercedes,German,Autódromo José Carlos Pace,São Paulo Grand Prix,São Paulo,Brazil,785,4.309,305.939,False,technical,71,5915573,2,18.0,3,6.0
1095,832,6,18,1,2022,21,2022-11-13,sainz,SAI,Carlos,Sainz,Spanish,ferrari,Ferrari,Italian,Autódromo José Carlos Pace,São Paulo Grand Prix,São Paulo,Brazil,785,4.309,305.939,False,technical,71,5918095,3,15.0,2,7.0
1095,844,6,18,1,2022,21,2022-11-13,leclerc,LEC,Charles,Leclerc,Monegasque,ferrari,Ferrari,Italian,Autódromo José Carlos Pace,São Paulo Grand Prix,São Paulo,Brazil,785,4.309,305.939,False,technical,71,5922485,4,12.0,6,3.0
1095,4,214,18,1,2022,21,2022-11-13,alonso,ALO,Fernando,Alonso,Spanish,alpine,Alpine F1 Team,French,Autódromo José Carlos Pace,São Paulo Grand Prix,São Paulo,Brazil,785,4.309,305.939,False,technical,71,5923605,5,10.0,18,0.0
1095,830,9,18,1,2022,21,2022-11-13,max_verstappen,VER,Max,Verstappen,Dutch,red_bull,Red Bull,Austrian,Autódromo José Carlos Pace,São Paulo Grand Prix,São Paulo,Brazil,785,4.309,305.939,False,technical,71,5924100,6,8.0,4,5.0
1095,815,9,18,1,2022,21,2022-11-13,perez,PER,Sergio,Pérez,Mexican,red_bull,Red Bull,Austrian,Autódromo José Carlos Pace,São Paulo Grand Prix,São Paulo,Brazil,785,4.309,305.939,False,technical,71,5928124,7,6.0,5,4.0
1095,839,214,18,1,2022,21,2022-11-13,ocon,OCO,Esteban,Ocon,French,alpine,Alpine F1 Team,French,Autódromo José Carlos Pace,São Paulo Grand Prix,São Paulo,Brazil,785,4.309,305.939,False,technical,71,5932734,8,4.0,17,0.0
1095,822,51,18,1,2022,21,2022-11-13,bottas,BOT,Valtteri,Bottas,Finnish,alfa,Alfa Romeo,Swiss,Autódromo José Carlos Pace,São Paulo Grand Prix,São Paulo,Brazil,785,4.309,305.939,False,technical,71,5936596,9,2.0,14,0.0
1095,840,117,18,1,2022,21,2022-11-13,stroll,STR,Lance,Stroll,Canadian,aston_martin,Aston Martin,British,Autódromo José Carlos Pace,São Paulo Grand Prix,São Paulo,Brazil,785,4.309,305.939,False,technical,71,5937596,10,1.0,16,0.0
1095,20,117,18,1,2022,21,2022-11-13,vettel,VET,Sebastian,Vettel,German,aston_martin,Aston Martin,British,Autódromo José Carlos Pace,São Paulo Grand Prix,São Paulo,Brazil,785,4.309,305.939,False,technical,71,5940227,11,0.0,9,0.0
1095,855,51,18,1,2022,21,2022-11-13,zhou,ZHO,Guanyu,Zhou,Chinese,alfa,Alfa Romeo,Swiss,Autódromo José Carlos Pace,São Paulo Grand Prix,São Paulo,Brazil,785,4.309,305.939,False,technical,71,5943369,12,0.0,13,0.0
1095,854,210,18,1,2022,21,2022-11-13,mick_schumacher,MSC,Mick,Schumacher,German,haas,Haas F1 Team,American,Autódromo José Carlos Pace,São Paulo Grand Prix,São Paulo,Brazil,785,4.309,305.939,False,technical,71,5943943,13,0.0,12,0.0
1095,842,213,18,1,2022,21,2022-11-13,gasly,GAS,Pierre,Gasly,French,alphatauri,AlphaTauri,Italian,Autódromo José Carlos Pace,São Paulo Grand Prix,São Paulo,Brazil,785,4.309,305.939,False,technical,71,5945911,14,0.0,10,0.0
1095,848,3,18,1,2022,21,2022-11-13,albon,ALB,Alexander,Albon,Thai,williams,Williams,British,Autódromo José Carlos Pace,São Paulo Grand Prix,São Paulo,Brazil,785,4.309,305.939,False,technical,71,5950060,15,0.0,\N,0.0
1095,849,3,18,1,2022,21,2022-11-13,latifi,LAT,Nicholas,Latifi,Canadian,williams,Williams,British,Autódromo José Carlos Pace,São Paulo Grand Prix,São Paulo,Brazil,785,4.309,305.939,False,technical,71,5951082,16,0.0,19,0.0
1095,852,213,18,11,2022,21,2022-11-13,tsunoda,TSU,Yuki,Tsunoda,Japanese,alphatauri,AlphaTauri,Italian,Autódromo José Carlos Pace,São Paulo Grand Prix,São Paulo,Brazil,785,4.309,305.939,False,technical,70,\N,17,0.0,15,0.0
1095,846,1,18,6,2022,21,2022-11-13,norris,NOR,Lando,Norris,British,mclaren,McLaren,British,Autódromo José Carlos Pace,São Paulo Grand Prix,São Paulo,Brazil,785,4.309,305.939,False,technical,50,\N,\N,0.0,7,2.0
1095,825,210,18,4,2022,21,2022-11-13,kevin_magnussen,MAG,Kevin,Magnussen,Danish,haas,Haas F1 Team,American,Autódromo José Carlos Pace,São Paulo Grand Prix,São Paulo,Brazil,785,4.309,305.939,False,technical,0,\N,\N,0.0,8,1.0
1095,817,1,18,4,2022,21,2022-11-13,ricciardo,RIC,Daniel,Ricciardo,Australian,mclaren,McLaren,British,Autódromo José Carlos Pace,São Paulo Grand Prix,São Paulo,Brazil,785,4.309,305.939,False,technical,0,\N,\N,0.0,11,0.0
1096,830,9,24,1,2022,22,2022-11-20,max_verstappen,VER,Max,Verstappen,Dutch,red_bull,Red Bull,Austrian,Yas Marina Circuit,Abu Dhabi Grand Prix,Abu Dhabi,UAE,3,5.281,306.298,True,technical,58,5265914,1,25.0,,
1096,844,6,24,1,2022,22,2022-11-20,leclerc,LEC,Charles,Leclerc,Monegasque,ferrari,Ferrari,Italian,Yas Marina Circuit,Abu Dhabi Grand Prix,Abu Dhabi,UAE,3,5.281,306.298,True,technical,58,5274685,2,18.0,,
1096,815,9,24,1,2022,22,2022-11-20,perez,PER,Sergio,Pérez,Mexican,red_bull,Red Bull,Austrian,Yas Marina Circuit,Abu Dhabi Grand Prix,Abu Dhabi,UAE,3,5.281,306.298,True,technical,58,5276007,3,15.0,,
1096,832,6,24,1,2022,22,2022-11-20,sainz,SAI,Carlos,Sainz,Spanish,ferrari,Ferrari,Italian,Yas Marina Circuit,Abu Dhabi Grand Prix,Abu Dhabi,UAE,3,5.281,306.298,True,technical,58,5290806,4,12.0,,
1096,847,131,24,1,2022,22,2022-11-20,russell,RUS,George,Russell,British,mercedes,Mercedes,German,Yas Marina Circuit,Abu Dhabi Grand Prix,Abu Dhabi,UAE,3,5.281,306.298,True,technical,58,5301802,5,10.0,,
1096,846,1,24,1,2022,22,2022-11-20,norris,NOR,Lando,Norris,British,mclaren,McLaren,British,Yas Marina Circuit,Abu Dhabi Grand Prix,Abu Dhabi,UAE,3,5.281,306.298,True,technical,58,5322148,6,9.0,,
1096,839,214,24,1,2022,22,2022-11-20,ocon,OCO,Esteban,Ocon,French,alpine,Alpine F1 Team,French,Yas Marina Circuit,Abu Dhabi Grand Prix,Abu Dhabi,UAE,3,5.281,306.298,True,technical,58,5323154,7,6.0,,
1096,840,117,24,1,2022,22,2022-11-20,stroll,STR,Lance,Stroll,Canadian,aston_martin,Aston Martin,British,Yas Marina Circuit,Abu Dhabi Grand Prix,Abu Dhabi,UAE,3,5.281,306.298,True,technical,58,5342845,8,4.0,,
1096,817,1,24,1,2022,22,2022-11-20,ricciardo,RIC,Daniel,Ricciardo,Australian,mclaren,McLaren,British,Yas Marina Circuit,Abu Dhabi Grand Prix,Abu Dhabi,UAE,3,5.281,306.298,True,technical,58,5349182,9,2.0,,
1096,20,117,24,1,2022,22,2022-11-20,vettel,VET,Sebastian,Vettel,German,aston_martin,Aston Martin,British,Yas Marina Circuit,Abu Dhabi Grand Prix,Abu Dhabi,UAE,3,5.281,306.298,True,technical,58,5349812,10,1.0,,
1096,852,213,24,1,2022,22,2022-11-20,tsunoda,TSU,Yuki,Tsunoda,Japanese,alphatauri,AlphaTauri,Italian,Yas Marina Circuit,Abu Dhabi Grand Prix,Abu Dhabi,UAE,3,5.281,306.298,True,technical,58,5355285,11,0.0,,
1096,855,51,24,11,2022,22,2022-11-20,zhou,ZHO,Guanyu,Zhou,Chinese,alfa,Alfa Romeo,Swiss,Yas Marina Circuit,Abu Dhabi Grand Prix,Abu Dhabi,UAE,3,5.281,306.298,True,technical,57,\N,12,0.0,,
1096,848,3,24,11,2022,22,2022-11-20,albon,ALB,Alexander,Albon,Thai,williams,Williams,British,Yas Marina Circuit,Abu Dhabi Grand Prix,Abu Dhabi,UAE,3,5.281,306.298,True,technical,57,\N,13,0.0,,
1096,842,213,24,11,2022,22,2022-11-20,gasly,GAS,Pierre,Gasly,French,alphatauri,AlphaTauri,Italian,Yas Marina Circuit,Abu Dhabi Grand Prix,Abu Dhabi,UAE,3,5.281,306.298,True,technical,57,\N,14,0.0,,
1096,822,51,24,11,2022,22,2022-11-20,bottas,BOT,Valtteri,Bottas,Finnish,alfa,Alfa Romeo,Swiss,Yas Marina Circuit,Abu Dhabi Grand Prix,Abu Dhabi,UAE,3,5.281,306.298,True,technical,57,\N,15,0.0,,
1096,854,210,24,11,2022,22,2022-11-20,mick_schumacher,MSC,Mick,Schumacher,German,haas,Haas F1 Team,American,Yas Marina Circuit,Abu Dhabi Grand Prix,Abu Dhabi,UAE,3,5.281,306.298,True,technical,57,\N,16,0.0,,
1096,825,210,24,11,2022,22,2022-11-20,kevin_magnussen,MAG,Kevin,Magnussen,Danish,haas,Haas F1 Team,American,Yas Marina Circuit,Abu Dhabi Grand Prix,Abu Dhabi,UAE,3,5.281,306.298,True,technical,57,\N,17,0.0,,
1096,1,131,24,9,2022,22,2022-11-20,hamilton,HAM,Lewis,Hamilton,British,mercedes,Mercedes,German,Yas Marina Circuit,Abu Dhabi Grand Prix,Abu Dhabi,UAE,3,5.281,306.298,True,technical,55,\N,18,0.0,,
1096,849,3,24,130,2022,22,2022-11-20,latifi,LAT,Nicholas,Latifi,Canadian,williams,Williams,British,Yas Marina Circuit,Abu Dhabi Grand Prix,Abu Dhabi,UAE,3,5.281,306.298,True,technical,55,\N,19,0.0,,
1096,4,214,24,47,2022,22,2022-11-20,alonso,ALO,Fernando,Alonso,Spanish,alpine,Alpine F1 Team,French,Yas Marina Circuit,Abu Dhabi Grand Prix,Abu Dhabi,UAE,3,5.281,306.298,True,technical,27,\N,\N,0.0,,
1098,830,9,3,1,2023,1,2023-03-05,max_verstappen,VER,Max,Verstappen,Dutch,red_bull,Red Bull,Austrian,Bahrain International Circuit,Bahrain Grand Prix,Sakhir,Bahrain,7,5.412,308.484,True,balanced,57,5636736,1,25.0,,
1098,815,9,3,1,2023,1,2023-03-05,perez,PER,Sergio,Pérez,Mexican,red_bull,Red Bull,Austrian,Bahrain International Circuit,Bahrain Grand Prix,Sakhir,Bahrain,7,5.412,308.484,True,balanced,57,5648723,2,18.0,,
1098,4,117,3,1,2023,1,2023-03-05,alonso,ALO,Fernando,Alonso,Spanish,aston_martin,Aston Martin,British,Bahrain International Circuit,Bahrain Grand Prix,Sakhir,Bahrain,7,5.412,308.484,True,balanced,57,5675373,3,15.0,,
1098,832,6,3,1,2023,1,2023-03-05,sainz,SAI,Carlos,Sainz,Spanish,ferrari,Ferrari,Italian,Bahrain International Circuit,Bahrain Grand Prix,Sakhir,Bahrain,7,5.412,308.484,True,balanced,57,5684788,4,12.0,,
1098,1,131,3,1,2023,1,2023-03-05,hamilton,HAM,Lewis,Hamilton,British,mercedes,Mercedes,German,Bahrain International Circuit,Bahrain Grand Prix,Sakhir,Bahrain,7,5.412,308.484,True,balanced,57,5687713,5,10.0,,
1098,840,117,3,1,2023,1,2023-03-05,stroll,STR,Lance,Stroll,Canadian,aston_martin,Aston Martin,British,Bahrain International Circuit,Bahrain Grand Prix,Sakhir,Bahrain,7,5.412,308.484,True,balanced,57,5691238,6,8.0,,
1098,847,131,3,1,2023,1,2023-03-05,russell,RUS,George,Russell,British,mercedes,Mercedes,German,Bahrain International Circuit,Bahrain Grand Prix,Sakhir,Bahrain,7,5.412,308.484,True,balanced,57,5692609,7,6.0,,
1098,822,51,3,1,2023,1,2023-03-05,bottas,BOT,Valtteri,Bottas,Finnish,alfa,Alfa Romeo,Swiss,Bahrain International Circuit,Bahrain Grand Prix,Sakhir,Bahrain,7,5.412,308.484,True,balanced,57,5709383,8,4.0,,
1098,842,214,3,1,2023,1,2023-03-05,gasly,GAS,Pierre,Gasly,French,alpine,Alpine F1 Team,French,Bahrain International Circuit,Bahrain Grand Prix,Sakhir,Bahrain,7,5.412,308.484,True,balanced,57,5710489,9,2.0,,
1098,848,3,3,1,2023,1,2023-03-05,albon,ALB,Alexander,Albon,Thai,williams,Williams,British,Bahrain International Circuit,Bahrain Grand Prix,Sakhir,Bahrain,7,5.412,308.484,True,balanced,57,5726510,10,1.0,,
1098,852,213,3,1,2023,1,2023-03-05,tsunoda,TSU,Yuki,Tsunoda,Japanese,alphatauri,AlphaTauri,Italian,Bahrain International Circuit,Bahrain Grand Prix,Sakhir,Bahrain,7,5.412,308.484,True,balanced,57,5727606,11,0.0,,
1098,858,3,3,11,2023,1,2023-03-05,sargeant,SAR,Logan,Sargeant,American,williams,Williams,British,Bahrain International Circuit,Bahrain Grand Prix,Sakhir,Bahrain,7,5.412,308.484,True,balanced,56,\N,12,0.0,,
1098,825,210,3,11,2023,1,2023-03-05,kevin_magnussen,MAG,Kevin,Magnussen,Danish,haas,Haas F1 Team,American,Bahrain International Circuit,Bahrain Grand Prix,Sakhir,Bahrain,7,5.412,308.484,True,balanced,56,\N,13,0.0,,
1098,856,213,3,11,2023,1,2023-03-05,de_vries,DEV,Nyck,de Vries,Dutch,alphatauri,AlphaTauri,Italian,Bahrain International Circuit,Bahrain Grand Prix,Sakhir,Bahrain,7,5.412,308.484,True,balanced,56,\N,14,0.0,,
1098,807,210,3,11,2023,1,2023-03-05,hulkenberg,HUL,Nico,Hülkenberg,German,haas,Haas F1 Team,American,Bahrain International Circuit,Bahrain Grand Prix,Sakhir,Bahrain,7,5.412,308.484,True,balanced,56,\N,15,0.0,,
1098,855,51,3,11,2023,1,2023-03-05,zhou,ZHO,Guanyu,Zhou,Chinese,alfa,Alfa Romeo,Swiss,Bahrain International Circuit,Bahrain Grand Prix,Sakhir,Bahrain,7,5.412,308.484,True,balanced,56,\N,16,0.0,,
1098,846,1,3,12,2023,1,2023-03-05,norris,NOR,Lando,Norris,British,mclaren,McLaren,British,Bahrain International Circuit,Bahrain Grand Prix,Sakhir,Bahrain,7,5.412,308.484,True,balanced,55,\N,17,0.0,,
1098,839,214,3,26,2023,1,2023-03-05,ocon,OCO,Esteban,Ocon,French,alpine,Alpine F1 Team,French,Bahrain International Circuit,Bahrain Grand Prix,Sakhir,Bahrain,7,5.412,308.484,True,balanced,41,\N,\N,0.0,,
1098,844,6,3,5,2023,1,2023-03-05,leclerc,LEC,Charles,Leclerc,Monegasque,ferrari,Ferrari,Italian,Bahrain International Circuit,Bahrain Grand Prix,Sakhir,Bahrain,7,5.412,308.484,True,balanced,39,\N,\N,0.0,,
1098,857,1,3,10,2023,1,2023-03-05,piastri,PIA,Oscar,Piastri,Australian,mclaren,McLaren,British,Bahrain International Circuit,Bahrain Grand Prix,Sakhir,Bahrain,7,5.412,308.484,True,balanced,13,\N,\N,0.0,,
1099,815,9,77,1,2023,2,2023-03-19,perez,PER,Sergio,Pérez,Mexican,red_bull,Red Bull,Austrian,Jeddah Corniche Circuit,Saudi Arabian Grand Prix,Jeddah,Saudi Arabia,15,6.174,308.7,True,high_speed,50,4874894,1,25.0,,
1099,830,9,77,1,2023,2,2023-03-19,max_verstappen,VER,Max,Verstappen,Dutch,red_bull,Red Bull,Austrian,Jeddah Corniche Circuit,Saudi Arabian Grand Prix,Jeddah,Saudi Arabia,15,6.174,308.7,True,high_speed,50,4880249,2,19.0,,
1099,4,117,77,1,2023,2,2023-03-19,alonso,ALO,Fernando,Alonso,Spanish,aston_martin,Aston Martin,British,Jeddah Corniche Circuit,Saudi Arabian Grand Prix,Jeddah,Saudi Arabia,15,6.174,308.7,True,high_speed,50,4895622,3,15.0,,
1099,847,131,77,1,2023,2,2023-03-19,russell,RUS,George,Russell,British,mercedes,Mercedes,German,Jeddah Corniche Circuit,Saudi Arabian Grand Prix,Jeddah,Saudi Arabia,15,6.174,308.7,True,high_speed,50,4900760,4,12.0,,
1099,1,131,77,1,2023,2,2023-03-19,hamilton,HAM,Lewis,Hamilton,British,mercedes,Mercedes,German,Jeddah Corniche Circuit,Saudi Arabian Grand Prix,Jeddah,Saudi Arabia,15,6.174,308.7,True,high_speed,50,4905959,5,10.0,,
1099,832,6,77,1,2023,2,2023-03-19,sainz,SAI,Carlos,Sainz,Spanish,ferrari,Ferrari,Italian,Jeddah Corniche Circuit,Saudi Arabian Grand Prix,Jeddah,Saudi Arabia,15,6.174,308.7,True,high_speed,50,4910770,6,8.0,,
1099,844,6,77,1,2023,2,2023-03-19,leclerc,LEC,Charles,Leclerc,Monegasque,ferrari,Ferrari,Italian,Jeddah Corniche Circuit,Saudi Arabian Grand Prix,Jeddah,Saudi Arabia,15,6.174,308.7,True,high_speed,50,4918056,7,6.0,,
1099,839,214,77,1,2023,2,2023-03-19,ocon,OCO,Esteban,Ocon,French,alpine,Alpine F1 Team,French,Jeddah Corniche Circuit,Saudi Arabian Grand Prix,Jeddah,Saudi Arabia,15,6.174,308.7,True,high_speed,50,4927726,8,4.0,,
1099,842,214,77,1,2023,2,2023-03-19,gasly,GAS,Pierre,Gasly,French,alpine,Alpine F1 Team,French,Jeddah Corniche Circuit,Saudi Arabian Grand Prix,Jeddah,Saudi Arabia,15,6.174,308.7,True,high_speed,50,4929641,9,2.0,,
1099,825,210,77,1,2023,2,2023-03-19,kevin_magnussen,MAG,Kevin,Magnussen,Danish,haas,Haas F1 Team,American,Jeddah Corniche Circuit,Saudi Arabian Grand Prix,Jeddah,Saudi Arabia,15,6.174,308.7,True,high_speed,50,4939720,10,1.0,,
1099,852,213,77,1,2023,2,2023-03-19,tsunoda,TSU,Yuki,Tsunoda,Japanese,alphatauri,AlphaTauri,Italian,Jeddah Corniche Circuit,Saudi Arabian Grand Prix,Jeddah,Saudi Arabia,15,6.174,308.7,True,high_speed,50,4942388,11,0.0,,
1099,807,210,77,1,2023,2,2023-03-19,hulkenberg,HUL,Nico,Hülkenberg,German,haas,Haas F1 Team,American,Jeddah Corniche Circuit,Saudi Arabian Grand Prix,Jeddah,Saudi Arabia,15,6.174,308.7,True,high_speed,50,4945482,12,0.0,,
1099,855,51,77,1,2023,2,2023-03-19,zhou,ZHO,Guanyu,Zhou,Chinese,alfa,Alfa Romeo,Swiss,Jeddah Corniche Circuit,Saudi Arabian Grand Prix,Jeddah,Saudi Arabia,15,6.174,308.7,True,high_speed,50,4950954,13,0.0,,
1099,856,213,77,1,2023,2,2023-03-19,de_vries,DEV,Nyck,de Vries,Dutch,alphatauri,AlphaTauri,Italian,Jeddah Corniche Circuit,Saudi Arabian Grand Prix,Jeddah,Saudi Arabia,15,6.174,308.7,True,high_speed,50,4952372,14,0.0,,
1099,857,1,77,1,2023,2,2023-03-19,piastri,PIA,Oscar,Piastri,Australian,mclaren,McLaren,British,Jeddah Corniche Circuit,Saudi Arabian Grand Prix,Jeddah,Saudi Arabia,15,6.174,308.7,True,high_speed,50,4959915,15,0.0,,
1099,858,3,77,1,2023,2,2023-03-19,sargeant,SAR,Logan,Sargeant,American,williams,Williams,British,Jeddah Corniche Circuit,Saudi Arabian Grand Prix,Jeddah,Saudi Arabia,15,6.174,308.7,True,high_speed,50,4961187,16,0.0,,
1099,846,1,77,1,2023,2,2023-03-19,norris,NOR,Lando,Norris,British,mclaren,McLaren,British,Jeddah Corniche Circuit,Saudi Arabian Grand Prix,Jeddah,Saudi Arabia,15,6.174,308.7,True,high_speed,50,4961339,17,0.0,,
1099,822,51,77,11,2023,2,2023-03-19,bottas,BOT,Valtteri,Bottas,Finnish,alfa,Alfa Romeo,Swiss,Jeddah Corniche Circuit,Saudi Arabian Grand Prix,Jeddah,Saudi Arabia,15,6.174,308.7,True,high_speed,49,\N,18,0.0,,
1099,848,3,77,23,2023,2,2023-03-19,albon,ALB,Alexander,Albon,Thai,williams,Williams,British,Jeddah Corniche Circuit,Saudi Arabian Grand Prix,Jeddah,Saudi Arabia,15,6.174,308.7,True,high_speed,27,\N,\N,0.0,,
1099,840,117,77,5,2023,2,2023-03-19,stroll,STR,Lance,Stroll,Canadian,aston_martin,Aston Martin,British,Jeddah Corniche Circuit,Saudi Arabian Grand Prix,Jeddah,Saudi Arabia,15,6.174,308.7,True,high_speed,16,\N,\N,0.0,,
1100,830,9,1,1,2023,3,2023-04-02,max_verstappen,VER,Max,Verstappen,Dutch,red_bull,Red Bull,Austrian,Albert Park Grand Prix Circuit,Australian Grand Prix,Melbourne,Australia,10,5.278,306.124,False,balanced,58,9158371,1,25.0,,
1100,1,131,1,1,2023,3,2023-04-02,hamilton,HAM,Lewis,Hamilton,British,mercedes,Mercedes,German,Albert Park Grand Prix Circuit,Australian Grand Prix,Melbourne,Australia,10,5.278,306.124,False,balanced,58,9158550,2,18.0,,
1100,4,117,1,1,2023,3,2023-04-02,alonso,ALO,Fernando,Alonso,Spanish,aston_martin,Aston Martin,British,Albert Park Grand Prix Circuit,Australian Grand Prix,Melbourne,Australia,10,5.278,306.124,False,balanced,58,9159140,3,15.0,,
1100,840,117,1,1,2023,3,2023-04-02,stroll,STR,Lance,Stroll,Canadian,aston_martin,Aston Martin,British,Albert Park Grand Prix Circuit,Australian Grand Prix,Melbourne,Australia,10,5.278,306.124,False,balanced,58,9161453,4,12.0,,
1100,815,9,1,1,2023,3,2023-04-02,perez,PER,Sergio,Pérez,Mexican,red_bull,Red Bull,Austrian,Albert Park Grand Prix Circuit,Australian Grand Prix,Melbourne,Australia,10,5.278,306.124,False,balanced,58,9161691,5,11.0,,
1100,846,1,1,1,2023,3,2023-04-02,norris,NOR,Lando,Norris,British,mclaren,McLaren,British,Albert Park Grand Prix Circuit,Australian Grand Prix,Melbourne,Australia,10,5.278,306.124,False,balanced,58,9162072,6,8.0,,
1100,807,210,1,1,2023,3,2023-04-02,hulkenberg,HUL,Nico,Hülkenberg,German,haas,Haas F1 Team,American,Albert Park Grand Prix Circuit,Australian Grand Prix,Melbourne,Australia,10,5.278,306.124,False,balanced,58,9163310,7,6.0,,
1100,857,1,1,1,2023,3,2023-04-02,piastri,PIA,Oscar,Piastri,Australian,mclaren,McLaren,British,Albert Park Grand Prix Circuit,Australian Grand Prix,Melbourne,Australia,10,5.278,306.124,False,balanced,58,9163753,8,4.0,,
1100,855,51,1,1,2023,3,2023-04-02,zhou,ZHO,Guanyu,Zhou,Chinese,alfa,Alfa Romeo,Swiss,Albert Park Grand Prix Circuit,Australian Grand Prix,Melbourne,Australia,10,5.278,306.124,False,balanced,58,9164084,9,2.0,,
1100,852,213,1,1,2023,3,2023-04-02,tsunoda,TSU,Yuki,Tsunoda,Japanese,alphatauri,AlphaTauri,Italian,Albert Park Grand Prix Circuit,Australian Grand Prix,Melbourne,Australia,10,5.278,306.124,False,balanced,58,9164423,10,1.0,,
1100,822,51,1,1,2023,3,2023-04-02,bottas,BOT,Valtteri,Bottas,Finnish,alfa,Alfa Romeo,Swiss,Albert Park Grand Prix Circuit,Australian Grand Prix,Melbourne,Australia,10,5.278,306.124,False,balanced,58,9164884,11,0.0,,
1100,832,6,1,1,2023,3,2023-04-02,sainz,SAI,Carlos,Sainz,Spanish,ferrari,Ferrari,Italian,Albert Park Grand Prix Circuit,Australian Grand Prix,Melbourne,Australia,10,5.278,306.124,False,balanced,58,9164965,12,0.0,,
1100,842,214,1,4,2023,3,2023-04-02,gasly,GAS,Pierre,Gasly,French,alpine,Alpine F1 Team,French,Albert Park Grand Prix Circuit,Australian Grand Prix,Melbourne,Australia,10,5.278,306.124,False,balanced,56,\N,13,0.0,,
1100,839,214,1,4,2023,3,2023-04-02,ocon,OCO,Esteban,Ocon,French,alpine,Alpine F1 Team,French,Albert Park Grand Prix Circuit,Australian Grand Prix,Melbourne,Australia,10,5.278,306.124,False,balanced,56,\N,14,0.0,,
1100,856,213,1,4,2023,3,2023-04-02,de_vries,DEV,Nyck,de Vries,Dutch,alphatauri,AlphaTauri,Italian,Albert Park Grand Prix Circuit,Australian Grand Prix,Melbourne,Australia,10,5.278,306.124,False,balanced,56,\N,15,0.0,,
1100,858,3,1,4,2023,3,2023-04-02,sargeant,SAR,Logan,Sargeant,American,williams,Williams,British,Albert Park Grand Prix Circuit,Australian Grand Prix,Melbourne,Australia,10,5.278,306.124,False,balanced,56,\N,16,0.0,,
1100,825,210,1,3,2023,3,2023-04-02,kevin_magnussen,MAG,Kevin,Magnussen,Danish,haas,Haas F1 Team,American,Albert Park Grand Prix Circuit,Australian Grand Prix,Melbourne,Australia,10,5.278,306.124,False,balanced,52,\N,17,0.0,,
1100,847,131,1,5,2023,3,2023-04-02,russell,RUS,George,Russell,British,mercedes,Mercedes,German,Albert Park Grand Prix Circuit,Australian Grand Prix,Melbourne,Australia,10,5.278,306.124,False,balanced,17,\N,\N,0.0,,
1100,848,3,1,3,2023,3,2023-04-02,albon,ALB,Alexander,Albon,Thai,williams,Williams,British,Albert Park Grand Prix Circuit,Australian Grand Prix,Melbourne,Australia,10,5.278,306.124,False,balanced,6,\N,\N,0.0,,
1100,844,6,1,4,2023,3,2023-04-02,leclerc,LEC,Charles,Leclerc,Monegasque,ferrari,Ferrari,Italian,Albert Park Grand Prix Circuit,Australian Grand Prix,Melbourne,Australia,10,5.278,306.124,False,balanced,0,\N,\N,0.0,,
1101,815,9,73,1,2023,4,2023-04-30,perez,PER,Sergio,Pérez,Mexican,red_bull,Red Bull,Austrian,Baku City Circuit,Azerbaijan Grand Prix,Baku,Azerbaijan,-7,6.003,306.153,False,high_speed,51,5562436,1,25.0,1,8.0
1101,830,9,73,1,2023,4,2023-04-30,max_verstappen,VER,Max,Verstappen,Dutch,red_bull,Red Bull,Austrian,Baku City Circuit,Azerbaijan Grand Prix,Baku,Azerbaijan,-7,6.003,306.153,False,high_speed,51,5564573,2,18.0,3,6.0
1101,844,6,73,1,2023,4,2023-04-30,leclerc,LEC,Charles,Leclerc,Monegasque,ferrari,Ferrari,Italian,Baku City Circuit,Azerbaijan Grand Prix,Baku,Azerbaijan,-7,6.003,306.153,False,high_speed,51,5583653,3,15.0,2,7.0
1101,4,117,73,1,2023,4,2023-04-30,alonso,ALO,Fernando,Alonso,Spanish,aston_martin,Aston Martin,British,Baku City Circuit,Azerbaijan Grand Prix,Baku,Azerbaijan,-7,6.003,306.153,False,high_speed,51,5584460,4,12.0,6,3.0
1101,832,6,73,1,2023,4,2023-04-30,sainz,SAI,Carlos,Sainz,Spanish,ferrari,Ferrari,Italian,Baku City Circuit,Azerbaijan Grand Prix,Baku,Azerbaijan,-7,6.003,306.153,False,high_speed,51,5607927,5,10.0,5,4.0
1101,1,131,73,1,2023,4,2023-04-30,hamilton,HAM,Lewis,Hamilton,British,mercedes,Mercedes,German,Baku City Circuit,Azerbaijan Grand Prix,Baku,Azerbaijan,-7,6.003,306.153,False,high_speed,51,5608581,6,8.0,7,2.0
1101,840,117,73,1,2023,4,2023-04-30,stroll,STR,Lance,Stroll,Canadian,aston_martin,Aston Martin,British,Baku City Circuit,Azerbaijan Grand Prix,Baku,Azerbaijan,-7,6.003,306.153,False,high_speed,51,5614053,7,6.0,8,1.0
1101,847,131,73,1,2023,4,2023-04-30,russell,RUS,George,Russell,British,mercedes,Mercedes,German,Baku City Circuit,Azerbaijan Grand Prix,Baku,Azerbaijan,-7,6.003,306.153,False,high_speed,51,5636676,8,5.0,4,5.0
1101,846,1,73,1,2023,4,2023-04-30,norris,NOR,Lando,Norris,British,mclaren,McLaren,British,Baku City Circuit,Azerbaijan Grand Prix,Baku,Azerbaijan,-7,6.003,306.153,False,high_speed,51,5642812,9,2.0,17,0.0
1101,852,213,73,1,2023,4,2023-04-30,tsunoda,TSU,Yuki,Tsunoda,Japanese,alphatauri,AlphaTauri,Italian,Baku City Circuit,Azerbaijan Grand Prix,Baku,Azerbaijan,-7,6.003,306.153,False,high_speed,51,5646298,10,1.0,\N,0.0
1101,857,1,73,1,2023,4,2023-04-30,piastri,PIA,Oscar,Piastri,Australian,mclaren,McLaren,British,Baku City Circuit,Azerbaijan Grand Prix,Baku,Azerbaijan,-7,6.003,306.153,False,high_speed,51,5648937,11,0.0,10,0.0
1101,848,3,73,1,2023,4,2023-04-30,albon,ALB,Alexander,Albon,Thai,williams,Williams,British,Baku City Circuit,Azerbaijan Grand Prix,Baku,Azerbaijan,-7,6.003,306.153,False,high_speed,51,5651059,12,0.0,9,0.0
1101,825,210,73,1,2023,4,2023-04-30,kevin_magnussen,MAG,Kevin,Magnussen,Danish,haas,Haas F1 Team,American,Baku City Circuit,Azerbaijan Grand Prix,Baku,Azerbaijan,-7,6.003,306.153,False,high_speed,51,5652165,13,0.0,11,0.0
1101,842,214,73,1,2023,4,2023-04-30,gasly,GAS,Pierre,Gasly,French,alpine,Alpine F1 Team,French,Baku City Circuit,Azerbaijan Grand Prix,Baku,Azerbaijan,-7,6.003,306.153,False,high_speed,51,5653768,14,0.0,13,0.0
1101,839,214,73,1,2023,4,2023-04-30,ocon,OCO,Esteban,Ocon,French,alpine,Alpine F1 Team,French,Baku City Circuit,Azerbaijan Grand Prix,Baku,Azerbaijan,-7,6.003,306.153,False,high_speed,51,5660230,15,0.0,18,0.0
1101,858,3,73,1,2023,4,2023-04-30,sargeant,SAR,Logan,Sargeant,American,williams,Williams,British,Baku City Circuit,Azerbaijan Grand Prix,Baku,Azerbaijan,-7,6.003,306.153,False,high_speed,51,5663379,16,0.0,\N,0.0
1101,807,210,73,11,2023,4,2023-04-30,hulkenberg,HUL,Nico,Hülkenberg,German,haas,Haas F1 Team,American,Baku City Circuit,Azerbaijan Grand Prix,Baku,Azerbaijan,-7,6.003,306.153,False,high_speed,50,\N,17,0.0,15,0.0
1101,822,51,73,11,2023,4,2023-04-30,bottas,BOT,Valtteri,Bottas,Finnish,alfa,Alfa Romeo,Swiss,Baku City Circuit,Azerbaijan Grand Prix,Baku,Azerbaijan,-7,6.003,306.153,False,high_speed,50,\N,18,0.0,16,0.0
1101,855,51,73,25,2023,4,2023-04-30,zhou,ZHO,Guanyu,Zhou,Chinese,alfa,Alfa Romeo,Swiss,Baku City Circuit,Azerbaijan Grand Prix,Baku,Azerbaijan,-7,6.003,306.153,False,high_speed,36,\N,\N,0.0,12,0.0
1101,856,213,73,3,2023,4,2023-04-30,de_vries,DEV,Nyck,de Vries,Dutch,alphatauri,AlphaTauri,Italian,Baku City Circuit,Azerbaijan Grand Prix,Baku,Azerbaijan,-7,6.003,306.153,False,high_speed,9,\N,\N,0.0,14,0.0
1102,830,9,79,1,2023,5,2023-05-07,max_verstappen,VER,Max,Verstappen,Dutch,red_bull,Red Bull,Austrian,Miami International Autodrome,Miami Grand Prix,Miami,USA,0,5.412,308.484,False,technical,57,5258241,1,26.0,,
1102,815,9,79,1,2023,5,2023-05-07,perez,PER,Sergio,Pérez,Mexican,red_bull,Red Bull,Austrian,Miami International Autodrome,Miami Grand Prix,Miami,USA,0,5.412,308.484,False,technical,57,5263625,2,18.0,,
1102,4,117,79,1,2023,5,2023-05-07,alonso,ALO,Fernando,Alonso,Spanish,aston_martin,Aston Martin,British,Miami International Autodrome,Miami Grand Prix,Miami,USA,0,5.412,308.484,False,technical,57,5284546,3,15.0,,
1102,847,131,79,1,2023,5,2023-05-07,russell,RUS,George,Russell,British,mercedes,Mercedes,German,Miami International Autodrome,Miami Grand Prix,Miami,USA,0,5.412,308.484,False,technical,57,5291470,4,12.0,,
1102,832,6,79,1,2023,5,2023-05-07,sainz,SAI,Carlos,Sainz,Spanish,ferrari,Ferrari,Italian,Miami International Autodrome,Miami Grand Prix,Miami,USA,0,5.412,308.484,False,technical,57,5300752,5,10.0,,
1102,1,131,79,1,2023,5,2023-05-07,hamilton,HAM,Lewis,Hamilton,British,mercedes,Mercedes,German,Miami International Autodrome,Miami Grand Prix,Miami,USA,0,5.412,308.484,False,technical,57,5309490,6,8.0,,
1102,844,6,79,1,2023,5,2023-05-07,leclerc,LEC,Charles,Leclerc,Monegasque,ferrari,Ferrari,Italian,Miami International Autodrome,Miami Grand Prix,Miami,USA,0,5.412,308.484,False,technical,57,5311229,7,6.0,,
1102,842,214,79,1,2023,5,2023-05-07,gasly,GAS,Pierre,Gasly,French,alpine,Alpine F1 Team,French,Miami International Autodrome,Miami Grand Prix,Miami,USA,0,5.412,308.484,False,technical,57,5313911,8,4.0,,
1102,839,214,79,1,2023,5,2023-05-07,ocon,OCO,Esteban,Ocon,French,alpine,Alpine F1 Team,French,Miami International Autodrome,Miami Grand Prix,Miami,USA,0,5.412,308.484,False,technical,57,5316364,9,2.0,,
1102,825,210,79,1,2023,5,2023-05-07,kevin_magnussen,MAG,Kevin,Magnussen,Danish,haas,Haas F1 Team,American,Miami International Autodrome,Miami Grand Prix,Miami,USA,0,5.412,308.484,False,technical,57,5321186,10,1.0,,
1102,852,213,79,1,2023,5,2023-05-07,tsunoda,TSU,Yuki,Tsunoda,Japanese,alphatauri,AlphaTauri,Italian,Miami International Autodrome,Miami Grand Prix,Miami,USA,0,5.412,308.484,False,technical,57,5322550,11,0.0,,
1102,840,117,79,1,2023,5,2023-05-07,stroll,STR,Lance,Stroll,Canadian,aston_martin,Aston Martin,British,Miami International Autodrome,Miami Grand Prix,Miami,USA,0,5.412,308.484,False,technical,57,5322995,12,0.0,,
1102,822,51,79,1,2023,5,2023-05-07,bottas,BOT,Valtteri,Bottas,Finnish,alfa,Alfa Romeo,Swiss,Miami International Autodrome,Miami Grand Prix,Miami,USA,0,5.412,308.484,False,technical,57,5329878,13,0.0,,
1102,848,3,79,1,2023,5,2023-05-07,albon,ALB,Alexander,Albon,Thai,williams,Williams,British,Miami International Autodrome,Miami Grand Prix,Miami,USA,0,5.412,308.484,False,technical,57,5331102,14,0.0,,
1102,807,210,79,1,2023,5,2023-05-07,hulkenberg,HUL,Nico,Hülkenberg,German,haas,Haas F1 Team,American,Miami International Autodrome,Miami Grand Prix,Miami,USA,0,5.412,308.484,False,technical,57,5333191,15,0.0,,
1102,855,51,79,1,2023,5,2023-05-07,zhou,ZHO,Guanyu,Zhou,Chinese,alfa,Alfa Romeo,Swiss,Miami International Autodrome,Miami Grand Prix,Miami,USA,0,5.412,308.484,False,technical,57,5336681,16,0.0,,
1102,846,1,79,1,2023,5,2023-05-07,norris,NOR,Lando,Norris,British,mclaren,McLaren,British,Miami International Autodrome,Miami Grand Prix,Miami,USA,0,5.412,308.484,False,technical,57,5345958,17,0.0,,
1102,856,213,79,1,2023,5,2023-05-07,de_vries,DEV,Nyck,de Vries,Dutch,alphatauri,AlphaTauri,Italian,Miami International Autodrome,Miami Grand Prix,Miami,USA,0,5.412,308.484,False,technical,57,5347190,18,0.0,,
1102,857,1,79,11,2023,5,2023-05-07,piastri,PIA,Oscar,Piastri,Australian,mclaren,McLaren,British,Miami International Autodrome,Miami Grand Prix,Miami,USA,0,5.412,308.484,False,technical,56,\N,19,0.0,,
1102,858,3,79,11,2023,5,2023-05-07,sargeant,SAR,Logan,Sargeant,American,williams,Williams,British,Miami International Autodrome,Miami Grand Prix,Miami,USA,0,5.412,308.484,False,technical,56,\N,20,0.0,,
1104,830,9,6,1,2023,6,2023-05-28,max_verstappen,VER,Max,Verstappen,Dutch,red_bull,Red Bull,Austrian,Circuit de Monaco,Monaco Grand Prix,Monte-Carlo,Monaco,7,3.337,260.286,False,technical,78,6531980,1,25.0,,
1104,4,117,6,1,2023,6,2023-05-28,alonso,ALO,Fernando,Alonso,Spanish,aston_martin,Aston Martin,British,Circuit de Monaco,Monaco Grand Prix,Monte-Carlo,Monaco,7,3.337,260.286,False,technical,78,6559901,2,18.0,,
1104,839,214,6,1,2023,6,2023-05-28,ocon,OCO,Esteban,Ocon,French,alpine,Alpine F1 Team,French,Circuit de Monaco,Monaco Grand Prix,Monte-Carlo,Monaco,7,3.337,260.286,False,technical,78,6568970,3,15.0,,
1104,1,131,6,1,2023,6,2023-05-28,hamilton,HAM,Lewis,Hamilton,British,mercedes,Mercedes,German,Circuit de Monaco,Monaco Grand Prix,Monte-Carlo,Monaco,7,3.337,260.286,False,technical,78,6571042,4,13.0,,
1104,847,131,6,1,2023,6,2023-05-28,russell,RUS,George,Russell,British,mercedes,Mercedes,German,Circuit de Monaco,Monaco Grand Prix,Monte-Carlo,Monaco,7,3.337,260.286,False,technical,78,6588264,5,10.0,,
1104,844,6,6,1,2023,6,2023-05-28,leclerc,LEC,Charles,Leclerc,Monegasque,ferrari,Ferrari,Italian,Circuit de Monaco,Monaco Grand Prix,Monte-Carlo,Monaco,7,3.337,260.286,False,technical,78,6593870,6,8.0,,
1104,842,214,6,1,2023,6,2023-05-28,gasly,GAS,Pierre,Gasly,French,alpine,Alpine F1 Team,French,Circuit de Monaco,Monaco Grand Prix,Monte-Carlo,Monaco,7,3.337,260.286,False,technical,78,6594342,7,6.0,,
1104,832,6,6,1,2023,6,2023-05-28,sainz,SAI,Carlos,Sainz,Spanish,ferrari,Ferrari,Italian,Circuit de Monaco,Monaco Grand Prix,Monte-Carlo,Monaco,7,3.337,260.286,False,technical,78,6595371,8,4.0,,
1104,846,1,6,11,2023,6,2023-05-28,norris,NOR,Lando,Norris,British,mclaren,McLaren,British,Circuit de Monaco,Monaco Grand Prix,Monte-Carlo,Monaco,7,3.337,260.286,False,technical,77,\N,9,2.0,,
1104,857,1,6,11,2023,6,2023-05-28,piastri,PIA,Oscar,Piastri,Australian,mclaren,McLaren,British,Circuit de Monaco,Monaco Grand Prix,Monte-Carlo,Monaco,7,3.337,260.286,False,technical,77,\N,10,1.0,,
1104,822,51,6,11,2023,6,2023-05-28,bottas,BOT,Valtteri,Bottas,Finnish,alfa,Alfa Romeo,Swiss,Circuit de Monaco,Monaco Grand Prix,Monte-Carlo,Monaco,7,3.337,260.286,False,technical,77,\N,11,0.0,,
1104,856,213,6,11,2023,6,2023-05-28,de_vries,DEV,Nyck,de Vries,Dutch,alphatauri,AlphaTauri,Italian,Circuit de Monaco,Monaco Grand Prix,Monte-Carlo,Monaco,7,3.337,260.286,False,technical,77,\N,12,0.0,,
1104,855,51,6,11,2023,6,2023-05-28,zhou,ZHO,Guanyu,Zhou,Chinese,alfa,Alfa Romeo,Swiss,Circuit de Monaco,Monaco Grand Prix,Monte-Carlo,Monaco,7,3.337,260.286,False,technical,77,\N,13,0.0,,
1104,848,3,6,11,2023,6,2023-05-28,albon,ALB,Alexander,Albon,Thai,williams,Williams,British,Circuit de Monaco,Monaco Grand Prix,Monte-Carlo,Monaco,7,3.337,260.286,False,technical,77,\N,14,0.0,,
1104,852,213,6,12,2023,6,2023-05-28,tsunoda,TSU,Yuki,Tsunoda,Japanese,alphatauri,AlphaTauri,Italian,Circuit de Monaco,Monaco Grand Prix,Monte-Carlo,Monaco,7,3.337,260.286,False,technical,76,\N,15,0.0,,
1104,815,9,6,12,2023,6,2023-05-28,perez,PER,Sergio,Pérez,Mexican,red_bull,Red Bull,Austrian,Circuit de Monaco,Monaco Grand Prix,Monte-Carlo,Monaco,7,3.337,260.286,False,technical,76,\N,16,0.0,,
1104,807,210,6,12,2023,6,2023-05-28,hulkenberg,HUL,Nico,Hülkenberg,German,haas,Haas F1 Team,American,Circuit de Monaco,Monaco Grand Prix,Monte-Carlo,Monaco,7,3.337,260.286,False,technical,76,\N,17,0.0,,
1104,858,3,6,12,2023,6,2023-05-28,sargeant,SAR,Logan,Sargeant,American,williams,Williams,British,Circuit de Monaco,Monaco Grand Prix,Monte-Carlo,Monaco,7,3.337,260.286,False,technical,76,\N,18,0.0,,
1104,825,210,6,130,2023,6,2023-05-28,kevin_magnussen,MAG,Kevin,Magnussen,Danish,haas,Haas F1 Team,American,Circuit de Monaco,Monaco Grand Prix,Monte-Carlo,Monaco,7,3.337,260.286,False,technical,70,\N,\N,0.0,,
1104,840,117,6,3,2023,6,2023-05-28,stroll,STR,Lance,Stroll,Canadian,aston_martin,Aston Martin,British,Circuit de Monaco,Monaco Grand Prix,Monte-Carlo,Monaco,7,3.337,260.286,False,technical,53,\N,\N,0.0,,
1105,830,9,4,1,2023,7,2023-06-04,max_verstappen,VER,Max,Verstappen,Dutch,red_bull,Red Bull,Austrian,Circuit de Barcelona-Catalunya,Spanish Grand Prix,Montmeló,Spain,109,4.657,307.362,False,balanced,66,5277940,1,26.0,,
1105,1,131,4,1,2023,7,2023-06-04,hamilton,HAM,Lewis,Hamilton,British,mercedes,Mercedes,German,Circuit de Barcelona-Catalunya,Spanish Grand Prix,Montmeló,Spain,109,4.657,307.362,False,balanced,66,5302030,2,18.0,,
1105,847,131,4,1,2023,7,2023-06-04,russell,RUS,George,Russell,British,mercedes,Mercedes,German,Circuit de Barcelona-Catalunya,Spanish Grand Prix,Montmeló,Spain,109,4.657,307.362,False,balanced,66,5310329,3,15.0,,
1105,815,9,4,1,2023,7,2023-06-04,perez,PER,Sergio,Pérez,Mexican,red_bull,Red Bull,Austrian,Circuit de Barcelona-Catalunya,Spanish Grand Prix,Montmeló,Spain,109,4.657,307.362,False,balanced,66,5313752,4,12.0,,
1105,832,6,4,1,2023,7,2023-06-04,sainz,SAI,Carlos,Sainz,Spanish,ferrari,Ferrari,Italian,Circuit de Barcelona-Catalunya,Spanish Grand Prix,Montmeló,Spain,109,4.657,307.362,False,balanced,66,5323638,5,10.0,,
1105,840,117,4,1,2023,7,2023-06-04,stroll,STR,Lance,Stroll,Canadian,aston_martin,Aston Martin,British,Circuit de Barcelona-Catalunya,Spanish Grand Prix,Montmeló,Spain,109,4.657,307.362,False,balanced,66,5341260,6,8.0,,
1105,4,117,4,1,2023,7,2023-06-04,alonso,ALO,Fernando,Alonso,Spanish,aston_martin,Aston Martin,British,Circuit de Barcelona-Catalunya,Spanish Grand Prix,Montmeló,Spain,109,4.657,307.362,False,balanced,66,5342067,7,6.0,,
1105,839,214,4,1,2023,7,2023-06-04,ocon,OCO,Esteban,Ocon,French,alpine,Alpine F1 Team,French,Circuit de Barcelona-Catalunya,Spanish Grand Prix,Montmeló,Spain,109,4.657,307.362,False,balanced,66,5347182,8,4.0,,
1105,855,51,4,1,2023,7,2023-06-04,zhou,ZHO,Guanyu,Zhou,Chinese,alfa,Alfa Romeo,Swiss,Circuit de Barcelona-Catalunya,Spanish Grand Prix,Montmeló,Spain,109,4.657,307.362,False,balanced,66,5349818,9,2.0,,
1105,842,214,4,1,2023,7,2023-06-04,gasly,GAS,Pierre,Gasly,French,alpine,Alpine F1 Team,French,Circuit de Barcelona-Catalunya,Spanish Grand Prix,Montmeló,Spain,109,4.657,307.362,False,balanced,66,5351470,10,1.0,,
1105,844,6,4,1,2023,7,2023-06-04,leclerc,LEC,Charles,Leclerc,Monegasque,ferrari,Ferrari,Italian,Circuit de Barcelona-Catalunya,Spanish Grand Prix,Montmeló,Spain,109,4.657,307.362,False,balanced,66,5352359,11,0.0,,
1105,852,213,4,1,2023,7,2023-06-04,tsunoda,TSU,Yuki,Tsunoda,Japanese,alphatauri,AlphaTauri,Italian,Circuit de Barcelona-Catalunya,Spanish Grand Prix,Montmeló,Spain,109,4.657,307.362,False,balanced,66,5353356,12,0.0,,
1105,857,1,4,11,2023,7,2023-06-04,piastri,PIA,Oscar,Piastri,Australian,mclaren,McLaren,British,Circuit de Barcelona-Catalunya,Spanish Grand Prix,Montmeló,Spain,109,4.657,307.362,False,balanced,65,\N,13,0.0,,
1105,856,213,4,11,2023,7,2023-06-04,de_vries,DEV,Nyck,de Vries,Dutch,alphatauri,AlphaTauri,Italian,Circuit de Barcelona-Catalunya,Spanish Grand Prix,Montmeló,Spain,109,4.657,307.362,False,balanced,65,\N,14,0.0,,
1105,807,210,4,11,2023,7,2023-06-04,hulkenberg,HUL,Nico,Hülkenberg,German,haas,Haas F1 Team,American,Circuit de Barcelona-Catalunya,Spanish Grand Prix,Montmeló,Spain,109,4.657,307.362,False,balanced,65,\N,15,0.0,,
1105,848,3,4,11,2023,7,2023-06-04,albon,ALB,Alexander,Albon,Thai,williams,Williams,British,Circuit de Barcelona-Catalunya,Spanish Grand Prix,Montmeló,Spain,109,4.657,307.362,False,balanced,65,\N,16,0.0,,
1105,846,1,4,11,2023,7,2023-06-04,norris,NOR,Lando,Norris,British,mclaren,McLaren,British,Circuit de Barcelona-Catalunya,Spanish Grand Prix,Montmeló,Spain,109,4.657,307.362,False,balanced,65,\N,17,0.0,,
1105,825,210,4,11,2023,7,2023-06-04,kevin_magnussen,MAG,Kevin,Magnussen,Danish,haas,Haas F1 Team,American,Circuit de Barcelona-Catalunya,Spanish Grand Prix,Montmeló,Spain,109,4.657,307.362,False,balanced,65,\N,18,0.0,,
1105,822,51,4,11,2023,7,2023-06-04,bottas,BOT,Valtteri,Bottas,Finnish,alfa,Alfa Romeo,Swiss,Circuit de Barcelona-Catalunya,Spanish Grand Prix,Montmeló,Spain,109,4.657,307.362,False,balanced,65,\N,19,0.0,,
1105,858,3,4,11,2023,7,2023-06-04,sargeant,SAR,Logan,Sargeant,American,williams,Williams,British,Circuit de Barcelona-Catalunya,Spanish Grand Prix,Montmeló,Spain,109,4.657,307.362,False,balanced,65,\N,20,0.0,,
1106,830,9,7,1,2023,8,2023-06-18,max_verstappen,VER,Max,Verstappen,Dutch,red_bull,Red Bull,Austrian,Circuit Gilles Villeneuve,Canadian Grand Prix,Montreal,Canada,13,4.361,305.27,False,balanced,70,5638348,1,25.0,,
1106,4,117,7,1,2023,8,2023-06-18,alonso,ALO,Fernando,Alonso,Spanish,aston_martin,Aston Martin,British,Circuit Gilles Villeneuve,Canadian Grand Prix,Montreal,Canada,13,4.361,305.27,False,balanced,70,5647918,2,18.0,,
1106,1,131,7,1,2023,8,2023-06-18,hamilton,HAM,Lewis,Hamilton,British,mercedes,Mercedes,German,Circuit Gilles Villeneuve,Canadian Grand Prix,Montreal,Canada,13,4.361,305.27,False,balanced,70,5652516,3,15.0,,
1106,844,6,7,1,2023,8,2023-06-18,leclerc,LEC,Charles,Leclerc,Monegasque,ferrari,Ferrari,Italian,Circuit Gilles Villeneuve,Canadian Grand Prix,Montreal,Canada,13,4.361,305.27,False,balanced,70,5656996,4,12.0,,
1106,832,6,7,1,2023,8,2023-06-18,sainz,SAI,Carlos,Sainz,Spanish,ferrari,Ferrari,Italian,Circuit Gilles Villeneuve,Canadian Grand Prix,Montreal,Canada,13,4.361,305.27,False,balanced,70,5659888,5,10.0,,
1106,815,9,7,1,2023,8,2023-06-18,perez,PER,Sergio,Pérez,Mexican,red_bull,Red Bull,Austrian,Circuit Gilles Villeneuve,Canadian Grand Prix,Montreal,Canada,13,4.361,305.27,False,balanced,70,5689376,6,9.0,,
1106,848,3,7,1,2023,8,2023-06-18,albon,ALB,Alexander,Albon,Thai,williams,Williams,British,Circuit Gilles Villeneuve,Canadian Grand Prix,Montreal,Canada,13,4.361,305.27,False,balanced,70,5699161,7,6.0,,
1106,839,214,7,1,2023,8,2023-06-18,ocon,OCO,Esteban,Ocon,French,alpine,Alpine F1 Team,French,Circuit Gilles Villeneuve,Canadian Grand Prix,Montreal,Canada,13,4.361,305.27,False,balanced,70,5700040,8,4.0,,
1106,840,117,7,1,2023,8,2023-06-18,stroll,STR,Lance,Stroll,Canadian,aston_martin,Aston Martin,British,Circuit Gilles Villeneuve,Canadian Grand Prix,Montreal,Canada,13,4.361,305.27,False,balanced,70,5702750,9,2.0,,
1106,822,51,7,1,2023,8,2023-06-18,bottas,BOT,Valtteri,Bottas,Finnish,alfa,Alfa Romeo,Swiss,Circuit Gilles Villeneuve,Canadian Grand Prix,Montreal,Canada,13,4.361,305.27,False,balanced,70,5702780,10,1.0,,
1106,857,1,7,1,2023,8,2023-06-18,piastri,PIA,Oscar,Piastri,Australian,mclaren,McLaren,British,Circuit Gilles Villeneuve,Canadian Grand Prix,Montreal,Canada,13,4.361,305.27,False,balanced,70,5703449,11,0.0,,
1106,842,214,7,1,2023,8,2023-06-18,gasly,GAS,Pierre,Gasly,French,alpine,Alpine F1 Team,French,Circuit Gilles Villeneuve,Canadian Grand Prix,Montreal,Canada,13,4.361,305.27,False,balanced,70,5703597,12,0.0,,
1106,846,1,7,1,2023,8,2023-06-18,norris,NOR,Lando,Norris,British,mclaren,McLaren,British,Circuit Gilles Villeneuve,Canadian Grand Prix,Montreal,Canada,13,4.361,305.27,False,balanced,70,5706711,13,0.0,,
1106,852,213,7,1,2023,8,2023-06-18,tsunoda,TSU,Yuki,Tsunoda,Japanese,alphatauri,AlphaTauri,Italian,Circuit Gilles Villeneuve,Canadian Grand Prix,Montreal,Canada,13,4.361,305.27,False,balanced,70,5711771,14,0.0,,
1106,807,210,7,11,2023,8,2023-06-18,hulkenberg,HUL,Nico,Hülkenberg,German,haas,Haas F1 Team,American,Circuit Gilles Villeneuve,Canadian Grand Prix,Montreal,Canada,13,4.361,305.27,False,balanced,69,\N,15,0.0,,
1106,855,51,7,11,2023,8,2023-06-18,zhou,ZHO,Guanyu,Zhou,Chinese,alfa,Alfa Romeo,Swiss,Circuit Gilles Villeneuve,Canadian Grand Prix,Montreal,Canada,13,4.361,305.27,False,balanced,69,\N,16,0.0,,
1106,825,210,7,11,2023,8,2023-06-18,kevin_magnussen,MAG,Kevin,Magnussen,Danish,haas,Haas F1 Team,American,Circuit Gilles Villeneuve,Canadian Grand Prix,Montreal,Canada,13,4.361,305.27,False,balanced,69,\N,17,0.0,,
1106,856,213,7,11,2023,8,2023-06-18,de_vries,DEV,Nyck,de Vries,Dutch,alphatauri,AlphaTauri,Italian,Circuit Gilles Villeneuve,Canadian Grand Prix,Montreal,Canada,13,4.361,305.27,False,balanced,69,\N,18,0.0,,
1106,847,131,7,23,2023,8,2023-06-18,russell,RUS,George,Russell,British,mercedes,Mercedes,German,Circuit Gilles Villeneuve,Canadian Grand Prix,Montreal,Canada,13,4.361,305.27,False,balanced,53,\N,\N,0.0,,
1106,858,3,7,5,2023,8,2023-06-18,sargeant,SAR,Logan,Sargeant,American,williams,Williams,British,Circuit Gilles Villeneuve,Canadian Grand Prix,Montreal,Canada,13,4.361,305.27,False,balanced,6,\N,\N,0.0,,
1107,830,9,70,1,2023,9,2023-07-02,max_verstappen,VER,Max,Verstappen,Dutch,red_bull,Red Bull,Austrian,Red Bull Ring,Austrian Grand Prix,Spielberg,Austria,678,4.326,307.146,False,high_speed,71,5133607,1,26.0,1,8.0
1107,844,6,70,1,2023,9,2023-07-02,leclerc,LEC,Charles,Leclerc,Monegasque,ferrari,Ferrari,Italian,Red Bull Ring,Austrian Grand Prix,Spielberg,Austria,678,4.326,307.146,False,high_speed,71,5138762,2,18.0,12,0.0
1107,815,9,70,1,2023,9,2023-07-02,perez,PER,Sergio,Pérez,Mexican,red_bull,Red Bull,Austrian,Red Bull Ring,Austrian Grand Prix,Spielberg,Austria,678,4.326,307.146,False,high_speed,71,5150795,3,15.0,2,7.0
1107,846,1,70,1,2023,9,2023-07-02,norris,NOR,Lando,Norris,British,mclaren,McLaren,British,Red Bull Ring,Austrian Grand Prix,Spielberg,Austria,678,4.326,307.146,False,high_speed,71,5159934,4,12.0,9,0.0
1107,4,117,70,1,2023,9,2023-07-02,alonso,ALO,Fernando,Alonso,Spanish,aston_martin,Aston Martin,British,Red Bull Ring,Austrian Grand Prix,Spielberg,Austria,678,4.326,307.146,False,high_speed,71,5163924,5,10.0,5,4.0
1107,832,6,70,1,2023,9,2023-07-02,sainz,SAI,Carlos,Sainz,Spanish,ferrari,Ferrari,Italian,Red Bull Ring,Austrian Grand Prix,Spielberg,Austria,678,4.326,307.146,False,high_speed,71,5164984,6,8.0,3,6.0
1107,847,131,70,1,2023,9,2023-07-02,russell,RUS,George,Russell,British,mercedes,Mercedes,German,Red Bull Ring,Austrian Grand Prix,Spielberg,Austria,678,4.326,307.146,False,high_speed,71,5182010,7,6.0,8,1.0
1107,1,131,70,1,2023,9,2023-07-02,hamilton,HAM,Lewis,Hamilton,British,mercedes,Mercedes,German,Red Bull Ring,Austrian Grand Prix,Spielberg,Austria,678,4.326,307.146,False,high_speed,71,5182803,8,4.0,10,0.0
1107,840,117,70,1,2023,9,2023-07-02,stroll,STR,Lance,Stroll,Canadian,aston_martin,Aston Martin,British,Red Bull Ring,Austrian Grand Prix,Spielberg,Austria,678,4.326,307.146,False,high_speed,71,5192650,9,2.0,4,5.0
1107,842,214,70,1,2023,9,2023-07-02,gasly,GAS,Pierre,Gasly,French,alpine,Alpine F1 Team,French,Red Bull Ring,Austrian Grand Prix,Spielberg,Austria,678,4.326,307.146,False,high_speed,71,5201274,10,1.0,15,0.0
1107,848,3,70,1,2023,9,2023-07-02,albon,ALB,Alexander,Albon,Thai,williams,Williams,British,Red Bull Ring,Austrian Grand Prix,Spielberg,Austria,678,4.326,307.146,False,high_speed,71,5213374,11,0.0,13,0.0
1107,855,51,70,11,2023,9,2023-07-02,zhou,ZHO,Guanyu,Zhou,Chinese,alfa,Alfa Romeo,Swiss,Red Bull Ring,Austrian Grand Prix,Spielberg,Austria,678,4.326,307.146,False,high_speed,70,\N,12,0.0,19,0.0
1107,858,3,70,11,2023,9,2023-07-02,sargeant,SAR,Logan,Sargeant,American,williams,Williams,British,Red Bull Ring,Austrian Grand Prix,Spielberg,Austria,678,4.326,307.146,False,high_speed,70,\N,13,0.0,18,0.0
1107,839,214,70,11,2023,9,2023-07-02,ocon,OCO,Esteban,Ocon,French,alpine,Alpine F1 Team,French,Red Bull Ring,Austrian Grand Prix,Spielberg,Austria,678,4.326,307.146,False,high_speed,70,\N,14,0.0,7,2.0
1107,822,51,70,11,2023,9,2023-07-02,bottas,BOT,Valtteri,Bottas,Finnish,alfa,Alfa Romeo,Swiss,Red Bull Ring,Austrian Grand Prix,Spielberg,Austria,678,4.326,307.146,False,high_speed,70,\N,15,0.0,20,0.0
1107,857,1,70,11,2023,9,2023-07-02,piastri,PIA,Oscar,Piastri,Australian,mclaren,McLaren,British,Red Bull Ring,Austrian Grand Prix,Spielberg,Austria,678,4.326,307.146,False,high_speed,70,\N,16,0.0,11,0.0
1107,856,213,70,11,2023,9,2023-07-02,de_vries,DEV,Nyck,de Vries,Dutch,alphatauri,AlphaTauri,Italian,Red Bull Ring,Austrian Grand Prix,Spielberg,Austria,678,4.326,307.146,False,high_speed,70,\N,17,0.0,17,0.0
1107,825,210,70,11,2023,9,2023-07-02,kevin_magnussen,MAG,Kevin,Magnussen,Danish,haas,Haas F1 Team,American,Red Bull Ring,Austrian Grand Prix,Spielberg,Austria,678,4.326,307.146,False,high_speed,70,\N,18,0.0,14,0.0
1107,852,213,70,11,2023,9,2023-07-02,tsunoda,TSU,Yuki,Tsunoda,Japanese,alphatauri,AlphaTauri,Italian,Red Bull Ring,Austrian Grand Prix,Spielberg,Austria,678,4.326,307.146,False,high_speed,70,\N,19,0.0,16,0.0
1107,807,210,70,75,2023,9,2023-07-02,hulkenberg,HUL,Nico,Hülkenberg,German,haas,Haas F1 Team,American,Red Bull Ring,Austrian Grand Prix,Spielberg,Austria,678,4.326,307.146,False,high_speed,12,\N,\N,0.0,6,3.0
1108,830,9,9,1,2023,10,2023-07-09,max_verstappen,VER,Max,Verstappen,Dutch,red_bull,Red Bull,Austrian,Silverstone Circuit,British Grand Prix,Silverstone,UK,153,5.891,306.332,False,high_speed,52,5116938,1,26.0,,
1108,846,1,9,1,2023,10,2023-07-09,norris,NOR,Lando,Norris,British,mclaren,McLaren,British,Silverstone Circuit,British Grand Prix,Silverstone,UK,153,5.891,306.332,False,high_speed,52,5120736,2,18.0,,
1108,1,131,9,1,2023,10,2023-07-09,hamilton,HAM,Lewis,Hamilton,British,mercedes,Mercedes,German,Silverstone Circuit,British Grand Prix,Silverstone,UK,153,5.891,306.332,False,high_speed,52,5123721,3,15.0,,
1108,857,1,9,1,2023,10,2023-07-09,piastri,PIA,Oscar,Piastri,Australian,mclaren,McLaren,British,Silverstone Circuit,British Grand Prix,Silverstone,UK,153,5.891,306.332,False,high_speed,52,5124714,4,12.0,,
1108,847,131,9,1,2023,10,2023-07-09,russell,RUS,George,Russell,British,mercedes,Mercedes,German,Silverstone Circuit,British Grand Prix,Silverstone,UK,153,5.891,306.332,False,high_speed,52,5128144,5,10.0,,
1108,815,9,9,1,2023,10,2023-07-09,perez,PER,Sergio,Pérez,Mexican,red_bull,Red Bull,Austrian,Silverstone Circuit,British Grand Prix,Silverstone,UK,153,5.891,306.332,False,high_speed,52,5129820,6,8.0,,
1108,4,117,9,1,2023,10,2023-07-09,alonso,ALO,Fernando,Alonso,Spanish,aston_martin,Aston Martin,British,Silverstone Circuit,British Grand Prix,Silverstone,UK,153,5.891,306.332,False,high_speed,52,5134131,7,6.0,,
1108,848,3,9,1,2023,10,2023-07-09,albon,ALB,Alexander,Albon,Thai,williams,Williams,British,Silverstone Circuit,British Grand Prix,Silverstone,UK,153,5.891,306.332,False,high_speed,52,5134816,8,4.0,,
1108,844,6,9,1,2023,10,2023-07-09,leclerc,LEC,Charles,Leclerc,Monegasque,ferrari,Ferrari,Italian,Silverstone Circuit,British Grand Prix,Silverstone,UK,153,5.891,306.332,False,high_speed,52,5135627,9,2.0,,
1108,832,6,9,1,2023,10,2023-07-09,sainz,SAI,Carlos,Sainz,Spanish,ferrari,Ferrari,Italian,Silverstone Circuit,British Grand Prix,Silverstone,UK,153,5.891,306.332,False,high_speed,52,5136386,10,1.0,,
1108,858,3,9,1,2023,10,2023-07-09,sargeant,SAR,Logan,Sargeant,American,williams,Williams,British,Silverstone Circuit,British Grand Prix,Silverstone,UK,153,5.891,306.332,False,high_speed,52,5140570,11,0.0,,
1108,822,51,9,1,2023,10,2023-07-09,bottas,BOT,Valtteri,Bottas,Finnish,alfa,Alfa Romeo,Swiss,Silverstone Circuit,British Grand Prix,Silverstone,UK,153,5.891,306.332,False,high_speed,52,5142768,12,0.0,,
1108,807,210,9,1,2023,10,2023-07-09,hulkenberg,HUL,Nico,Hülkenberg,German,haas,Haas F1 Team,American,Silverstone Circuit,British Grand Prix,Silverstone,UK,153,5.891,306.332,False,high_speed,52,5143601,13,0.0,,
1108,840,117,9,1,2023,10,2023-07-09,stroll,STR,Lance,Stroll,Canadian,aston_martin,Aston Martin,British,Silverstone Circuit,British Grand Prix,Silverstone,UK,153,5.891,306.332,False,high_speed,52,5144421,14,0.0,,
1108,855,51,9,1,2023,10,2023-07-09,zhou,ZHO,Guanyu,Zhou,Chinese,alfa,Alfa Romeo,Swiss,Silverstone Circuit,British Grand Prix,Silverstone,UK,153,5.891,306.332,False,high_speed,52,5146758,15,0.0,,
1108,852,213,9,1,2023,10,2023-07-09,tsunoda,TSU,Yuki,Tsunoda,Japanese,alphatauri,AlphaTauri,Italian,Silverstone Circuit,British Grand Prix,Silverstone,UK,153,5.891,306.332,False,high_speed,52,5148163,16,0.0,,
1108,856,213,9,1,2023,10,2023-07-09,de_vries,DEV,Nyck,de Vries,Dutch,alphatauri,AlphaTauri,Italian,Silverstone Circuit,British Grand Prix,Silverstone,UK,153,5.891,306.332,False,high_speed,52,5150066,17,0.0,,
1108,842,214,9,130,2023,10,2023-07-09,gasly,GAS,Pierre,Gasly,French,alpine,Alpine F1 Team,French,Silverstone Circuit,British Grand Prix,Silverstone,UK,153,5.891,306.332,False,high_speed,46,\N,18,0.0,,
1108,825,210,9,5,2023,10,2023-07-09,kevin_magnussen,MAG,Kevin,Magnussen,Danish,haas,Haas F1 Team,American,Silverstone Circuit,British Grand Prix,Silverstone,UK,153,5.891,306.332,False,high_speed,31,\N,\N,0.0,,
1108,839,214,9,44,2023,10,2023-07-09,ocon,OCO,Esteban,Ocon,French,alpine,Alpine F1 Team,French,Silverstone Circuit,British Grand Prix,Silverstone,UK,153,5.891,306.332,False,high_speed,9,\N,\N,0.0,,
1109,830,9,11,1,2023,11,2023-07-23,max_verstappen,VER,Max,Verstappen,Dutch,red_bull,Red Bull,Austrian,Hungaroring,Hungarian Grand Prix,Budapest,Hungary,264,4.381,306.67,False,technical,70,5888634,1,26.0,,
1109,846,1,11,1,2023,11,2023-07-23,norris,NOR,Lando,Norris,British,mclaren,McLaren,British,Hungaroring,Hungarian Grand Prix,Budapest,Hungary,264,4.381,306.67,False,technical,70,5922365,2,18.0,,
1109,815,9,11,1,2023,11,2023-07-23,perez,PER,Sergio,Pérez,Mexican,red_bull,Red Bull,Austrian,Hungaroring,Hungarian Grand Prix,Budapest,Hungary,264,4.381,306.67,False,technical,70,5926237,3,15.0,,
1109,1,131,11,1,2023,11,2023-07-23,hamilton,HAM,Lewis,Hamilton,British,mercedes,Mercedes,German,Hungaroring,Hungarian Grand Prix,Budapest,Hungary,264,4.381,306.67,False,technical,70,5927768,4,12.0,,
1109,857,1,11,1,2023,11,2023-07-23,piastri,PIA,Oscar,Piastri,Australian,mclaren,McLaren,British,Hungaroring,Hungarian Grand Prix,Budapest,Hungary,264,4.381,306.67,False,technical,70,5951206,5,10.0,,
1109,847,131,11,1,2023,11,2023-07-23,russell,RUS,George,Russell,British,mercedes,Mercedes,German,Hungaroring,Hungarian Grand Prix,Budapest,Hungary,264,4.381,306.67,False,technical,70,5954459,6,8.0,,
1109,844,6,11,1,2023,11,2023-07-23,leclerc,LEC,Charles,Leclerc,Monegasque,ferrari,Ferrari,Italian,Hungaroring,Hungarian Grand Prix,Budapest,Hungary,264,4.381,306.67,False,technical,70,5958951,7,6.0,,
1109,832,6,11,1,2023,11,2023-07-23,sainz,SAI,Carlos,Sainz,Spanish,ferrari,Ferrari,Italian,Hungaroring,Hungarian Grand Prix,Budapest,Hungary,264,4.381,306.67,False,technical,70,5959707,8,4.0,,
1109,4,117,11,1,2023,11,2023-07-23,alonso,ALO,Fernando,Alonso,Spanish,aston_martin,Aston Martin,British,Hungaroring,Hungarian Grand Prix,Budapest,Hungary,264,4.381,306.67,False,technical,70,5964343,9,2.0,,
1109,840,117,11,11,2023,11,2023-07-23,stroll,STR,Lance,Stroll,Canadian,aston_martin,Aston Martin,British,Hungaroring,Hungarian Grand Prix,Budapest,Hungary,264,4.381,306.67,False,technical,69,\N,10,1.0,,
1109,848,3,11,11,2023,11,2023-07-23,albon,ALB,Alexander,Albon,Thai,williams,Williams,British,Hungaroring,Hungarian Grand Prix,Budapest,Hungary,264,4.381,306.67,False,technical,69,\N,11,0.0,,
1109,822,51,11,11,2023,11,2023-07-23,bottas,BOT,Valtteri,Bottas,Finnish,alfa,Alfa Romeo,Swiss,Hungaroring,Hungarian Grand Prix,Budapest,Hungary,264,4.381,306.67,False,technical,69,\N,12,0.0,,
1109,817,213,11,11,2023,11,2023-07-23,ricciardo,RIC,Daniel,Ricciardo,Australian,alphatauri,AlphaTauri,Italian,Hungaroring,Hungarian Grand Prix,Budapest,Hungary,264,4.381,306.67,False,technical,69,\N,13,0.0,,
1109,807,210,11,11,2023,11,2023-07-23,hulkenberg,HUL,Nico,Hülkenberg,German,haas,Haas F1 Team,American,Hungaroring,Hungarian Grand Prix,Budapest,Hungary,264,4.381,306.67,False,technical,69,\N,14,0.0,,
1109,852,213,11,11,2023,11,2023-07-23,tsunoda,TSU,Yuki,Tsunoda,Japanese,alphatauri,AlphaTauri,Italian,Hungaroring,Hungarian Grand Prix,Budapest,Hungary,264,4.381,306.67,False,technical,69,\N,15,0.0,,
1109,855,51,11,11,2023,11,2023-07-23,zhou,ZHO,Guanyu,Zhou,Chinese,alfa,Alfa Romeo,Swiss,Hungaroring,Hungarian Grand Prix,Budapest,Hungary,264,4.381,306.67,False,technical,69,\N,16,0.0,,
1109,825,210,11,11,2023,11,2023-07-23,kevin_magnussen,MAG,Kevin,Magnussen,Danish,haas,Haas F1 Team,American,Hungaroring,Hungarian Grand Prix,Budapest,Hungary,264,4.381,306.67,False,technical,69,\N,17,0.0,,
1109,858,3,11,31,2023,11,2023-07-23,sargeant,SAR,Logan,Sargeant,American,williams,Williams,British,Hungaroring,Hungarian Grand Prix,Budapest,Hungary,264,4.381,306.67,False,technical,67,\N,\N,0.0,,
1109,839,214,11,130,2023,11,2023-07-23,ocon,OCO,Esteban,Ocon,French,alpine,Alpine F1 Team,French,Hungaroring,Hungarian Grand Prix,Budapest,Hungary,264,4.381,306.67,False,technical,2,\N,\N,0.0,,
1109,842,214,11,130,2023,11,2023-07-23,gasly,GAS,Pierre,Gasly,French,alpine,Alpine F1 Team,French,Hungaroring,Hungarian Grand Prix,Budapest,Hungary,264,4.381,306.67,False,technical,1,\N,\N,0.0,,
1110,830,9,13,1,2023,12,2023-07-30,max_verstappen,VER,Max,Verstappen,Dutch,red_bull,Red Bull,Austrian,Circuit de Spa-Francorchamps,Belgian Grand Prix,Spa,Belgium,401,7.004,308.176,False,high_speed,44,4950450,1,25.0,1,8.0
1110,815,9,13,1,2023,12,2023-07-30,perez,PER,Sergio,Pérez,Mexican,red_bull,Red Bull,Austrian,Circuit de Spa-Francorchamps,Belgian Grand Prix,Spa,Belgium,401,7.004,308.176,False,high_speed,44,4972755,2,18.0,\N,0.0
1110,844,6,13,1,2023,12,2023-07-30,leclerc,LEC,Charles,Leclerc,Monegasque,ferrari,Ferrari,Italian,Circuit de Spa-Francorchamps,Belgian Grand Prix,Spa,Belgium,401,7.004,308.176,False,high_speed,44,4982709,3,15.0,5,4.0
1110,1,131,13,1,2023,12,2023-07-30,hamilton,HAM,Lewis,Hamilton,British,mercedes,Mercedes,German,Circuit de Spa-Francorchamps,Belgian Grand Prix,Spa,Belgium,401,7.004,308.176,False,high_speed,44,5000121,4,13.0,7,2.0
1110,4,117,13,1,2023,12,2023-07-30,alonso,ALO,Fernando,Alonso,Spanish,aston_martin,Aston Martin,British,Circuit de Spa-Francorchamps,Belgian Grand Prix,Spa,Belgium,401,7.004,308.176,False,high_speed,44,5006634,5,10.0,\N,0.0
1110,847,131,13,1,2023,12,2023-07-30,russell,RUS,George,Russell,British,mercedes,Mercedes,German,Circuit de Spa-Francorchamps,Belgian Grand Prix,Spa,Belgium,401,7.004,308.176,False,high_speed,44,5013551,6,8.0,8,1.0
1110,846,1,13,1,2023,12,2023-07-30,norris,NOR,Lando,Norris,British,mclaren,McLaren,British,Circuit de Spa-Francorchamps,Belgian Grand Prix,Spa,Belgium,401,7.004,308.176,False,high_speed,44,5024169,7,6.0,6,3.0
1110,839,214,13,1,2023,12,2023-07-30,ocon,OCO,Esteban,Ocon,French,alpine,Alpine F1 Team,French,Circuit de Spa-Francorchamps,Belgian Grand Prix,Spa,Belgium,401,7.004,308.176,False,high_speed,44,5025169,8,4.0,9,0.0
1110,840,117,13,1,2023,12,2023-07-30,stroll,STR,Lance,Stroll,Canadian,aston_martin,Aston Martin,British,Circuit de Spa-Francorchamps,Belgian Grand Prix,Spa,Belgium,401,7.004,308.176,False,high_speed,44,5029790,9,2.0,11,0.0
1110,852,213,13,1,2023,12,2023-07-30,tsunoda,TSU,Yuki,Tsunoda,Japanese,alphatauri,AlphaTauri,Italian,Circuit de Spa-Francorchamps,Belgian Grand Prix,Spa,Belgium,401,7.004,308.176,False,high_speed,44,5030671,10,1.0,18,0.0
1110,842,214,13,1,2023,12,2023-07-30,gasly,GAS,Pierre,Gasly,French,alpine,Alpine F1 Team,French,Circuit de Spa-Francorchamps,Belgian Grand Prix,Spa,Belgium,401,7.004,308.176,False,high_speed,44,5033534,11,0.0,3,6.0
1110,822,51,13,1,2023,12,2023-07-30,bottas,BOT,Valtteri,Bottas,Finnish,alfa,Alfa Romeo,Swiss,Circuit de Spa-Francorchamps,Belgian Grand Prix,Spa,Belgium,401,7.004,308.176,False,high_speed,44,5035641,12,0.0,13,0.0
1110,855,51,13,1,2023,12,2023-07-30,zhou,ZHO,Guanyu,Zhou,Chinese,alfa,Alfa Romeo,Swiss,Circuit de Spa-Francorchamps,Belgian Grand Prix,Spa,Belgium,401,7.004,308.176,False,high_speed,44,5045891,13,0.0,15,0.0
1110,848,3,13,1,2023,12,2023-07-30,albon,ALB,Alexander,Albon,Thai,williams,Williams,British,Circuit de Spa-Francorchamps,Belgian Grand Prix,Spa,Belgium,401,7.004,308.176,False,high_speed,44,5046634,14,0.0,12,0.0
1110,825,210,13,1,2023,12,2023-07-30,kevin_magnussen,MAG,Kevin,Magnussen,Danish,haas,Haas F1 Team,American,Circuit de Spa-Francorchamps,Belgian Grand Prix,Spa,Belgium,401,7.004,308.176,False,high_speed,44,5052204,15,0.0,14,0.0
1110,817,213,13,1,2023,12,2023-07-30,ricciardo,RIC,Daniel,Ricciardo,Australian,alphatauri,AlphaTauri,Italian,Circuit de Spa-Francorchamps,Belgian Grand Prix,Spa,Belgium,401,7.004,308.176,False,high_speed,44,5053521,16,0.0,10,0.0
1110,858,3,13,1,2023,12,2023-07-30,sargeant,SAR,Logan,Sargeant,American,williams,Williams,British,Circuit de Spa-Francorchamps,Belgian Grand Prix,Spa,Belgium,401,7.004,308.176,False,high_speed,44,5054926,17,0.0,16,0.0
1110,807,210,13,1,2023,12,2023-07-30,hulkenberg,HUL,Nico,Hülkenberg,German,haas,Haas F1 Team,American,Circuit de Spa-Francorchamps,Belgian Grand Prix,Spa,Belgium,401,7.004,308.176,False,high_speed,44,5060900,18,0.0,17,0.0
1110,832,6,13,130,2023,12,2023-07-30,sainz,SAI,Carlos,Sainz,Spanish,ferrari,Ferrari,Italian,Circuit de Spa-Francorchamps,Belgian Grand Prix,Spa,Belgium,401,7.004,308.176,False,high_speed,23,\N,\N,0.0,4,5.0
1110,857,1,13,130,2023,12,2023-07-30,piastri,PIA,Oscar,Piastri,Australian,mclaren,McLaren,British,Circuit de Spa-Francorchamps,Belgian Grand Prix,Spa,Belgium,401,7.004,308.176,False,high_speed,0,\N,\N,0.0,2,7.0
1111,830,9,39,1,2023,13,2023-08-27,max_verstappen,VER,Max,Verstappen,Dutch,red_bull,Red Bull,Austrian,Circuit Park Zandvoort,Dutch Grand Prix,Zandvoort,Netherlands,6,4.259,306.648,False,balanced,72,8644411,1,25.0,,
1111,4,117,39,1,2023,13,2023-08-27,alonso,ALO,Fernando,Alonso,Spanish,aston_martin,Aston Martin,British,Circuit Park Zandvoort,Dutch Grand Prix,Zandvoort,Netherlands,6,4.259,306.648,False,balanced,72,8648155,2,19.0,,
1111,842,214,39,1,2023,13,2023-08-27,gasly,GAS,Pierre,Gasly,French,alpine,Alpine F1 Team,French,Circuit Park Zandvoort,Dutch Grand Prix,Zandvoort,Netherlands,6,4.259,306.648,False,balanced,72,8651469,3,15.0,,
1111,815,9,39,1,2023,13,2023-08-27,perez,PER,Sergio,Pérez,Mexican,red_bull,Red Bull,Austrian,Circuit Park Zandvoort,Dutch Grand Prix,Zandvoort,Netherlands,6,4.259,306.648,False,balanced,72,8654479,4,12.0,,
1111,832,6,39,1,2023,13,2023-08-27,sainz,SAI,Carlos,Sainz,Spanish,ferrari,Ferrari,Italian,Circuit Park Zandvoort,Dutch Grand Prix,Zandvoort,Netherlands,6,4.259,306.648,False,balanced,72,8656952,5,10.0,,
1111,1,131,39,1,2023,13,2023-08-27,hamilton,HAM,Lewis,Hamilton,British,mercedes,Mercedes,German,Circuit Park Zandvoort,Dutch Grand Prix,Zandvoort,Netherlands,6,4.259,306.648,False,balanced,72,8657620,6,8.0,,
1111,846,1,39,1,2023,13,2023-08-27,norris,NOR,Lando,Norris,British,mclaren,McLaren,British,Circuit Park Zandvoort,Dutch Grand Prix,Zandvoort,Netherlands,6,4.259,306.648,False,balanced,72,8657643,7,6.0,,
1111,848,3,39,1,2023,13,2023-08-27,albon,ALB,Alexander,Albon,Thai,williams,Williams,British,Circuit Park Zandvoort,Dutch Grand Prix,Zandvoort,Netherlands,6,4.259,306.648,False,balanced,72,8659566,8,4.0,,
1111,857,1,39,1,2023,13,2023-08-27,piastri,PIA,Oscar,Piastri,Australian,mclaren,McLaren,British,Circuit Park Zandvoort,Dutch Grand Prix,Zandvoort,Netherlands,6,4.259,306.648,False,balanced,72,8660991,9,2.0,,
1111,839,214,39,1,2023,13,2023-08-27,ocon,OCO,Esteban,Ocon,French,alpine,Alpine F1 Team,French,Circuit Park Zandvoort,Dutch Grand Prix,Zandvoort,Netherlands,6,4.259,306.648,False,balanced,72,8662757,10,1.0,,
1111,840,117,39,1,2023,13,2023-08-27,stroll,STR,Lance,Stroll,Canadian,aston_martin,Aston Martin,British,Circuit Park Zandvoort,Dutch Grand Prix,Zandvoort,Netherlands,6,4.259,306.648,False,balanced,72,8664498,11,0.0,,
1111,807,210,39,1,2023,13,2023-08-27,hulkenberg,HUL,Nico,Hülkenberg,German,haas,Haas F1 Team,American,Circuit Park Zandvoort,Dutch Grand Prix,Zandvoort,Netherlands,6,4.259,306.648,False,balanced,72,8665251,12,0.0,,
1111,859,213,39,1,2023,13,2023-08-27,lawson,LAW,Liam,Lawson,New Zealander,alphatauri,AlphaTauri,Italian,Circuit Park Zandvoort,Dutch Grand Prix,Zandvoort,Netherlands,6,4.259,306.648,False,balanced,72,8670558,13,0.0,,
1111,822,51,39,1,2023,13,2023-08-27,bottas,BOT,Valtteri,Bottas,Finnish,alfa,Alfa Romeo,Swiss,Circuit Park Zandvoort,Dutch Grand Prix,Zandvoort,Netherlands,6,4.259,306.648,False,balanced,72,8671799,14,0.0,,
1111,852,213,39,1,2023,13,2023-08-27,tsunoda,TSU,Yuki,Tsunoda,Japanese,alphatauri,AlphaTauri,Italian,Circuit Park Zandvoort,Dutch Grand Prix,Zandvoort,Netherlands,6,4.259,306.648,False,balanced,72,8674304,15,0.0,,
1111,825,210,39,1,2023,13,2023-08-27,kevin_magnussen,MAG,Kevin,Magnussen,Danish,haas,Haas F1 Team,American,Circuit Park Zandvoort,Dutch Grand Prix,Zandvoort,Netherlands,6,4.259,306.648,False,balanced,72,8675821,16,0.0,,
1111,847,131,39,1,2023,13,2023-08-27,russell,RUS,George,Russell,British,mercedes,Mercedes,German,Circuit Park Zandvoort,Dutch Grand Prix,Zandvoort,Netherlands,6,4.259,306.648,False,balanced,72,8700165,17,0.0,,
1111,855,51,39,3,2023,13,2023-08-27,zhou,ZHO,Guanyu,Zhou,Chinese,alfa,Alfa Romeo,Swiss,Circuit Park Zandvoort,Dutch Grand Prix,Zandvoort,Netherlands,6,4.259,306.648,False,balanced,62,\N,\N,0.0,,
1111,844,6,39,140,2023,13,2023-08-27,leclerc,LEC,Charles,Leclerc,Monegasque,ferrari,Ferrari,Italian,Circuit Park Zandvoort,Dutch Grand Prix,Zandvoort,Netherlands,6,4.259,306.648,False,balanced,41,\N,\N,0.0,,
1111,858,3,39,3,2023,13,2023-08-27,sargeant,SAR,Logan,Sargeant,American,williams,Williams,British,Circuit Park Zandvoort,Dutch Grand Prix,Zandvoort,Netherlands,6,4.259,306.648,False,balanced,14,\N,\N,0.0,,
1112,830,9,14,1,2023,14,2023-09-03,max_verstappen,VER,Max,Verstappen,Dutch,red_bull,Red Bull,Austrian,Autodromo Nazionale di Monza,Italian Grand Prix,Monza,Italy,162,5.793,295.443,False,high_speed,51,4421143,1,25.0,,
1112,815,9,14,1,2023,14,2023-09-03,perez,PER,Sergio,Pérez,Mexican,red_bull,Red Bull,Austrian,Autodromo Nazionale di Monza,Italian Grand Prix,Monza,Italy,162,5.793,295.443,False,high_speed,51,4427207,2,18.0,,
1112,832,6,14,1,2023,14,2023-09-03,sainz,SAI,Carlos,Sainz,Spanish,ferrari,Ferrari,Italian,Autodromo Nazionale di Monza,Italian Grand Prix,Monza,Italy,162,5.793,295.443,False,high_speed,51,4432336,3,15.0,,
1112,844,6,14,1,2023,14,2023-09-03,leclerc,LEC,Charles,Leclerc,Monegasque,ferrari,Ferrari,Italian,Autodromo Nazionale di Monza,Italian Grand Prix,Monza,Italy,162,5.793,295.443,False,high_speed,51,4432520,4,12.0,,
1112,847,131,14,1,2023,14,2023-09-03,russell,RUS,George,Russell,British,mercedes,Mercedes,German,Autodromo Nazionale di Monza,Italian Grand Prix,Monza,Italy,162,5.793,295.443,False,high_speed,51,4444171,5,10.0,,
1112,1,131,14,1,2023,14,2023-09-03,hamilton,HAM,Lewis,Hamilton,British,mercedes,Mercedes,German,Autodromo Nazionale di Monza,Italian Grand Prix,Monza,Italy,162,5.793,295.443,False,high_speed,51,4463822,6,8.0,,
1112,848,3,14,1,2023,14,2023-09-03,albon,ALB,Alexander,Albon,Thai,williams,Williams,British,Autodromo Nazionale di Monza,Italian Grand Prix,Monza,Italy,162,5.793,295.443,False,high_speed,51,4466249,7,6.0,,
1112,846,1,14,1,2023,14,2023-09-03,norris,NOR,Lando,Norris,British,mclaren,McLaren,British,Autodromo Nazionale di Monza,Italian Grand Prix,Monza,Italy,162,5.793,295.443,False,high_speed,51,4466592,8,4.0,,
1112,4,117,14,1,2023,14,2023-09-03,alonso,ALO,Fernando,Alonso,Spanish,aston_martin,Aston Martin,British,Autodromo Nazionale di Monza,Italian Grand Prix,Monza,Italy,162,5.793,295.443,False,high_speed,51,4467437,9,2.0,,
1112,822,51,14,1,2023,14,2023-09-03,bottas,BOT,Valtteri,Bottas,Finnish,alfa,Alfa Romeo,Swiss,Autodromo Nazionale di Monza,Italian Grand Prix,Monza,Italy,162,5.793,295.443,False,high_speed,51,4485199,10,1.0,,
1112,859,213,14,1,2023,14,2023-09-03,lawson,LAW,Liam,Lawson,New Zealander,alphatauri,AlphaTauri,Italian,Autodromo Nazionale di Monza,Italian Grand Prix,Monza,Italy,162,5.793,295.443,False,high_speed,51,4491781,11,0.0,,
1112,857,1,14,1,2023,14,2023-09-03,piastri,PIA,Oscar,Piastri,Australian,mclaren,McLaren,British,Autodromo Nazionale di Monza,Italian Grand Prix,Monza,Italy,162,5.793,295.443,False,high_speed,51,4494217,12,0.0,,
1112,858,3,14,1,2023,14,2023-09-03,sargeant,SAR,Logan,Sargeant,American,williams,Williams,British,Autodromo Nazionale di Monza,Italian Grand Prix,Monza,Italy,162,5.793,295.443,False,high_speed,51,4499700,13,0.0,,
1112,855,51,14,1,2023,14,2023-09-03,zhou,ZHO,Guanyu,Zhou,Chinese,alfa,Alfa Romeo,Swiss,Autodromo Nazionale di Monza,Italian Grand Prix,Monza,Italy,162,5.793,295.443,False,high_speed,51,4501307,14,0.0,,
1112,842,214,14,1,2023,14,2023-09-03,gasly,GAS,Pierre,Gasly,French,alpine,Alpine F1 Team,French,Autodromo Nazionale di Monza,Italian Grand Prix,Monza,Italy,162,5.793,295.443,False,high_speed,51,4503653,15,0.0,,
1112,840,117,14,1,2023,14,2023-09-03,stroll,STR,Lance,Stroll,Canadian,aston_martin,Aston Martin,British,Autodromo Nazionale di Monza,Italian Grand Prix,Monza,Italy,162,5.793,295.443,False,high_speed,51,4508409,16,0.0,,
1112,807,210,14,11,2023,14,2023-09-03,hulkenberg,HUL,Nico,Hülkenberg,German,haas,Haas F1 Team,American,Autodromo Nazionale di Monza,Italian Grand Prix,Monza,Italy,162,5.793,295.443,False,high_speed,50,\N,17,0.0,,
1112,825,210,14,11,2023,14,2023-09-03,kevin_magnussen,MAG,Kevin,Magnussen,Danish,haas,Haas F1 Team,American,Autodromo Nazionale di Monza,Italian Grand Prix,Monza,Italy,162,5.793,295.443,False,high_speed,50,\N,18,0.0,,
1112,839,214,14,38,2023,14,2023-09-03,ocon,OCO,Esteban,Ocon,French,alpine,Alpine F1 Team,French,Autodromo Nazionale di Monza,Italian Grand Prix,Monza,Italy,162,5.793,295.443,False,high_speed,39,\N,\N,0.0,,
1112,852,213,14,5,2023,14,2023-09-03,tsunoda,TSU,Yuki,Tsunoda,Japanese,alphatauri,AlphaTauri,Italian,Autodromo Nazionale di Monza,Italian Grand Prix,Monza,Italy,162,5.793,295.443,False,high_speed,0,\N,\N,0.0,,
1113,832,6,15,1,2023,15,2023-09-17,sainz,SAI,Carlos,Sainz,Spanish,ferrari,Ferrari,Italian,Marina Bay Street Circuit,Singapore Grand Prix,Marina Bay,Singapore,18,4.927,305.474,True,technical,62,6397418,1,25.0,,
1113,846,1,15,1,2023,15,2023-09-17,norris,NOR,Lando,Norris,British,mclaren,McLaren,British,Marina Bay Street Circuit,Singapore Grand Prix,Marina Bay,Singapore,18,4.927,305.474,True,technical,62,6398230,2,18.0,,
1113,1,131,15,1,2023,15,2023-09-17,hamilton,HAM,Lewis,Hamilton,British,mercedes,Mercedes,German,Marina Bay Street Circuit,Singapore Grand Prix,Marina Bay,Singapore,18,4.927,305.474,True,technical,62,6398687,3,16.0,,
1113,844,6,15,1,2023,15,2023-09-17,leclerc,LEC,Charles,Leclerc,Monegasque,ferrari,Ferrari,Italian,Marina Bay Street Circuit,Singapore Grand Prix,Marina Bay,Singapore,18,4.927,305.474,True,technical,62,6418595,4,12.0,,
1113,830,9,15,1,2023,15,2023-09-17,max_verstappen,VER,Max,Verstappen,Dutch,red_bull,Red Bull,Austrian,Marina Bay Street Circuit,Singapore Grand Prix,Marina Bay,Singapore,18,4.927,305.474,True,technical,62,6418859,5,10.0,,
1113,842,214,15,1,2023,15,2023-09-17,gasly,GAS,Pierre,Gasly,French,alpine,Alpine F1 Team,French,Marina Bay Street Circuit,Singapore Grand Prix,Marina Bay,Singapore,18,4.927,305.474,True,technical,62,6435859,6,8.0,,
1113,857,1,15,1,2023,15,2023-09-17,piastri,PIA,Oscar,Piastri,Australian,mclaren,McLaren,British,Marina Bay Street Circuit,Singapore Grand Prix,Marina Bay,Singapore,18,4.927,305.474,True,technical,62,6438897,7,6.0,,
1113,815,9,15,1,2023,15,2023-09-17,perez,PER,Sergio,Pérez,Mexican,red_bull,Red Bull,Austrian,Marina Bay Street Circuit,Singapore Grand Prix,Marina Bay,Singapore,18,4.927,305.474,True,technical,62,6456952,8,4.0,,
1113,859,213,15,1,2023,15,2023-09-17,lawson,LAW,Liam,Lawson,New Zealander,alphatauri,AlphaTauri,Italian,Marina Bay Street Circuit,Singapore Grand Prix,Marina Bay,Singapore,18,4.927,305.474,True,technical,62,6463336,9,2.0,,
1113,825,210,15,1,2023,15,2023-09-17,kevin_magnussen,MAG,Kevin,Magnussen,Danish,haas,Haas F1 Team,American,Marina Bay Street Circuit,Singapore Grand Prix,Marina Bay,Singapore,18,4.927,305.474,True,technical,62,6469534,10,1.0,,
1113,848,3,15,1,2023,15,2023-09-17,albon,ALB,Alexander,Albon,Thai,williams,Williams,British,Marina Bay Street Circuit,Singapore Grand Prix,Marina Bay,Singapore,18,4.927,305.474,True,technical,62,6470835,11,0.0,,
1113,855,51,15,1,2023,15,2023-09-17,zhou,ZHO,Guanyu,Zhou,Chinese,alfa,Alfa Romeo,Swiss,Marina Bay Street Circuit,Singapore Grand Prix,Marina Bay,Singapore,18,4.927,305.474,True,technical,62,6481067,12,0.0,,
1113,807,210,15,1,2023,15,2023-09-17,hulkenberg,HUL,Nico,Hülkenberg,German,haas,Haas F1 Team,American,Marina Bay Street Circuit,Singapore Grand Prix,Marina Bay,Singapore,18,4.927,305.474,True,technical,62,6483619,13,0.0,,
1113,858,3,15,1,2023,15,2023-09-17,sargeant,SAR,Logan,Sargeant,American,williams,Williams,British,Marina Bay Street Circuit,Singapore Grand Prix,Marina Bay,Singapore,18,4.927,305.474,True,technical,62,6484307,14,0.0,,
1113,4,117,15,1,2023,15,2023-09-17,alonso,ALO,Fernando,Alonso,Spanish,aston_martin,Aston Martin,British,Marina Bay Street Circuit,Singapore Grand Prix,Marina Bay,Singapore,18,4.927,305.474,True,technical,62,6485021,15,0.0,,
1113,847,131,15,3,2023,15,2023-09-17,russell,RUS,George,Russell,British,mercedes,Mercedes,German,Marina Bay Street Circuit,Singapore Grand Prix,Marina Bay,Singapore,18,4.927,305.474,True,technical,61,\N,16,0.0,,
1113,822,51,15,39,2023,15,2023-09-17,bottas,BOT,Valtteri,Bottas,Finnish,alfa,Alfa Romeo,Swiss,Marina Bay Street Circuit,Singapore Grand Prix,Marina Bay,Singapore,18,4.927,305.474,True,technical,51,\N,\N,0.0,,
1113,839,214,15,6,2023,15,2023-09-17,ocon,OCO,Esteban,Ocon,French,alpine,Alpine F1 Team,French,Marina Bay Street Circuit,Singapore Grand Prix,Marina Bay,Singapore,18,4.927,305.474,True,technical,42,\N,\N,0.0,,
1113,852,213,15,4,2023,15,2023-09-17,tsunoda,TSU,Yuki,Tsunoda,Japanese,alphatauri,AlphaTauri,Italian,Marina Bay Street Circuit,Singapore Grand Prix,Marina Bay,Singapore,18,4.927,305.474,True,technical,0,\N,\N,0.0,,
1113,840,117,15,54,2023,15,2023-09-17,stroll,STR,Lance,Stroll,Canadian,aston_martin,Aston Martin,British,Marina Bay Street Circuit,Singapore Grand Prix,Marina Bay,Singapore,18,4.927,305.474,True,technical,0,\N,\N,0.0,,
1114,830,9,22,1,2023,16,2023-09-24,max_verstappen,VER,Max,Verstappen,Dutch,red_bull,Red Bull,Austrian,Suzuka Circuit,Japanese Grand Prix,Suzuka,Japan,45,5.807,307.771,False,technical,53,5458421,1,26.0,,
1114,846,1,22,1,2023,16,2023-09-24,norris,NOR,Lando,Norris,British,mclaren,McLaren,British,Suzuka Circuit,Japanese Grand Prix,Suzuka,Japan,45,5.807,307.771,False,technical,53,5477808,2,18.0,,
1114,857,1,22,1,2023,16,2023-09-24,piastri,PIA,Oscar,Piastri,Australian,mclaren,McLaren,British,Suzuka Circuit,Japanese Grand Prix,Suzuka,Japan,45,5.807,307.771,False,technical,53,5494915,3,15.0,,
1114,844,6,22,1,2023,16,2023-09-24,leclerc,LEC,Charles,Leclerc,Monegasque,ferrari,Ferrari,Italian,Suzuka Circuit,Japanese Grand Prix,Suzuka,Japan,45,5.807,307.771,False,technical,53,5502419,4,12.0,,
1114,1,131,22,1,2023,16,2023-09-24,hamilton,HAM,Lewis,Hamilton,British,mercedes,Mercedes,German,Suzuka Circuit,Japanese Grand Prix,Suzuka,Japan,45,5.807,307.771,False,technical,53,5507797,5,10.0,,
1114,832,6,22,1,2023,16,2023-09-24,sainz,SAI,Carlos,Sainz,Spanish,ferrari,Ferrari,Italian,Suzuka Circuit,Japanese Grand Prix,Suzuka,Japan,45,5.807,307.771,False,technical,53,5508642,6,8.0,,
1114,847,131,22,1,2023,16,2023-09-24,russell,RUS,George,Russell,British,mercedes,Mercedes,German,Suzuka Circuit,Japanese Grand Prix,Suzuka,Japan,45,5.807,307.771,False,technical,53,5516080,7,6.0,,
1114,4,117,22,1,2023,16,2023-09-24,alonso,ALO,Fernando,Alonso,Spanish,aston_martin,Aston Martin,British,Suzuka Circuit,Japanese Grand Prix,Suzuka,Japan,45,5.807,307.771,False,technical,53,5533146,8,4.0,,
1114,839,214,22,1,2023,16,2023-09-24,ocon,OCO,Esteban,Ocon,French,alpine,Alpine F1 Team,French,Suzuka Circuit,Japanese Grand Prix,Suzuka,Japan,45,5.807,307.771,False,technical,53,5538099,9,2.0,,
1114,842,214,22,1,2023,16,2023-09-24,gasly,GAS,Pierre,Gasly,French,alpine,Alpine F1 Team,French,Suzuka Circuit,Japanese Grand Prix,Suzuka,Japan,45,5.807,307.771,False,technical,53,5541576,10,1.0,,
1114,859,213,22,11,2023,16,2023-09-24,lawson,LAW,Liam,Lawson,New Zealander,alphatauri,AlphaTauri,Italian,Suzuka Circuit,Japanese Grand Prix,Suzuka,Japan,45,5.807,307.771,False,technical,52,\N,11,0.0,,
1114,852,213,22,11,2023,16,2023-09-24,tsunoda,TSU,Yuki,Tsunoda,Japanese,alphatauri,AlphaTauri,Italian,Suzuka Circuit,Japanese Grand Prix,Suzuka,Japan,45,5.807,307.771,False,technical,52,\N,12,0.0,,
1114,855,51,22,11,2023,16,2023-09-24,zhou,ZHO,Guanyu,Zhou,Chinese,alfa,Alfa Romeo,Swiss,Suzuka Circuit,Japanese Grand Prix,Suzuka,Japan,45,5.807,307.771,False,technical,52,\N,13,0.0,,
1114,807,210,22,11,2023,16,2023-09-24,hulkenberg,HUL,Nico,Hülkenberg,German,haas,Haas F1 Team,American,Suzuka Circuit,Japanese Grand Prix,Suzuka,Japan,45,5.807,307.771,False,technical,52,\N,14,0.0,,
1114,825,210,22,11,2023,16,2023-09-24,kevin_magnussen,MAG,Kevin,Magnussen,Danish,haas,Haas F1 Team,American,Suzuka Circuit,Japanese Grand Prix,Suzuka,Japan,45,5.807,307.771,False,technical,52,\N,15,0.0,,
1114,848,3,22,130,2023,16,2023-09-24,albon,ALB,Alexander,Albon,Thai,williams,Williams,British,Suzuka Circuit,Japanese Grand Prix,Suzuka,Japan,45,5.807,307.771,False,technical,26,\N,\N,0.0,,
1114,858,3,22,130,2023,16,2023-09-24,sargeant,SAR,Logan,Sargeant,American,williams,Williams,British,Suzuka Circuit,Japanese Grand Prix,Suzuka,Japan,45,5.807,307.771,False,technical,22,\N,\N,0.0,,
1114,840,117,22,65,2023,16,2023-09-24,stroll,STR,Lance,Stroll,Canadian,aston_martin,Aston Martin,British,Suzuka Circuit,Japanese Grand Prix,Suzuka,Japan,45,5.807,307.771,False,technical,20,\N,\N,0.0,,
1114,815,9,22,130,2023,16,2023-09-24,perez,PER,Sergio,Pérez,Mexican,red_bull,Red Bull,Austrian,Suzuka Circuit,Japanese Grand Prix,Suzuka,Japan,45,5.807,307.771,False,technical,15,\N,\N,0.0,,
1114,822,51,22,130,2023,16,2023-09-24,bottas,BOT,Valtteri,Bottas,Finnish,alfa,Alfa Romeo,Swiss,Suzuka Circuit,Japanese Grand Prix,Suzuka,Japan,45,5.807,307.771,False,technical,7,\N,\N,0.0,,
1115,830,9,78,1,2023,17,2023-10-08,max_verstappen,VER,Max,Verstappen,Dutch,red_bull,Red Bull,Austrian,Losail International Circuit,Qatar Grand Prix,Al Daayen,Qatar,12,5.419,308.883,True,balanced,57,5259168,1,26.0,2,7.0
1115,857,1,78,1,2023,17,2023-10-08,piastri,PIA,Oscar,Piastri,Australian,mclaren,McLaren,British,Losail International Circuit,Qatar Grand Prix,Al Daayen,Qatar,12,5.419,308.883,True,balanced,57,5264001,2,18.0,1,8.0
1115,846,1,78,1,2023,17,2023-10-08,norris,NOR,Lando,Norris,British,mclaren,McLaren,British,Losail International Circuit,Qatar Grand Prix,Al Daayen,Qatar,12,5.419,308.883,True,balanced,57,5265137,3,15.0,3,6.0
1115,847,131,78,1,2023,17,2023-10-08,russell,RUS,George,Russell,British,mercedes,Mercedes,German,Losail International Circuit,Qatar Grand Prix,Al Daayen,Qatar,12,5.419,308.883,True,balanced,57,5293287,4,12.0,4,5.0
1115,844,6,78,1,2023,17,2023-10-08,leclerc,LEC,Charles,Leclerc,Monegasque,ferrari,Ferrari,Italian,Losail International Circuit,Qatar Grand Prix,Al Daayen,Qatar,12,5.419,308.883,True,balanced,57,5298144,5,10.0,12,0.0
1115,4,117,78,1,2023,17,2023-10-08,alonso,ALO,Fernando,Alonso,Spanish,aston_martin,Aston Martin,British,Losail International Circuit,Qatar Grand Prix,Al Daayen,Qatar,12,5.419,308.883,True,balanced,57,5308200,6,8.0,8,1.0
1115,839,214,78,1,2023,17,2023-10-08,ocon,OCO,Esteban,Ocon,French,alpine,Alpine F1 Team,French,Losail International Circuit,Qatar Grand Prix,Al Daayen,Qatar,12,5.419,308.883,True,balanced,57,5321558,7,6.0,\N,0.0
1115,822,51,78,1,2023,17,2023-10-08,bottas,BOT,Valtteri,Bottas,Finnish,alfa,Alfa Romeo,Swiss,Losail International Circuit,Qatar Grand Prix,Al Daayen,Qatar,12,5.419,308.883,True,balanced,57,5325731,8,4.0,10,0.0
1115,855,51,78,1,2023,17,2023-10-08,zhou,ZHO,Guanyu,Zhou,Chinese,alfa,Alfa Romeo,Swiss,Losail International Circuit,Qatar Grand Prix,Al Daayen,Qatar,12,5.419,308.883,True,balanced,57,5335295,9,2.0,15,0.0
1115,815,9,78,1,2023,17,2023-10-08,perez,PER,Sergio,Pérez,Mexican,red_bull,Red Bull,Austrian,Losail International Circuit,Qatar Grand Prix,Al Daayen,Qatar,12,5.419,308.883,True,balanced,57,5339349,10,1.0,\N,0.0
1115,840,117,78,1,2023,17,2023-10-08,stroll,STR,Lance,Stroll,Canadian,aston_martin,Aston Martin,British,Losail International Circuit,Qatar Grand Prix,Al Daayen,Qatar,12,5.419,308.883,True,balanced,57,5340820,11,0.0,13,0.0
1115,842,214,78,1,2023,17,2023-10-08,gasly,GAS,Pierre,Gasly,French,alpine,Alpine F1 Team,French,Losail International Circuit,Qatar Grand Prix,Al Daayen,Qatar,12,5.419,308.883,True,balanced,57,5341468,12,0.0,9,0.0
1115,848,3,78,1,2023,17,2023-10-08,albon,ALB,Alexander,Albon,Thai,williams,Williams,British,Losail International Circuit,Qatar Grand Prix,Al Daayen,Qatar,12,5.419,308.883,True,balanced,57,5350182,13,0.0,7,2.0
1115,825,210,78,11,2023,17,2023-10-08,kevin_magnussen,MAG,Kevin,Magnussen,Danish,haas,Haas F1 Team,American,Losail International Circuit,Qatar Grand Prix,Al Daayen,Qatar,12,5.419,308.883,True,balanced,56,\N,14,0.0,14,0.0
1115,852,213,78,11,2023,17,2023-10-08,tsunoda,TSU,Yuki,Tsunoda,Japanese,alphatauri,AlphaTauri,Italian,Losail International Circuit,Qatar Grand Prix,Al Daayen,Qatar,12,5.419,308.883,True,balanced,56,\N,15,0.0,11,0.0
1115,807,210,78,11,2023,17,2023-10-08,hulkenberg,HUL,Nico,Hülkenberg,German,haas,Haas F1 Team,American,Losail International Circuit,Qatar Grand Prix,Al Daayen,Qatar,12,5.419,308.883,True,balanced,56,\N,16,0.0,\N,0.0
1115,859,213,78,11,2023,17,2023-10-08,lawson,LAW,Liam,Lawson,New Zealander,alphatauri,AlphaTauri,Italian,Losail International Circuit,Qatar Grand Prix,Al Daayen,Qatar,12,5.419,308.883,True,balanced,56,\N,17,0.0,\N,0.0
1115,858,3,78,139,2023,17,2023-10-08,sargeant,SAR,Logan,Sargeant,American,williams,Williams,British,Losail International Circuit,Qatar Grand Prix,Al Daayen,Qatar,12,5.419,308.883,True,balanced,40,\N,\N,0.0,\N,0.0
1115,1,131,78,4,2023,17,2023-10-08,hamilton,HAM,Lewis,Hamilton,British,mercedes,Mercedes,German,Losail International Circuit,Qatar Grand Prix,Al Daayen,Qatar,12,5.419,308.883,True,balanced,0,\N,\N,0.0,5,4.0
1115,832,6,78,95,2023,17,2023-10-08,sainz,SAI,Carlos,Sainz,Spanish,ferrari,Ferrari,Italian,Losail International Circuit,Qatar Grand Prix,Al Daayen,Qatar,12,5.419,308.883,True,balanced,0,\N,\N,0.0,6,3.0
1116,830,9,69,1,2023,18,2023-10-22,max_verstappen,VER,Max,Verstappen,Dutch,red_bull,Red Bull,Austrian,Circuit of the Americas,United States Grand Prix,Austin,USA,161,5.513,308.728,False,balanced,56,5721362,1,25.0,1,8.0
1116,846,1,69,1,2023,18,2023-10-22,norris,NOR,Lando,Norris,British,mclaren,McLaren,British,Circuit of the Americas,United States Grand Prix,Austin,USA,161,5.513,308.728,False,balanced,56,5732092,2,18.0,4,5.0
1116,832,6,69,1,2023,18,2023-10-22,sainz,SAI,Carlos,Sainz,Spanish,ferrari,Ferrari,Italian,Circuit of the Americas,United States Grand Prix,Austin,USA,161,5.513,308.728,False,balanced,56,5736496,3,15.0,6,3.0
1116,815,9,69,1,2023,18,2023-10-22,perez,PER,Sergio,Pérez,Mexican,red_bull,Red Bull,Austrian,Circuit of the Americas,United States Grand Prix,Austin,USA,161,5.513,308.728,False,balanced,56,5739822,4,12.0,5,4.0
1116,847,131,69,1,2023,18,2023-10-22,russell,RUS,George,Russell,British,mercedes,Mercedes,German,Circuit of the Americas,United States Grand Prix,Austin,USA,161,5.513,308.728,False,balanced,56,5746361,5,10.0,8,1.0
1116,842,214,69,1,2023,18,2023-10-22,gasly,GAS,Pierre,Gasly,French,alpine,Alpine F1 Team,French,Circuit of the Americas,United States Grand Prix,Austin,USA,161,5.513,308.728,False,balanced,56,5769358,6,8.0,7,2.0
1116,840,117,69,1,2023,18,2023-10-22,stroll,STR,Lance,Stroll,Canadian,aston_martin,Aston Martin,British,Circuit of the Americas,United States Grand Prix,Austin,USA,161,5.513,308.728,False,balanced,56,5770058,7,6.0,\N,0.0
1116,852,213,69,1,2023,18,2023-10-22,tsunoda,TSU,Yuki,Tsunoda,Japanese,alphatauri,AlphaTauri,Italian,Circuit of the Americas,United States Grand Prix,Austin,USA,161,5.513,308.728,False,balanced,56,5795747,8,5.0,14,0.0
1116,848,3,69,1,2023,18,2023-10-22,albon,ALB,Alexander,Albon,Thai,williams,Williams,British,Circuit of the Americas,United States Grand Prix,Austin,USA,161,5.513,308.728,False,balanced,56,5808076,9,2.0,9,0.0
1116,858,3,69,1,2023,18,2023-10-22,sargeant,SAR,Logan,Sargeant,American,williams,Williams,British,Circuit of the Americas,United States Grand Prix,Austin,USA,161,5.513,308.728,False,balanced,56,5809360,10,1.0,19,0.0
1116,807,210,69,1,2023,18,2023-10-22,hulkenberg,HUL,Nico,Hülkenberg,German,haas,Haas F1 Team,American,Circuit of the Americas,United States Grand Prix,Austin,USA,161,5.513,308.728,False,balanced,56,5811266,11,0.0,15,0.0
1116,822,51,69,1,2023,18,2023-10-22,bottas,BOT,Valtteri,Bottas,Finnish,alfa,Alfa Romeo,Swiss,Circuit of the Americas,United States Grand Prix,Austin,USA,161,5.513,308.728,False,balanced,56,5819963,12,0.0,16,0.0
1116,855,51,69,11,2023,18,2023-10-22,zhou,ZHO,Guanyu,Zhou,Chinese,alfa,Alfa Romeo,Swiss,Circuit of the Americas,United States Grand Prix,Austin,USA,161,5.513,308.728,False,balanced,55,\N,13,0.0,17,0.0
1116,825,210,69,11,2023,18,2023-10-22,kevin_magnussen,MAG,Kevin,Magnussen,Danish,haas,Haas F1 Team,American,Circuit of the Americas,United States Grand Prix,Austin,USA,161,5.513,308.728,False,balanced,55,\N,14,0.0,18,0.0
1116,817,213,69,11,2023,18,2023-10-22,ricciardo,RIC,Daniel,Ricciardo,Australian,alphatauri,AlphaTauri,Italian,Circuit of the Americas,United States Grand Prix,Austin,USA,161,5.513,308.728,False,balanced,55,\N,15,0.0,12,0.0
1116,4,117,69,140,2023,18,2023-10-22,alonso,ALO,Fernando,Alonso,Spanish,aston_martin,Aston Martin,British,Circuit of the Americas,United States Grand Prix,Austin,USA,161,5.513,308.728,False,balanced,49,\N,\N,0.0,13,0.0
1116,857,1,69,21,2023,18,2023-10-22,piastri,PIA,Oscar,Piastri,Australian,mclaren,McLaren,British,Circuit of the Americas,United States Grand Prix,Austin,USA,161,5.513,308.728,False,balanced,10,\N,\N,0.0,10,0.0
1116,839,214,69,130,2023,18,2023-10-22,ocon,OCO,Esteban,Ocon,French,alpine,Alpine F1 Team,French,Circuit of the Americas,United States Grand Prix,Austin,USA,161,5.513,308.728,False,balanced,6,\N,\N,0.0,11,0.0
1116,1,131,69,2,2023,18,2023-10-22,hamilton,HAM,Lewis,Hamilton,British,mercedes,Mercedes,German,Circuit of the Americas,United States Grand Prix,Austin,USA,161,5.513,308.728,False,balanced,56,5723587,\N,0.0,2,7.0
1116,844,6,69,2,2023,18,2023-10-22,leclerc,LEC,Charles,Leclerc,Monegasque,ferrari,Ferrari,Italian,Circuit of the Americas,United States Grand Prix,Austin,USA,161,5.513,308.728,False,balanced,56,5746024,\N,0.0,3,6.0
1117,830,9,32,1,2023,19,2023-10-29,max_verstappen,VER,Max,Verstappen,Dutch,red_bull,Red Bull,Austrian,Autódromo Hermanos Rodríguez,Mexico City Grand Prix,Mexico City,Mexico,2227,4.304,305.584,False,balanced,71,7350814,1,25.0,,
1117,1,131,32,1,2023,19,2023-10-29,hamilton,HAM,Lewis,Hamilton,British,mercedes,Mercedes,German,Autódromo Hermanos Rodríguez,Mexico City Grand Prix,Mexico City,Mexico,2227,4.304,305.584,False,balanced,71,7364689,2,19.0,,
1117,844,6,32,1,2023,19,2023-10-29,leclerc,LEC,Charles,Leclerc,Monegasque,ferrari,Ferrari,Italian,Autódromo Hermanos Rodríguez,Mexico City Grand Prix,Mexico City,Mexico,2227,4.304,305.584,False,balanced,71,7373938,3,15.0,,
1117,832,6,32,1,2023,19,2023-10-29,sainz,SAI,Carlos,Sainz,Spanish,ferrari,Ferrari,Italian,Autódromo Hermanos Rodríguez,Mexico City Grand Prix,Mexico City,Mexico,2227,4.304,305.584,False,balanced,71,7377968,4,12.0,,
1117,846,1,32,1,2023,19,2023-10-29,norris,NOR,Lando,Norris,British,mclaren,McLaren,British,Autódromo Hermanos Rodríguez,Mexico City Grand Prix,Mexico City,Mexico,2227,4.304,305.584,False,balanced,71,7384080,5,10.0,,
1117,847,131,32,1,2023,19,2023-10-29,russell,RUS,George,Russell,British,mercedes,Mercedes,German,Autódromo Hermanos Rodríguez,Mexico City Grand Prix,Mexico City,Mexico,2227,4.304,305.584,False,balanced,71,7391834,6,8.0,,
1117,817,213,32,1,2023,19,2023-10-29,ricciardo,RIC,Daniel,Ricciardo,Australian,alphatauri,AlphaTauri,Italian,Autódromo Hermanos Rodríguez,Mexico City Grand Prix,Mexico City,Mexico,2227,4.304,305.584,False,balanced,71,7392384,7,6.0,,
1117,857,1,32,1,2023,19,2023-10-29,piastri,PIA,Oscar,Piastri,Australian,mclaren,McLaren,British,Autódromo Hermanos Rodríguez,Mexico City Grand Prix,Mexico City,Mexico,2227,4.304,305.584,False,balanced,71,7393918,8,4.0,,
1117,848,3,32,1,2023,19,2023-10-29,albon,ALB,Alexander,Albon,Thai,williams,Williams,British,Autódromo Hermanos Rodríguez,Mexico City Grand Prix,Mexico City,Mexico,2227,4.304,305.584,False,balanced,71,7399387,9,2.0,,
1117,839,214,32,1,2023,19,2023-10-29,ocon,OCO,Esteban,Ocon,French,alpine,Alpine F1 Team,French,Autódromo Hermanos Rodríguez,Mexico City Grand Prix,Mexico City,Mexico,2227,4.304,305.584,False,balanced,71,7413693,10,1.0,,
1117,842,214,32,1,2023,19,2023-10-29,gasly,GAS,Pierre,Gasly,French,alpine,Alpine F1 Team,French,Autódromo Hermanos Rodríguez,Mexico City Grand Prix,Mexico City,Mexico,2227,4.304,305.584,False,balanced,71,7417022,11,0.0,,
1117,852,213,32,1,2023,19,2023-10-29,tsunoda,TSU,Yuki,Tsunoda,Japanese,alphatauri,AlphaTauri,Italian,Autódromo Hermanos Rodríguez,Mexico City Grand Prix,Mexico City,Mexico,2227,4.304,305.584,False,balanced,71,7429796,12,0.0,,
1117,807,210,32,1,2023,19,2023-10-29,hulkenberg,HUL,Nico,Hülkenberg,German,haas,Haas F1 Team,American,Autódromo Hermanos Rodríguez,Mexico City Grand Prix,Mexico City,Mexico,2227,4.304,305.584,False,balanced,71,7431123,13,0.0,,
1117,855,51,32,1,2023,19,2023-10-29,zhou,ZHO,Guanyu,Zhou,Chinese,alfa,Alfa Romeo,Swiss,Autódromo Hermanos Rodríguez,Mexico City Grand Prix,Mexico City,Mexico,2227,4.304,305.584,False,balanced,71,7432490,14,0.0,,
1117,822,51,32,1,2023,19,2023-10-29,bottas,BOT,Valtteri,Bottas,Finnish,alfa,Alfa Romeo,Swiss,Autódromo Hermanos Rodríguez,Mexico City Grand Prix,Mexico City,Mexico,2227,4.304,305.584,False,balanced,71,7436411,15,0.0,,
1117,858,3,32,31,2023,19,2023-10-29,sargeant,SAR,Logan,Sargeant,American,williams,Williams,British,Autódromo Hermanos Rodríguez,Mexico City Grand Prix,Mexico City,Mexico,2227,4.304,305.584,False,balanced,70,\N,16,0.0,,
1117,840,117,32,130,2023,19,2023-10-29,stroll,STR,Lance,Stroll,Canadian,aston_martin,Aston Martin,British,Autódromo Hermanos Rodríguez,Mexico City Grand Prix,Mexico City,Mexico,2227,4.304,305.584,False,balanced,66,\N,17,0.0,,
1117,4,117,32,54,2023,19,2023-10-29,alonso,ALO,Fernando,Alonso,Spanish,aston_martin,Aston Martin,British,Autódromo Hermanos Rodríguez,Mexico City Grand Prix,Mexico City,Mexico,2227,4.304,305.584,False,balanced,47,\N,\N,0.0,,
1117,825,210,32,3,2023,19,2023-10-29,kevin_magnussen,MAG,Kevin,Magnussen,Danish,haas,Haas F1 Team,American,Autódromo Hermanos Rodríguez,Mexico City Grand Prix,Mexico City,Mexico,2227,4.304,305.584,False,balanced,31,\N,\N,0.0,,
1117,815,9,32,130,2023,19,2023-10-29,perez,PER,Sergio,Pérez,Mexican,red_bull,Red Bull,Austrian,Autódromo Hermanos Rodríguez,Mexico City Grand Prix,Mexico City,Mexico,2227,4.304,305.584,False,balanced,1,\N,\N,0.0,,
1118,830,9,18,1,2023,20,2023-11-05,max_verstappen,VER,Max,Verstappen,Dutch,red_bull,Red Bull,Austrian,Autódromo José Carlos Pace,São Paulo Grand Prix,São Paulo,Brazil,785,4.309,305.939,False,technical,71,7008894,1,25.0,1,8.0
1118,846,1,18,1,2023,20,2023-11-05,norris,NOR,Lando,Norris,British,mclaren,McLaren,British,Autódromo José Carlos Pace,São Paulo Grand Prix,São Paulo,Brazil,785,4.309,305.939,False,technical,71,7017171,2,19.0,2,7.0
1118,4,117,18,1,2023,20,2023-11-05,alonso,ALO,Fernando,Alonso,Spanish,aston_martin,Aston Martin,British,Autódromo José Carlos Pace,São Paulo Grand Prix,São Paulo,Brazil,785,4.309,305.939,False,technical,71,7043049,3,15.0,11,0.0
1118,815,9,18,1,2023,20,2023-11-05,perez,PER,Sergio,Pérez,Mexican,red_bull,Red Bull,Austrian,Autódromo José Carlos Pace,São Paulo Grand Prix,São Paulo,Brazil,785,4.309,305.939,False,technical,71,7043102,4,12.0,3,6.0
1118,840,117,18,1,2023,20,2023-11-05,stroll,STR,Lance,Stroll,Canadian,aston_martin,Aston Martin,British,Autódromo José Carlos Pace,São Paulo Grand Prix,São Paulo,Brazil,785,4.309,305.939,False,technical,71,7049739,5,10.0,12,0.0
1118,832,6,18,1,2023,20,2023-11-05,sainz,SAI,Carlos,Sainz,Spanish,ferrari,Ferrari,Italian,Autódromo José Carlos Pace,São Paulo Grand Prix,São Paulo,Brazil,785,4.309,305.939,False,technical,71,7059082,6,8.0,8,1.0
1118,842,214,18,1,2023,20,2023-11-05,gasly,GAS,Pierre,Gasly,French,alpine,Alpine F1 Team,French,Autódromo José Carlos Pace,São Paulo Grand Prix,São Paulo,Brazil,785,4.309,305.939,False,technical,71,7064987,7,6.0,13,0.0
1118,1,131,18,1,2023,20,2023-11-05,hamilton,HAM,Lewis,Hamilton,British,mercedes,Mercedes,German,Autódromo José Carlos Pace,São Paulo Grand Prix,São Paulo,Brazil,785,4.309,305.939,False,technical,71,7071753,8,4.0,7,2.0
1118,852,213,18,1,2023,20,2023-11-05,tsunoda,TSU,Yuki,Tsunoda,Japanese,alphatauri,AlphaTauri,Italian,Autódromo José Carlos Pace,São Paulo Grand Prix,São Paulo,Brazil,785,4.309,305.939,False,technical,71,7078774,9,2.0,6,3.0
1118,839,214,18,11,2023,20,2023-11-05,ocon,OCO,Esteban,Ocon,French,alpine,Alpine F1 Team,French,Autódromo José Carlos Pace,São Paulo Grand Prix,São Paulo,Brazil,785,4.309,305.939,False,technical,70,\N,10,1.0,14,0.0
1118,858,3,18,11,2023,20,2023-11-05,sargeant,SAR,Logan,Sargeant,American,williams,Williams,British,Autódromo José Carlos Pace,São Paulo Grand Prix,São Paulo,Brazil,785,4.309,305.939,False,technical,70,\N,11,0.0,20,0.0
1118,807,210,18,11,2023,20,2023-11-05,hulkenberg,HUL,Nico,Hülkenberg,German,haas,Haas F1 Team,American,Autódromo José Carlos Pace,São Paulo Grand Prix,São Paulo,Brazil,785,4.309,305.939,False,technical,70,\N,12,0.0,18,0.0
1118,817,213,18,11,2023,20,2023-11-05,ricciardo,RIC,Daniel,Ricciardo,Australian,alphatauri,AlphaTauri,Italian,Autódromo José Carlos Pace,São Paulo Grand Prix,São Paulo,Brazil,785,4.309,305.939,False,technical,70,\N,13,0.0,9,0.0
1118,857,1,18,12,2023,20,2023-11-05,piastri,PIA,Oscar,Piastri,Australian,mclaren,McLaren,British,Autódromo José Carlos Pace,São Paulo Grand Prix,São Paulo,Brazil,785,4.309,305.939,False,technical,69,\N,14,0.0,10,0.0
1118,847,131,18,25,2023,20,2023-11-05,russell,RUS,George,Russell,British,mercedes,Mercedes,German,Autódromo José Carlos Pace,São Paulo Grand Prix,São Paulo,Brazil,785,4.309,305.939,False,technical,57,\N,\N,0.0,4,5.0
1118,822,51,18,5,2023,20,2023-11-05,bottas,BOT,Valtteri,Bottas,Finnish,alfa,Alfa Romeo,Swiss,Autódromo José Carlos Pace,São Paulo Grand Prix,São Paulo,Brazil,785,4.309,305.939,False,technical,39,\N,\N,0.0,19,0.0
1118,855,51,18,5,2023,20,2023-11-05,zhou,ZHO,Guanyu,Zhou,Chinese,alfa,Alfa Romeo,Swiss,Autódromo José Carlos Pace,São Paulo Grand Prix,São Paulo,Brazil,785,4.309,305.939,False,technical,22,\N,\N,0.0,17,0.0
1118,825,210,18,4,2023,20,2023-11-05,kevin_magnussen,MAG,Kevin,Magnussen,Danish,haas,Haas F1 Team,American,Autódromo José Carlos Pace,São Paulo Grand Prix,São Paulo,Brazil,785,4.309,305.939,False,technical,0,\N,\N,0.0,16,0.0
1118,848,3,18,4,2023,20,2023-11-05,albon,ALB,Alexander,Albon,Thai,williams,Williams,British,Autódromo José Carlos Pace,São Paulo Grand Prix,São Paulo,Brazil,785,4.309,305.939,False,technical,0,\N,\N,0.0,15,0.0
1118,844,6,18,5,2023,20,2023-11-05,leclerc,LEC,Charles,Leclerc,Monegasque,ferrari,Ferrari,Italian,Autódromo José Carlos Pace,São Paulo Grand Prix,São Paulo,Brazil,785,4.309,305.939,False,technical,0,\N,\N,0.0,5,4.0
1119,830,9,80,1,2023,21,2023-11-19,max_verstappen,VER,Max,Verstappen,Dutch,red_bull,Red Bull,Austrian,Las Vegas Strip Street Circuit,Las Vegas Grand Prix,Las Vegas,United States,642,6.201,310.05,True,high_speed,50,5348289,1,25.0,,
1119,844,6,80,1,2023,21,2023-11-19,leclerc,LEC,Charles,Leclerc,Monegasque,ferrari,Ferrari,Italian,Las Vegas Strip Street Circuit,Las Vegas Grand Prix,Las Vegas,United States,642,6.201,310.05,True,high_speed,50,5350359,2,18.0,,
1119,815,9,80,1,2023,21,2023-11-19,perez,PER,Sergio,Pérez,Mexican,red_bull,Red Bull,Austrian,Las Vegas Strip Street Circuit,Las Vegas Grand Prix,Las Vegas,United States,642,6.201,310.05,True,high_speed,50,5350530,3,15.0,,
1119,839,214,80,1,2023,21,2023-11-19,ocon,OCO,Esteban,Ocon,French,alpine,Alpine F1 Team,French,Las Vegas Strip Street Circuit,Las Vegas Grand Prix,Las Vegas,United States,642,6.201,310.05,True,high_speed,50,5366954,4,12.0,,
1119,840,117,80,1,2023,21,2023-11-19,stroll,STR,Lance,Stroll,Canadian,aston_martin,Aston Martin,British,Las Vegas Strip Street Circuit,Las Vegas Grand Prix,Las Vegas,United States,642,6.201,310.05,True,high_speed,50,5368356,5,10.0,,
1119,832,6,80,1,2023,21,2023-11-19,sainz,SAI,Carlos,Sainz,Spanish,ferrari,Ferrari,Italian,Las Vegas Strip Street Circuit,Las Vegas Grand Prix,Las Vegas,United States,642,6.201,310.05,True,high_speed,50,5369123,6,8.0,,
1119,1,131,80,1,2023,21,2023-11-19,hamilton,HAM,Lewis,Hamilton,British,mercedes,Mercedes,German,Las Vegas Strip Street Circuit,Las Vegas Grand Prix,Las Vegas,United States,642,6.201,310.05,True,high_speed,50,5370044,7,6.0,,
1119,847,131,80,1,2023,21,2023-11-19,russell,RUS,George,Russell,British,mercedes,Mercedes,German,Las Vegas Strip Street Circuit,Las Vegas Grand Prix,Las Vegas,United States,642,6.201,310.05,True,high_speed,50,5371380,8,4.0,,
1119,4,117,80,1,2023,21,2023-11-19,alonso,ALO,Fernando,Alonso,Spanish,aston_martin,Aston Martin,British,Las Vegas Strip Street Circuit,Las Vegas Grand Prix,Las Vegas,United States,642,6.201,310.05,True,high_speed,50,5374253,9,2.0,,
1119,857,1,80,1,2023,21,2023-11-19,piastri,PIA,Oscar,Piastri,Australian,mclaren,McLaren,British,Las Vegas Strip Street Circuit,Las Vegas Grand Prix,Las Vegas,United States,642,6.201,310.05,True,high_speed,50,5377785,10,2.0,,
1119,842,214,80,1,2023,21,2023-11-19,gasly,GAS,Pierre,Gasly,French,alpine,Alpine F1 Team,French,Las Vegas Strip Street Circuit,Las Vegas Grand Prix,Las Vegas,United States,642,6.201,310.05,True,high_speed,50,5382559,11,0.0,,
1119,848,3,80,1,2023,21,2023-11-19,albon,ALB,Alexander,Albon,Thai,williams,Williams,British,Las Vegas Strip Street Circuit,Las Vegas Grand Prix,Las Vegas,United States,642,6.201,310.05,True,high_speed,50,5391687,12,0.0,,
1119,825,210,80,1,2023,21,2023-11-19,kevin_magnussen,MAG,Kevin,Magnussen,Danish,haas,Haas F1 Team,American,Las Vegas Strip Street Circuit,Las Vegas Grand Prix,Las Vegas,United States,642,6.201,310.05,True,high_speed,50,5393114,13,0.0,,
1119,817,213,80,1,2023,21,2023-11-19,ricciardo,RIC,Daniel,Ricciardo,Australian,alphatauri,AlphaTauri,Italian,Las Vegas Strip Street Circuit,Las Vegas Grand Prix,Las Vegas,United States,642,6.201,310.05,True,high_speed,50,5396814,14,0.0,,
1119,855,51,80,1,2023,21,2023-11-19,zhou,ZHO,Guanyu,Zhou,Chinese,alfa,Alfa Romeo,Swiss,Las Vegas Strip Street Circuit,Las Vegas Grand Prix,Las Vegas,United States,642,6.201,310.05,True,high_speed,50,5398451,15,0.0,,
1119,858,3,80,1,2023,21,2023-11-19,sargeant,SAR,Logan,Sargeant,American,williams,Williams,British,Las Vegas Strip Street Circuit,Las Vegas Grand Prix,Las Vegas,United States,642,6.201,310.05,True,high_speed,50,5399171,16,0.0,,
1119,822,51,80,1,2023,21,2023-11-19,bottas,BOT,Valtteri,Bottas,Finnish,alfa,Alfa Romeo,Swiss,Las Vegas Strip Street Circuit,Las Vegas Grand Prix,Las Vegas,United States,642,6.201,310.05,True,high_speed,50,5433639,17,0.0,,
1119,852,213,80,6,2023,21,2023-11-19,tsunoda,TSU,Yuki,Tsunoda,Japanese,alphatauri,AlphaTauri,Italian,Las Vegas Strip Street Circuit,Las Vegas Grand Prix,Las Vegas,United States,642,6.201,310.05,True,high_speed,46,\N,18,0.0,,
1119,807,210,80,5,2023,21,2023-11-19,hulkenberg,HUL,Nico,Hülkenberg,German,haas,Haas F1 Team,American,Las Vegas Strip Street Circuit,Las Vegas Grand Prix,Las Vegas,United States,642,6.201,310.05,True,high_speed,45,\N,19,0.0,,
1119,846,1,80,3,2023,21,2023-11-19,norris,NOR,Lando,Norris,British,mclaren,McLaren,British,Las Vegas Strip Street Circuit,Las Vegas Grand Prix,Las Vegas,United States,642,6.201,310.05,True,high_speed,2,\N,\N,0.0,,
1120,830,9,24,1,2023,22,2023-11-26,max_verstappen,VER,Max,Verstappen,Dutch,red_bull,Red Bull,Austrian,Yas Marina Circuit,Abu Dhabi Grand Prix,Abu Dhabi,UAE,3,5.281,306.298,True,technical,58,5222624,1,26.0,,
1120,844,6,24,1,2023,22,2023-11-26,leclerc,LEC,Charles,Leclerc,Monegasque,ferrari,Ferrari,Italian,Yas Marina Circuit,Abu Dhabi Grand Prix,Abu Dhabi,UAE,3,5.281,306.298,True,technical,58,5240617,2,18.0,,
1120,847,131,24,1,2023,22,2023-11-26,russell,RUS,George,Russell,British,mercedes,Mercedes,German,Yas Marina Circuit,Abu Dhabi Grand Prix,Abu Dhabi,UAE,3,5.281,306.298,True,technical,58,5242952,3,15.0,,
1120,815,9,24,1,2023,22,2023-11-26,perez,PER,Sergio,Pérez,Mexican,red_bull,Red Bull,Austrian,Yas Marina Circuit,Abu Dhabi Grand Prix,Abu Dhabi,UAE,3,5.281,306.298,True,technical,58,5244077,4,12.0,,
1120,846,1,24,1,2023,22,2023-11-26,norris,NOR,Lando,Norris,British,mclaren,McLaren,British,Yas Marina Circuit,Abu Dhabi Grand Prix,Abu Dhabi,UAE,3,5.281,306.298,True,technical,58,5246908,5,10.0,,
1120,857,1,24,1,2023,22,2023-11-26,piastri,PIA,Oscar,Piastri,Australian,mclaren,McLaren,British,Yas Marina Circuit,Abu Dhabi Grand Prix,Abu Dhabi,UAE,3,5.281,306.298,True,technical,58,5254111,6,8.0,,
1120,4,117,24,1,2023,22,2023-11-26,alonso,ALO,Fernando,Alonso,Spanish,aston_martin,Aston Martin,British,Yas Marina Circuit,Abu Dhabi Grand Prix,Abu Dhabi,UAE,3,5.281,306.298,True,technical,58,5262136,7,6.0,,
1120,852,213,24,1,2023,22,2023-11-26,tsunoda,TSU,Yuki,Tsunoda,Japanese,alphatauri,AlphaTauri,Italian,Yas Marina Circuit,Abu Dhabi Grand Prix,Abu Dhabi,UAE,3,5.281,306.298,True,technical,58,5265712,8,4.0,,
1120,1,131,24,1,2023,22,2023-11-26,hamilton,HAM,Lewis,Hamilton,British,mercedes,Mercedes,German,Yas Marina Circuit,Abu Dhabi Grand Prix,Abu Dhabi,UAE,3,5.281,306.298,True,technical,58,5267048,9,2.0,,
1120,840,117,24,1,2023,22,2023-11-26,stroll,STR,Lance,Stroll,Canadian,aston_martin,Aston Martin,British,Yas Marina Circuit,Abu Dhabi Grand Prix,Abu Dhabi,UAE,3,5.281,306.298,True,technical,58,5278256,10,1.0,,
1120,817,213,24,1,2023,22,2023-11-26,ricciardo,RIC,Daniel,Ricciardo,Australian,alphatauri,AlphaTauri,Italian,Yas Marina Circuit,Abu Dhabi Grand Prix,Abu Dhabi,UAE,3,5.281,306.298,True,technical,58,5278853,11,0.0,,
1120,839,214,24,1,2023,22,2023-11-26,ocon,OCO,Esteban,Ocon,French,alpine,Alpine F1 Team,French,Yas Marina Circuit,Abu Dhabi Grand Prix,Abu Dhabi,UAE,3,5.281,306.298,True,technical,58,5288997,12,0.0,,
1120,842,214,24,1,2023,22,2023-11-26,gasly,GAS,Pierre,Gasly,French,alpine,Alpine F1 Team,French,Yas Marina Circuit,Abu Dhabi Grand Prix,Abu Dhabi,UAE,3,5.281,306.298,True,technical,58,5292984,13,0.0,,
1120,848,3,24,1,2023,22,2023-11-26,albon,ALB,Alexander,Albon,Thai,williams,Williams,British,Yas Marina Circuit,Abu Dhabi Grand Prix,Abu Dhabi,UAE,3,5.281,306.298,True,technical,58,5295808,14,0.0,,
1120,807,210,24,1,2023,22,2023-11-26,hulkenberg,HUL,Nico,Hülkenberg,German,haas,Haas F1 Team,American,Yas Marina Circuit,Abu Dhabi Grand Prix,Abu Dhabi,UAE,3,5.281,306.298,True,technical,58,5306320,15,0.0,,
1120,858,3,24,1,2023,22,2023-11-26,sargeant,SAR,Logan,Sargeant,American,williams,Williams,British,Yas Marina Circuit,Abu Dhabi Grand Prix,Abu Dhabi,UAE,3,5.281,306.298,True,technical,58,5310415,16,0.0,,
1120,855,51,24,1,2023,22,2023-11-26,zhou,ZHO,Guanyu,Zhou,Chinese,alfa,Alfa Romeo,Swiss,Yas Marina Circuit,Abu Dhabi Grand Prix,Abu Dhabi,UAE,3,5.281,306.298,True,technical,58,5312046,17,0.0,,
1120,832,6,24,31,2023,22,2023-11-26,sainz,SAI,Carlos,Sainz,Spanish,ferrari,Ferrari,Italian,Yas Marina Circuit,Abu Dhabi Grand Prix,Abu Dhabi,UAE,3,5.281,306.298,True,technical,57,\N,18,0.0,,
1120,822,51,24,11,2023,22,2023-11-26,bottas,BOT,Valtteri,Bottas,Finnish,alfa,Alfa Romeo,Swiss,Yas Marina Circuit,Abu Dhabi Grand Prix,Abu Dhabi,UAE,3,5.281,306.298,True,technical,57,\N,19,0.0,,
1120,825,210,24,11,2023,22,2023-11-26,kevin_magnussen,MAG,Kevin,Magnussen,Danish,haas,Haas F1 Team,American,Yas Marina Circuit,Abu Dhabi Grand Prix,Abu Dhabi,UAE,3,5.281,306.298,True,technical,57,\N,20,0.0,,
1121,830,9,3,1,2024,1,2024-03-02,max_verstappen,VER,Max,Verstappen,Dutch,red_bull,Red Bull,Austrian,Bahrain International Circuit,Bahrain Grand Prix,Sakhir,Bahrain,7,5.412,308.484,True,balanced,57,5504742,1,26.0,,
1121,815,9,3,1,2024,1,2024-03-02,perez,PER,Sergio,Pérez,Mexican,red_bull,Red Bull,Austrian,Bahrain International Circuit,Bahrain Grand Prix,Sakhir,Bahrain,7,5.412,308.484,True,balanced,57,5527199,2,18.0,,
1121,832,6,3,1,2024,1,2024-03-02,sainz,SAI,Carlos,Sainz,Spanish,ferrari,Ferrari,Italian,Bahrain International Circuit,Bahrain Grand Prix,Sakhir,Bahrain,7,5.412,308.484,True,balanced,57,5529852,3,15.0,,
1121,844,6,3,1,2024,1,2024-03-02,leclerc,LEC,Charles,Leclerc,Monegasque,ferrari,Ferrari,Italian,Bahrain International Circuit,Bahrain Grand Prix,Sakhir,Bahrain,7,5.412,308.484,True,balanced,57,5544411,4,12.0,,
1121,847,131,3,1,2024,1,2024-03-02,russell,RUS,George,Russell,British,mercedes,Mercedes,German,Bahrain International Circuit,Bahrain Grand Prix,Sakhir,Bahrain,7,5.412,308.484,True,balanced,57,5551530,5,10.0,,
1121,846,1,3,1,2024,1,2024-03-02,norris,NOR,Lando,Norris,British,mclaren,McLaren,British,Bahrain International Circuit,Bahrain Grand Prix,Sakhir,Bahrain,7,5.412,308.484,True,balanced,57,5553200,6,8.0,,
1121,1,131,3,1,2024,1,2024-03-02,hamilton,HAM,Lewis,Hamilton,British,mercedes,Mercedes,German,Bahrain International Circuit,Bahrain Grand Prix,Sakhir,Bahrain,7,5.412,308.484,True,balanced,57,5555066,7,6.0,,
1121,857,1,3,1,2024,1,2024-03-02,piastri,PIA,Oscar,Piastri,Australian,mclaren,McLaren,British,Bahrain International Circuit,Bahrain Grand Prix,Sakhir,Bahrain,7,5.412,308.484,True,balanced,57,5560824,8,4.0,,
1121,4,117,3,1,2024,1,2024-03-02,alonso,ALO,Fernando,Alonso,Spanish,aston_martin,Aston Martin,British,Bahrain International Circuit,Bahrain Grand Prix,Sakhir,Bahrain,7,5.412,308.484,True,balanced,57,5579629,9,2.0,,
1121,840,117,3,1,2024,1,2024-03-02,stroll,STR,Lance,Stroll,Canadian,aston_martin,Aston Martin,British,Bahrain International Circuit,Bahrain Grand Prix,Sakhir,Bahrain,7,5.412,308.484,True,balanced,57,5597958,10,1.0,,
1121,855,15,3,11,2024,1,2024-03-02,zhou,ZHO,Guanyu,Zhou,Chinese,sauber,Sauber,Swiss,Bahrain International Circuit,Bahrain Grand Prix,Sakhir,Bahrain,7,5.412,308.484,True,balanced,56,\N,11,0.0,,
1121,825,210,3,11,2024,1,2024-03-02,kevin_magnussen,MAG,Kevin,Magnussen,Danish,haas,Haas F1 Team,American,Bahrain International Circuit,Bahrain Grand Prix,Sakhir,Bahrain,7,5.412,308.484,True,balanced,56,\N,12,0.0,,
1121,817,215,3,11,2024,1,2024-03-02,ricciardo,RIC,Daniel,Ricciardo,Australian,rb,RB F1 Team,Italian,Bahrain International Circuit,Bahrain Grand Prix,Sakhir,Bahrain,7,5.412,308.484,True,balanced,56,\N,13,0.0,,
1121,852,215,3,11,2024,1,2024-03-02,tsunoda,TSU,Yuki,Tsunoda,Japanese,rb,RB F1 Team,Italian,Bahrain International Circuit,Bahrain Grand Prix,Sakhir,Bahrain,7,5.412,308.484,True,balanced,56,\N,14,0.0,,
1121,848,3,3,11,2024,1,2024-03-02,albon,ALB,Alexander,Albon,Thai,williams,Williams,British,Bahrain International Circuit,Bahrain Grand Prix,Sakhir,Bahrain,7,5.412,308.484,True,balanced,56,\N,15,0.0,,
1121,807,210,3,11,2024,1,2024-03-02,hulkenberg,HUL,Nico,Hülkenberg,German,haas,Haas F1 Team,American,Bahrain International Circuit,Bahrain Grand Prix,Sakhir,Bahrain,7,5.412,308.484,True,balanced,56,\N,16,0.0,,
1121,839,214,3,11,2024,1,2024-03-02,ocon,OCO,Esteban,Ocon,French,alpine,Alpine F1 Team,French,Bahrain International Circuit,Bahrain Grand Prix,Sakhir,Bahrain,7,5.412,308.484,True,balanced,56,\N,17,0.0,,
1121,842,214,3,11,2024,1,2024-03-02,gasly,GAS,Pierre,Gasly,French,alpine,Alpine F1 Team,French,Bahrain International Circuit,Bahrain Grand Prix,Sakhir,Bahrain,7,5.412,308.484,True,balanced,56,\N,18,0.0,,
1121,822,15,3,11,2024,1,2024-03-02,bottas,BOT,Valtteri,Bottas,Finnish,sauber,Sauber,Swiss,Bahrain International Circuit,Bahrain Grand Prix,Sakhir,Bahrain,7,5.412,308.484,True,balanced,56,\N,19,0.0,,
1121,858,3,3,12,2024,1,2024-03-02,sargeant,SAR,Logan,Sargeant,American,williams,Williams,British,Bahrain International Circuit,Bahrain Grand Prix,Sakhir,Bahrain,7,5.412,308.484,True,balanced,55,\N,20,0.0,,
1122,830,9,77,1,2024,2,2024-03-09,max_verstappen,VER,Max,Verstappen,Dutch,red_bull,Red Bull,Austrian,Jeddah Corniche Circuit,Saudi Arabian Grand Prix,Jeddah,Saudi Arabia,15,6.174,308.7,True,high_speed,50,4843273,1,25.0,,
1122,815,9,77,1,2024,2,2024-03-09,perez,PER,Sergio,Pérez,Mexican,red_bull,Red Bull,Austrian,Jeddah Corniche Circuit,Saudi Arabian Grand Prix,Jeddah,Saudi Arabia,15,6.174,308.7,True,high_speed,50,4856916,2,18.0,,
1122,844,6,77,1,2024,2,2024-03-09,leclerc,LEC,Charles,Leclerc,Monegasque,ferrari,Ferrari,Italian,Jeddah Corniche Circuit,Saudi Arabian Grand Prix,Jeddah,Saudi Arabia,15,6.174,308.7,True,high_speed,50,4861912,3,16.0,,
1122,857,1,77,1,2024,2,2024-03-09,piastri,PIA,Oscar,Piastri,Australian,mclaren,McLaren,British,Jeddah Corniche Circuit,Saudi Arabian Grand Prix,Jeddah,Saudi Arabia,15,6.174,308.7,True,high_speed,50,4875280,4,12.0,,
1122,4,117,77,1,2024,2,2024-03-09,alonso,ALO,Fernando,Alonso,Spanish,aston_martin,Aston Martin,British,Jeddah Corniche Circuit,Saudi Arabian Grand Prix,Jeddah,Saudi Arabia,15,6.174,308.7,True,high_speed,50,4879032,5,10.0,,
1122,847,131,77,1,2024,2,2024-03-09,russell,RUS,George,Russell,British,mercedes,Mercedes,German,Jeddah Corniche Circuit,Saudi Arabian Grand Prix,Jeddah,Saudi Arabia,15,6.174,308.7,True,high_speed,50,4883209,6,8.0,,
1122,860,6,77,1,2024,2,2024-03-09,bearman,BEA,Oliver,Bearman,British,ferrari,Ferrari,Italian,Jeddah Corniche Circuit,Saudi Arabian Grand Prix,Jeddah,Saudi Arabia,15,6.174,308.7,True,high_speed,50,4885952,7,6.0,,
1122,846,1,77,1,2024,2,2024-03-09,norris,NOR,Lando,Norris,British,mclaren,McLaren,British,Jeddah Corniche Circuit,Saudi Arabian Grand Prix,Jeddah,Saudi Arabia,15,6.174,308.7,True,high_speed,50,4888981,8,4.0,,
1122,1,131,77,1,2024,2,2024-03-09,hamilton,HAM,Lewis,Hamilton,British,mercedes,Mercedes,German,Jeddah Corniche Circuit,Saudi Arabian Grand Prix,Jeddah,Saudi Arabia,15,6.174,308.7,True,high_speed,50,4890664,9,2.0,,
1122,807,210,77,1,2024,2,2024-03-09,hulkenberg,HUL,Nico,Hülkenberg,German,haas,Haas F1 Team,American,Jeddah Corniche Circuit,Saudi Arabian Grand Prix,Jeddah,Saudi Arabia,15,6.174,308.7,True,high_speed,50,4920269,10,1.0,,
1122,848,3,77,1,2024,2,2024-03-09,albon,ALB,Alexander,Albon,Thai,williams,Williams,British,Jeddah Corniche Circuit,Saudi Arabian Grand Prix,Jeddah,Saudi Arabia,15,6.174,308.7,True,high_speed,50,4931627,11,0.0,,
1122,825,210,77,1,2024,2,2024-03-09,kevin_magnussen,MAG,Kevin,Magnussen,Danish,haas,Haas F1 Team,American,Jeddah Corniche Circuit,Saudi Arabian Grand Prix,Jeddah,Saudi Arabia,15,6.174,308.7,True,high_speed,50,4949010,12,0.0,,
1122,839,214,77,11,2024,2,2024-03-09,ocon,OCO,Esteban,Ocon,French,alpine,Alpine F1 Team,French,Jeddah Corniche Circuit,Saudi Arabian Grand Prix,Jeddah,Saudi Arabia,15,6.174,308.7,True,high_speed,49,\N,13,0.0,,
1122,858,3,77,11,2024,2,2024-03-09,sargeant,SAR,Logan,Sargeant,American,williams,Williams,British,Jeddah Corniche Circuit,Saudi Arabian Grand Prix,Jeddah,Saudi Arabia,15,6.174,308.7,True,high_speed,49,\N,14,0.0,,
1122,852,215,77,11,2024,2,2024-03-09,tsunoda,TSU,Yuki,Tsunoda,Japanese,rb,RB F1 Team,Italian,Jeddah Corniche Circuit,Saudi Arabian Grand Prix,Jeddah,Saudi Arabia,15,6.174,308.7,True,high_speed,49,\N,15,0.0,,
1122,817,215,77,11,2024,2,2024-03-09,ricciardo,RIC,Daniel,Ricciardo,Australian,rb,RB F1 Team,Italian,Jeddah Corniche Circuit,Saudi Arabian Grand Prix,Jeddah,Saudi Arabia,15,6.174,308.7,True,high_speed,49,\N,16,0.0,,
1122,822,15,77,11,2024,2,2024-03-09,bottas,BOT,Valtteri,Bottas,Finnish,sauber,Sauber,Swiss,Jeddah Corniche Circuit,Saudi Arabian Grand Prix,Jeddah,Saudi Arabia,15,6.174,308.7,True,high_speed,49,\N,17,0.0,,
1122,855,15,77,11,2024,2,2024-03-09,zhou,ZHO,Guanyu,Zhou,Chinese,sauber,Sauber,Swiss,Jeddah Corniche Circuit,Saudi Arabian Grand Prix,Jeddah,Saudi Arabia,15,6.174,308.7,True,high_speed,49,\N,18,0.0,,
1122,840,117,77,3,2024,2,2024-03-09,stroll,STR,Lance,Stroll,Canadian,aston_martin,Aston Martin,British,Jeddah Corniche Circuit,Saudi Arabian Grand Prix,Jeddah,Saudi Arabia,15,6.174,308.7,True,high_speed,5,\N,\N,0.0,,
1122,842,214,77,6,2024,2,2024-03-09,gasly,GAS,Pierre,Gasly,French,alpine,Alpine F1 Team,French,Jeddah Corniche Circuit,Saudi Arabian Grand Prix,Jeddah,Saudi Arabia,15,6.174,308.7,True,high_speed,1,\N,\N,0.0,,
1123,832,6,1,1,2024,3,2024-03-24,sainz,SAI,Carlos,Sainz,Spanish,ferrari,Ferrari,Italian,Albert Park Grand Prix Circuit,Australian Grand Prix,Melbourne,Australia,10,5.278,306.124,False,balanced,58,4826843,1,25.0,,
1123,844,6,1,1,2024,3,2024-03-24,leclerc,LEC,Charles,Leclerc,Monegasque,ferrari,Ferrari,Italian,Albert Park Grand Prix Circuit,Australian Grand Prix,Melbourne,Australia,10,5.278,306.124,False,balanced,58,4829209,2,19.0,,
1123,846,1,1,1,2024,3,2024-03-24,norris,NOR,Lando,Norris,British,mclaren,McLaren,British,Albert Park Grand Prix Circuit,Australian Grand Prix,Melbourne,Australia,10,5.278,306.124,False,balanced,58,4832747,3,15.0,,
1123,857,1,1,1,2024,3,2024-03-24,piastri,PIA,Oscar,Piastri,Australian,mclaren,McLaren,British,Albert Park Grand Prix Circuit,Australian Grand Prix,Melbourne,Australia,10,5.278,306.124,False,balanced,58,4862613,4,12.0,,
1123,815,9,1,1,2024,3,2024-03-24,perez,PER,Sergio,Pérez,Mexican,red_bull,Red Bull,Austrian,Albert Park Grand Prix Circuit,Australian Grand Prix,Melbourne,Australia,10,5.278,306.124,False,balanced,58,4883152,5,10.0,,
1123,840,117,1,1,2024,3,2024-03-24,stroll,STR,Lance,Stroll,Canadian,aston_martin,Aston Martin,British,Albert Park Grand Prix Circuit,Australian Grand Prix,Melbourne,Australia,10,5.278,306.124,False,balanced,58,4920065,6,8.0,,
1123,852,215,1,1,2024,3,2024-03-24,tsunoda,TSU,Yuki,Tsunoda,Japanese,rb,RB F1 Team,Italian,Albert Park Grand Prix Circuit,Australian Grand Prix,Melbourne,Australia,10,5.278,306.124,False,balanced,58,4922444,7,6.0,,
1123,4,117,1,1,2024,3,2024-03-24,alonso,ALO,Fernando,Alonso,Spanish,aston_martin,Aston Martin,British,Albert Park Grand Prix Circuit,Australian Grand Prix,Melbourne,Australia,10,5.278,306.124,False,balanced,58,4927835,8,4.0,,
1123,807,210,1,1,2024,3,2024-03-24,hulkenberg,HUL,Nico,Hülkenberg,German,haas,Haas F1 Team,American,Albert Park Grand Prix Circuit,Australian Grand Prix,Melbourne,Australia,10,5.278,306.124,False,balanced,58,4931396,9,2.0,,
1123,825,210,1,11,2024,3,2024-03-24,kevin_magnussen,MAG,Kevin,Magnussen,Danish,haas,Haas F1 Team,American,Albert Park Grand Prix Circuit,Australian Grand Prix,Melbourne,Australia,10,5.278,306.124,False,balanced,57,\N,10,1.0,,
1123,848,3,1,11,2024,3,2024-03-24,albon,ALB,Alexander,Albon,Thai,williams,Williams,British,Albert Park Grand Prix Circuit,Australian Grand Prix,Melbourne,Australia,10,5.278,306.124,False,balanced,57,\N,11,0.0,,
1123,817,215,1,11,2024,3,2024-03-24,ricciardo,RIC,Daniel,Ricciardo,Australian,rb,RB F1 Team,Italian,Albert Park Grand Prix Circuit,Australian Grand Prix,Melbourne,Australia,10,5.278,306.124,False,balanced,57,\N,12,0.0,,
1123,842,214,1,11,2024,3,2024-03-24,gasly,GAS,Pierre,Gasly,French,alpine,Alpine F1 Team,French,Albert Park Grand Prix Circuit,Australian Grand Prix,Melbourne,Australia,10,5.278,306.124,False,balanced,57,\N,13,0.0,,
1123,822,15,1,11,2024,3,2024-03-24,bottas,BOT,Valtteri,Bottas,Finnish,sauber,Sauber,Swiss,Albert Park Grand Prix Circuit,Australian Grand Prix,Melbourne,Australia,10,5.278,306.124,False,balanced,57,\N,14,0.0,,
1123,855,15,1,11,2024,3,2024-03-24,zhou,ZHO,Guanyu,Zhou,Chinese,sauber,Sauber,Swiss,Albert Park Grand Prix Circuit,Australian Grand Prix,Melbourne,Australia,10,5.278,306.124,False,balanced,57,\N,15,0.0,,
1123,839,214,1,11,2024,3,2024-03-24,ocon,OCO,Esteban,Ocon,French,alpine,Alpine F1 Team,French,Albert Park Grand Prix Circuit,Australian Grand Prix,Melbourne,Australia,10,5.278,306.124,False,balanced,57,\N,16,0.0,,
1123,847,131,1,3,2024,3,2024-03-24,russell,RUS,George,Russell,British,mercedes,Mercedes,German,Albert Park Grand Prix Circuit,Australian Grand Prix,Melbourne,Australia,10,5.278,306.124,False,balanced,56,\N,17,0.0,,
1123,1,131,1,5,2024,3,2024-03-24,hamilton,HAM,Lewis,Hamilton,British,mercedes,Mercedes,German,Albert Park Grand Prix Circuit,Australian Grand Prix,Melbourne,Australia,10,5.278,306.124,False,balanced,15,\N,\N,0.0,,
1123,830,9,1,23,2024,3,2024-03-24,max_verstappen,VER,Max,Verstappen,Dutch,red_bull,Red Bull,Austrian,Albert Park Grand Prix Circuit,Australian Grand Prix,Melbourne,Australia,10,5.278,306.124,False,balanced,3,\N,\N,0.0,,
1124,830,9,22,1,2024,4,2024-04-07,max_verstappen,VER,Max,Verstappen,Dutch,red_bull,Red Bull,Austrian,Suzuka Circuit,Japanese Grand Prix,Suzuka,Japan,45,5.807,307.771,False,technical,53,6863566,1,26.0,,
1124,815,9,22,1,2024,4,2024-04-07,perez,PER,Sergio,Pérez,Mexican,red_bull,Red Bull,Austrian,Suzuka Circuit,Japanese Grand Prix,Suzuka,Japan,45,5.807,307.771,False,technical,53,6876101,2,18.0,,
1124,832,6,22,1,2024,4,2024-04-07,sainz,SAI,Carlos,Sainz,Spanish,ferrari,Ferrari,Italian,Suzuka Circuit,Japanese Grand Prix,Suzuka,Japan,45,5.807,307.771,False,technical,53,6884432,3,15.0,,
1124,844,6,22,1,2024,4,2024-04-07,leclerc,LEC,Charles,Leclerc,Monegasque,ferrari,Ferrari,Italian,Suzuka Circuit,Japanese Grand Prix,Suzuka,Japan,45,5.807,307.771,False,technical,53,6890088,4,12.0,,
1124,846,1,22,1,2024,4,2024-04-07,norris,NOR,Lando,Norris,British,mclaren,McLaren,British,Suzuka Circuit,Japanese Grand Prix,Suzuka,Japan,45,5.807,307.771,False,technical,53,6893266,5,10.0,,
1124,4,117,22,1,2024,4,2024-04-07,alonso,ALO,Fernando,Alonso,Spanish,aston_martin,Aston Martin,British,Suzuka Circuit,Japanese Grand Prix,Suzuka,Japan,45,5.807,307.771,False,technical,53,6907838,6,8.0,,
1124,847,131,22,1,2024,4,2024-04-07,russell,RUS,George,Russell,British,mercedes,Mercedes,German,Suzuka Circuit,Japanese Grand Prix,Suzuka,Japan,45,5.807,307.771,False,technical,53,6909517,7,6.0,,
1124,857,1,22,1,2024,4,2024-04-07,piastri,PIA,Oscar,Piastri,Australian,mclaren,McLaren,British,Suzuka Circuit,Japanese Grand Prix,Suzuka,Japan,45,5.807,307.771,False,technical,53,6911091,8,4.0,,
1124,1,131,22,1,2024,4,2024-04-07,hamilton,HAM,Lewis,Hamilton,British,mercedes,Mercedes,German,Suzuka Circuit,Japanese Grand Prix,Suzuka,Japan,45,5.807,307.771,False,technical,53,6912192,9,2.0,,
1124,852,215,22,11,2024,4,2024-04-07,tsunoda,TSU,Yuki,Tsunoda,Japanese,rb,RB F1 Team,Italian,Suzuka Circuit,Japanese Grand Prix,Suzuka,Japan,45,5.807,307.771,False,technical,52,\N,10,1.0,,
1124,807,210,22,11,2024,4,2024-04-07,hulkenberg,HUL,Nico,Hülkenberg,German,haas,Haas F1 Team,American,Suzuka Circuit,Japanese Grand Prix,Suzuka,Japan,45,5.807,307.771,False,technical,52,\N,11,0.0,,
1124,840,117,22,11,2024,4,2024-04-07,stroll,STR,Lance,Stroll,Canadian,aston_martin,Aston Martin,British,Suzuka Circuit,Japanese Grand Prix,Suzuka,Japan,45,5.807,307.771,False,technical,52,\N,12,0.0,,
1124,825,210,22,11,2024,4,2024-04-07,kevin_magnussen,MAG,Kevin,Magnussen,Danish,haas,Haas F1 Team,American,Suzuka Circuit,Japanese Grand Prix,Suzuka,Japan,45,5.807,307.771,False,technical,52,\N,13,0.0,,
1124,822,15,22,11,2024,4,2024-04-07,bottas,BOT,Valtteri,Bottas,Finnish,sauber,Sauber,Swiss,Suzuka Circuit,Japanese Grand Prix,Suzuka,Japan,45,5.807,307.771,False,technical,52,\N,14,0.0,,
1124,839,214,22,11,2024,4,2024-04-07,ocon,OCO,Esteban,Ocon,French,alpine,Alpine F1 Team,French,Suzuka Circuit,Japanese Grand Prix,Suzuka,Japan,45,5.807,307.771,False,technical,52,\N,15,0.0,,
1124,842,214,22,11,2024,4,2024-04-07,gasly,GAS,Pierre,Gasly,French,alpine,Alpine F1 Team,French,Suzuka Circuit,Japanese Grand Prix,Suzuka,Japan,45,5.807,307.771,False,technical,52,\N,16,0.0,,
1124,858,3,22,11,2024,4,2024-04-07,sargeant,SAR,Logan,Sargeant,American,williams,Williams,British,Suzuka Circuit,Japanese Grand Prix,Suzuka,Japan,45,5.807,307.771,False,technical,52,\N,17,0.0,,
1124,855,15,22,6,2024,4,2024-04-07,zhou,ZHO,Guanyu,Zhou,Chinese,sauber,Sauber,Swiss,Suzuka Circuit,Japanese Grand Prix,Suzuka,Japan,45,5.807,307.771,False,technical,12,\N,\N,0.0,,
1124,817,215,22,3,2024,4,2024-04-07,ricciardo,RIC,Daniel,Ricciardo,Australian,rb,RB F1 Team,Italian,Suzuka Circuit,Japanese Grand Prix,Suzuka,Japan,45,5.807,307.771,False,technical,0,\N,\N,0.0,,
1124,848,3,22,3,2024,4,2024-04-07,albon,ALB,Alexander,Albon,Thai,williams,Williams,British,Suzuka Circuit,Japanese Grand Prix,Suzuka,Japan,45,5.807,307.771,False,technical,0,\N,\N,0.0,,
1125,830,9,17,1,2024,5,2024-04-21,max_verstappen,VER,Max,Verstappen,Dutch,red_bull,Red Bull,Austrian,Shanghai International Circuit,Chinese Grand Prix,Shanghai,China,5,5.451,305.256,False,balanced,56,6052554,1,25.0,1,8.0
1125,846,1,17,1,2024,5,2024-04-21,norris,NOR,Lando,Norris,British,mclaren,McLaren,British,Shanghai International Circuit,Chinese Grand Prix,Shanghai,China,5,5.451,305.256,False,balanced,56,6066327,2,18.0,6,3.0
1125,815,9,17,1,2024,5,2024-04-21,perez,PER,Sergio,Pérez,Mexican,red_bull,Red Bull,Austrian,Shanghai International Circuit,Chinese Grand Prix,Shanghai,China,5,5.451,305.256,False,balanced,56,6071714,3,15.0,3,6.0
1125,844,6,17,1,2024,5,2024-04-21,leclerc,LEC,Charles,Leclerc,Monegasque,ferrari,Ferrari,Italian,Shanghai International Circuit,Chinese Grand Prix,Shanghai,China,5,5.451,305.256,False,balanced,56,6076177,4,12.0,4,5.0
1125,832,6,17,1,2024,5,2024-04-21,sainz,SAI,Carlos,Sainz,Spanish,ferrari,Ferrari,Italian,Shanghai International Circuit,Chinese Grand Prix,Shanghai,China,5,5.451,305.256,False,balanced,56,6086537,5,10.0,5,4.0
1125,847,131,17,1,2024,5,2024-04-21,russell,RUS,George,Russell,British,mercedes,Mercedes,German,Shanghai International Circuit,Chinese Grand Prix,Shanghai,China,5,5.451,305.256,False,balanced,56,6091278,6,8.0,8,1.0
1125,4,117,17,1,2024,5,2024-04-21,alonso,ALO,Fernando,Alonso,Spanish,aston_martin,Aston Martin,British,Shanghai International Circuit,Chinese Grand Prix,Shanghai,China,5,5.451,305.256,False,balanced,56,6095968,7,7.0,20,0.0
1125,857,1,17,1,2024,5,2024-04-21,piastri,PIA,Oscar,Piastri,Australian,mclaren,McLaren,British,Shanghai International Circuit,Chinese Grand Prix,Shanghai,China,5,5.451,305.256,False,balanced,56,6108752,8,4.0,7,2.0
1125,1,131,17,1,2024,5,2024-04-21,hamilton,HAM,Lewis,Hamilton,British,mercedes,Mercedes,German,Shanghai International Circuit,Chinese Grand Prix,Shanghai,China,5,5.451,305.256,False,balanced,56,6110540,9,2.0,2,7.0
1125,807,210,17,1,2024,5,2024-04-21,hulkenberg,HUL,Nico,Hülkenberg,German,haas,Haas F1 Team,American,Shanghai International Circuit,Chinese Grand Prix,Shanghai,China,5,5.451,305.256,False,balanced,56,6113030,10,1.0,19,0.0
1125,839,214,17,1,2024,5,2024-04-21,ocon,OCO,Esteban,Ocon,French,alpine,Alpine F1 Team,French,Shanghai International Circuit,Chinese Grand Prix,Shanghai,China,5,5.451,305.256,False,balanced,56,6115366,11,0.0,13,0.0
1125,848,3,17,1,2024,5,2024-04-21,albon,ALB,Alexander,Albon,Thai,williams,Williams,British,Shanghai International Circuit,Chinese Grand Prix,Shanghai,China,5,5.451,305.256,False,balanced,56,6118060,12,0.0,17,0.0
1125,842,214,17,1,2024,5,2024-04-21,gasly,GAS,Pierre,Gasly,French,alpine,Alpine F1 Team,French,Shanghai International Circuit,Chinese Grand Prix,Shanghai,China,5,5.451,305.256,False,balanced,56,6121777,13,0.0,15,0.0
1125,855,15,17,1,2024,5,2024-04-21,zhou,ZHO,Guanyu,Zhou,Chinese,sauber,Sauber,Swiss,Shanghai International Circuit,Chinese Grand Prix,Shanghai,China,5,5.451,305.256,False,balanced,56,6124243,14,0.0,9,0.0
1125,840,117,17,1,2024,5,2024-04-21,stroll,STR,Lance,Stroll,Canadian,aston_martin,Aston Martin,British,Shanghai International Circuit,Chinese Grand Prix,Shanghai,China,5,5.451,305.256,False,balanced,56,6135340,15,0.0,14,0.0
1125,825,210,17,1,2024,5,2024-04-21,kevin_magnussen,MAG,Kevin,Magnussen,Danish,haas,Haas F1 Team,American,Shanghai International Circuit,Chinese Grand Prix,Shanghai,China,5,5.451,305.256,False,balanced,56,6140087,16,0.0,10,0.0
1125,858,3,17,1,2024,5,2024-04-21,sargeant,SAR,Logan,Sargeant,American,williams,Williams,British,Shanghai International Circuit,Chinese Grand Prix,Shanghai,China,5,5.451,305.256,False,balanced,56,6147664,17,0.0,18,0.0
1125,817,215,17,31,2024,5,2024-04-21,ricciardo,RIC,Daniel,Ricciardo,Australian,rb,RB F1 Team,Italian,Shanghai International Circuit,Chinese Grand Prix,Shanghai,China,5,5.451,305.256,False,balanced,33,\N,\N,0.0,11,0.0
1125,852,215,17,31,2024,5,2024-04-21,tsunoda,TSU,Yuki,Tsunoda,Japanese,rb,RB F1 Team,Italian,Shanghai International Circuit,Chinese Grand Prix,Shanghai,China,5,5.451,305.256,False,balanced,26,\N,\N,0.0,16,0.0
1125,822,15,17,31,2024,5,2024-04-21,bottas,BOT,Valtteri,Bottas,Finnish,sauber,Sauber,Swiss,Shanghai International Circuit,Chinese Grand Prix,Shanghai,China,5,5.451,305.256,False,balanced,19,\N,\N,0.0,12,0.0
1126,846,1,79,1,2024,6,2024-05-05,norris,NOR,Lando,Norris,British,mclaren,McLaren,British,Miami International Autodrome,Miami Grand Prix,Miami,USA,0,5.412,308.484,False,technical,57,5449876,1,25.0,20,0.0
1126,830,9,79,1,2024,6,2024-05-05,max_verstappen,VER,Max,Verstappen,Dutch,red_bull,Red Bull,Austrian,Miami International Autodrome,Miami Grand Prix,Miami,USA,0,5.412,308.484,False,technical,57,5457488,2,18.0,1,8.0
1126,844,6,79,1,2024,6,2024-05-05,leclerc,LEC,Charles,Leclerc,Monegasque,ferrari,Ferrari,Italian,Miami International Autodrome,Miami Grand Prix,Miami,USA,0,5.412,308.484,False,technical,57,5459796,3,15.0,2,7.0
1126,815,9,79,1,2024,6,2024-05-05,perez,PER,Sergio,Pérez,Mexican,red_bull,Red Bull,Austrian,Miami International Autodrome,Miami Grand Prix,Miami,USA,0,5.412,308.484,False,technical,57,5464526,4,12.0,3,6.0
1126,832,6,79,1,2024,6,2024-05-05,sainz,SAI,Carlos,Sainz,Spanish,ferrari,Ferrari,Italian,Miami International Autodrome,Miami Grand Prix,Miami,USA,0,5.412,308.484,False,technical,57,5466283,5,10.0,5,4.0
1126,1,131,79,1,2024,6,2024-05-05,hamilton,HAM,Lewis,Hamilton,British,mercedes,Mercedes,German,Miami International Autodrome,Miami Grand Prix,Miami,USA,0,5.412,308.484,False,technical,57,5466461,6,8.0,16,0.0
1126,852,215,79,1,2024,6,2024-05-05,tsunoda,TSU,Yuki,Tsunoda,Japanese,rb,RB F1 Team,Italian,Miami International Autodrome,Miami Grand Prix,Miami,USA,0,5.412,308.484,False,technical,57,5476061,7,6.0,8,1.0
1126,847,131,79,1,2024,6,2024-05-05,russell,RUS,George,Russell,British,mercedes,Mercedes,German,Miami International Autodrome,Miami Grand Prix,Miami,USA,0,5.412,308.484,False,technical,57,5484665,8,4.0,12,0.0
1126,4,117,79,1,2024,6,2024-05-05,alonso,ALO,Fernando,Alonso,Spanish,aston_martin,Aston Martin,British,Miami International Autodrome,Miami Grand Prix,Miami,USA,0,5.412,308.484,False,technical,57,5486983,9,2.0,17,0.0
1126,839,214,79,1,2024,6,2024-05-05,ocon,OCO,Esteban,Ocon,French,alpine,Alpine F1 Team,French,Miami International Autodrome,Miami Grand Prix,Miami,USA,0,5.412,308.484,False,technical,57,5489622,10,1.0,15,0.0
1126,807,210,79,1,2024,6,2024-05-05,hulkenberg,HUL,Nico,Hülkenberg,German,haas,Haas F1 Team,American,Miami International Autodrome,Miami Grand Prix,Miami,USA,0,5.412,308.484,False,technical,57,5490665,11,0.0,7,2.0
1126,842,214,79,1,2024,6,2024-05-05,gasly,GAS,Pierre,Gasly,French,alpine,Alpine F1 Team,French,Miami International Autodrome,Miami Grand Prix,Miami,USA,0,5.412,308.484,False,technical,57,5494834,12,0.0,9,0.0
1126,857,1,79,1,2024,6,2024-05-05,piastri,PIA,Oscar,Piastri,Australian,mclaren,McLaren,British,Miami International Autodrome,Miami Grand Prix,Miami,USA,0,5.412,308.484,False,technical,57,5499632,13,0.0,6,3.0
1126,855,15,79,1,2024,6,2024-05-05,zhou,ZHO,Guanyu,Zhou,Chinese,sauber,Sauber,Swiss,Miami International Autodrome,Miami Grand Prix,Miami,USA,0,5.412,308.484,False,technical,57,5499855,14,0.0,11,0.0
1126,817,215,79,1,2024,6,2024-05-05,ricciardo,RIC,Daniel,Ricciardo,Australian,rb,RB F1 Team,Italian,Miami International Autodrome,Miami Grand Prix,Miami,USA,0,5.412,308.484,False,technical,57,5500832,15,0.0,4,5.0
1126,822,15,79,1,2024,6,2024-05-05,bottas,BOT,Valtteri,Bottas,Finnish,sauber,Sauber,Swiss,Miami International Autodrome,Miami Grand Prix,Miami,USA,0,5.412,308.484,False,technical,57,5502232,16,0.0,14,0.0
1126,840,117,79,1,2024,6,2024-05-05,stroll,STR,Lance,Stroll,Canadian,aston_martin,Aston Martin,British,Miami International Autodrome,Miami Grand Prix,Miami,USA,0,5.412,308.484,False,technical,57,5505049,17,0.0,19,0.0
1126,848,3,79,1,2024,6,2024-05-05,albon,ALB,Alexander,Albon,Thai,williams,Williams,British,Miami International Autodrome,Miami Grand Prix,Miami,USA,0,5.412,308.484,False,technical,57,5525967,18,0.0,13,0.0
1126,825,210,79,1,2024,6,2024-05-05,kevin_magnussen,MAG,Kevin,Magnussen,Danish,haas,Haas F1 Team,American,Miami International Autodrome,Miami Grand Prix,Miami,USA,0,5.412,308.484,False,technical,57,5534559,19,0.0,18,0.0
1126,858,3,79,4,2024,6,2024-05-05,sargeant,SAR,Logan,Sargeant,American,williams,Williams,British,Miami International Autodrome,Miami Grand Prix,Miami,USA,0,5.412,308.484,False,technical,27,\N,\N,0.0,10,0.0
1127,830,9,21,1,2024,7,2024-05-19,max_verstappen,VER,Max,Verstappen,Dutch,red_bull,Red Bull,Austrian,Autodromo Enzo e Dino Ferrari,Emilia Romagna Grand Prix,Imola,Italy,37,4.909,309.267,False,technical,63,5125252,1,25.0,,
1127,846,1,21,1,2024,7,2024-05-19,norris,NOR,Lando,Norris,British,mclaren,McLaren,British,Autodromo Enzo e Dino Ferrari,Emilia Romagna Grand Prix,Imola,Italy,37,4.909,309.267,False,technical,63,5125977,2,18.0,,
1127,844,6,21,1,2024,7,2024-05-19,leclerc,LEC,Charles,Leclerc,Monegasque,ferrari,Ferrari,Italian,Autodromo Enzo e Dino Ferrari,Emilia Romagna Grand Prix,Imola,Italy,37,4.909,309.267,False,technical,63,5133168,3,15.0,,
1127,857,1,21,1,2024,7,2024-05-19,piastri,PIA,Oscar,Piastri,Australian,mclaren,McLaren,British,Autodromo Enzo e Dino Ferrari,Emilia Romagna Grand Prix,Imola,Italy,37,4.909,309.267,False,technical,63,5139384,4,12.0,,
1127,832,6,21,1,2024,7,2024-05-19,sainz,SAI,Carlos,Sainz,Spanish,ferrari,Ferrari,Italian,Autodromo Enzo e Dino Ferrari,Emilia Romagna Grand Prix,Imola,Italy,37,4.909,309.267,False,technical,63,5147577,5,10.0,,
1127,1,131,21,1,2024,7,2024-05-19,hamilton,HAM,Lewis,Hamilton,British,mercedes,Mercedes,German,Autodromo Enzo e Dino Ferrari,Emilia Romagna Grand Prix,Imola,Italy,37,4.909,309.267,False,technical,63,5160356,6,8.0,,
1127,847,131,21,1,2024,7,2024-05-19,russell,RUS,George,Russell,British,mercedes,Mercedes,German,Autodromo Enzo e Dino Ferrari,Emilia Romagna Grand Prix,Imola,Italy,37,4.909,309.267,False,technical,63,5172406,7,7.0,,
1127,815,9,21,1,2024,7,2024-05-19,perez,PER,Sergio,Pérez,Mexican,red_bull,Red Bull,Austrian,Autodromo Enzo e Dino Ferrari,Emilia Romagna Grand Prix,Imola,Italy,37,4.909,309.267,False,technical,63,5180028,8,4.0,,
1127,840,117,21,1,2024,7,2024-05-19,stroll,STR,Lance,Stroll,Canadian,aston_martin,Aston Martin,British,Autodromo Enzo e Dino Ferrari,Emilia Romagna Grand Prix,Imola,Italy,37,4.909,309.267,False,technical,63,5204808,9,2.0,,
1127,852,215,21,11,2024,7,2024-05-19,tsunoda,TSU,Yuki,Tsunoda,Japanese,rb,RB F1 Team,Italian,Autodromo Enzo e Dino Ferrari,Emilia Romagna Grand Prix,Imola,Italy,37,4.909,309.267,False,technical,62,\N,10,1.0,,
1127,807,210,21,11,2024,7,2024-05-19,hulkenberg,HUL,Nico,Hülkenberg,German,haas,Haas F1 Team,American,Autodromo Enzo e Dino Ferrari,Emilia Romagna Grand Prix,Imola,Italy,37,4.909,309.267,False,technical,62,\N,11,0.0,,
1127,825,210,21,11,2024,7,2024-05-19,kevin_magnussen,MAG,Kevin,Magnussen,Danish,haas,Haas F1 Team,American,Autodromo Enzo e Dino Ferrari,Emilia Romagna Grand Prix,Imola,Italy,37,4.909,309.267,False,technical,62,\N,12,0.0,,
1127,817,215,21,11,2024,7,2024-05-19,ricciardo,RIC,Daniel,Ricciardo,Australian,rb,RB F1 Team,Italian,Autodromo Enzo e Dino Ferrari,Emilia Romagna Grand Prix,Imola,Italy,37,4.909,309.267,False,technical,62,\N,13,0.0,,
1127,839,214,21,11,2024,7,2024-05-19,ocon,OCO,Esteban,Ocon,French,alpine,Alpine F1 Team,French,Autodromo Enzo e Dino Ferrari,Emilia Romagna Grand Prix,Imola,Italy,37,4.909,309.267,False,technical,62,\N,14,0.0,,
1127,855,15,21,11,2024,7,2024-05-19,zhou,ZHO,Guanyu,Zhou,Chinese,sauber,Sauber,Swiss,Autodromo Enzo e Dino Ferrari,Emilia Romagna Grand Prix,Imola,Italy,37,4.909,309.267,False,technical,62,\N,15,0.0,,
1127,842,214,21,11,2024,7,2024-05-19,gasly,GAS,Pierre,Gasly,French,alpine,Alpine F1 Team,French,Autodromo Enzo e Dino Ferrari,Emilia Romagna Grand Prix,Imola,Italy,37,4.909,309.267,False,technical,62,\N,16,0.0,,
1127,858,3,21,11,2024,7,2024-05-19,sargeant,SAR,Logan,Sargeant,American,williams,Williams,British,Autodromo Enzo e Dino Ferrari,Emilia Romagna Grand Prix,Imola,Italy,37,4.909,309.267,False,technical,62,\N,17,0.0,,
1127,822,15,21,11,2024,7,2024-05-19,bottas,BOT,Valtteri,Bottas,Finnish,sauber,Sauber,Swiss,Autodromo Enzo e Dino Ferrari,Emilia Romagna Grand Prix,Imola,Italy,37,4.909,309.267,False,technical,62,\N,18,0.0,,
1127,4,117,21,11,2024,7,2024-05-19,alonso,ALO,Fernando,Alonso,Spanish,aston_martin,Aston Martin,British,Autodromo Enzo e Dino Ferrari,Emilia Romagna Grand Prix,Imola,Italy,37,4.909,309.267,False,technical,62,\N,19,0.0,,
1127,848,3,21,31,2024,7,2024-05-19,albon,ALB,Alexander,Albon,Thai,williams,Williams,British,Autodromo Enzo e Dino Ferrari,Emilia Romagna Grand Prix,Imola,Italy,37,4.909,309.267,False,technical,51,\N,\N,0.0,,
1128,844,6,6,1,2024,8,2024-05-26,leclerc,LEC,Charles,Leclerc,Monegasque,ferrari,Ferrari,Italian,Circuit de Monaco,Monaco Grand Prix,Monte-Carlo,Monaco,7,3.337,260.286,False,technical,78,8595554,1,25.0,,
1128,857,1,6,1,2024,8,2024-05-26,piastri,PIA,Oscar,Piastri,Australian,mclaren,McLaren,British,Circuit de Monaco,Monaco Grand Prix,Monte-Carlo,Monaco,7,3.337,260.286,False,technical,78,8602706,2,18.0,,
1128,832,6,6,1,2024,8,2024-05-26,sainz,SAI,Carlos,Sainz,Spanish,ferrari,Ferrari,Italian,Circuit de Monaco,Monaco Grand Prix,Monte-Carlo,Monaco,7,3.337,260.286,False,technical,78,8603139,3,15.0,,
1128,846,1,6,1,2024,8,2024-05-26,norris,NOR,Lando,Norris,British,mclaren,McLaren,British,Circuit de Monaco,Monaco Grand Prix,Monte-Carlo,Monaco,7,3.337,260.286,False,technical,78,8604204,4,12.0,,
1128,847,131,6,1,2024,8,2024-05-26,russell,RUS,George,Russell,British,mercedes,Mercedes,German,Circuit de Monaco,Monaco Grand Prix,Monte-Carlo,Monaco,7,3.337,260.286,False,technical,78,8608863,5,10.0,,
1128,830,9,6,1,2024,8,2024-05-26,max_verstappen,VER,Max,Verstappen,Dutch,red_bull,Red Bull,Austrian,Circuit de Monaco,Monaco Grand Prix,Monte-Carlo,Monaco,7,3.337,260.286,False,technical,78,8609407,6,8.0,,
1128,1,131,6,1,2024,8,2024-05-26,hamilton,HAM,Lewis,Hamilton,British,mercedes,Mercedes,German,Circuit de Monaco,Monaco Grand Prix,Monte-Carlo,Monaco,7,3.337,260.286,False,technical,78,8610462,7,7.0,,
1128,852,215,6,11,2024,8,2024-05-26,tsunoda,TSU,Yuki,Tsunoda,Japanese,rb,RB F1 Team,Italian,Circuit de Monaco,Monaco Grand Prix,Monte-Carlo,Monaco,7,3.337,260.286,False,technical,77,\N,8,4.0,,
1128,848,3,6,11,2024,8,2024-05-26,albon,ALB,Alexander,Albon,Thai,williams,Williams,British,Circuit de Monaco,Monaco Grand Prix,Monte-Carlo,Monaco,7,3.337,260.286,False,technical,77,\N,9,2.0,,
1128,842,214,6,11,2024,8,2024-05-26,gasly,GAS,Pierre,Gasly,French,alpine,Alpine F1 Team,French,Circuit de Monaco,Monaco Grand Prix,Monte-Carlo,Monaco,7,3.337,260.286,False,technical,77,\N,10,1.0,,
1128,4,117,6,12,2024,8,2024-05-26,alonso,ALO,Fernando,Alonso,Spanish,aston_martin,Aston Martin,British,Circuit de Monaco,Monaco Grand Prix,Monte-Carlo,Monaco,7,3.337,260.286,False,technical,76,\N,11,0.0,,
1128,817,215,6,12,2024,8,2024-05-26,ricciardo,RIC,Daniel,Ricciardo,Australian,rb,RB F1 Team,Italian,Circuit de Monaco,Monaco Grand Prix,Monte-Carlo,Monaco,7,3.337,260.286,False,technical,76,\N,12,0.0,,
1128,822,15,6,12,2024,8,2024-05-26,bottas,BOT,Valtteri,Bottas,Finnish,sauber,Sauber,Swiss,Circuit de Monaco,Monaco Grand Prix,Monte-Carlo,Monaco,7,3.337,260.286,False,technical,76,\N,13,0.0,,
1128,840,117,6,12,2024,8,2024-05-26,stroll,STR,Lance,Stroll,Canadian,aston_martin,Aston Martin,British,Circuit de Monaco,Monaco Grand Prix,Monte-Carlo,Monaco,7,3.337,260.286,False,technical,76,\N,14,0.0,,
1128,858,3,6,12,2024,8,2024-05-26,sargeant,SAR,Logan,Sargeant,American,williams,Williams,British,Circuit de Monaco,Monaco Grand Prix,Monte-Carlo,Monaco,7,3.337,260.286,False,technical,76,\N,15,0.0,,
1128,855,15,6,12,2024,8,2024-05-26,zhou,ZHO,Guanyu,Zhou,Chinese,sauber,Sauber,Swiss,Circuit de Monaco,Monaco Grand Prix,Monte-Carlo,Monaco,7,3.337,260.286,False,technical,76,\N,16,0.0,,
1128,839,214,6,4,2024,8,2024-05-26,ocon,OCO,Esteban,Ocon,French,alpine,Alpine F1 Team,French,Circuit de Monaco,Monaco Grand Prix,Monte-Carlo,Monaco,7,3.337,260.286,False,technical,0,\N,\N,0.0,,
1128,815,9,6,4,2024,8,2024-05-26,perez,PER,Sergio,Pérez,Mexican,red_bull,Red Bull,Austrian,Circuit de Monaco,Monaco Grand Prix,Monte-Carlo,Monaco,7,3.337,260.286,False,technical,0,\N,\N,0.0,,
1128,807,210,6,4,2024,8,2024-05-26,hulkenberg,HUL,Nico,Hülkenberg,German,haas,Haas F1 Team,American,Circuit de Monaco,Monaco Grand Prix,Monte-Carlo,Monaco,7,3.337,260.286,False,technical,0,\N,\N,0.0,,
1128,825,210,6,4,2024,8,2024-05-26,kevin_magnussen,MAG,Kevin,Magnussen,Danish,haas,Haas F1 Team,American,Circuit de Monaco,Monaco Grand Prix,Monte-Carlo,Monaco,7,3.337,260.286,False,technical,0,\N,\N,0.0,,
1129,830,9,7,1,2024,9,2024-06-09,max_verstappen,VER,Max,Verstappen,Dutch,red_bull,Red Bull,Austrian,Circuit Gilles Villeneuve,Canadian Grand Prix,Montreal,Canada,13,4.361,305.27,False,balanced,70,6347927,1,25.0,,
1129,846,1,7,1,2024,9,2024-06-09,norris,NOR,Lando,Norris,British,mclaren,McLaren,British,Circuit Gilles Villeneuve,Canadian Grand Prix,Montreal,Canada,13,4.361,305.27,False,balanced,70,6351806,2,18.0,,
1129,847,131,7,1,2024,9,2024-06-09,russell,RUS,George,Russell,British,mercedes,Mercedes,German,Circuit Gilles Villeneuve,Canadian Grand Prix,Montreal,Canada,13,4.361,305.27,False,balanced,70,6352244,3,15.0,,
1129,1,131,7,1,2024,9,2024-06-09,hamilton,HAM,Lewis,Hamilton,British,mercedes,Mercedes,German,Circuit Gilles Villeneuve,Canadian Grand Prix,Montreal,Canada,13,4.361,305.27,False,balanced,70,6352842,4,13.0,,
1129,857,1,7,1,2024,9,2024-06-09,piastri,PIA,Oscar,Piastri,Australian,mclaren,McLaren,British,Circuit Gilles Villeneuve,Canadian Grand Prix,Montreal,Canada,13,4.361,305.27,False,balanced,70,6358126,5,10.0,,
1129,4,117,7,1,2024,9,2024-06-09,alonso,ALO,Fernando,Alonso,Spanish,aston_martin,Aston Martin,British,Circuit Gilles Villeneuve,Canadian Grand Prix,Montreal,Canada,13,4.361,305.27,False,balanced,70,6365437,6,8.0,,
1129,840,117,7,1,2024,9,2024-06-09,stroll,STR,Lance,Stroll,Canadian,aston_martin,Aston Martin,British,Circuit Gilles Villeneuve,Canadian Grand Prix,Montreal,Canada,13,4.361,305.27,False,balanced,70,6371552,7,6.0,,
1129,817,215,7,1,2024,9,2024-06-09,ricciardo,RIC,Daniel,Ricciardo,Australian,rb,RB F1 Team,Italian,Circuit Gilles Villeneuve,Canadian Grand Prix,Montreal,Canada,13,4.361,305.27,False,balanced,70,6376599,8,4.0,,
1129,842,214,7,1,2024,9,2024-06-09,gasly,GAS,Pierre,Gasly,French,alpine,Alpine F1 Team,French,Circuit Gilles Villeneuve,Canadian Grand Prix,Montreal,Canada,13,4.361,305.27,False,balanced,70,6377948,9,2.0,,
1129,839,214,7,1,2024,9,2024-06-09,ocon,OCO,Esteban,Ocon,French,alpine,Alpine F1 Team,French,Circuit Gilles Villeneuve,Canadian Grand Prix,Montreal,Canada,13,4.361,305.27,False,balanced,70,6378240,10,1.0,,
1129,807,210,7,1,2024,9,2024-06-09,hulkenberg,HUL,Nico,Hülkenberg,German,haas,Haas F1 Team,American,Circuit Gilles Villeneuve,Canadian Grand Prix,Montreal,Canada,13,4.361,305.27,False,balanced,70,6378751,11,0.0,,
1129,825,210,7,1,2024,9,2024-06-09,kevin_magnussen,MAG,Kevin,Magnussen,Danish,haas,Haas F1 Team,American,Circuit Gilles Villeneuve,Canadian Grand Prix,Montreal,Canada,13,4.361,305.27,False,balanced,70,6379180,12,0.0,,
1129,822,15,7,1,2024,9,2024-06-09,bottas,BOT,Valtteri,Bottas,Finnish,sauber,Sauber,Swiss,Circuit Gilles Villeneuve,Canadian Grand Prix,Montreal,Canada,13,4.361,305.27,False,balanced,70,6388414,13,0.0,,
1129,852,215,7,1,2024,9,2024-06-09,tsunoda,TSU,Yuki,Tsunoda,Japanese,rb,RB F1 Team,Italian,Circuit Gilles Villeneuve,Canadian Grand Prix,Montreal,Canada,13,4.361,305.27,False,balanced,70,6400621,14,0.0,,
1129,855,15,7,11,2024,9,2024-06-09,zhou,ZHO,Guanyu,Zhou,Chinese,sauber,Sauber,Swiss,Circuit Gilles Villeneuve,Canadian Grand Prix,Montreal,Canada,13,4.361,305.27,False,balanced,69,\N,15,0.0,,
1129,832,6,7,4,2024,9,2024-06-09,sainz,SAI,Carlos,Sainz,Spanish,ferrari,Ferrari,Italian,Circuit Gilles Villeneuve,Canadian Grand Prix,Montreal,Canada,13,4.361,305.27,False,balanced,52,\N,\N,0.0,,
1129,848,3,7,4,2024,9,2024-06-09,albon,ALB,Alexander,Albon,Thai,williams,Williams,British,Circuit Gilles Villeneuve,Canadian Grand Prix,Montreal,Canada,13,4.361,305.27,False,balanced,52,\N,\N,0.0,,
1129,815,9,7,3,2024,9,2024-06-09,perez,PER,Sergio,Pérez,Mexican,red_bull,Red Bull,Austrian,Circuit Gilles Villeneuve,Canadian Grand Prix,Montreal,Canada,13,4.361,305.27,False,balanced,51,\N,\N,0.0,,
1129,844,6,7,5,2024,9,2024-06-09,leclerc,LEC,Charles,Leclerc,Monegasque,ferrari,Ferrari,Italian,Circuit Gilles Villeneuve,Canadian Grand Prix,Montreal,Canada,13,4.361,305.27,False,balanced,40,\N,\N,0.0,,
1129,858,3,7,3,2024,9,2024-06-09,sargeant,SAR,Logan,Sargeant,American,williams,Williams,British,Circuit Gilles Villeneuve,Canadian Grand Prix,Montreal,Canada,13,4.361,305.27,False,balanced,23,\N,\N,0.0,,
1130,830,9,4,1,2024,10,2024-06-23,max_verstappen,VER,Max,Verstappen,Dutch,red_bull,Red Bull,Austrian,Circuit de Barcelona-Catalunya,Spanish Grand Prix,Montmeló,Spain,109,4.657,307.362,False,balanced,66,5300227,1,25.0,,
1130,846,1,4,1,2024,10,2024-06-23,norris,NOR,Lando,Norris,British,mclaren,McLaren,British,Circuit de Barcelona-Catalunya,Spanish Grand Prix,Montmeló,Spain,109,4.657,307.362,False,balanced,66,5302446,2,19.0,,
1130,1,131,4,1,2024,10,2024-06-23,hamilton,HAM,Lewis,Hamilton,British,mercedes,Mercedes,German,Circuit de Barcelona-Catalunya,Spanish Grand Prix,Montmeló,Spain,109,4.657,307.362,False,balanced,66,5318017,3,15.0,,
1130,847,131,4,1,2024,10,2024-06-23,russell,RUS,George,Russell,British,mercedes,Mercedes,German,Circuit de Barcelona-Catalunya,Spanish Grand Prix,Montmeló,Spain,109,4.657,307.362,False,balanced,66,5322547,4,12.0,,
1130,844,6,4,1,2024,10,2024-06-23,leclerc,LEC,Charles,Leclerc,Monegasque,ferrari,Ferrari,Italian,Circuit de Barcelona-Catalunya,Spanish Grand Prix,Montmeló,Spain,109,4.657,307.362,False,balanced,66,5322936,5,10.0,,
1130,832,6,4,1,2024,10,2024-06-23,sainz,SAI,Carlos,Sainz,Spanish,ferrari,Ferrari,Italian,Circuit de Barcelona-Catalunya,Spanish Grand Prix,Montmeló,Spain,109,4.657,307.362,False,balanced,66,5331255,6,8.0,,
1130,857,1,4,1,2024,10,2024-06-23,piastri,PIA,Oscar,Piastri,Australian,mclaren,McLaren,British,Circuit de Barcelona-Catalunya,Spanish Grand Prix,Montmeló,Spain,109,4.657,307.362,False,balanced,66,5333987,7,6.0,,
1130,815,9,4,1,2024,10,2024-06-23,perez,PER,Sergio,Pérez,Mexican,red_bull,Red Bull,Austrian,Circuit de Barcelona-Catalunya,Spanish Grand Prix,Montmeló,Spain,109,4.657,307.362,False,balanced,66,5359751,8,4.0,,
1130,842,214,4,1,2024,10,2024-06-23,gasly,GAS,Pierre,Gasly,French,alpine,Alpine F1 Team,French,Circuit de Barcelona-Catalunya,Spanish Grand Prix,Montmeló,Spain,109,4.657,307.362,False,balanced,66,5362252,9,2.0,,
1130,839,214,4,1,2024,10,2024-06-23,ocon,OCO,Esteban,Ocon,French,alpine,Alpine F1 Team,French,Circuit de Barcelona-Catalunya,Spanish Grand Prix,Montmeló,Spain,109,4.657,307.362,False,balanced,66,5372116,10,1.0,,
1130,807,210,4,1,2024,10,2024-06-23,hulkenberg,HUL,Nico,Hülkenberg,German,haas,Haas F1 Team,American,Circuit de Barcelona-Catalunya,Spanish Grand Prix,Montmeló,Spain,109,4.657,307.362,False,balanced,66,5379442,11,0.0,,
1130,4,117,4,11,2024,10,2024-06-23,alonso,ALO,Fernando,Alonso,Spanish,aston_martin,Aston Martin,British,Circuit de Barcelona-Catalunya,Spanish Grand Prix,Montmeló,Spain,109,4.657,307.362,False,balanced,65,\N,12,0.0,,
1130,855,15,4,11,2024,10,2024-06-23,zhou,ZHO,Guanyu,Zhou,Chinese,sauber,Sauber,Swiss,Circuit de Barcelona-Catalunya,Spanish Grand Prix,Montmeló,Spain,109,4.657,307.362,False,balanced,65,\N,13,0.0,,
1130,840,117,4,11,2024,10,2024-06-23,stroll,STR,Lance,Stroll,Canadian,aston_martin,Aston Martin,British,Circuit de Barcelona-Catalunya,Spanish Grand Prix,Montmeló,Spain,109,4.657,307.362,False,balanced,65,\N,14,0.0,,
1130,817,215,4,11,2024,10,2024-06-23,ricciardo,RIC,Daniel,Ricciardo,Australian,rb,RB F1 Team,Italian,Circuit de Barcelona-Catalunya,Spanish Grand Prix,Montmeló,Spain,109,4.657,307.362,False,balanced,65,\N,15,0.0,,
1130,822,15,4,11,2024,10,2024-06-23,bottas,BOT,Valtteri,Bottas,Finnish,sauber,Sauber,Swiss,Circuit de Barcelona-Catalunya,Spanish Grand Prix,Montmeló,Spain,109,4.657,307.362,False,balanced,65,\N,16,0.0,,
1130,825,210,4,11,2024,10,2024-06-23,kevin_magnussen,MAG,Kevin,Magnussen,Danish,haas,Haas F1 Team,American,Circuit de Barcelona-Catalunya,Spanish Grand Prix,Montmeló,Spain,109,4.657,307.362,False,balanced,65,\N,17,0.0,,
1130,848,3,4,11,2024,10,2024-06-23,albon,ALB,Alexander,Albon,Thai,williams,Williams,British,Circuit de Barcelona-Catalunya,Spanish Grand Prix,Montmeló,Spain,109,4.657,307.362,False,balanced,65,\N,18,0.0,,
1130,852,215,4,11,2024,10,2024-06-23,tsunoda,TSU,Yuki,Tsunoda,Japanese,rb,RB F1 Team,Italian,Circuit de Barcelona-Catalunya,Spanish Grand Prix,Montmeló,Spain,109,4.657,307.362,False,balanced,65,\N,19,0.0,,
1130,858,3,4,12,2024,10,2024-06-23,sargeant,SAR,Logan,Sargeant,American,williams,Williams,British,Circuit de Barcelona-Catalunya,Spanish Grand Prix,Montmeló,Spain,109,4.657,307.362,False,balanced,64,\N,20,0.0,,
1131,847,131,70,1,2024,11,2024-06-30,russell,RUS,George,Russell,British,mercedes,Mercedes,German,Red Bull Ring,Austrian Grand Prix,Spielberg,Austria,678,4.326,307.146,False,high_speed,71,5062798,1,25.0,4,5.0
1131,857,1,70,1,2024,11,2024-06-30,piastri,PIA,Oscar,Piastri,Australian,mclaren,McLaren,British,Red Bull Ring,Austrian Grand Prix,Spielberg,Austria,678,4.326,307.146,False,high_speed,71,5064704,2,18.0,2,7.0
1131,832,6,70,1,2024,11,2024-06-30,sainz,SAI,Carlos,Sainz,Spanish,ferrari,Ferrari,Italian,Red Bull Ring,Austrian Grand Prix,Spielberg,Austria,678,4.326,307.146,False,high_speed,71,5067331,3,15.0,5,4.0
1131,1,131,70,1,2024,11,2024-06-30,hamilton,HAM,Lewis,Hamilton,British,mercedes,Mercedes,German,Red Bull Ring,Austrian Grand Prix,Spielberg,Austria,678,4.326,307.146,False,high_speed,71,5085940,4,12.0,6,3.0
1131,830,9,70,1,2024,11,2024-06-30,max_verstappen,VER,Max,Verstappen,Dutch,red_bull,Red Bull,Austrian,Red Bull Ring,Austrian Grand Prix,Spielberg,Austria,678,4.326,307.146,False,high_speed,71,5100051,5,10.0,1,8.0
1131,807,210,70,1,2024,11,2024-06-30,hulkenberg,HUL,Nico,Hülkenberg,German,haas,Haas F1 Team,American,Red Bull Ring,Austrian Grand Prix,Spielberg,Austria,678,4.326,307.146,False,high_speed,71,5116886,6,8.0,19,0.0
1131,815,9,70,1,2024,11,2024-06-30,perez,PER,Sergio,Pérez,Mexican,red_bull,Red Bull,Austrian,Red Bull Ring,Austrian Grand Prix,Spielberg,Austria,678,4.326,307.146,False,high_speed,71,5117470,7,6.0,8,1.0
1131,825,210,70,1,2024,11,2024-06-30,kevin_magnussen,MAG,Kevin,Magnussen,Danish,haas,Haas F1 Team,American,Red Bull Ring,Austrian Grand Prix,Spielberg,Austria,678,4.326,307.146,False,high_speed,71,5123153,8,4.0,9,0.0
1131,817,215,70,1,2024,11,2024-06-30,ricciardo,RIC,Daniel,Ricciardo,Australian,rb,RB F1 Team,Italian,Red Bull Ring,Austrian Grand Prix,Spielberg,Austria,678,4.326,307.146,False,high_speed,71,5123967,9,2.0,14,0.0
1131,842,214,70,1,2024,11,2024-06-30,gasly,GAS,Pierre,Gasly,French,alpine,Alpine F1 Team,French,Red Bull Ring,Austrian Grand Prix,Spielberg,Austria,678,4.326,307.146,False,high_speed,71,5124564,10,1.0,12,0.0
1131,844,6,70,1,2024,11,2024-06-30,leclerc,LEC,Charles,Leclerc,Monegasque,ferrari,Ferrari,Italian,Red Bull Ring,Austrian Grand Prix,Spielberg,Austria,678,4.326,307.146,False,high_speed,71,5129854,11,0.0,7,2.0
1131,839,214,70,1,2024,11,2024-06-30,ocon,OCO,Esteban,Ocon,French,alpine,Alpine F1 Team,French,Red Bull Ring,Austrian Grand Prix,Spielberg,Austria,678,4.326,307.146,False,high_speed,71,5131123,12,0.0,11,0.0
1131,840,117,70,11,2024,11,2024-06-30,stroll,STR,Lance,Stroll,Canadian,aston_martin,Aston Martin,British,Red Bull Ring,Austrian Grand Prix,Spielberg,Austria,678,4.326,307.146,False,high_speed,70,\N,13,0.0,10,0.0
1131,852,215,70,11,2024,11,2024-06-30,tsunoda,TSU,Yuki,Tsunoda,Japanese,rb,RB F1 Team,Italian,Red Bull Ring,Austrian Grand Prix,Spielberg,Austria,678,4.326,307.146,False,high_speed,70,\N,14,0.0,13,0.0
1131,848,3,70,11,2024,11,2024-06-30,albon,ALB,Alexander,Albon,Thai,williams,Williams,British,Red Bull Ring,Austrian Grand Prix,Spielberg,Austria,678,4.326,307.146,False,high_speed,70,\N,15,0.0,17,0.0
1131,822,15,70,11,2024,11,2024-06-30,bottas,BOT,Valtteri,Bottas,Finnish,sauber,Sauber,Swiss,Red Bull Ring,Austrian Grand Prix,Spielberg,Austria,678,4.326,307.146,False,high_speed,70,\N,16,0.0,18,0.0
1131,855,15,70,11,2024,11,2024-06-30,zhou,ZHO,Guanyu,Zhou,Chinese,sauber,Sauber,Swiss,Red Bull Ring,Austrian Grand Prix,Spielberg,Austria,678,4.326,307.146,False,high_speed,70,\N,17,0.0,20,0.0
1131,4,117,70,11,2024,11,2024-06-30,alonso,ALO,Fernando,Alonso,Spanish,aston_martin,Aston Martin,British,Red Bull Ring,Austrian Grand Prix,Spielberg,Austria,678,4.326,307.146,False,high_speed,70,\N,18,0.0,15,0.0
1131,858,3,70,12,2024,11,2024-06-30,sargeant,SAR,Logan,Sargeant,American,williams,Williams,British,Red Bull Ring,Austrian Grand Prix,Spielberg,Austria,678,4.326,307.146,False,high_speed,69,\N,19,0.0,16,0.0
1131,846,1,70,17,2024,11,2024-06-30,norris,NOR,Lando,Norris,British,mclaren,McLaren,British,Red Bull Ring,Austrian Grand Prix,Spielberg,Austria,678,4.326,307.146,False,high_speed,64,\N,20,0.0,3,6.0
1132,1,131,9,1,2024,12,2024-07-07,hamilton,HAM,Lewis,Hamilton,British,mercedes,Mercedes,German,Silverstone Circuit,British Grand Prix,Silverstone,UK,153,5.891,306.332,False,high_speed,52,4947059,1,25.0,,
1132,830,9,9,1,2024,12,2024-07-07,max_verstappen,VER,Max,Verstappen,Dutch,red_bull,Red Bull,Austrian,Silverstone Circuit,British Grand Prix,Silverstone,UK,153,5.891,306.332,False,high_speed,52,4948524,2,18.0,,
1132,846,1,9,1,2024,12,2024-07-07,norris,NOR,Lando,Norris,British,mclaren,McLaren,British,Silverstone Circuit,British Grand Prix,Silverstone,UK,153,5.891,306.332,False,high_speed,52,4954606,3,15.0,,
1132,857,1,9,1,2024,12,2024-07-07,piastri,PIA,Oscar,Piastri,Australian,mclaren,McLaren,British,Silverstone Circuit,British Grand Prix,Silverstone,UK,153,5.891,306.332,False,high_speed,52,4959488,4,12.0,,
1132,832,6,9,1,2024,12,2024-07-07,sainz,SAI,Carlos,Sainz,Spanish,ferrari,Ferrari,Italian,Silverstone Circuit,British Grand Prix,Silverstone,UK,153,5.891,306.332,False,high_speed,52,4994377,5,11.0,,
1132,807,210,9,1,2024,12,2024-07-07,hulkenberg,HUL,Nico,Hülkenberg,German,haas,Haas F1 Team,American,Silverstone Circuit,British Grand Prix,Silverstone,UK,153,5.891,306.332,False,high_speed,52,5002781,6,8.0,,
1132,840,117,9,1,2024,12,2024-07-07,stroll,STR,Lance,Stroll,Canadian,aston_martin,Aston Martin,British,Silverstone Circuit,British Grand Prix,Silverstone,UK,153,5.891,306.332,False,high_speed,52,5003628,7,6.0,,
1132,4,117,9,1,2024,12,2024-07-07,alonso,ALO,Fernando,Alonso,Spanish,aston_martin,Aston Martin,British,Silverstone Circuit,British Grand Prix,Silverstone,UK,153,5.891,306.332,False,high_speed,52,5010636,8,4.0,,
1132,848,3,9,1,2024,12,2024-07-07,albon,ALB,Alexander,Albon,Thai,williams,Williams,British,Silverstone Circuit,British Grand Prix,Silverstone,UK,153,5.891,306.332,False,high_speed,52,5015446,9,2.0,,
1132,852,215,9,1,2024,12,2024-07-07,tsunoda,TSU,Yuki,Tsunoda,Japanese,rb,RB F1 Team,Italian,Silverstone Circuit,British Grand Prix,Silverstone,UK,153,5.891,306.332,False,high_speed,52,5026362,10,1.0,,
1132,858,3,9,1,2024,12,2024-07-07,sargeant,SAR,Logan,Sargeant,American,williams,Williams,British,Silverstone Circuit,British Grand Prix,Silverstone,UK,153,5.891,306.332,False,high_speed,52,5036019,11,0.0,,
1132,825,210,9,1,2024,12,2024-07-07,kevin_magnussen,MAG,Kevin,Magnussen,Danish,haas,Haas F1 Team,American,Silverstone Circuit,British Grand Prix,Silverstone,UK,153,5.891,306.332,False,high_speed,52,5037212,12,0.0,,
1132,817,215,9,11,2024,12,2024-07-07,ricciardo,RIC,Daniel,Ricciardo,Australian,rb,RB F1 Team,Italian,Silverstone Circuit,British Grand Prix,Silverstone,UK,153,5.891,306.332,False,high_speed,51,\N,13,0.0,,
1132,844,6,9,11,2024,12,2024-07-07,leclerc,LEC,Charles,Leclerc,Monegasque,ferrari,Ferrari,Italian,Silverstone Circuit,British Grand Prix,Silverstone,UK,153,5.891,306.332,False,high_speed,51,\N,14,0.0,,
1132,822,15,9,11,2024,12,2024-07-07,bottas,BOT,Valtteri,Bottas,Finnish,sauber,Sauber,Swiss,Silverstone Circuit,British Grand Prix,Silverstone,UK,153,5.891,306.332,False,high_speed,51,\N,15,0.0,,
1132,839,214,9,12,2024,12,2024-07-07,ocon,OCO,Esteban,Ocon,French,alpine,Alpine F1 Team,French,Silverstone Circuit,British Grand Prix,Silverstone,UK,153,5.891,306.332,False,high_speed,50,\N,16,0.0,,
1132,815,9,9,12,2024,12,2024-07-07,perez,PER,Sergio,Pérez,Mexican,red_bull,Red Bull,Austrian,Silverstone Circuit,British Grand Prix,Silverstone,UK,153,5.891,306.332,False,high_speed,50,\N,17,0.0,,
1132,855,15,9,12,2024,12,2024-07-07,zhou,ZHO,Guanyu,Zhou,Chinese,sauber,Sauber,Swiss,Silverstone Circuit,British Grand Prix,Silverstone,UK,153,5.891,306.332,False,high_speed,50,\N,18,0.0,,
1132,847,131,9,34,2024,12,2024-07-07,russell,RUS,George,Russell,British,mercedes,Mercedes,German,Silverstone Circuit,British Grand Prix,Silverstone,UK,153,5.891,306.332,False,high_speed,33,\N,\N,0.0,,
1132,842,214,9,6,2024,12,2024-07-07,gasly,GAS,Pierre,Gasly,French,alpine,Alpine F1 Team,French,Silverstone Circuit,British Grand Prix,Silverstone,UK,153,5.891,306.332,False,high_speed,0,\N,\N,0.0,,
1133,857,1,11,1,2024,13,2024-07-21,piastri,PIA,Oscar,Piastri,Australian,mclaren,McLaren,British,Hungaroring,Hungarian Grand Prix,Budapest,Hungary,264,4.381,306.67,False,technical,70,5881989,1,25.0,,
1133,846,1,11,1,2024,13,2024-07-21,norris,NOR,Lando,Norris,British,mclaren,McLaren,British,Hungaroring,Hungarian Grand Prix,Budapest,Hungary,264,4.381,306.67,False,technical,70,5884130,2,18.0,,
1133,1,131,11,1,2024,13,2024-07-21,hamilton,HAM,Lewis,Hamilton,British,mercedes,Mercedes,German,Hungaroring,Hungarian Grand Prix,Budapest,Hungary,264,4.381,306.67,False,technical,70,5896869,3,15.0,,
1133,844,6,11,1,2024,13,2024-07-21,leclerc,LEC,Charles,Leclerc,Monegasque,ferrari,Ferrari,Italian,Hungaroring,Hungarian Grand Prix,Budapest,Hungary,264,4.381,306.67,False,technical,70,5901675,4,12.0,,
1133,830,9,11,1,2024,13,2024-07-21,max_verstappen,VER,Max,Verstappen,Dutch,red_bull,Red Bull,Austrian,Hungaroring,Hungarian Grand Prix,Budapest,Hungary,264,4.381,306.67,False,technical,70,5903338,5,10.0,,
1133,832,6,11,1,2024,13,2024-07-21,sainz,SAI,Carlos,Sainz,Spanish,ferrari,Ferrari,Italian,Hungaroring,Hungarian Grand Prix,Budapest,Hungary,264,4.381,306.67,False,technical,70,5905062,6,8.0,,
1133,815,9,11,1,2024,13,2024-07-21,perez,PER,Sergio,Pérez,Mexican,red_bull,Red Bull,Austrian,Hungaroring,Hungarian Grand Prix,Budapest,Hungary,264,4.381,306.67,False,technical,70,5921781,7,6.0,,
1133,847,131,11,1,2024,13,2024-07-21,russell,RUS,George,Russell,British,mercedes,Mercedes,German,Hungaroring,Hungarian Grand Prix,Budapest,Hungary,264,4.381,306.67,False,technical,70,5924357,8,5.0,,
1133,852,215,11,1,2024,13,2024-07-21,tsunoda,TSU,Yuki,Tsunoda,Japanese,rb,RB F1 Team,Italian,Hungaroring,Hungarian Grand Prix,Budapest,Hungary,264,4.381,306.67,False,technical,70,5959248,9,2.0,,
1133,840,117,11,1,2024,13,2024-07-21,stroll,STR,Lance,Stroll,Canadian,aston_martin,Aston Martin,British,Hungaroring,Hungarian Grand Prix,Budapest,Hungary,264,4.381,306.67,False,technical,70,5959965,10,1.0,,
1133,4,117,11,1,2024,13,2024-07-21,alonso,ALO,Fernando,Alonso,Spanish,aston_martin,Aston Martin,British,Hungaroring,Hungarian Grand Prix,Budapest,Hungary,264,4.381,306.67,False,technical,70,5964449,11,0.0,,
1133,817,215,11,11,2024,13,2024-07-21,ricciardo,RIC,Daniel,Ricciardo,Australian,rb,RB F1 Team,Italian,Hungaroring,Hungarian Grand Prix,Budapest,Hungary,264,4.381,306.67,False,technical,69,\N,12,0.0,,
1133,807,210,11,11,2024,13,2024-07-21,hulkenberg,HUL,Nico,Hülkenberg,German,haas,Haas F1 Team,American,Hungaroring,Hungarian Grand Prix,Budapest,Hungary,264,4.381,306.67,False,technical,69,\N,13,0.0,,
1133,848,3,11,11,2024,13,2024-07-21,albon,ALB,Alexander,Albon,Thai,williams,Williams,British,Hungaroring,Hungarian Grand Prix,Budapest,Hungary,264,4.381,306.67,False,technical,69,\N,14,0.0,,
1133,825,210,11,11,2024,13,2024-07-21,kevin_magnussen,MAG,Kevin,Magnussen,Danish,haas,Haas F1 Team,American,Hungaroring,Hungarian Grand Prix,Budapest,Hungary,264,4.381,306.67,False,technical,69,\N,15,0.0,,
1133,822,15,11,11,2024,13,2024-07-21,bottas,BOT,Valtteri,Bottas,Finnish,sauber,Sauber,Swiss,Hungaroring,Hungarian Grand Prix,Budapest,Hungary,264,4.381,306.67,False,technical,69,\N,16,0.0,,
1133,858,3,11,11,2024,13,2024-07-21,sargeant,SAR,Logan,Sargeant,American,williams,Williams,British,Hungaroring,Hungarian Grand Prix,Budapest,Hungary,264,4.381,306.67,False,technical,69,\N,17,0.0,,
1133,839,214,11,11,2024,13,2024-07-21,ocon,OCO,Esteban,Ocon,French,alpine,Alpine F1 Team,French,Hungaroring,Hungarian Grand Prix,Budapest,Hungary,264,4.381,306.67,False,technical,69,\N,18,0.0,,
1133,855,15,11,11,2024,13,2024-07-21,zhou,ZHO,Guanyu,Zhou,Chinese,sauber,Sauber,Swiss,Hungaroring,Hungarian Grand Prix,Budapest,Hungary,264,4.381,306.67,False,technical,69,\N,19,0.0,,
1133,842,214,11,9,2024,13,2024-07-21,gasly,GAS,Pierre,Gasly,French,alpine,Alpine F1 Team,French,Hungaroring,Hungarian Grand Prix,Budapest,Hungary,264,4.381,306.67,False,technical,33,\N,\N,0.0,,
1134,1,131,13,1,2024,14,2024-07-28,hamilton,HAM,Lewis,Hamilton,British,mercedes,Mercedes,German,Circuit de Spa-Francorchamps,Belgian Grand Prix,Spa,Belgium,401,7.004,308.176,False,high_speed,44,4797566,1,25.0,,
1134,857,1,13,1,2024,14,2024-07-28,piastri,PIA,Oscar,Piastri,Australian,mclaren,McLaren,British,Circuit de Spa-Francorchamps,Belgian Grand Prix,Spa,Belgium,401,7.004,308.176,False,high_speed,44,4798213,2,18.0,,
1134,844,6,13,1,2024,14,2024-07-28,leclerc,LEC,Charles,Leclerc,Monegasque,ferrari,Ferrari,Italian,Circuit de Spa-Francorchamps,Belgian Grand Prix,Spa,Belgium,401,7.004,308.176,False,high_speed,44,4805589,3,15.0,,
1134,830,9,13,1,2024,14,2024-07-28,max_verstappen,VER,Max,Verstappen,Dutch,red_bull,Red Bull,Austrian,Circuit de Spa-Francorchamps,Belgian Grand Prix,Spa,Belgium,401,7.004,308.176,False,high_speed,44,4806266,4,12.0,,
1134,846,1,13,1,2024,14,2024-07-28,norris,NOR,Lando,Norris,British,mclaren,McLaren,British,Circuit de Spa-Francorchamps,Belgian Grand Prix,Spa,Belgium,401,7.004,308.176,False,high_speed,44,4806890,5,10.0,,
1134,832,6,13,1,2024,14,2024-07-28,sainz,SAI,Carlos,Sainz,Spanish,ferrari,Ferrari,Italian,Circuit de Spa-Francorchamps,Belgian Grand Prix,Spa,Belgium,401,7.004,308.176,False,high_speed,44,4816835,6,8.0,,
1134,815,9,13,1,2024,14,2024-07-28,perez,PER,Sergio,Pérez,Mexican,red_bull,Red Bull,Austrian,Circuit de Spa-Francorchamps,Belgian Grand Prix,Spa,Belgium,401,7.004,308.176,False,high_speed,44,4840235,7,7.0,,
1134,4,117,13,1,2024,14,2024-07-28,alonso,ALO,Fernando,Alonso,Spanish,aston_martin,Aston Martin,British,Circuit de Spa-Francorchamps,Belgian Grand Prix,Spa,Belgium,401,7.004,308.176,False,high_speed,44,4847003,8,4.0,,
1134,839,214,13,1,2024,14,2024-07-28,ocon,OCO,Esteban,Ocon,French,alpine,Alpine F1 Team,French,Circuit de Spa-Francorchamps,Belgian Grand Prix,Spa,Belgium,401,7.004,308.176,False,high_speed,44,4849592,9,2.0,,
1134,817,215,13,1,2024,14,2024-07-28,ricciardo,RIC,Daniel,Ricciardo,Australian,rb,RB F1 Team,Italian,Circuit de Spa-Francorchamps,Belgian Grand Prix,Spa,Belgium,401,7.004,308.176,False,high_speed,44,4851966,10,1.0,,
1134,840,117,13,1,2024,14,2024-07-28,stroll,STR,Lance,Stroll,Canadian,aston_martin,Aston Martin,British,Circuit de Spa-Francorchamps,Belgian Grand Prix,Spa,Belgium,401,7.004,308.176,False,high_speed,44,4860051,11,0.0,,
1134,848,3,13,1,2024,14,2024-07-28,albon,ALB,Alexander,Albon,Thai,williams,Williams,British,Circuit de Spa-Francorchamps,Belgian Grand Prix,Spa,Belgium,401,7.004,308.176,False,high_speed,44,4860691,12,0.0,,
1134,842,214,13,1,2024,14,2024-07-28,gasly,GAS,Pierre,Gasly,French,alpine,Alpine F1 Team,French,Circuit de Spa-Francorchamps,Belgian Grand Prix,Spa,Belgium,401,7.004,308.176,False,high_speed,44,4861405,13,0.0,,
1134,825,210,13,1,2024,14,2024-07-28,kevin_magnussen,MAG,Kevin,Magnussen,Danish,haas,Haas F1 Team,American,Circuit de Spa-Francorchamps,Belgian Grand Prix,Spa,Belgium,401,7.004,308.176,False,high_speed,44,4863671,14,0.0,,
1134,822,15,13,1,2024,14,2024-07-28,bottas,BOT,Valtteri,Bottas,Finnish,sauber,Sauber,Swiss,Circuit de Spa-Francorchamps,Belgian Grand Prix,Spa,Belgium,401,7.004,308.176,False,high_speed,44,4867678,15,0.0,,
1134,852,215,13,1,2024,14,2024-07-28,tsunoda,TSU,Yuki,Tsunoda,Japanese,rb,RB F1 Team,Italian,Circuit de Spa-Francorchamps,Belgian Grand Prix,Spa,Belgium,401,7.004,308.176,False,high_speed,44,4873777,16,0.0,,
1134,858,3,13,1,2024,14,2024-07-28,sargeant,SAR,Logan,Sargeant,American,williams,Williams,British,Circuit de Spa-Francorchamps,Belgian Grand Prix,Spa,Belgium,401,7.004,308.176,False,high_speed,44,4883097,17,0.0,,
1134,807,210,13,1,2024,14,2024-07-28,hulkenberg,HUL,Nico,Hülkenberg,German,haas,Haas F1 Team,American,Circuit de Spa-Francorchamps,Belgian Grand Prix,Spa,Belgium,401,7.004,308.176,False,high_speed,44,4885873,18,0.0,,
1134,855,15,13,31,2024,14,2024-07-28,zhou,ZHO,Guanyu,Zhou,Chinese,sauber,Sauber,Swiss,Circuit de Spa-Francorchamps,Belgian Grand Prix,Spa,Belgium,401,7.004,308.176,False,high_speed,5,\N,\N,0.0,,
1134,847,131,13,2,2024,14,2024-07-28,russell,RUS,George,Russell,British,mercedes,Mercedes,German,Circuit de Spa-Francorchamps,Belgian Grand Prix,Spa,Belgium,401,7.004,308.176,False,high_speed,44,4797040,\N,0.0,,
1135,846,1,39,1,2024,15,2024-08-25,norris,NOR,Lando,Norris,British,mclaren,McLaren,British,Circuit Park Zandvoort,Dutch Grand Prix,Zandvoort,Netherlands,6,4.259,306.648,False,balanced,72,5445519,1,26.0,,
1135,830,9,39,1,2024,15,2024-08-25,max_verstappen,VER,Max,Verstappen,Dutch,red_bull,Red Bull,Austrian,Circuit Park Zandvoort,Dutch Grand Prix,Zandvoort,Netherlands,6,4.259,306.648,False,balanced,72,5468415,2,18.0,,
1135,844,6,39,1,2024,15,2024-08-25,leclerc,LEC,Charles,Leclerc,Monegasque,ferrari,Ferrari,Italian,Circuit Park Zandvoort,Dutch Grand Prix,Zandvoort,Netherlands,6,4.259,306.648,False,balanced,72,5470958,3,15.0,,
1135,857,1,39,1,2024,15,2024-08-25,piastri,PIA,Oscar,Piastri,Australian,mclaren,McLaren,British,Circuit Park Zandvoort,Dutch Grand Prix,Zandvoort,Netherlands,6,4.259,306.648,False,balanced,72,5472856,4,12.0,,
1135,832,6,39,1,2024,15,2024-08-25,sainz,SAI,Carlos,Sainz,Spanish,ferrari,Ferrari,Italian,Circuit Park Zandvoort,Dutch Grand Prix,Zandvoort,Netherlands,6,4.259,306.648,False,balanced,72,5477656,5,10.0,,
1135,815,9,39,1,2024,15,2024-08-25,perez,PER,Sergio,Pérez,Mexican,red_bull,Red Bull,Austrian,Circuit Park Zandvoort,Dutch Grand Prix,Zandvoort,Netherlands,6,4.259,306.648,False,balanced,72,5485061,6,8.0,,
1135,847,131,39,1,2024,15,2024-08-25,russell,RUS,George,Russell,British,mercedes,Mercedes,German,Circuit Park Zandvoort,Dutch Grand Prix,Zandvoort,Netherlands,6,4.259,306.648,False,balanced,72,5490136,7,6.0,,
1135,1,131,39,1,2024,15,2024-08-25,hamilton,HAM,Lewis,Hamilton,British,mercedes,Mercedes,German,Circuit Park Zandvoort,Dutch Grand Prix,Zandvoort,Netherlands,6,4.259,306.648,False,balanced,72,5495118,8,4.0,,
1135,842,214,39,11,2024,15,2024-08-25,gasly,GAS,Pierre,Gasly,French,alpine,Alpine F1 Team,French,Circuit Park Zandvoort,Dutch Grand Prix,Zandvoort,Netherlands,6,4.259,306.648,False,balanced,71,\N,9,2.0,,
1135,4,117,39,11,2024,15,2024-08-25,alonso,ALO,Fernando,Alonso,Spanish,aston_martin,Aston Martin,British,Circuit Park Zandvoort,Dutch Grand Prix,Zandvoort,Netherlands,6,4.259,306.648,False,balanced,71,\N,10,1.0,,
1135,807,210,39,11,2024,15,2024-08-25,hulkenberg,HUL,Nico,Hülkenberg,German,haas,Haas F1 Team,American,Circuit Park Zandvoort,Dutch Grand Prix,Zandvoort,Netherlands,6,4.259,306.648,False,balanced,71,\N,11,0.0,,
1135,817,215,39,11,2024,15,2024-08-25,ricciardo,RIC,Daniel,Ricciardo,Australian,rb,RB F1 Team,Italian,Circuit Park Zandvoort,Dutch Grand Prix,Zandvoort,Netherlands,6,4.259,306.648,False,balanced,71,\N,12,0.0,,
1135,840,117,39,11,2024,15,2024-08-25,stroll,STR,Lance,Stroll,Canadian,aston_martin,Aston Martin,British,Circuit Park Zandvoort,Dutch Grand Prix,Zandvoort,Netherlands,6,4.259,306.648,False,balanced,71,\N,13,0.0,,
1135,848,3,39,11,2024,15,2024-08-25,albon,ALB,Alexander,Albon,Thai,williams,Williams,British,Circuit Park Zandvoort,Dutch Grand Prix,Zandvoort,Netherlands,6,4.259,306.648,False,balanced,71,\N,14,0.0,,
1135,839,214,39,11,2024,15,2024-08-25,ocon,OCO,Esteban,Ocon,French,alpine,Alpine F1 Team,French,Circuit Park Zandvoort,Dutch Grand Prix,Zandvoort,Netherlands,6,4.259,306.648,False,balanced,71,\N,15,0.0,,
1135,858,3,39,11,2024,15,2024-08-25,sargeant,SAR,Logan,Sargeant,American,williams,Williams,British,Circuit Park Zandvoort,Dutch Grand Prix,Zandvoort,Netherlands,6,4.259,306.648,False,balanced,71,\N,16,0.0,,
1135,852,215,39,11,2024,15,2024-08-25,tsunoda,TSU,Yuki,Tsunoda,Japanese,rb,RB F1 Team,Italian,Circuit Park Zandvoort,Dutch Grand Prix,Zandvoort,Netherlands,6,4.259,306.648,False,balanced,71,\N,17,0.0,,
1135,825,210,39,11,2024,15,2024-08-25,kevin_magnussen,MAG,Kevin,Magnussen,Danish,haas,Haas F1 Team,American,Circuit Park Zandvoort,Dutch Grand Prix,Zandvoort,Netherlands,6,4.259,306.648,False,balanced,71,\N,18,0.0,,
1135,822,15,39,12,2024,15,2024-08-25,bottas,BOT,Valtteri,Bottas,Finnish,sauber,Sauber,Swiss,Circuit Park Zandvoort,Dutch Grand Prix,Zandvoort,Netherlands,6,4.259,306.648,False,balanced,70,\N,19,0.0,,
1135,855,15,39,12,2024,15,2024-08-25,zhou,ZHO,Guanyu,Zhou,Chinese,sauber,Sauber,Swiss,Circuit Park Zandvoort,Dutch Grand Prix,Zandvoort,Netherlands,6,4.259,306.648,False,balanced,70,\N,20,0.0,,
1136,844,6,14,1,2024,16,2024-09-01,leclerc,LEC,Charles,Leclerc,Monegasque,ferrari,Ferrari,Italian,Autodromo Nazionale di Monza,Italian Grand Prix,Monza,Italy,162,5.793,307.029,False,high_speed,53,4480727,1,25.0,,
1136,857,1,14,1,2024,16,2024-09-01,piastri,PIA,Oscar,Piastri,Australian,mclaren,McLaren,British,Autodromo Nazionale di Monza,Italian Grand Prix,Monza,Italy,162,5.793,307.029,False,high_speed,53,4483391,2,18.0,,
1136,846,1,14,1,2024,16,2024-09-01,norris,NOR,Lando,Norris,British,mclaren,McLaren,British,Autodromo Nazionale di Monza,Italian Grand Prix,Monza,Italy,162,5.793,307.029,False,high_speed,53,4486880,3,16.0,,
1136,832,6,14,1,2024,16,2024-09-01,sainz,SAI,Carlos,Sainz,Spanish,ferrari,Ferrari,Italian,Autodromo Nazionale di Monza,Italian Grand Prix,Monza,Italy,162,5.793,307.029,False,high_speed,53,4496348,4,12.0,,
1136,1,131,14,1,2024,16,2024-09-01,hamilton,HAM,Lewis,Hamilton,British,mercedes,Mercedes,German,Autodromo Nazionale di Monza,Italian Grand Prix,Monza,Italy,162,5.793,307.029,False,high_speed,53,4503547,5,10.0,,
1136,830,9,14,1,2024,16,2024-09-01,max_verstappen,VER,Max,Verstappen,Dutch,red_bull,Red Bull,Austrian,Autodromo Nazionale di Monza,Italian Grand Prix,Monza,Italy,162,5.793,307.029,False,high_speed,53,4518659,6,8.0,,
1136,847,131,14,1,2024,16,2024-09-01,russell,RUS,George,Russell,British,mercedes,Mercedes,German,Autodromo Nazionale di Monza,Italian Grand Prix,Monza,Italy,162,5.793,307.029,False,high_speed,53,4520442,7,6.0,,
1136,815,9,14,1,2024,16,2024-09-01,perez,PER,Sergio,Pérez,Mexican,red_bull,Red Bull,Austrian,Autodromo Nazionale di Monza,Italian Grand Prix,Monza,Italy,162,5.793,307.029,False,high_speed,53,4534875,8,4.0,,
1136,848,3,14,1,2024,16,2024-09-01,albon,ALB,Alexander,Albon,Thai,williams,Williams,British,Autodromo Nazionale di Monza,Italian Grand Prix,Monza,Italy,162,5.793,307.029,False,high_speed,53,4548183,9,2.0,,
1136,825,210,14,1,2024,16,2024-09-01,kevin_magnussen,MAG,Kevin,Magnussen,Danish,haas,Haas F1 Team,American,Autodromo Nazionale di Monza,Italian Grand Prix,Monza,Italy,162,5.793,307.029,False,high_speed,53,4549029,10,1.0,,
1136,4,117,14,1,2024,16,2024-09-01,alonso,ALO,Fernando,Alonso,Spanish,aston_martin,Aston Martin,British,Autodromo Nazionale di Monza,Italian Grand Prix,Monza,Italy,162,5.793,307.029,False,high_speed,53,4549222,11,0.0,,
1136,861,3,14,1,2024,16,2024-09-01,colapinto,COL,Franco,Colapinto,Argentinian ,williams,Williams,British,Autodromo Nazionale di Monza,Italian Grand Prix,Monza,Italy,162,5.793,307.029,False,high_speed,53,4562035,12,0.0,,
1136,817,215,14,1,2024,16,2024-09-01,ricciardo,RIC,Daniel,Ricciardo,Australian,rb,RB F1 Team,Italian,Autodromo Nazionale di Monza,Italian Grand Prix,Monza,Italy,162,5.793,307.029,False,high_speed,53,4574179,13,0.0,,
1136,839,214,14,11,2024,16,2024-09-01,ocon,OCO,Esteban,Ocon,French,alpine,Alpine F1 Team,French,Autodromo Nazionale di Monza,Italian Grand Prix,Monza,Italy,162,5.793,307.029,False,high_speed,52,\N,14,0.0,,
1136,842,214,14,11,2024,16,2024-09-01,gasly,GAS,Pierre,Gasly,French,alpine,Alpine F1 Team,French,Autodromo Nazionale di Monza,Italian Grand Prix,Monza,Italy,162,5.793,307.029,False,high_speed,52,\N,15,0.0,,
1136,822,15,14,11,2024,16,2024-09-01,bottas,BOT,Valtteri,Bottas,Finnish,sauber,Sauber,Swiss,Autodromo Nazionale di Monza,Italian Grand Prix,Monza,Italy,162,5.793,307.029,False,high_speed,52,\N,16,0.0,,
1136,807,210,14,11,2024,16,2024-09-01,hulkenberg,HUL,Nico,Hülkenberg,German,haas,Haas F1 Team,American,Autodromo Nazionale di Monza,Italian Grand Prix,Monza,Italy,162,5.793,307.029,False,high_speed,52,\N,17,0.0,,
1136,855,15,14,11,2024,16,2024-09-01,zhou,ZHO,Guanyu,Zhou,Chinese,sauber,Sauber,Swiss,Autodromo Nazionale di Monza,Italian Grand Prix,Monza,Italy,162,5.793,307.029,False,high_speed,52,\N,18,0.0,,
1136,840,117,14,11,2024,16,2024-09-01,stroll,STR,Lance,Stroll,Canadian,aston_martin,Aston Martin,British,Autodromo Nazionale di Monza,Italian Grand Prix,Monza,Italy,162,5.793,307.029,False,high_speed,52,\N,19,0.0,,
1136,852,215,14,25,2024,16,2024-09-01,tsunoda,TSU,Yuki,Tsunoda,Japanese,rb,RB F1 Team,Italian,Autodromo Nazionale di Monza,Italian Grand Prix,Monza,Italy,162,5.793,307.029,False,high_speed,7,\N,\N,0.0,,
1137,857,1,73,1,2024,17,2024-09-15,piastri,PIA,Oscar,Piastri,Australian,mclaren,McLaren,British,Baku City Circuit,Azerbaijan Grand Prix,Baku,Azerbaijan,-7,6.003,306.153,False,high_speed,51,5578007,1,25.0,,
1137,844,6,73,1,2024,17,2024-09-15,leclerc,LEC,Charles,Leclerc,Monegasque,ferrari,Ferrari,Italian,Baku City Circuit,Azerbaijan Grand Prix,Baku,Azerbaijan,-7,6.003,306.153,False,high_speed,51,5588917,2,18.0,,
1137,847,131,73,1,2024,17,2024-09-15,russell,RUS,George,Russell,British,mercedes,Mercedes,German,Baku City Circuit,Azerbaijan Grand Prix,Baku,Azerbaijan,-7,6.003,306.153,False,high_speed,51,5609335,3,15.0,,
1137,846,1,73,1,2024,17,2024-09-15,norris,NOR,Lando,Norris,British,mclaren,McLaren,British,Baku City Circuit,Azerbaijan Grand Prix,Baku,Azerbaijan,-7,6.003,306.153,False,high_speed,51,5614150,4,13.0,,
1137,830,9,73,1,2024,17,2024-09-15,max_verstappen,VER,Max,Verstappen,Dutch,red_bull,Red Bull,Austrian,Baku City Circuit,Azerbaijan Grand Prix,Baku,Azerbaijan,-7,6.003,306.153,False,high_speed,51,5655105,5,10.0,,
1137,4,117,73,1,2024,17,2024-09-15,alonso,ALO,Fernando,Alonso,Spanish,aston_martin,Aston Martin,British,Baku City Circuit,Azerbaijan Grand Prix,Baku,Azerbaijan,-7,6.003,306.153,False,high_speed,51,5663475,6,8.0,,
1137,848,3,73,1,2024,17,2024-09-15,albon,ALB,Alexander,Albon,Thai,williams,Williams,British,Baku City Circuit,Azerbaijan Grand Prix,Baku,Azerbaijan,-7,6.003,306.153,False,high_speed,51,5665403,7,6.0,,
1137,861,3,73,1,2024,17,2024-09-15,colapinto,COL,Franco,Colapinto,Argentinian ,williams,Williams,British,Baku City Circuit,Azerbaijan Grand Prix,Baku,Azerbaijan,-7,6.003,306.153,False,high_speed,51,5667548,8,4.0,,
1137,1,131,73,1,2024,17,2024-09-15,hamilton,HAM,Lewis,Hamilton,British,mercedes,Mercedes,German,Baku City Circuit,Azerbaijan Grand Prix,Baku,Azerbaijan,-7,6.003,306.153,False,high_speed,51,5670408,9,2.0,,
1137,860,210,73,1,2024,17,2024-09-15,bearman,BEA,Oliver,Bearman,British,haas,Haas F1 Team,American,Baku City Circuit,Azerbaijan Grand Prix,Baku,Azerbaijan,-7,6.003,306.153,False,high_speed,51,5671134,10,1.0,,
1137,807,210,73,1,2024,17,2024-09-15,hulkenberg,HUL,Nico,Hülkenberg,German,haas,Haas F1 Team,American,Baku City Circuit,Azerbaijan Grand Prix,Baku,Azerbaijan,-7,6.003,306.153,False,high_speed,51,5671472,11,0.0,,
1137,842,214,73,1,2024,17,2024-09-15,gasly,GAS,Pierre,Gasly,French,alpine,Alpine F1 Team,French,Baku City Circuit,Azerbaijan Grand Prix,Baku,Azerbaijan,-7,6.003,306.153,False,high_speed,51,5695196,12,0.0,,
1137,817,215,73,1,2024,17,2024-09-15,ricciardo,RIC,Daniel,Ricciardo,Australian,rb,RB F1 Team,Italian,Baku City Circuit,Azerbaijan Grand Prix,Baku,Azerbaijan,-7,6.003,306.153,False,high_speed,51,5724914,13,0.0,,
1137,855,15,73,1,2024,17,2024-09-15,zhou,ZHO,Guanyu,Zhou,Chinese,sauber,Sauber,Swiss,Baku City Circuit,Azerbaijan Grand Prix,Baku,Azerbaijan,-7,6.003,306.153,False,high_speed,51,5726848,14,0.0,,
1137,839,214,73,11,2024,17,2024-09-15,ocon,OCO,Esteban,Ocon,French,alpine,Alpine F1 Team,French,Baku City Circuit,Azerbaijan Grand Prix,Baku,Azerbaijan,-7,6.003,306.153,False,high_speed,50,\N,15,0.0,,
1137,822,15,73,11,2024,17,2024-09-15,bottas,BOT,Valtteri,Bottas,Finnish,sauber,Sauber,Swiss,Baku City Circuit,Azerbaijan Grand Prix,Baku,Azerbaijan,-7,6.003,306.153,False,high_speed,50,\N,16,0.0,,
1137,815,9,73,31,2024,17,2024-09-15,perez,PER,Sergio,Pérez,Mexican,red_bull,Red Bull,Austrian,Baku City Circuit,Azerbaijan Grand Prix,Baku,Azerbaijan,-7,6.003,306.153,False,high_speed,49,\N,17,0.0,,
1137,832,6,73,31,2024,17,2024-09-15,sainz,SAI,Carlos,Sainz,Spanish,ferrari,Ferrari,Italian,Baku City Circuit,Azerbaijan Grand Prix,Baku,Azerbaijan,-7,6.003,306.153,False,high_speed,49,\N,18,0.0,,
1137,840,117,73,31,2024,17,2024-09-15,stroll,STR,Lance,Stroll,Canadian,aston_martin,Aston Martin,British,Baku City Circuit,Azerbaijan Grand Prix,Baku,Azerbaijan,-7,6.003,306.153,False,high_speed,45,\N,19,0.0,,
1137,852,215,73,31,2024,17,2024-09-15,tsunoda,TSU,Yuki,Tsunoda,Japanese,rb,RB F1 Team,Italian,Baku City Circuit,Azerbaijan Grand Prix,Baku,Azerbaijan,-7,6.003,306.153,False,high_speed,14,\N,\N,0.0,,
1138,846,1,15,1,2024,18,2024-09-22,norris,NOR,Lando,Norris,British,mclaren,McLaren,British,Marina Bay Street Circuit,Singapore Grand Prix,Marina Bay,Singapore,18,4.927,305.474,True,technical,62,6052571,1,25.0,,
1138,830,9,15,1,2024,18,2024-09-22,max_verstappen,VER,Max,Verstappen,Dutch,red_bull,Red Bull,Austrian,Marina Bay Street Circuit,Singapore Grand Prix,Marina Bay,Singapore,18,4.927,305.474,True,technical,62,6073516,2,18.0,,
1138,857,1,15,1,2024,18,2024-09-22,piastri,PIA,Oscar,Piastri,Australian,mclaren,McLaren,British,Marina Bay Street Circuit,Singapore Grand Prix,Marina Bay,Singapore,18,4.927,305.474,True,technical,62,6094394,3,15.0,,
1138,847,131,15,1,2024,18,2024-09-22,russell,RUS,George,Russell,British,mercedes,Mercedes,German,Marina Bay Street Circuit,Singapore Grand Prix,Marina Bay,Singapore,18,4.927,305.474,True,technical,62,6113611,4,12.0,,
1138,844,6,15,1,2024,18,2024-09-22,leclerc,LEC,Charles,Leclerc,Monegasque,ferrari,Ferrari,Italian,Marina Bay Street Circuit,Singapore Grand Prix,Marina Bay,Singapore,18,4.927,305.474,True,technical,62,6115001,5,10.0,,
1138,1,131,15,1,2024,18,2024-09-22,hamilton,HAM,Lewis,Hamilton,British,mercedes,Mercedes,German,Marina Bay Street Circuit,Singapore Grand Prix,Marina Bay,Singapore,18,4.927,305.474,True,technical,62,6137819,6,8.0,,
1138,832,6,15,1,2024,18,2024-09-22,sainz,SAI,Carlos,Sainz,Spanish,ferrari,Ferrari,Italian,Marina Bay Street Circuit,Singapore Grand Prix,Marina Bay,Singapore,18,4.927,305.474,True,technical,62,6148610,7,6.0,,
1138,4,117,15,11,2024,18,2024-09-22,alonso,ALO,Fernando,Alonso,Spanish,aston_martin,Aston Martin,British,Marina Bay Street Circuit,Singapore Grand Prix,Marina Bay,Singapore,18,4.927,305.474,True,technical,61,\N,8,4.0,,
1138,807,210,15,11,2024,18,2024-09-22,hulkenberg,HUL,Nico,Hülkenberg,German,haas,Haas F1 Team,American,Marina Bay Street Circuit,Singapore Grand Prix,Marina Bay,Singapore,18,4.927,305.474,True,technical,61,\N,9,2.0,,
1138,815,9,15,11,2024,18,2024-09-22,perez,PER,Sergio,Pérez,Mexican,red_bull,Red Bull,Austrian,Marina Bay Street Circuit,Singapore Grand Prix,Marina Bay,Singapore,18,4.927,305.474,True,technical,61,\N,10,1.0,,
1138,861,3,15,11,2024,18,2024-09-22,colapinto,COL,Franco,Colapinto,Argentinian ,williams,Williams,British,Marina Bay Street Circuit,Singapore Grand Prix,Marina Bay,Singapore,18,4.927,305.474,True,technical,61,\N,11,0.0,,
1138,852,215,15,11,2024,18,2024-09-22,tsunoda,TSU,Yuki,Tsunoda,Japanese,rb,RB F1 Team,Italian,Marina Bay Street Circuit,Singapore Grand Prix,Marina Bay,Singapore,18,4.927,305.474,True,technical,61,\N,12,0.0,,
1138,839,214,15,11,2024,18,2024-09-22,ocon,OCO,Esteban,Ocon,French,alpine,Alpine F1 Team,French,Marina Bay Street Circuit,Singapore Grand Prix,Marina Bay,Singapore,18,4.927,305.474,True,technical,61,\N,13,0.0,,
1138,840,117,15,11,2024,18,2024-09-22,stroll,STR,Lance,Stroll,Canadian,aston_martin,Aston Martin,British,Marina Bay Street Circuit,Singapore Grand Prix,Marina Bay,Singapore,18,4.927,305.474,True,technical,61,\N,14,0.0,,
1138,855,15,15,11,2024,18,2024-09-22,zhou,ZHO,Guanyu,Zhou,Chinese,sauber,Sauber,Swiss,Marina Bay Street Circuit,Singapore Grand Prix,Marina Bay,Singapore,18,4.927,305.474,True,technical,61,\N,15,0.0,,
1138,822,15,15,11,2024,18,2024-09-22,bottas,BOT,Valtteri,Bottas,Finnish,sauber,Sauber,Swiss,Marina Bay Street Circuit,Singapore Grand Prix,Marina Bay,Singapore,18,4.927,305.474,True,technical,61,\N,16,0.0,,
1138,842,214,15,11,2024,18,2024-09-22,gasly,GAS,Pierre,Gasly,French,alpine,Alpine F1 Team,French,Marina Bay Street Circuit,Singapore Grand Prix,Marina Bay,Singapore,18,4.927,305.474,True,technical,61,\N,17,0.0,,
1138,817,215,15,11,2024,18,2024-09-22,ricciardo,RIC,Daniel,Ricciardo,Australian,rb,RB F1 Team,Italian,Marina Bay Street Circuit,Singapore Grand Prix,Marina Bay,Singapore,18,4.927,305.474,True,technical,61,\N,18,0.0,,
1138,825,210,15,3,2024,18,2024-09-22,kevin_magnussen,MAG,Kevin,Magnussen,Danish,haas,Haas F1 Team,American,Marina Bay Street Circuit,Singapore Grand Prix,Marina Bay,Singapore,18,4.927,305.474,True,technical,57,\N,19,0.0,,
1138,848,3,15,131,2024,18,2024-09-22,albon,ALB,Alexander,Albon,Thai,williams,Williams,British,Marina Bay Street Circuit,Singapore Grand Prix,Marina Bay,Singapore,18,4.927,305.474,True,technical,15,\N,\N,0.0,,
1139,844,6,69,1,2024,19,2024-10-20,leclerc,LEC,Charles,Leclerc,Monegasque,ferrari,Ferrari,Italian,Circuit of the Americas,United States Grand Prix,Austin,USA,161,5.513,308.728,False,balanced,56,5709639,1,25.0,4,5.0
1139,832,6,69,1,2024,19,2024-10-20,sainz,SAI,Carlos,Sainz,Spanish,ferrari,Ferrari,Italian,Circuit of the Americas,United States Grand Prix,Austin,USA,161,5.513,308.728,False,balanced,56,5718201,2,18.0,2,7.0
1139,830,9,69,1,2024,19,2024-10-20,max_verstappen,VER,Max,Verstappen,Dutch,red_bull,Red Bull,Austrian,Circuit of the Americas,United States Grand Prix,Austin,USA,161,5.513,308.728,False,balanced,56,5729051,3,15.0,1,8.0
1139,846,1,69,1,2024,19,2024-10-20,norris,NOR,Lando,Norris,British,mclaren,McLaren,British,Circuit of the Americas,United States Grand Prix,Austin,USA,161,5.513,308.728,False,balanced,56,5729993,4,12.0,3,6.0
1139,857,1,69,1,2024,19,2024-10-20,piastri,PIA,Oscar,Piastri,Australian,mclaren,McLaren,British,Circuit of the Americas,United States Grand Prix,Austin,USA,161,5.513,308.728,False,balanced,56,5731560,5,10.0,10,0.0
1139,847,131,69,1,2024,19,2024-10-20,russell,RUS,George,Russell,British,mercedes,Mercedes,German,Circuit of the Americas,United States Grand Prix,Austin,USA,161,5.513,308.728,False,balanced,56,5765934,6,8.0,5,4.0
1139,815,9,69,1,2024,19,2024-10-20,perez,PER,Sergio,Pérez,Mexican,red_bull,Red Bull,Austrian,Circuit of the Americas,United States Grand Prix,Austin,USA,161,5.513,308.728,False,balanced,56,5768711,7,6.0,9,0.0
1139,807,210,69,1,2024,19,2024-10-20,hulkenberg,HUL,Nico,Hülkenberg,German,haas,Haas F1 Team,American,Circuit of the Americas,United States Grand Prix,Austin,USA,161,5.513,308.728,False,balanced,56,5772596,8,4.0,8,1.0
1139,859,215,69,1,2024,19,2024-10-20,lawson,LAW,Liam,Lawson,New Zealander,rb,RB F1 Team,Italian,Circuit of the Americas,United States Grand Prix,Austin,USA,161,5.513,308.728,False,balanced,56,5780202,9,2.0,16,0.0
1139,861,3,69,1,2024,19,2024-10-20,colapinto,COL,Franco,Colapinto,Argentinian ,williams,Williams,British,Circuit of the Americas,United States Grand Prix,Austin,USA,161,5.513,308.728,False,balanced,56,5781618,10,1.0,12,0.0
1139,825,210,69,1,2024,19,2024-10-20,kevin_magnussen,MAG,Kevin,Magnussen,Danish,haas,Haas F1 Team,American,Circuit of the Americas,United States Grand Prix,Austin,USA,161,5.513,308.728,False,balanced,56,5789421,11,0.0,7,2.0
1139,842,214,69,1,2024,19,2024-10-20,gasly,GAS,Pierre,Gasly,French,alpine,Alpine F1 Team,French,Circuit of the Americas,United States Grand Prix,Austin,USA,161,5.513,308.728,False,balanced,56,5800197,12,0.0,14,0.0
1139,4,117,69,11,2024,19,2024-10-20,alonso,ALO,Fernando,Alonso,Spanish,aston_martin,Aston Martin,British,Circuit of the Americas,United States Grand Prix,Austin,USA,161,5.513,308.728,False,balanced,55,\N,13,0.0,18,0.0
1139,852,215,69,11,2024,19,2024-10-20,tsunoda,TSU,Yuki,Tsunoda,Japanese,rb,RB F1 Team,Italian,Circuit of the Americas,United States Grand Prix,Austin,USA,161,5.513,308.728,False,balanced,55,\N,14,0.0,11,0.0
1139,840,117,69,11,2024,19,2024-10-20,stroll,STR,Lance,Stroll,Canadian,aston_martin,Aston Martin,British,Circuit of the Americas,United States Grand Prix,Austin,USA,161,5.513,308.728,False,balanced,55,\N,15,0.0,13,0.0
1139,848,3,69,11,2024,19,2024-10-20,albon,ALB,Alexander,Albon,Thai,williams,Williams,British,Circuit of the Americas,United States Grand Prix,Austin,USA,161,5.513,308.728,False,balanced,55,\N,16,0.0,17,0.0
1139,822,15,69,11,2024,19,2024-10-20,bottas,BOT,Valtteri,Bottas,Finnish,sauber,Sauber,Swiss,Circuit of the Americas,United States Grand Prix,Austin,USA,161,5.513,308.728,False,balanced,55,\N,17,0.0,20,0.0
1139,839,214,69,11,2024,19,2024-10-20,ocon,OCO,Esteban,Ocon,French,alpine,Alpine F1 Team,French,Circuit of the Americas,United States Grand Prix,Austin,USA,161,5.513,308.728,False,balanced,55,\N,18,0.0,15,0.0
1139,855,15,69,11,2024,19,2024-10-20,zhou,ZHO,Guanyu,Zhou,Chinese,sauber,Sauber,Swiss,Circuit of the Americas,United States Grand Prix,Austin,USA,161,5.513,308.728,False,balanced,55,\N,19,0.0,19,0.0
1139,1,131,69,20,2024,19,2024-10-20,hamilton,HAM,Lewis,Hamilton,British,mercedes,Mercedes,German,Circuit of the Americas,United States Grand Prix,Austin,USA,161,5.513,308.728,False,balanced,1,\N,\N,0.0,6,3.0
1140,832,6,32,1,2024,20,2024-10-27,sainz,SAI,Carlos,Sainz,Spanish,ferrari,Ferrari,Italian,Autódromo Hermanos Rodríguez,Mexico City Grand Prix,Mexico City,Mexico,2227,4.304,305.584,False,balanced,71,6055800,1,25.0,,
1140,846,1,32,1,2024,20,2024-10-27,norris,NOR,Lando,Norris,British,mclaren,McLaren,British,Autódromo Hermanos Rodríguez,Mexico City Grand Prix,Mexico City,Mexico,2227,4.304,305.584,False,balanced,71,6060505,2,18.0,,
1140,844,6,32,1,2024,20,2024-10-27,leclerc,LEC,Charles,Leclerc,Monegasque,ferrari,Ferrari,Italian,Autódromo Hermanos Rodríguez,Mexico City Grand Prix,Mexico City,Mexico,2227,4.304,305.584,False,balanced,71,6090187,3,16.0,,
1140,1,131,32,1,2024,20,2024-10-27,hamilton,HAM,Lewis,Hamilton,British,mercedes,Mercedes,German,Autódromo Hermanos Rodríguez,Mexico City Grand Prix,Mexico City,Mexico,2227,4.304,305.584,False,balanced,71,6100580,4,12.0,,
1140,847,131,32,1,2024,20,2024-10-27,russell,RUS,George,Russell,British,mercedes,Mercedes,German,Autódromo Hermanos Rodríguez,Mexico City Grand Prix,Mexico City,Mexico,2227,4.304,305.584,False,balanced,71,6104336,5,10.0,,
1140,830,9,32,1,2024,20,2024-10-27,max_verstappen,VER,Max,Verstappen,Dutch,red_bull,Red Bull,Austrian,Autódromo Hermanos Rodríguez,Mexico City Grand Prix,Mexico City,Mexico,2227,4.304,305.584,False,balanced,71,6115358,6,8.0,,
1140,825,210,32,1,2024,20,2024-10-27,kevin_magnussen,MAG,Kevin,Magnussen,Danish,haas,Haas F1 Team,American,Autódromo Hermanos Rodríguez,Mexico City Grand Prix,Mexico City,Mexico,2227,4.304,305.584,False,balanced,71,6119442,7,6.0,,
1140,857,1,32,1,2024,20,2024-10-27,piastri,PIA,Oscar,Piastri,Australian,mclaren,McLaren,British,Autódromo Hermanos Rodríguez,Mexico City Grand Prix,Mexico City,Mexico,2227,4.304,305.584,False,balanced,71,6120728,8,4.0,,
1140,807,210,32,11,2024,20,2024-10-27,hulkenberg,HUL,Nico,Hülkenberg,German,haas,Haas F1 Team,American,Autódromo Hermanos Rodríguez,Mexico City Grand Prix,Mexico City,Mexico,2227,4.304,305.584,False,balanced,70,\N,9,2.0,,
1140,842,214,32,11,2024,20,2024-10-27,gasly,GAS,Pierre,Gasly,French,alpine,Alpine F1 Team,French,Autódromo Hermanos Rodríguez,Mexico City Grand Prix,Mexico City,Mexico,2227,4.304,305.584,False,balanced,70,\N,10,1.0,,
1140,840,117,32,11,2024,20,2024-10-27,stroll,STR,Lance,Stroll,Canadian,aston_martin,Aston Martin,British,Autódromo Hermanos Rodríguez,Mexico City Grand Prix,Mexico City,Mexico,2227,4.304,305.584,False,balanced,70,\N,11,0.0,,
1140,861,3,32,11,2024,20,2024-10-27,colapinto,COL,Franco,Colapinto,Argentinian ,williams,Williams,British,Autódromo Hermanos Rodríguez,Mexico City Grand Prix,Mexico City,Mexico,2227,4.304,305.584,False,balanced,70,\N,12,0.0,,
1140,839,214,32,11,2024,20,2024-10-27,ocon,OCO,Esteban,Ocon,French,alpine,Alpine F1 Team,French,Autódromo Hermanos Rodríguez,Mexico City Grand Prix,Mexico City,Mexico,2227,4.304,305.584,False,balanced,70,\N,13,0.0,,
1140,822,15,32,11,2024,20,2024-10-27,bottas,BOT,Valtteri,Bottas,Finnish,sauber,Sauber,Swiss,Autódromo Hermanos Rodríguez,Mexico City Grand Prix,Mexico City,Mexico,2227,4.304,305.584,False,balanced,70,\N,14,0.0,,
1140,855,15,32,11,2024,20,2024-10-27,zhou,ZHO,Guanyu,Zhou,Chinese,sauber,Sauber,Swiss,Autódromo Hermanos Rodríguez,Mexico City Grand Prix,Mexico City,Mexico,2227,4.304,305.584,False,balanced,70,\N,15,0.0,,
1140,859,215,32,11,2024,20,2024-10-27,lawson,LAW,Liam,Lawson,New Zealander,rb,RB F1 Team,Italian,Autódromo Hermanos Rodríguez,Mexico City Grand Prix,Mexico City,Mexico,2227,4.304,305.584,False,balanced,70,\N,16,0.0,,
1140,815,9,32,11,2024,20,2024-10-27,perez,PER,Sergio,Pérez,Mexican,red_bull,Red Bull,Austrian,Autódromo Hermanos Rodríguez,Mexico City Grand Prix,Mexico City,Mexico,2227,4.304,305.584,False,balanced,70,\N,17,0.0,,
1140,4,117,32,23,2024,20,2024-10-27,alonso,ALO,Fernando,Alonso,Spanish,aston_martin,Aston Martin,British,Autódromo Hermanos Rodríguez,Mexico City Grand Prix,Mexico City,Mexico,2227,4.304,305.584,False,balanced,15,\N,\N,0.0,,
1140,848,3,32,4,2024,20,2024-10-27,albon,ALB,Alexander,Albon,Thai,williams,Williams,British,Autódromo Hermanos Rodríguez,Mexico City Grand Prix,Mexico City,Mexico,2227,4.304,305.584,False,balanced,0,\N,\N,0.0,,
1140,852,215,32,4,2024,20,2024-10-27,tsunoda,TSU,Yuki,Tsunoda,Japanese,rb,RB F1 Team,Italian,Autódromo Hermanos Rodríguez,Mexico City Grand Prix,Mexico City,Mexico,2227,4.304,305.584,False,balanced,0,\N,\N,0.0,,
1141,830,9,18,1,2024,21,2024-11-03,max_verstappen,VER,Max,Verstappen,Dutch,red_bull,Red Bull,Austrian,Autódromo José Carlos Pace,São Paulo Grand Prix,São Paulo,Brazil,785,4.309,297.321,False,technical,69,7614430,1,26.0,4,5.0
1141,839,214,18,1,2024,21,2024-11-03,ocon,OCO,Esteban,Ocon,French,alpine,Alpine F1 Team,French,Autódromo José Carlos Pace,São Paulo Grand Prix,São Paulo,Brazil,785,4.309,297.321,False,technical,69,7633907,2,18.0,13,0.0
1141,842,214,18,1,2024,21,2024-11-03,gasly,GAS,Pierre,Gasly,French,alpine,Alpine F1 Team,French,Autódromo José Carlos Pace,São Paulo Grand Prix,São Paulo,Brazil,785,4.309,297.321,False,technical,69,7636962,3,15.0,7,2.0
1141,847,131,18,1,2024,21,2024-11-03,russell,RUS,George,Russell,British,mercedes,Mercedes,German,Autódromo José Carlos Pace,São Paulo Grand Prix,São Paulo,Brazil,785,4.309,297.321,False,technical,69,7637695,4,12.0,6,3.0
1141,844,6,18,1,2024,21,2024-11-03,leclerc,LEC,Charles,Leclerc,Monegasque,ferrari,Ferrari,Italian,Autódromo José Carlos Pace,São Paulo Grand Prix,São Paulo,Brazil,785,4.309,297.321,False,technical,69,7644607,5,10.0,3,6.0
1141,846,1,18,1,2024,21,2024-11-03,norris,NOR,Lando,Norris,British,mclaren,McLaren,British,Autódromo José Carlos Pace,São Paulo Grand Prix,São Paulo,Brazil,785,4.309,297.321,False,technical,69,7645802,6,8.0,1,8.0
1141,852,215,18,1,2024,21,2024-11-03,tsunoda,TSU,Yuki,Tsunoda,Japanese,rb,RB F1 Team,Italian,Autódromo José Carlos Pace,São Paulo Grand Prix,São Paulo,Brazil,785,4.309,297.321,False,technical,69,7656486,7,6.0,15,0.0
1141,857,1,18,1,2024,21,2024-11-03,piastri,PIA,Oscar,Piastri,Australian,mclaren,McLaren,British,Autódromo José Carlos Pace,São Paulo Grand Prix,São Paulo,Brazil,785,4.309,297.321,False,technical,69,7659373,8,4.0,2,7.0
1141,859,215,18,1,2024,21,2024-11-03,lawson,LAW,Liam,Lawson,New Zealander,rb,RB F1 Team,Italian,Autódromo José Carlos Pace,São Paulo Grand Prix,São Paulo,Brazil,785,4.309,297.321,False,technical,69,7664882,9,2.0,9,0.0
1141,1,131,18,1,2024,21,2024-11-03,hamilton,HAM,Lewis,Hamilton,British,mercedes,Mercedes,German,Autódromo José Carlos Pace,São Paulo Grand Prix,São Paulo,Brazil,785,4.309,297.321,False,technical,69,7665183,10,1.0,11,0.0
1141,815,9,18,1,2024,21,2024-11-03,perez,PER,Sergio,Pérez,Mexican,red_bull,Red Bull,Austrian,Autódromo José Carlos Pace,São Paulo Grand Prix,São Paulo,Brazil,785,4.309,297.321,False,technical,69,7665961,11,0.0,8,1.0
1141,860,210,18,1,2024,21,2024-11-03,bearman,BEA,Oliver,Bearman,British,haas,Haas F1 Team,American,Autódromo José Carlos Pace,São Paulo Grand Prix,São Paulo,Brazil,785,4.309,297.321,False,technical,69,7671515,12,0.0,14,0.0
1141,822,15,18,1,2024,21,2024-11-03,bottas,BOT,Valtteri,Bottas,Finnish,sauber,Sauber,Swiss,Autódromo José Carlos Pace,São Paulo Grand Prix,São Paulo,Brazil,785,4.309,297.321,False,technical,69,7678018,13,0.0,16,0.0
1141,4,117,18,1,2024,21,2024-11-03,alonso,ALO,Fernando,Alonso,Spanish,aston_martin,Aston Martin,British,Autódromo José Carlos Pace,São Paulo Grand Prix,São Paulo,Brazil,785,4.309,297.321,False,technical,69,7692479,14,0.0,18,0.0
1141,855,15,18,1,2024,21,2024-11-03,zhou,ZHO,Guanyu,Zhou,Chinese,sauber,Sauber,Swiss,Autódromo José Carlos Pace,São Paulo Grand Prix,São Paulo,Brazil,785,4.309,297.321,False,technical,69,7694079,15,0.0,17,0.0
1141,832,6,18,3,2024,21,2024-11-03,sainz,SAI,Carlos,Sainz,Spanish,ferrari,Ferrari,Italian,Autódromo José Carlos Pace,São Paulo Grand Prix,São Paulo,Brazil,785,4.309,297.321,False,technical,38,\N,\N,0.0,5,4.0
1141,861,3,18,3,2024,21,2024-11-03,colapinto,COL,Franco,Colapinto,Argentinian ,williams,Williams,British,Autódromo José Carlos Pace,São Paulo Grand Prix,São Paulo,Brazil,785,4.309,297.321,False,technical,30,\N,\N,0.0,12,0.0
1141,848,3,18,54,2024,21,2024-11-03,albon,ALB,Alexander,Albon,Thai,williams,Williams,British,Autódromo José Carlos Pace,São Paulo Grand Prix,São Paulo,Brazil,785,4.309,297.321,False,technical,0,\N,\N,0.0,10,0.0
1141,840,117,18,54,2024,21,2024-11-03,stroll,STR,Lance,Stroll,Canadian,aston_martin,Aston Martin,British,Autódromo José Carlos Pace,São Paulo Grand Prix,São Paulo,Brazil,785,4.309,297.321,False,technical,0,\N,\N,0.0,19,0.0
1141,807,210,18,2,2024,21,2024-11-03,hulkenberg,HUL,Nico,Hülkenberg,German,haas,Haas F1 Team,American,Autódromo José Carlos Pace,São Paulo Grand Prix,São Paulo,Brazil,785,4.309,297.321,False,technical,0,\N,\N,0.0,20,0.0
1142,847,131,80,1,2024,22,2024-11-23,russell,RUS,George,Russell,British,mercedes,Mercedes,German,Las Vegas Strip Street Circuit,Las Vegas Grand Prix,Las Vegas,United States,642,6.201,310.05,True,high_speed,50,4925969,1,25.0,,
1142,1,131,80,1,2024,22,2024-11-23,hamilton,HAM,Lewis,Hamilton,British,mercedes,Mercedes,German,Las Vegas Strip Street Circuit,Las Vegas Grand Prix,Las Vegas,United States,642,6.201,310.05,True,high_speed,50,4933282,2,18.0,,
1142,832,6,80,1,2024,22,2024-11-23,sainz,SAI,Carlos,Sainz,Spanish,ferrari,Ferrari,Italian,Las Vegas Strip Street Circuit,Las Vegas Grand Prix,Las Vegas,United States,642,6.201,310.05,True,high_speed,50,4937875,3,15.0,,
1142,844,6,80,1,2024,22,2024-11-23,leclerc,LEC,Charles,Leclerc,Monegasque,ferrari,Ferrari,Italian,Las Vegas Strip Street Circuit,Las Vegas Grand Prix,Las Vegas,United States,642,6.201,310.05,True,high_speed,50,4940252,4,12.0,,
1142,830,9,80,1,2024,22,2024-11-23,max_verstappen,VER,Max,Verstappen,Dutch,red_bull,Red Bull,Austrian,Las Vegas Strip Street Circuit,Las Vegas Grand Prix,Las Vegas,United States,642,6.201,310.05,True,high_speed,50,4942551,5,10.0,,
1142,846,1,80,1,2024,22,2024-11-23,norris,NOR,Lando,Norris,British,mclaren,McLaren,British,Las Vegas Strip Street Circuit,Las Vegas Grand Prix,Las Vegas,United States,642,6.201,310.05,True,high_speed,50,4969354,6,9.0,,
1142,857,1,80,1,2024,22,2024-11-23,piastri,PIA,Oscar,Piastri,Australian,mclaren,McLaren,British,Las Vegas Strip Street Circuit,Las Vegas Grand Prix,Las Vegas,United States,642,6.201,310.05,True,high_speed,50,4977334,7,6.0,,
1142,807,210,80,1,2024,22,2024-11-23,hulkenberg,HUL,Nico,Hülkenberg,German,haas,Haas F1 Team,American,Las Vegas Strip Street Circuit,Las Vegas Grand Prix,Las Vegas,United States,642,6.201,310.05,True,high_speed,50,4985777,8,4.0,,
1142,852,215,80,1,2024,22,2024-11-23,tsunoda,TSU,Yuki,Tsunoda,Japanese,rb,RB F1 Team,Italian,Las Vegas Strip Street Circuit,Las Vegas Grand Prix,Las Vegas,United States,642,6.201,310.05,True,high_speed,50,4988777,9,2.0,,
1142,815,9,80,1,2024,22,2024-11-23,perez,PER,Sergio,Pérez,Mexican,red_bull,Red Bull,Austrian,Las Vegas Strip Street Circuit,Las Vegas Grand Prix,Las Vegas,United States,642,6.201,310.05,True,high_speed,50,4989083,10,1.0,,
1142,4,117,80,1,2024,22,2024-11-23,alonso,ALO,Fernando,Alonso,Spanish,aston_martin,Aston Martin,British,Las Vegas Strip Street Circuit,Las Vegas Grand Prix,Las Vegas,United States,642,6.201,310.05,True,high_speed,50,4995164,11,0.0,,
1142,825,210,80,1,2024,22,2024-11-23,kevin_magnussen,MAG,Kevin,Magnussen,Danish,haas,Haas F1 Team,American,Las Vegas Strip Street Circuit,Las Vegas Grand Prix,Las Vegas,United States,642,6.201,310.05,True,high_speed,50,4995772,12,0.0,,
1142,855,15,80,1,2024,22,2024-11-23,zhou,ZHO,Guanyu,Zhou,Chinese,sauber,Sauber,Swiss,Las Vegas Strip Street Circuit,Las Vegas Grand Prix,Las Vegas,United States,642,6.201,310.05,True,high_speed,50,5000054,13,0.0,,
1142,861,3,80,1,2024,22,2024-11-23,colapinto,COL,Franco,Colapinto,Argentinian ,williams,Williams,British,Las Vegas Strip Street Circuit,Las Vegas Grand Prix,Las Vegas,United States,642,6.201,310.05,True,high_speed,50,5001141,14,0.0,,
1142,840,117,80,1,2024,22,2024-11-23,stroll,STR,Lance,Stroll,Canadian,aston_martin,Aston Martin,British,Las Vegas Strip Street Circuit,Las Vegas Grand Prix,Las Vegas,United States,642,6.201,310.05,True,high_speed,50,5010071,15,0.0,,
1142,859,215,80,1,2024,22,2024-11-23,lawson,LAW,Liam,Lawson,New Zealander,rb,RB F1 Team,Italian,Las Vegas Strip Street Circuit,Las Vegas Grand Prix,Las Vegas,United States,642,6.201,310.05,True,high_speed,50,5016974,16,0.0,,
1142,839,214,80,11,2024,22,2024-11-23,ocon,OCO,Esteban,Ocon,French,alpine,Alpine F1 Team,French,Las Vegas Strip Street Circuit,Las Vegas Grand Prix,Las Vegas,United States,642,6.201,310.05,True,high_speed,49,\N,17,0.0,,
1142,822,15,80,11,2024,22,2024-11-23,bottas,BOT,Valtteri,Bottas,Finnish,sauber,Sauber,Swiss,Las Vegas Strip Street Circuit,Las Vegas Grand Prix,Las Vegas,United States,642,6.201,310.05,True,high_speed,49,\N,18,0.0,,
1142,848,3,80,21,2024,22,2024-11-23,albon,ALB,Alexander,Albon,Thai,williams,Williams,British,Las Vegas Strip Street Circuit,Las Vegas Grand Prix,Las Vegas,United States,642,6.201,310.05,True,high_speed,25,\N,\N,0.0,,
1142,842,214,80,5,2024,22,2024-11-23,gasly,GAS,Pierre,Gasly,French,alpine,Alpine F1 Team,French,Las Vegas Strip Street Circuit,Las Vegas Grand Prix,Las Vegas,United States,642,6.201,310.05,True,high_speed,15,\N,\N,0.0,,
1143,830,9,78,1,2024,23,2024-12-01,max_verstappen,VER,Max,Verstappen,Dutch,red_bull,Red Bull,Austrian,Losail International Circuit,Qatar Grand Prix,Al Daayen,Qatar,12,5.419,308.883,True,balanced,57,5465323,1,25.0,8,1.0
1143,844,6,78,1,2024,23,2024-12-01,leclerc,LEC,Charles,Leclerc,Monegasque,ferrari,Ferrari,Italian,Losail International Circuit,Qatar Grand Prix,Al Daayen,Qatar,12,5.419,308.883,True,balanced,57,5471354,2,18.0,5,4.0
1143,857,1,78,1,2024,23,2024-12-01,piastri,PIA,Oscar,Piastri,Australian,mclaren,McLaren,British,Losail International Circuit,Qatar Grand Prix,Al Daayen,Qatar,12,5.419,308.883,True,balanced,57,5472142,3,15.0,1,8.0
1143,847,131,78,1,2024,23,2024-12-01,russell,RUS,George,Russell,British,mercedes,Mercedes,German,Losail International Circuit,Qatar Grand Prix,Al Daayen,Qatar,12,5.419,308.883,True,balanced,57,5479427,4,12.0,3,6.0
1143,842,214,78,1,2024,23,2024-12-01,gasly,GAS,Pierre,Gasly,French,alpine,Alpine F1 Team,French,Losail International Circuit,Qatar Grand Prix,Al Daayen,Qatar,12,5.419,308.883,True,balanced,57,5482105,5,10.0,9,0.0
1143,832,6,78,1,2024,23,2024-12-01,sainz,SAI,Carlos,Sainz,Spanish,ferrari,Ferrari,Italian,Losail International Circuit,Qatar Grand Prix,Al Daayen,Qatar,12,5.419,308.883,True,balanced,57,5482799,6,8.0,4,5.0
1143,4,117,78,1,2024,23,2024-12-01,alonso,ALO,Fernando,Alonso,Spanish,aston_martin,Aston Martin,British,Losail International Circuit,Qatar Grand Prix,Al Daayen,Qatar,12,5.419,308.883,True,balanced,57,5485190,7,6.0,11,0.0
1143,855,15,78,1,2024,23,2024-12-01,zhou,ZHO,Guanyu,Zhou,Chinese,sauber,Sauber,Swiss,Losail International Circuit,Qatar Grand Prix,Al Daayen,Qatar,12,5.419,308.883,True,balanced,57,5490683,8,4.0,19,0.0
1143,825,210,78,1,2024,23,2024-12-01,kevin_magnussen,MAG,Kevin,Magnussen,Danish,haas,Haas F1 Team,American,Losail International Circuit,Qatar Grand Prix,Al Daayen,Qatar,12,5.419,308.883,True,balanced,57,5497500,9,2.0,10,0.0
1143,846,1,78,1,2024,23,2024-12-01,norris,NOR,Lando,Norris,British,mclaren,McLaren,British,Losail International Circuit,Qatar Grand Prix,Al Daayen,Qatar,12,5.419,308.883,True,balanced,57,5501085,10,2.0,2,7.0
1143,822,15,78,1,2024,23,2024-12-01,bottas,BOT,Valtteri,Bottas,Finnish,sauber,Sauber,Swiss,Losail International Circuit,Qatar Grand Prix,Al Daayen,Qatar,12,5.419,308.883,True,balanced,57,5515566,11,0.0,12,0.0
1143,1,131,78,1,2024,23,2024-12-01,hamilton,HAM,Lewis,Hamilton,British,mercedes,Mercedes,German,Losail International Circuit,Qatar Grand Prix,Al Daayen,Qatar,12,5.419,308.883,True,balanced,57,5521445,12,0.0,6,3.0
1143,852,215,78,1,2024,23,2024-12-01,tsunoda,TSU,Yuki,Tsunoda,Japanese,rb,RB F1 Team,Italian,Losail International Circuit,Qatar Grand Prix,Al Daayen,Qatar,12,5.419,308.883,True,balanced,57,5526423,13,0.0,17,0.0
1143,859,215,78,1,2024,23,2024-12-01,lawson,LAW,Liam,Lawson,New Zealander,rb,RB F1 Team,Italian,Losail International Circuit,Qatar Grand Prix,Al Daayen,Qatar,12,5.419,308.883,True,balanced,57,5527979,14,0.0,16,0.0
1143,848,3,78,11,2024,23,2024-12-01,albon,ALB,Alexander,Albon,Thai,williams,Williams,British,Losail International Circuit,Qatar Grand Prix,Al Daayen,Qatar,12,5.419,308.883,True,balanced,56,\N,15,0.0,15,0.0
1143,807,210,78,20,2024,23,2024-12-01,hulkenberg,HUL,Nico,Hülkenberg,German,haas,Haas F1 Team,American,Losail International Circuit,Qatar Grand Prix,Al Daayen,Qatar,12,5.419,308.883,True,balanced,39,\N,\N,0.0,7,2.0
1143,815,9,78,20,2024,23,2024-12-01,perez,PER,Sergio,Pérez,Mexican,red_bull,Red Bull,Austrian,Losail International Circuit,Qatar Grand Prix,Al Daayen,Qatar,12,5.419,308.883,True,balanced,38,\N,\N,0.0,20,0.0
1143,840,117,78,130,2024,23,2024-12-01,stroll,STR,Lance,Stroll,Canadian,aston_martin,Aston Martin,British,Losail International Circuit,Qatar Grand Prix,Al Daayen,Qatar,12,5.419,308.883,True,balanced,8,\N,\N,0.0,13,0.0
1143,861,3,78,4,2024,23,2024-12-01,colapinto,COL,Franco,Colapinto,Argentinian ,williams,Williams,British,Losail International Circuit,Qatar Grand Prix,Al Daayen,Qatar,12,5.419,308.883,True,balanced,0,\N,\N,0.0,18,0.0
1143,839,214,78,4,2024,23,2024-12-01,ocon,OCO,Esteban,Ocon,French,alpine,Alpine F1 Team,French,Losail International Circuit,Qatar Grand Prix,Al Daayen,Qatar,12,5.419,308.883,True,balanced,0,\N,\N,0.0,14,0.0
1144,846,1,24,1,2024,24,2024-12-08,norris,NOR,Lando,Norris,British,mclaren,McLaren,British,Yas Marina Circuit,Abu Dhabi Grand Prix,Abu Dhabi,UAE,3,5.281,306.298,True,technical,58,5193291,1,25.0,,
1144,832,6,24,1,2024,24,2024-12-08,sainz,SAI,Carlos,Sainz,Spanish,ferrari,Ferrari,Italian,Yas Marina Circuit,Abu Dhabi Grand Prix,Abu Dhabi,UAE,3,5.281,306.298,True,technical,58,5199123,2,18.0,,
1144,844,6,24,1,2024,24,2024-12-08,leclerc,LEC,Charles,Leclerc,Monegasque,ferrari,Ferrari,Italian,Yas Marina Circuit,Abu Dhabi Grand Prix,Abu Dhabi,UAE,3,5.281,306.298,True,technical,58,5225219,3,15.0,,
1144,1,131,24,1,2024,24,2024-12-08,hamilton,HAM,Lewis,Hamilton,British,mercedes,Mercedes,German,Yas Marina Circuit,Abu Dhabi Grand Prix,Abu Dhabi,UAE,3,5.281,306.298,True,technical,58,5229774,4,12.0,,
1144,847,131,24,1,2024,24,2024-12-08,russell,RUS,George,Russell,British,mercedes,Mercedes,German,Yas Marina Circuit,Abu Dhabi Grand Prix,Abu Dhabi,UAE,3,5.281,306.298,True,technical,58,5230829,5,10.0,,
1144,830,9,24,1,2024,24,2024-12-08,max_verstappen,VER,Max,Verstappen,Dutch,red_bull,Red Bull,Austrian,Yas Marina Circuit,Abu Dhabi Grand Prix,Abu Dhabi,UAE,3,5.281,306.298,True,technical,58,5243138,6,8.0,,
1144,842,214,24,1,2024,24,2024-12-08,gasly,GAS,Pierre,Gasly,French,alpine,Alpine F1 Team,French,Yas Marina Circuit,Abu Dhabi Grand Prix,Abu Dhabi,UAE,3,5.281,306.298,True,technical,58,5265851,7,6.0,,
1144,807,210,24,1,2024,24,2024-12-08,hulkenberg,HUL,Nico,Hülkenberg,German,haas,Haas F1 Team,American,Yas Marina Circuit,Abu Dhabi Grand Prix,Abu Dhabi,UAE,3,5.281,306.298,True,technical,58,5268845,8,4.0,,
1144,4,117,24,1,2024,24,2024-12-08,alonso,ALO,Fernando,Alonso,Spanish,aston_martin,Aston Martin,British,Yas Marina Circuit,Abu Dhabi Grand Prix,Abu Dhabi,UAE,3,5.281,306.298,True,technical,58,5275664,9,2.0,,
1144,857,1,24,1,2024,24,2024-12-08,piastri,PIA,Oscar,Piastri,Australian,mclaren,McLaren,British,Yas Marina Circuit,Abu Dhabi Grand Prix,Abu Dhabi,UAE,3,5.281,306.298,True,technical,58,5277112,10,1.0,,
1144,848,3,24,11,2024,24,2024-12-08,albon,ALB,Alexander,Albon,Thai,williams,Williams,British,Yas Marina Circuit,Abu Dhabi Grand Prix,Abu Dhabi,UAE,3,5.281,306.298,True,technical,57,\N,11,0.0,,
1144,852,215,24,11,2024,24,2024-12-08,tsunoda,TSU,Yuki,Tsunoda,Japanese,rb,RB F1 Team,Italian,Yas Marina Circuit,Abu Dhabi Grand Prix,Abu Dhabi,UAE,3,5.281,306.298,True,technical,57,\N,12,0.0,,
1144,855,15,24,11,2024,24,2024-12-08,zhou,ZHO,Guanyu,Zhou,Chinese,sauber,Sauber,Swiss,Yas Marina Circuit,Abu Dhabi Grand Prix,Abu Dhabi,UAE,3,5.281,306.298,True,technical,57,\N,13,0.0,,
1144,840,117,24,11,2024,24,2024-12-08,stroll,STR,Lance,Stroll,Canadian,aston_martin,Aston Martin,British,Yas Marina Circuit,Abu Dhabi Grand Prix,Abu Dhabi,UAE,3,5.281,306.298,True,technical,57,\N,14,0.0,,
1144,862,214,24,11,2024,24,2024-12-08,doohan,DOO,Jack,Doohan,Australian,alpine,Alpine F1 Team,French,Yas Marina Circuit,Abu Dhabi Grand Prix,Abu Dhabi,UAE,3,5.281,306.298,True,technical,57,\N,15,0.0,,
1144,825,210,24,11,2024,24,2024-12-08,kevin_magnussen,MAG,Kevin,Magnussen,Danish,haas,Haas F1 Team,American,Yas Marina Circuit,Abu Dhabi Grand Prix,Abu Dhabi,UAE,3,5.281,306.298,True,technical,57,\N,16,0.0,,
1144,859,215,24,5,2024,24,2024-12-08,lawson,LAW,Liam,Lawson,New Zealander,rb,RB F1 Team,Italian,Yas Marina Circuit,Abu Dhabi Grand Prix,Abu Dhabi,UAE,3,5.281,306.298,True,technical,55,\N,17,0.0,,
1144,822,15,24,130,2024,24,2024-12-08,bottas,BOT,Valtteri,Bottas,Finnish,sauber,Sauber,Swiss,Yas Marina Circuit,Abu Dhabi Grand Prix,Abu Dhabi,UAE,3,5.281,306.298,True,technical,30,\N,\N,0.0,,
1144,861,3,24,5,2024,24,2024-12-08,colapinto,COL,Franco,Colapinto,Argentinian ,williams,Williams,British,Yas Marina Circuit,Abu Dhabi Grand Prix,Abu Dhabi,UAE,3,5.281,306.298,True,technical,26,\N,\N,0.0,,
1144,815,9,24,4,2024,24,2024-12-08,perez,PER,Sergio,Pérez,Mexican,red_bull,Red Bull,Austrian,Yas Marina Circuit,Abu Dhabi Grand Prix,Abu Dhabi,UAE,3,5.281,306.298,True,technical,0,\N,\N,0.0,,
1145,846,1,1,1,2025,1,2025-03-16,norris,NOR,Lando,Norris,British,mclaren,McLaren,British,Albert Park Grand Prix Circuit,Australian Grand Prix,Melbourne,Australia,10,5.278,300.846,False,balanced,57,6126304,1,25.0,,
1145,830,9,1,1,2025,1,2025-03-16,max_verstappen,VER,Max,Verstappen,Dutch,red_bull,Red Bull,Austrian,Albert Park Grand Prix Circuit,Australian Grand Prix,Melbourne,Australia,10,5.278,300.846,False,balanced,57,6127199,2,18.0,,
1145,847,131,1,1,2025,1,2025-03-16,russell,RUS,George,Russell,British,mercedes,Mercedes,German,Albert Park Grand Prix Circuit,Australian Grand Prix,Melbourne,Australia,10,5.278,300.846,False,balanced,57,6134785,3,15.0,,
1145,863,131,1,1,2025,1,2025-03-16,antonelli,ANT,Andrea Kimi,Antonelli,Italian,mercedes,Mercedes,German,Albert Park Grand Prix Circuit,Australian Grand Prix,Melbourne,Australia,10,5.278,300.846,False,balanced,57,6136439,4,12.0,,
1145,848,3,1,1,2025,1,2025-03-16,albon,ALB,Alexander,Albon,Thai,williams,Williams,British,Albert Park Grand Prix Circuit,Australian Grand Prix,Melbourne,Australia,10,5.278,300.846,False,balanced,57,6139077,5,10.0,,
1145,840,117,1,1,2025,1,2025-03-16,stroll,STR,Lance,Stroll,Canadian,aston_martin,Aston Martin,British,Albert Park Grand Prix Circuit,Australian Grand Prix,Melbourne,Australia,10,5.278,300.846,False,balanced,57,6143717,6,8.0,,
1145,807,15,1,1,2025,1,2025-03-16,hulkenberg,HUL,Nico,Hülkenberg,German,sauber,Sauber,Swiss,Albert Park Grand Prix Circuit,Australian Grand Prix,Melbourne,Australia,10,5.278,300.846,False,balanced,57,6144727,7,6.0,,
1145,844,6,1,1,2025,1,2025-03-16,leclerc,LEC,Charles,Leclerc,Monegasque,ferrari,Ferrari,Italian,Albert Park Grand Prix Circuit,Australian Grand Prix,Melbourne,Australia,10,5.278,300.846,False,balanced,57,6146130,8,4.0,,
1145,857,1,1,1,2025,1,2025-03-16,piastri,PIA,Oscar,Piastri,Australian,mclaren,McLaren,British,Albert Park Grand Prix Circuit,Australian Grand Prix,Melbourne,Australia,10,5.278,300.846,False,balanced,57,6146752,9,2.0,,
1145,1,6,1,1,2025,1,2025-03-16,hamilton,HAM,Lewis,Hamilton,British,ferrari,Ferrari,Italian,Albert Park Grand Prix Circuit,Australian Grand Prix,Melbourne,Australia,10,5.278,300.846,False,balanced,57,6148777,10,1.0,,
1145,842,214,1,1,2025,1,2025-03-16,gasly,GAS,Pierre,Gasly,French,alpine,Alpine F1 Team,French,Albert Park Grand Prix Circuit,Australian Grand Prix,Melbourne,Australia,10,5.278,300.846,False,balanced,57,6152806,11,0.0,,
1145,852,215,1,1,2025,1,2025-03-16,tsunoda,TSU,Yuki,Tsunoda,Japanese,rb,RB F1 Team,Italian,Albert Park Grand Prix Circuit,Australian Grand Prix,Melbourne,Australia,10,5.278,300.846,False,balanced,57,6156188,12,0.0,,
1145,839,210,1,1,2025,1,2025-03-16,ocon,OCO,Esteban,Ocon,French,haas,Haas F1 Team,American,Albert Park Grand Prix Circuit,Australian Grand Prix,Melbourne,Australia,10,5.278,300.846,False,balanced,57,6159465,13,0.0,,
1145,860,210,1,1,2025,1,2025-03-16,bearman,BEA,Oliver,Bearman,British,haas,Haas F1 Team,American,Albert Park Grand Prix Circuit,Australian Grand Prix,Melbourne,Australia,10,5.278,300.846,False,balanced,57,6166655,14,0.0,,
1145,859,9,1,3,2025,1,2025-03-16,lawson,LAW,Liam,Lawson,New Zealander,red_bull,Red Bull,Austrian,Albert Park Grand Prix Circuit,Australian Grand Prix,Melbourne,Australia,10,5.278,300.846,False,balanced,46,\N,15,0.0,,
1145,864,15,1,3,2025,1,2025-03-16,bortoleto,BOR,Gabriel,Bortoleto,Brazilian,sauber,Sauber,Swiss,Albert Park Grand Prix Circuit,Australian Grand Prix,Melbourne,Australia,10,5.278,300.846,False,balanced,45,\N,16,0.0,,
1145,4,117,1,3,2025,1,2025-03-16,alonso,ALO,Fernando,Alonso,Spanish,aston_martin,Aston Martin,British,Albert Park Grand Prix Circuit,Australian Grand Prix,Melbourne,Australia,10,5.278,300.846,False,balanced,32,\N,17,0.0,,
1145,832,3,1,3,2025,1,2025-03-16,sainz,SAI,Carlos,Sainz,Spanish,williams,Williams,British,Albert Park Grand Prix Circuit,Australian Grand Prix,Melbourne,Australia,10,5.278,300.846,False,balanced,0,\N,18,0.0,,
1145,862,214,1,3,2025,1,2025-03-16,doohan,DOO,Jack,Doohan,Australian,alpine,Alpine F1 Team,French,Albert Park Grand Prix Circuit,Australian Grand Prix,Melbourne,Australia,10,5.278,300.846,False,balanced,0,\N,19,0.0,,
1145,865,215,1,3,2025,1,2025-03-16,hadjar,HAD,Isack,Hadjar,French,rb,RB F1 Team,Italian,Albert Park Grand Prix Circuit,Australian Grand Prix,Melbourne,Australia,10,5.278,300.846,False,balanced,0,\N,20,0.0,,
1146,857,1,17,1,2025,2,2025-03-23,piastri,PIA,Oscar,Piastri,Australian,mclaren,McLaren,British,Shanghai International Circuit,Chinese Grand Prix,Shanghai,China,5,5.451,305.256,False,balanced,56,5455026,1,25.0,2,7.0
1146,846,1,17,1,2025,2,2025-03-23,norris,NOR,Lando,Norris,British,mclaren,McLaren,British,Shanghai International Circuit,Chinese Grand Prix,Shanghai,China,5,5.451,305.256,False,balanced,56,5464774,2,18.0,8,1.0
1146,847,131,17,1,2025,2,2025-03-23,russell,RUS,George,Russell,British,mercedes,Mercedes,German,Shanghai International Circuit,Chinese Grand Prix,Shanghai,China,5,5.451,305.256,False,balanced,56,5466123,3,15.0,4,5.0
1146,830,9,17,1,2025,2,2025-03-23,max_verstappen,VER,Max,Verstappen,Dutch,red_bull,Red Bull,Austrian,Shanghai International Circuit,Chinese Grand Prix,Shanghai,China,5,5.451,305.256,False,balanced,56,5471682,4,12.0,3,6.0
1146,839,210,17,1,2025,2,2025-03-23,ocon,OCO,Esteban,Ocon,French,haas,Haas F1 Team,American,Shanghai International Circuit,Chinese Grand Prix,Shanghai,China,5,5.451,305.256,False,balanced,56,5504995,5,10.0,16,0.0
1146,863,131,17,1,2025,2,2025-03-23,antonelli,ANT,Andrea Kimi,Antonelli,Italian,mercedes,Mercedes,German,Shanghai International Circuit,Chinese Grand Prix,Shanghai,China,5,5.451,305.256,False,balanced,56,5508774,6,8.0,7,2.0
1146,848,3,17,1,2025,2,2025-03-23,albon,ALB,Alexander,Albon,Thai,williams,Williams,British,Shanghai International Circuit,Chinese Grand Prix,Shanghai,China,5,5.451,305.256,False,balanced,56,5511347,7,6.0,11,0.0
1146,860,210,17,1,2025,2,2025-03-23,bearman,BEA,Oliver,Bearman,British,haas,Haas F1 Team,American,Shanghai International Circuit,Chinese Grand Prix,Shanghai,China,5,5.451,305.256,False,balanced,56,5516329,8,4.0,15,0.0
1146,840,117,17,1,2025,2,2025-03-23,stroll,STR,Lance,Stroll,Canadian,aston_martin,Aston Martin,British,Shanghai International Circuit,Chinese Grand Prix,Shanghai,China,5,5.451,305.256,False,balanced,56,5525230,9,2.0,9,0.0
1146,832,3,17,1,2025,2,2025-03-23,sainz,SAI,Carlos,Sainz,Spanish,williams,Williams,British,Shanghai International Circuit,Chinese Grand Prix,Shanghai,China,5,5.451,305.256,False,balanced,56,5531413,10,1.0,17,0.0
1146,865,215,17,1,2025,2,2025-03-23,hadjar,HAD,Isack,Hadjar,French,rb,RB F1 Team,Italian,Shanghai International Circuit,Chinese Grand Prix,Shanghai,China,5,5.451,305.256,False,balanced,56,5533901,11,0.0,13,0.0
1146,859,9,17,1,2025,2,2025-03-23,lawson,LAW,Liam,Lawson,New Zealander,red_bull,Red Bull,Austrian,Shanghai International Circuit,Chinese Grand Prix,Shanghai,China,5,5.451,305.256,False,balanced,56,5536173,12,0.0,14,0.0
1146,862,214,17,1,2025,2,2025-03-23,doohan,DOO,Jack,Doohan,Australian,alpine,Alpine F1 Team,French,Shanghai International Circuit,Chinese Grand Prix,Shanghai,China,5,5.451,305.256,False,balanced,56,5543427,13,0.0,20,0.0
1146,864,15,17,11,2025,2,2025-03-23,bortoleto,BOR,Gabriel,Bortoleto,Brazilian,sauber,Sauber,Swiss,Shanghai International Circuit,Chinese Grand Prix,Shanghai,China,5,5.451,305.256,False,balanced,55,\N,14,0.0,18,0.0
1146,807,15,17,11,2025,2,2025-03-23,hulkenberg,HUL,Nico,Hülkenberg,German,sauber,Sauber,Swiss,Shanghai International Circuit,Chinese Grand Prix,Shanghai,China,5,5.451,305.256,False,balanced,55,\N,15,0.0,19,0.0
1146,852,215,17,11,2025,2,2025-03-23,tsunoda,TSU,Yuki,Tsunoda,Japanese,rb,RB F1 Team,Italian,Shanghai International Circuit,Chinese Grand Prix,Shanghai,China,5,5.451,305.256,False,balanced,55,\N,16,0.0,6,3.0
1146,4,117,17,23,2025,2,2025-03-23,alonso,ALO,Fernando,Alonso,Spanish,aston_martin,Aston Martin,British,Shanghai International Circuit,Chinese Grand Prix,Shanghai,China,5,5.451,305.256,False,balanced,4,\N,17,0.0,10,0.0
1146,844,6,17,92,2025,2,2025-03-23,leclerc,LEC,Charles,Leclerc,Monegasque,ferrari,Ferrari,Italian,Shanghai International Circuit,Chinese Grand Prix,Shanghai,China,5,5.451,305.256,False,balanced,0,\N,18,0.0,5,4.0
1146,1,6,17,2,2025,2,2025-03-23,hamilton,HAM,Lewis,Hamilton,British,ferrari,Ferrari,Italian,Shanghai International Circuit,Chinese Grand Prix,Shanghai,China,5,5.451,305.256,False,balanced,0,\N,19,0.0,1,8.0
1146,842,214,17,92,2025,2,2025-03-23,gasly,GAS,Pierre,Gasly,French,alpine,Alpine F1 Team,French,Shanghai International Circuit,Chinese Grand Prix,Shanghai,China,5,5.451,305.256,False,balanced,0,\N,20,0.0,12,0.0
1147,830,9,22,1,2025,3,2025-04-06,max_verstappen,VER,Max,Verstappen,Dutch,red_bull,Red Bull,Austrian,Suzuka Circuit,Japanese Grand Prix,Suzuka,Japan,45,5.807,307.771,False,technical,53,4926983,1,25.0,,
1147,846,1,22,1,2025,3,2025-04-06,norris,NOR,Lando,Norris,British,mclaren,McLaren,British,Suzuka Circuit,Japanese Grand Prix,Suzuka,Japan,45,5.807,307.771,False,technical,53,4928406,2,18.0,,
1147,857,1,22,1,2025,3,2025-04-06,piastri,PIA,Oscar,Piastri,Australian,mclaren,McLaren,British,Suzuka Circuit,Japanese Grand Prix,Suzuka,Japan,45,5.807,307.771,False,technical,53,4929112,3,15.0,,
1147,844,6,22,1,2025,3,2025-04-06,leclerc,LEC,Charles,Leclerc,Monegasque,ferrari,Ferrari,Italian,Suzuka Circuit,Japanese Grand Prix,Suzuka,Japan,45,5.807,307.771,False,technical,53,4943080,4,12.0,,
1147,847,131,22,1,2025,3,2025-04-06,russell,RUS,George,Russell,British,mercedes,Mercedes,German,Suzuka Circuit,Japanese Grand Prix,Suzuka,Japan,45,5.807,307.771,False,technical,53,4944345,5,10.0,,
1147,863,131,22,1,2025,3,2025-04-06,antonelli,ANT,Andrea Kimi,Antonelli,Italian,mercedes,Mercedes,German,Suzuka Circuit,Japanese Grand Prix,Suzuka,Japan,45,5.807,307.771,False,technical,53,4945654,6,8.0,,
1147,1,6,22,1,2025,3,2025-04-06,hamilton,HAM,Lewis,Hamilton,British,ferrari,Ferrari,Italian,Suzuka Circuit,Japanese Grand Prix,Suzuka,Japan,45,5.807,307.771,False,technical,53,4956165,7,6.0,,
1147,865,215,22,1,2025,3,2025-04-06,hadjar,HAD,Isack,Hadjar,French,rb,RB F1 Team,Italian,Suzuka Circuit,Japanese Grand Prix,Suzuka,Japan,45,5.807,307.771,False,technical,53,4964117,8,4.0,,
1147,848,3,22,1,2025,3,2025-04-06,albon,ALB,Alexander,Albon,Thai,williams,Williams,British,Suzuka Circuit,Japanese Grand Prix,Suzuka,Japan,45,5.807,307.771,False,technical,53,4967350,9,2.0,,
1147,860,210,22,1,2025,3,2025-04-06,bearman,BEA,Oliver,Bearman,British,haas,Haas F1 Team,American,Suzuka Circuit,Japanese Grand Prix,Suzuka,Japan,45,5.807,307.771,False,technical,53,4981512,10,1.0,,
1147,4,117,22,1,2025,3,2025-04-06,alonso,ALO,Fernando,Alonso,Spanish,aston_martin,Aston Martin,British,Suzuka Circuit,Japanese Grand Prix,Suzuka,Japan,45,5.807,307.771,False,technical,53,4984316,11,0.0,,
1147,852,9,22,1,2025,3,2025-04-06,tsunoda,TSU,Yuki,Tsunoda,Japanese,red_bull,Red Bull,Austrian,Suzuka Circuit,Japanese Grand Prix,Suzuka,Japan,45,5.807,307.771,False,technical,53,4985384,12,0.0,,
1147,842,214,22,1,2025,3,2025-04-06,gasly,GAS,Pierre,Gasly,French,alpine,Alpine F1 Team,French,Suzuka Circuit,Japanese Grand Prix,Suzuka,Japan,45,5.807,307.771,False,technical,53,4989105,13,0.0,,
1147,832,3,22,1,2025,3,2025-04-06,sainz,SAI,Carlos,Sainz,Spanish,williams,Williams,British,Suzuka Circuit,Japanese Grand Prix,Suzuka,Japan,45,5.807,307.771,False,technical,53,5001112,14,0.0,,
1147,862,214,22,1,2025,3,2025-04-06,doohan,DOO,Jack,Doohan,Australian,alpine,Alpine F1 Team,French,Suzuka Circuit,Japanese Grand Prix,Suzuka,Japan,45,5.807,307.771,False,technical,53,5008297,15,0.0,,
1147,807,15,22,1,2025,3,2025-04-06,hulkenberg,HUL,Nico,Hülkenberg,German,sauber,Sauber,Swiss,Suzuka Circuit,Japanese Grand Prix,Suzuka,Japan,45,5.807,307.771,False,technical,53,5008940,16,0.0,,
1147,859,215,22,1,2025,3,2025-04-06,lawson,LAW,Liam,Lawson,New Zealander,rb,RB F1 Team,Italian,Suzuka Circuit,Japanese Grand Prix,Suzuka,Japan,45,5.807,307.771,False,technical,53,5009717,17,0.0,,
1147,839,210,22,1,2025,3,2025-04-06,ocon,OCO,Esteban,Ocon,French,haas,Haas F1 Team,American,Suzuka Circuit,Japanese Grand Prix,Suzuka,Japan,45,5.807,307.771,False,technical,53,5010421,18,0.0,,
1147,864,15,22,1,2025,3,2025-04-06,bortoleto,BOR,Gabriel,Bortoleto,Brazilian,sauber,Sauber,Swiss,Suzuka Circuit,Japanese Grand Prix,Suzuka,Japan,45,5.807,307.771,False,technical,53,5010880,19,0.0,,
1147,840,117,22,11,2025,3,2025-04-06,stroll,STR,Lance,Stroll,Canadian,aston_martin,Aston Martin,British,Suzuka Circuit,Japanese Grand Prix,Suzuka,Japan,45,5.807,307.771,False,technical,52,\N,20,0.0,,
1148,857,1,3,1,2025,4,2025-04-13,piastri,PIA,Oscar,Piastri,Australian,mclaren,McLaren,British,Bahrain International Circuit,Bahrain Grand Prix,Sakhir,Bahrain,7,5.412,308.484,True,balanced,57,5739435,1,25.0,,
1148,847,131,3,1,2025,4,2025-04-13,russell,RUS,George,Russell,British,mercedes,Mercedes,German,Bahrain International Circuit,Bahrain Grand Prix,Sakhir,Bahrain,7,5.412,308.484,True,balanced,57,5754934,2,18.0,,
1148,846,1,3,1,2025,4,2025-04-13,norris,NOR,Lando,Norris,British,mclaren,McLaren,British,Bahrain International Circuit,Bahrain Grand Prix,Sakhir,Bahrain,7,5.412,308.484,True,balanced,57,5755708,3,15.0,,
1148,844,6,3,1,2025,4,2025-04-13,leclerc,LEC,Charles,Leclerc,Monegasque,ferrari,Ferrari,Italian,Bahrain International Circuit,Bahrain Grand Prix,Sakhir,Bahrain,7,5.412,308.484,True,balanced,57,5759114,4,12.0,,
1148,1,6,3,1,2025,4,2025-04-13,hamilton,HAM,Lewis,Hamilton,British,ferrari,Ferrari,Italian,Bahrain International Circuit,Bahrain Grand Prix,Sakhir,Bahrain,7,5.412,308.484,True,balanced,57,5767428,5,10.0,,
1148,830,9,3,1,2025,4,2025-04-13,max_verstappen,VER,Max,Verstappen,Dutch,red_bull,Red Bull,Austrian,Bahrain International Circuit,Bahrain Grand Prix,Sakhir,Bahrain,7,5.412,308.484,True,balanced,57,5773830,6,8.0,,
1148,842,214,3,1,2025,4,2025-04-13,gasly,GAS,Pierre,Gasly,French,alpine,Alpine F1 Team,French,Bahrain International Circuit,Bahrain Grand Prix,Sakhir,Bahrain,7,5.412,308.484,True,balanced,57,5775437,7,6.0,,
1148,839,210,3,1,2025,4,2025-04-13,ocon,OCO,Esteban,Ocon,French,haas,Haas F1 Team,American,Bahrain International Circuit,Bahrain Grand Prix,Sakhir,Bahrain,7,5.412,308.484,True,balanced,57,5783679,8,4.0,,
1148,852,9,3,1,2025,4,2025-04-13,tsunoda,TSU,Yuki,Tsunoda,Japanese,red_bull,Red Bull,Austrian,Bahrain International Circuit,Bahrain Grand Prix,Sakhir,Bahrain,7,5.412,308.484,True,balanced,57,5784496,9,2.0,,
1148,860,210,3,1,2025,4,2025-04-13,bearman,BEA,Oliver,Bearman,British,haas,Haas F1 Team,American,Bahrain International Circuit,Bahrain Grand Prix,Sakhir,Bahrain,7,5.412,308.484,True,balanced,57,5787029,10,1.0,,
1148,863,131,3,1,2025,4,2025-04-13,antonelli,ANT,Andrea Kimi,Antonelli,Italian,mercedes,Mercedes,German,Bahrain International Circuit,Bahrain Grand Prix,Sakhir,Bahrain,7,5.412,308.484,True,balanced,57,5787451,11,0.0,,
1148,848,3,3,1,2025,4,2025-04-13,albon,ALB,Alexander,Albon,Thai,williams,Williams,British,Bahrain International Circuit,Bahrain Grand Prix,Sakhir,Bahrain,7,5.412,308.484,True,balanced,57,5788274,12,0.0,,
1148,865,215,3,1,2025,4,2025-04-13,hadjar,HAD,Isack,Hadjar,French,rb,RB F1 Team,Italian,Bahrain International Circuit,Bahrain Grand Prix,Sakhir,Bahrain,7,5.412,308.484,True,balanced,57,5795749,13,0.0,,
1148,862,214,3,1,2025,4,2025-04-13,doohan,DOO,Jack,Doohan,Australian,alpine,Alpine F1 Team,French,Bahrain International Circuit,Bahrain Grand Prix,Sakhir,Bahrain,7,5.412,308.484,True,balanced,57,5797241,14,0.0,,
1148,4,117,3,1,2025,4,2025-04-13,alonso,ALO,Fernando,Alonso,Spanish,aston_martin,Aston Martin,British,Bahrain International Circuit,Bahrain Grand Prix,Sakhir,Bahrain,7,5.412,308.484,True,balanced,57,5799775,15,0.0,,
1148,859,215,3,1,2025,4,2025-04-13,lawson,LAW,Liam,Lawson,New Zealander,rb,RB F1 Team,Italian,Bahrain International Circuit,Bahrain Grand Prix,Sakhir,Bahrain,7,5.412,308.484,True,balanced,57,5803870,16,0.0,,
1148,840,117,3,1,2025,4,2025-04-13,stroll,STR,Lance,Stroll,Canadian,aston_martin,Aston Martin,British,Bahrain International Circuit,Bahrain Grand Prix,Sakhir,Bahrain,7,5.412,308.484,True,balanced,57,5804924,17,0.0,,
1148,864,15,3,1,2025,4,2025-04-13,bortoleto,BOR,Gabriel,Bortoleto,Brazilian,sauber,Sauber,Swiss,Bahrain International Circuit,Bahrain Grand Prix,Sakhir,Bahrain,7,5.412,308.484,True,balanced,57,5806307,18,0.0,,
1148,832,3,3,130,2025,4,2025-04-13,sainz,SAI,Carlos,Sainz,Spanish,williams,Williams,British,Bahrain International Circuit,Bahrain Grand Prix,Sakhir,Bahrain,7,5.412,308.484,True,balanced,45,\N,19,0.0,,
1148,807,15,3,2,2025,4,2025-04-13,hulkenberg,HUL,Nico,Hülkenberg,German,sauber,Sauber,Swiss,Bahrain International Circuit,Bahrain Grand Prix,Sakhir,Bahrain,7,5.412,308.484,True,balanced,0,\N,20,0.0,,
1149,857,1,77,1,2025,5,2025-04-20,piastri,PIA,Oscar,Piastri,Australian,mclaren,McLaren,British,Jeddah Corniche Circuit,Saudi Arabian Grand Prix,Jeddah,Saudi Arabia,15,6.174,308.7,True,high_speed,50,4866758,1,25.0,,
1149,830,9,77,1,2025,5,2025-04-20,max_verstappen,VER,Max,Verstappen,Dutch,red_bull,Red Bull,Austrian,Jeddah Corniche Circuit,Saudi Arabian Grand Prix,Jeddah,Saudi Arabia,15,6.174,308.7,True,high_speed,50,4869601,2,18.0,,
1149,844,6,77,1,2025,5,2025-04-20,leclerc,LEC,Charles,Leclerc,Monegasque,ferrari,Ferrari,Italian,Jeddah Corniche Circuit,Saudi Arabian Grand Prix,Jeddah,Saudi Arabia,15,6.174,308.7,True,high_speed,50,4874862,3,15.0,,
1149,846,1,77,1,2025,5,2025-04-20,norris,NOR,Lando,Norris,British,mclaren,McLaren,British,Jeddah Corniche Circuit,Saudi Arabian Grand Prix,Jeddah,Saudi Arabia,15,6.174,308.7,True,high_speed,50,4875954,4,12.0,,
1149,847,131,77,1,2025,5,2025-04-20,russell,RUS,George,Russell,British,mercedes,Mercedes,German,Jeddah Corniche Circuit,Saudi Arabian Grand Prix,Jeddah,Saudi Arabia,15,6.174,308.7,True,high_speed,50,4893994,5,10.0,,
1149,863,131,77,1,2025,5,2025-04-20,antonelli,ANT,Andrea Kimi,Antonelli,Italian,mercedes,Mercedes,German,Jeddah Corniche Circuit,Saudi Arabian Grand Prix,Jeddah,Saudi Arabia,15,6.174,308.7,True,high_speed,50,4901446,6,8.0,,
1149,1,6,77,1,2025,5,2025-04-20,hamilton,HAM,Lewis,Hamilton,British,ferrari,Ferrari,Italian,Jeddah Corniche Circuit,Saudi Arabian Grand Prix,Jeddah,Saudi Arabia,15,6.174,308.7,True,high_speed,50,4905831,7,6.0,,
1149,832,3,77,1,2025,5,2025-04-20,sainz,SAI,Carlos,Sainz,Spanish,williams,Williams,British,Jeddah Corniche Circuit,Saudi Arabian Grand Prix,Jeddah,Saudi Arabia,15,6.174,308.7,True,high_speed,50,4931388,8,4.0,,
1149,848,3,77,1,2025,5,2025-04-20,albon,ALB,Alexander,Albon,Thai,williams,Williams,British,Jeddah Corniche Circuit,Saudi Arabian Grand Prix,Jeddah,Saudi Arabia,15,6.174,308.7,True,high_speed,50,4933273,9,2.0,,
1149,865,215,77,1,2025,5,2025-04-20,hadjar,HAD,Isack,Hadjar,French,rb,RB F1 Team,Italian,Jeddah Corniche Circuit,Saudi Arabian Grand Prix,Jeddah,Saudi Arabia,15,6.174,308.7,True,high_speed,50,4933849,10,1.0,,
1149,4,117,77,1,2025,5,2025-04-20,alonso,ALO,Fernando,Alonso,Spanish,aston_martin,Aston Martin,British,Jeddah Corniche Circuit,Saudi Arabian Grand Prix,Jeddah,Saudi Arabia,15,6.174,308.7,True,high_speed,50,4942675,11,0.0,,
1149,859,215,77,1,2025,5,2025-04-20,lawson,LAW,Liam,Lawson,New Zealander,rb,RB F1 Team,Italian,Jeddah Corniche Circuit,Saudi Arabian Grand Prix,Jeddah,Saudi Arabia,15,6.174,308.7,True,high_speed,50,4945209,12,0.0,,
1149,860,210,77,1,2025,5,2025-04-20,bearman,BEA,Oliver,Bearman,British,haas,Haas F1 Team,American,Jeddah Corniche Circuit,Saudi Arabian Grand Prix,Jeddah,Saudi Arabia,15,6.174,308.7,True,high_speed,50,4945952,13,0.0,,
1149,839,210,77,1,2025,5,2025-04-20,ocon,OCO,Esteban,Ocon,French,haas,Haas F1 Team,American,Jeddah Corniche Circuit,Saudi Arabian Grand Prix,Jeddah,Saudi Arabia,15,6.174,308.7,True,high_speed,50,4966481,14,0.0,,
1149,807,15,77,11,2025,5,2025-04-20,hulkenberg,HUL,Nico,Hülkenberg,German,sauber,Sauber,Swiss,Jeddah Corniche Circuit,Saudi Arabian Grand Prix,Jeddah,Saudi Arabia,15,6.174,308.7,True,high_speed,49,\N,15,0.0,,
1149,840,117,77,11,2025,5,2025-04-20,stroll,STR,Lance,Stroll,Canadian,aston_martin,Aston Martin,British,Jeddah Corniche Circuit,Saudi Arabian Grand Prix,Jeddah,Saudi Arabia,15,6.174,308.7,True,high_speed,49,\N,16,0.0,,
1149,862,214,77,11,2025,5,2025-04-20,doohan,DOO,Jack,Doohan,Australian,alpine,Alpine F1 Team,French,Jeddah Corniche Circuit,Saudi Arabian Grand Prix,Jeddah,Saudi Arabia,15,6.174,308.7,True,high_speed,49,\N,17,0.0,,
1149,864,15,77,11,2025,5,2025-04-20,bortoleto,BOR,Gabriel,Bortoleto,Brazilian,sauber,Sauber,Swiss,Jeddah Corniche Circuit,Saudi Arabian Grand Prix,Jeddah,Saudi Arabia,15,6.174,308.7,True,high_speed,49,\N,18,0.0,,
1149,852,9,77,130,2025,5,2025-04-20,tsunoda,TSU,Yuki,Tsunoda,Japanese,red_bull,Red Bull,Austrian,Jeddah Corniche Circuit,Saudi Arabian Grand Prix,Jeddah,Saudi Arabia,15,6.174,308.7,True,high_speed,1,\N,19,0.0,,
1149,842,214,77,4,2025,5,2025-04-20,gasly,GAS,Pierre,Gasly,French,alpine,Alpine F1 Team,French,Jeddah Corniche Circuit,Saudi Arabian Grand Prix,Jeddah,Saudi Arabia,15,6.174,308.7,True,high_speed,0,\N,20,0.0,,
1150,857,1,79,1,2025,6,2025-05-04,piastri,PIA,Oscar,Piastri,Australian,mclaren,McLaren,British,Miami International Autodrome,Miami Grand Prix,Miami,USA,0,5.412,308.484,False,technical,57,5331587,1,25.0,2,7.0
1150,846,1,79,1,2025,6,2025-05-04,norris,NOR,Lando,Norris,British,mclaren,McLaren,British,Miami International Autodrome,Miami Grand Prix,Miami,USA,0,5.412,308.484,False,technical,57,5336217,2,18.0,1,8.0
1150,847,131,79,1,2025,6,2025-05-04,russell,RUS,George,Russell,British,mercedes,Mercedes,German,Miami International Autodrome,Miami Grand Prix,Miami,USA,0,5.412,308.484,False,technical,57,5369231,3,15.0,4,5.0
1150,830,9,79,1,2025,6,2025-05-04,max_verstappen,VER,Max,Verstappen,Dutch,red_bull,Red Bull,Austrian,Miami International Autodrome,Miami Grand Prix,Miami,USA,0,5.412,308.484,False,technical,57,5371543,4,12.0,17,0.0
1150,848,3,79,1,2025,6,2025-05-04,albon,ALB,Alexander,Albon,Thai,williams,Williams,British,Miami International Autodrome,Miami Grand Prix,Miami,USA,0,5.412,308.484,False,technical,57,5379654,5,10.0,11,0.0
1150,863,131,79,1,2025,6,2025-05-04,antonelli,ANT,Andrea Kimi,Antonelli,Italian,mercedes,Mercedes,German,Miami International Autodrome,Miami Grand Prix,Miami,USA,0,5.412,308.484,False,technical,57,5387089,6,8.0,7,2.0
1150,844,6,79,1,2025,6,2025-05-04,leclerc,LEC,Charles,Leclerc,Monegasque,ferrari,Ferrari,Italian,Miami International Autodrome,Miami Grand Prix,Miami,USA,0,5.412,308.484,False,technical,57,5388623,7,6.0,20,0.0
1150,1,6,79,1,2025,6,2025-05-04,hamilton,HAM,Lewis,Hamilton,British,ferrari,Ferrari,Italian,Miami International Autodrome,Miami Grand Prix,Miami,USA,0,5.412,308.484,False,technical,57,5391773,8,4.0,3,6.0
1150,832,3,79,1,2025,6,2025-05-04,sainz,SAI,Carlos,Sainz,Spanish,williams,Williams,British,Miami International Autodrome,Miami Grand Prix,Miami,USA,0,5.412,308.484,False,technical,57,5392164,9,2.0,19,0.0
1150,852,9,79,1,2025,6,2025-05-04,tsunoda,TSU,Yuki,Tsunoda,Japanese,red_bull,Red Bull,Austrian,Miami International Autodrome,Miami Grand Prix,Miami,USA,0,5.412,308.484,False,technical,57,5406021,10,1.0,6,3.0
1150,865,215,79,1,2025,6,2025-05-04,hadjar,HAD,Isack,Hadjar,French,rb,RB F1 Team,Italian,Miami International Autodrome,Miami Grand Prix,Miami,USA,0,5.412,308.484,False,technical,57,5406189,11,0.0,10,0.0
1150,839,210,79,1,2025,6,2025-05-04,ocon,OCO,Esteban,Ocon,French,haas,Haas F1 Team,American,Miami International Autodrome,Miami Grand Prix,Miami,USA,0,5.412,308.484,False,technical,57,5413593,12,0.0,12,0.0
1150,842,214,79,1,2025,6,2025-05-04,gasly,GAS,Pierre,Gasly,French,alpine,Alpine F1 Team,French,Miami International Autodrome,Miami Grand Prix,Miami,USA,0,5.412,308.484,False,technical,57,5422032,13,0.0,8,1.0
1150,807,15,79,11,2025,6,2025-05-04,hulkenberg,HUL,Nico,Hülkenberg,German,sauber,Sauber,Swiss,Miami International Autodrome,Miami Grand Prix,Miami,USA,0,5.412,308.484,False,technical,56,\N,14,0.0,9,0.0
1150,4,117,79,11,2025,6,2025-05-04,alonso,ALO,Fernando,Alonso,Spanish,aston_martin,Aston Martin,British,Miami International Autodrome,Miami Grand Prix,Miami,USA,0,5.412,308.484,False,technical,56,\N,15,0.0,18,0.0
1150,840,117,79,11,2025,6,2025-05-04,stroll,STR,Lance,Stroll,Canadian,aston_martin,Aston Martin,British,Miami International Autodrome,Miami Grand Prix,Miami,USA,0,5.412,308.484,False,technical,56,\N,16,0.0,5,4.0
1150,859,215,79,130,2025,6,2025-05-04,lawson,LAW,Liam,Lawson,New Zealander,rb,RB F1 Team,Italian,Miami International Autodrome,Miami Grand Prix,Miami,USA,0,5.412,308.484,False,technical,36,\N,17,0.0,13,0.0
1150,864,15,79,69,2025,6,2025-05-04,bortoleto,BOR,Gabriel,Bortoleto,Brazilian,sauber,Sauber,Swiss,Miami International Autodrome,Miami Grand Prix,Miami,USA,0,5.412,308.484,False,technical,30,\N,18,0.0,15,0.0
1150,860,210,79,5,2025,6,2025-05-04,bearman,BEA,Oliver,Bearman,British,haas,Haas F1 Team,American,Miami International Autodrome,Miami Grand Prix,Miami,USA,0,5.412,308.484,False,technical,27,\N,19,0.0,14,0.0
1150,862,214,79,4,2025,6,2025-05-04,doohan,DOO,Jack,Doohan,Australian,alpine,Alpine F1 Team,French,Miami International Autodrome,Miami Grand Prix,Miami,USA,0,5.412,308.484,False,technical,0,\N,20,0.0,16,0.0
1151,830,9,21,1,2025,7,2025-05-18,max_verstappen,VER,Max,Verstappen,Dutch,red_bull,Red Bull,Austrian,Autodromo Enzo e Dino Ferrari,Emilia Romagna Grand Prix,Imola,Italy,37,4.909,309.267,False,technical,63,5493199,1,25.0,,
1151,846,1,21,1,2025,7,2025-05-18,norris,NOR,Lando,Norris,British,mclaren,McLaren,British,Autodromo Enzo e Dino Ferrari,Emilia Romagna Grand Prix,Imola,Italy,37,4.909,309.267,False,technical,63,5499308,2,18.0,,
1151,857,1,21,1,2025,7,2025-05-18,piastri,PIA,Oscar,Piastri,Australian,mclaren,McLaren,British,Autodromo Enzo e Dino Ferrari,Emilia Romagna Grand Prix,Imola,Italy,37,4.909,309.267,False,technical,63,5506155,3,15.0,,
1151,1,6,21,1,2025,7,2025-05-18,hamilton,HAM,Lewis,Hamilton,British,ferrari,Ferrari,Italian,Autodromo Enzo e Dino Ferrari,Emilia Romagna Grand Prix,Imola,Italy,37,4.909,309.267,False,technical,63,5507555,4,12.0,,
1151,848,3,21,1,2025,7,2025-05-18,albon,ALB,Alexander,Albon,Thai,williams,Williams,British,Autodromo Enzo e Dino Ferrari,Emilia Romagna Grand Prix,Imola,Italy,37,4.909,309.267,False,technical,63,5511144,5,10.0,,
1151,844,6,21,1,2025,7,2025-05-18,leclerc,LEC,Charles,Leclerc,Monegasque,ferrari,Ferrari,Italian,Autodromo Enzo e Dino Ferrari,Emilia Romagna Grand Prix,Imola,Italy,37,4.909,309.267,False,technical,63,5513973,6,8.0,,
1151,847,131,21,1,2025,7,2025-05-18,russell,RUS,George,Russell,British,mercedes,Mercedes,German,Autodromo Enzo e Dino Ferrari,Emilia Romagna Grand Prix,Imola,Italy,37,4.909,309.267,False,technical,63,5515233,7,6.0,,
1151,832,3,21,1,2025,7,2025-05-18,sainz,SAI,Carlos,Sainz,Spanish,williams,Williams,British,Autodromo Enzo e Dino Ferrari,Emilia Romagna Grand Prix,Imola,Italy,37,4.909,309.267,False,technical,63,5516097,8,4.0,,
1151,865,215,21,1,2025,7,2025-05-18,hadjar,HAD,Isack,Hadjar,French,rb,RB F1 Team,Italian,Autodromo Enzo e Dino Ferrari,Emilia Romagna Grand Prix,Imola,Italy,37,4.909,309.267,False,technical,63,5516785,9,2.0,,
1151,852,9,21,1,2025,7,2025-05-18,tsunoda,TSU,Yuki,Tsunoda,Japanese,red_bull,Red Bull,Austrian,Autodromo Enzo e Dino Ferrari,Emilia Romagna Grand Prix,Imola,Italy,37,4.909,309.267,False,technical,63,5519645,10,1.0,,
1151,4,117,21,1,2025,7,2025-05-18,alonso,ALO,Fernando,Alonso,Spanish,aston_martin,Aston Martin,British,Autodromo Enzo e Dino Ferrari,Emilia Romagna Grand Prix,Imola,Italy,37,4.909,309.267,False,technical,63,5520449,11,0.0,,
1151,807,15,21,1,2025,7,2025-05-18,hulkenberg,HUL,Nico,Hülkenberg,German,sauber,Sauber,Swiss,Autodromo Enzo e Dino Ferrari,Emilia Romagna Grand Prix,Imola,Italy,37,4.909,309.267,False,technical,63,5523495,12,0.0,,
1151,842,214,21,1,2025,7,2025-05-18,gasly,GAS,Pierre,Gasly,French,alpine,Alpine F1 Team,French,Autodromo Enzo e Dino Ferrari,Emilia Romagna Grand Prix,Imola,Italy,37,4.909,309.267,False,technical,63,5524623,13,0.0,,
1151,859,215,21,1,2025,7,2025-05-18,lawson,LAW,Liam,Lawson,New Zealander,rb,RB F1 Team,Italian,Autodromo Enzo e Dino Ferrari,Emilia Romagna Grand Prix,Imola,Italy,37,4.909,309.267,False,technical,63,5525710,14,0.0,,
1151,840,117,21,1,2025,7,2025-05-18,stroll,STR,Lance,Stroll,Canadian,aston_martin,Aston Martin,British,Autodromo Enzo e Dino Ferrari,Emilia Romagna Grand Prix,Imola,Italy,37,4.909,309.267,False,technical,63,5526192,15,0.0,,
1151,861,214,21,1,2025,7,2025-05-18,colapinto,COL,Franco,Colapinto,Argentinian ,alpine,Alpine F1 Team,French,Autodromo Enzo e Dino Ferrari,Emilia Romagna Grand Prix,Imola,Italy,37,4.909,309.267,False,technical,63,5526610,16,0.0,,
1151,860,210,21,1,2025,7,2025-05-18,bearman,BEA,Oliver,Bearman,British,haas,Haas F1 Team,American,Autodromo Enzo e Dino Ferrari,Emilia Romagna Grand Prix,Imola,Italy,37,4.909,309.267,False,technical,63,5527007,17,0.0,,
1151,864,15,21,1,2025,7,2025-05-18,bortoleto,BOR,Gabriel,Bortoleto,Brazilian,sauber,Sauber,Swiss,Autodromo Enzo e Dino Ferrari,Emilia Romagna Grand Prix,Imola,Italy,37,4.909,309.267,False,technical,63,5531771,18,0.0,,
1151,863,131,21,37,2025,7,2025-05-18,antonelli,ANT,Andrea Kimi,Antonelli,Italian,mercedes,Mercedes,German,Autodromo Enzo e Dino Ferrari,Emilia Romagna Grand Prix,Imola,Italy,37,4.909,309.267,False,technical,44,\N,19,0.0,,
1151,839,210,21,5,2025,7,2025-05-18,ocon,OCO,Esteban,Ocon,French,haas,Haas F1 Team,American,Autodromo Enzo e Dino Ferrari,Emilia Romagna Grand Prix,Imola,Italy,37,4.909,309.267,False,technical,27,\N,20,0.0,,
1152,846,1,6,1,2025,8,2025-05-25,norris,NOR,Lando,Norris,British,mclaren,McLaren,British,Circuit de Monaco,Monaco Grand Prix,Monte-Carlo,Monaco,7,3.337,260.286,False,technical,78,6033843,1,25.0,,
1152,844,6,6,1,2025,8,2025-05-25,leclerc,LEC,Charles,Leclerc,Monegasque,ferrari,Ferrari,Italian,Circuit de Monaco,Monaco Grand Prix,Monte-Carlo,Monaco,7,3.337,260.286,False,technical,78,6036974,2,18.0,,
1152,857,1,6,1,2025,8,2025-05-25,piastri,PIA,Oscar,Piastri,Australian,mclaren,McLaren,British,Circuit de Monaco,Monaco Grand Prix,Monte-Carlo,Monaco,7,3.337,260.286,False,technical,78,6037501,3,15.0,,
1152,830,9,6,1,2025,8,2025-05-25,max_verstappen,VER,Max,Verstappen,Dutch,red_bull,Red Bull,Austrian,Circuit de Monaco,Monaco Grand Prix,Monte-Carlo,Monaco,7,3.337,260.286,False,technical,78,6054415,4,12.0,,
1152,1,6,6,1,2025,8,2025-05-25,hamilton,HAM,Lewis,Hamilton,British,ferrari,Ferrari,Italian,Circuit de Monaco,Monaco Grand Prix,Monte-Carlo,Monaco,7,3.337,260.286,False,technical,78,6085230,5,10.0,,
1152,865,215,6,11,2025,8,2025-05-25,hadjar,HAD,Isack,Hadjar,French,rb,RB F1 Team,Italian,Circuit de Monaco,Monaco Grand Prix,Monte-Carlo,Monaco,7,3.337,260.286,False,technical,77,\N,6,8.0,,
1152,839,210,6,11,2025,8,2025-05-25,ocon,OCO,Esteban,Ocon,French,haas,Haas F1 Team,American,Circuit de Monaco,Monaco Grand Prix,Monte-Carlo,Monaco,7,3.337,260.286,False,technical,77,\N,7,6.0,,
1152,859,215,6,11,2025,8,2025-05-25,lawson,LAW,Liam,Lawson,New Zealander,rb,RB F1 Team,Italian,Circuit de Monaco,Monaco Grand Prix,Monte-Carlo,Monaco,7,3.337,260.286,False,technical,77,\N,8,4.0,,
1152,848,3,6,12,2025,8,2025-05-25,albon,ALB,Alexander,Albon,Thai,williams,Williams,British,Circuit de Monaco,Monaco Grand Prix,Monte-Carlo,Monaco,7,3.337,260.286,False,technical,76,\N,9,2.0,,
1152,832,3,6,12,2025,8,2025-05-25,sainz,SAI,Carlos,Sainz,Spanish,williams,Williams,British,Circuit de Monaco,Monaco Grand Prix,Monte-Carlo,Monaco,7,3.337,260.286,False,technical,76,\N,10,1.0,,
1152,847,131,6,12,2025,8,2025-05-25,russell,RUS,George,Russell,British,mercedes,Mercedes,German,Circuit de Monaco,Monaco Grand Prix,Monte-Carlo,Monaco,7,3.337,260.286,False,technical,76,\N,11,0.0,,
1152,860,210,6,12,2025,8,2025-05-25,bearman,BEA,Oliver,Bearman,British,haas,Haas F1 Team,American,Circuit de Monaco,Monaco Grand Prix,Monte-Carlo,Monaco,7,3.337,260.286,False,technical,76,\N,12,0.0,,
1152,861,214,6,12,2025,8,2025-05-25,colapinto,COL,Franco,Colapinto,Argentinian ,alpine,Alpine F1 Team,French,Circuit de Monaco,Monaco Grand Prix,Monte-Carlo,Monaco,7,3.337,260.286,False,technical,76,\N,13,0.0,,
1152,864,15,6,12,2025,8,2025-05-25,bortoleto,BOR,Gabriel,Bortoleto,Brazilian,sauber,Sauber,Swiss,Circuit de Monaco,Monaco Grand Prix,Monte-Carlo,Monaco,7,3.337,260.286,False,technical,76,\N,14,0.0,,
1152,840,117,6,12,2025,8,2025-05-25,stroll,STR,Lance,Stroll,Canadian,aston_martin,Aston Martin,British,Circuit de Monaco,Monaco Grand Prix,Monte-Carlo,Monaco,7,3.337,260.286,False,technical,76,\N,15,0.0,,
1152,807,15,6,12,2025,8,2025-05-25,hulkenberg,HUL,Nico,Hülkenberg,German,sauber,Sauber,Swiss,Circuit de Monaco,Monaco Grand Prix,Monte-Carlo,Monaco,7,3.337,260.286,False,technical,76,\N,16,0.0,,
1152,852,9,6,12,2025,8,2025-05-25,tsunoda,TSU,Yuki,Tsunoda,Japanese,red_bull,Red Bull,Austrian,Circuit de Monaco,Monaco Grand Prix,Monte-Carlo,Monaco,7,3.337,260.286,False,technical,76,\N,17,0.0,,
1152,863,131,6,13,2025,8,2025-05-25,antonelli,ANT,Andrea Kimi,Antonelli,Italian,mercedes,Mercedes,German,Circuit de Monaco,Monaco Grand Prix,Monte-Carlo,Monaco,7,3.337,260.286,False,technical,75,\N,18,0.0,,
1152,4,117,6,5,2025,8,2025-05-25,alonso,ALO,Fernando,Alonso,Spanish,aston_martin,Aston Martin,British,Circuit de Monaco,Monaco Grand Prix,Monte-Carlo,Monaco,7,3.337,260.286,False,technical,36,\N,19,0.0,,
1152,842,214,6,130,2025,8,2025-05-25,gasly,GAS,Pierre,Gasly,French,alpine,Alpine F1 Team,French,Circuit de Monaco,Monaco Grand Prix,Monte-Carlo,Monaco,7,3.337,260.286,False,technical,7,\N,20,0.0,,
1153,857,1,4,1,2025,9,2025-06-01,piastri,PIA,Oscar,Piastri,Australian,mclaren,McLaren,British,Circuit de Barcelona-Catalunya,Spanish Grand Prix,Montmeló,Spain,109,4.657,307.362,False,balanced,66,5577375,1,25.0,,
1153,846,1,4,1,2025,9,2025-06-01,norris,NOR,Lando,Norris,British,mclaren,McLaren,British,Circuit de Barcelona-Catalunya,Spanish Grand Prix,Montmeló,Spain,109,4.657,307.362,False,balanced,66,5579846,2,18.0,,
1153,844,6,4,1,2025,9,2025-06-01,leclerc,LEC,Charles,Leclerc,Monegasque,ferrari,Ferrari,Italian,Circuit de Barcelona-Catalunya,Spanish Grand Prix,Montmeló,Spain,109,4.657,307.362,False,balanced,66,5587830,3,15.0,,
1153,847,131,4,1,2025,9,2025-06-01,russell,RUS,George,Russell,British,mercedes,Mercedes,German,Circuit de Barcelona-Catalunya,Spanish Grand Prix,Montmeló,Spain,109,4.657,307.362,False,balanced,66,5588734,4,12.0,,
1153,807,15,4,1,2025,9,2025-06-01,hulkenberg,HUL,Nico,Hülkenberg,German,sauber,Sauber,Swiss,Circuit de Barcelona-Catalunya,Spanish Grand Prix,Montmeló,Spain,109,4.657,307.362,False,balanced,66,5591023,5,10.0,,
1153,1,6,4,1,2025,9,2025-06-01,hamilton,HAM,Lewis,Hamilton,British,ferrari,Ferrari,Italian,Circuit de Barcelona-Catalunya,Spanish Grand Prix,Montmeló,Spain,109,4.657,307.362,False,balanced,66,5592883,6,8.0,,
1153,865,215,4,1,2025,9,2025-06-01,hadjar,HAD,Isack,Hadjar,French,rb,RB F1 Team,Italian,Circuit de Barcelona-Catalunya,Spanish Grand Prix,Montmeló,Spain,109,4.657,307.362,False,balanced,66,5593397,7,6.0,,
1153,842,214,4,1,2025,9,2025-06-01,gasly,GAS,Pierre,Gasly,French,alpine,Alpine F1 Team,French,Circuit de Barcelona-Catalunya,Spanish Grand Prix,Montmeló,Spain,109,4.657,307.362,False,balanced,66,5595257,8,4.0,,
1153,4,117,4,1,2025,9,2025-06-01,alonso,ALO,Fernando,Alonso,Spanish,aston_martin,Aston Martin,British,Circuit de Barcelona-Catalunya,Spanish Grand Prix,Montmeló,Spain,109,4.657,307.362,False,balanced,66,5598939,9,2.0,,
1153,830,9,4,1,2025,9,2025-06-01,max_verstappen,VER,Max,Verstappen,Dutch,red_bull,Red Bull,Austrian,Circuit de Barcelona-Catalunya,Spanish Grand Prix,Montmeló,Spain,109,4.657,307.362,False,balanced,66,5599201,10,1.0,,
1153,859,215,4,1,2025,9,2025-06-01,lawson,LAW,Liam,Lawson,New Zealander,rb,RB F1 Team,Italian,Circuit de Barcelona-Catalunya,Spanish Grand Prix,Montmeló,Spain,109,4.657,307.362,False,balanced,66,5602907,11,0.0,,
1153,864,15,4,1,2025,9,2025-06-01,bortoleto,BOR,Gabriel,Bortoleto,Brazilian,sauber,Sauber,Swiss,Circuit de Barcelona-Catalunya,Spanish Grand Prix,Montmeló,Spain,109,4.657,307.362,False,balanced,66,5603371,12,0.0,,
1153,852,9,4,1,2025,9,2025-06-01,tsunoda,TSU,Yuki,Tsunoda,Japanese,red_bull,Red Bull,Austrian,Circuit de Barcelona-Catalunya,Spanish Grand Prix,Montmeló,Spain,109,4.657,307.362,False,balanced,66,5606197,13,0.0,,
1153,832,3,4,1,2025,9,2025-06-01,sainz,SAI,Carlos,Sainz,Spanish,williams,Williams,British,Circuit de Barcelona-Catalunya,Spanish Grand Prix,Montmeló,Spain,109,4.657,307.362,False,balanced,66,5606684,14,0.0,,
1153,861,214,4,1,2025,9,2025-06-01,colapinto,COL,Franco,Colapinto,Argentinian ,alpine,Alpine F1 Team,French,Circuit de Barcelona-Catalunya,Spanish Grand Prix,Montmeló,Spain,109,4.657,307.362,False,balanced,66,5608756,15,0.0,,
1153,839,210,4,1,2025,9,2025-06-01,ocon,OCO,Esteban,Ocon,French,haas,Haas F1 Team,American,Circuit de Barcelona-Catalunya,Spanish Grand Prix,Montmeló,Spain,109,4.657,307.362,False,balanced,66,5609572,16,0.0,,
1153,860,210,4,1,2025,9,2025-06-01,bearman,BEA,Oliver,Bearman,British,haas,Haas F1 Team,American,Circuit de Barcelona-Catalunya,Spanish Grand Prix,Montmeló,Spain,109,4.657,307.362,False,balanced,66,5614440,17,0.0,,
1153,863,131,4,5,2025,9,2025-06-01,antonelli,ANT,Andrea Kimi,Antonelli,Italian,mercedes,Mercedes,German,Circuit de Barcelona-Catalunya,Spanish Grand Prix,Montmeló,Spain,109,4.657,307.362,False,balanced,53,\N,18,0.0,,
1153,848,3,4,130,2025,9,2025-06-01,albon,ALB,Alexander,Albon,Thai,williams,Williams,British,Circuit de Barcelona-Catalunya,Spanish Grand Prix,Montmeló,Spain,109,4.657,307.362,False,balanced,27,\N,19,0.0,,
1154,847,131,7,1,2025,10,2025-06-15,russell,RUS,George,Russell,British,mercedes,Mercedes,German,Circuit Gilles Villeneuve,Canadian Grand Prix,Montreal,Canada,13,4.361,305.27,False,balanced,70,5512688,1,25.0,,
1154,830,9,7,1,2025,10,2025-06-15,max_verstappen,VER,Max,Verstappen,Dutch,red_bull,Red Bull,Austrian,Circuit Gilles Villeneuve,Canadian Grand Prix,Montreal,Canada,13,4.361,305.27,False,balanced,70,5512916,2,18.0,,
1154,863,131,7,1,2025,10,2025-06-15,antonelli,ANT,Andrea Kimi,Antonelli,Italian,mercedes,Mercedes,German,Circuit Gilles Villeneuve,Canadian Grand Prix,Montreal,Canada,13,4.361,305.27,False,balanced,70,5513702,3,15.0,,
1154,857,1,7,1,2025,10,2025-06-15,piastri,PIA,Oscar,Piastri,Australian,mclaren,McLaren,British,Circuit Gilles Villeneuve,Canadian Grand Prix,Montreal,Canada,13,4.361,305.27,False,balanced,70,5514797,4,12.0,,
1154,844,6,7,1,2025,10,2025-06-15,leclerc,LEC,Charles,Leclerc,Monegasque,ferrari,Ferrari,Italian,Circuit Gilles Villeneuve,Canadian Grand Prix,Montreal,Canada,13,4.361,305.27,False,balanced,70,5516130,5,10.0,,
1154,1,6,7,1,2025,10,2025-06-15,hamilton,HAM,Lewis,Hamilton,British,ferrari,Ferrari,Italian,Circuit Gilles Villeneuve,Canadian Grand Prix,Montreal,Canada,13,4.361,305.27,False,balanced,70,5523401,6,8.0,,
1154,4,117,7,1,2025,10,2025-06-15,alonso,ALO,Fernando,Alonso,Spanish,aston_martin,Aston Martin,British,Circuit Gilles Villeneuve,Canadian Grand Prix,Montreal,Canada,13,4.361,305.27,False,balanced,70,5523660,7,6.0,,
1154,807,15,7,1,2025,10,2025-06-15,hulkenberg,HUL,Nico,Hülkenberg,German,sauber,Sauber,Swiss,Circuit Gilles Villeneuve,Canadian Grand Prix,Montreal,Canada,13,4.361,305.27,False,balanced,70,5528052,8,4.0,,
1154,839,210,7,11,2025,10,2025-06-15,ocon,OCO,Esteban,Ocon,French,haas,Haas F1 Team,American,Circuit Gilles Villeneuve,Canadian Grand Prix,Montreal,Canada,13,4.361,305.27,False,balanced,69,\N,9,2.0,,
1154,832,3,7,11,2025,10,2025-06-15,sainz,SAI,Carlos,Sainz,Spanish,williams,Williams,British,Circuit Gilles Villeneuve,Canadian Grand Prix,Montreal,Canada,13,4.361,305.27,False,balanced,69,\N,10,1.0,,
1154,860,210,7,11,2025,10,2025-06-15,bearman,BEA,Oliver,Bearman,British,haas,Haas F1 Team,American,Circuit Gilles Villeneuve,Canadian Grand Prix,Montreal,Canada,13,4.361,305.27,False,balanced,69,\N,11,0.0,,
1154,852,9,7,11,2025,10,2025-06-15,tsunoda,TSU,Yuki,Tsunoda,Japanese,red_bull,Red Bull,Austrian,Circuit Gilles Villeneuve,Canadian Grand Prix,Montreal,Canada,13,4.361,305.27,False,balanced,69,\N,12,0.0,,
1154,861,214,7,11,2025,10,2025-06-15,colapinto,COL,Franco,Colapinto,Argentinian ,alpine,Alpine F1 Team,French,Circuit Gilles Villeneuve,Canadian Grand Prix,Montreal,Canada,13,4.361,305.27,False,balanced,69,\N,13,0.0,,
1154,864,15,7,11,2025,10,2025-06-15,bortoleto,BOR,Gabriel,Bortoleto,Brazilian,sauber,Sauber,Swiss,Circuit Gilles Villeneuve,Canadian Grand Prix,Montreal,Canada,13,4.361,305.27,False,balanced,69,\N,14,0.0,,
1154,842,214,7,11,2025,10,2025-06-15,gasly,GAS,Pierre,Gasly,French,alpine,Alpine F1 Team,French,Circuit Gilles Villeneuve,Canadian Grand Prix,Montreal,Canada,13,4.361,305.27,False,balanced,69,\N,15,0.0,,
1154,865,215,7,11,2025,10,2025-06-15,hadjar,HAD,Isack,Hadjar,French,rb,RB F1 Team,Italian,Circuit Gilles Villeneuve,Canadian Grand Prix,Montreal,Canada,13,4.361,305.27,False,balanced,69,\N,16,0.0,,
1154,840,117,7,11,2025,10,2025-06-15,stroll,STR,Lance,Stroll,Canadian,aston_martin,Aston Martin,British,Circuit Gilles Villeneuve,Canadian Grand Prix,Montreal,Canada,13,4.361,305.27,False,balanced,69,\N,17,0.0,,
1154,846,1,7,4,2025,10,2025-06-15,norris,NOR,Lando,Norris,British,mclaren,McLaren,British,Circuit Gilles Villeneuve,Canadian Grand Prix,Montreal,Canada,13,4.361,305.27,False,balanced,66,\N,18,0.0,,
1154,859,215,7,25,2025,10,2025-06-15,lawson,LAW,Liam,Lawson,New Zealander,rb,RB F1 Team,Italian,Circuit Gilles Villeneuve,Canadian Grand Prix,Montreal,Canada,13,4.361,305.27,False,balanced,53,\N,19,0.0,,
1154,848,3,7,5,2025,10,2025-06-15,albon,ALB,Alexander,Albon,Thai,williams,Williams,British,Circuit Gilles Villeneuve,Canadian Grand Prix,Montreal,Canada,13,4.361,305.27,False,balanced,46,\N,20,0.0,,
1155,846,1,70,1,2025,11,2025-06-29,norris,NOR,Lando,Norris,British,mclaren,McLaren,British,Red Bull Ring,Austrian Grand Prix,Spielberg,Austria,678,4.326,302.82,False,high_speed,70,5027693,1,25.0,,
1155,857,1,70,1,2025,11,2025-06-29,piastri,PIA,Oscar,Piastri,Australian,mclaren,McLaren,British,Red Bull Ring,Austrian Grand Prix,Spielberg,Austria,678,4.326,302.82,False,high_speed,70,5030388,2,18.0,,
1155,844,6,70,1,2025,11,2025-06-29,leclerc,LEC,Charles,Leclerc,Monegasque,ferrari,Ferrari,Italian,Red Bull Ring,Austrian Grand Prix,Spielberg,Austria,678,4.326,302.82,False,high_speed,70,5047513,3,15.0,,
1155,1,6,70,1,2025,11,2025-06-29,hamilton,HAM,Lewis,Hamilton,British,ferrari,Ferrari,Italian,Red Bull Ring,Austrian Grand Prix,Spielberg,Austria,678,4.326,302.82,False,high_speed,70,5056713,4,12.0,,
1155,847,131,70,1,2025,11,2025-06-29,russell,RUS,George,Russell,British,mercedes,Mercedes,German,Red Bull Ring,Austrian Grand Prix,Spielberg,Austria,678,4.326,302.82,False,high_speed,70,5090089,5,10.0,,
1155,859,215,70,1,2025,11,2025-06-29,lawson,LAW,Liam,Lawson,New Zealander,rb,RB F1 Team,Italian,Red Bull Ring,Austrian Grand Prix,Spielberg,Austria,678,4.326,302.82,False,high_speed,70,5095447,6,8.0,,
1155,4,117,70,11,2025,11,2025-06-29,alonso,ALO,Fernando,Alonso,Spanish,aston_martin,Aston Martin,British,Red Bull Ring,Austrian Grand Prix,Spielberg,Austria,678,4.326,302.82,False,high_speed,69,\N,7,6.0,,
1155,864,15,70,11,2025,11,2025-06-29,bortoleto,BOR,Gabriel,Bortoleto,Brazilian,sauber,Sauber,Swiss,Red Bull Ring,Austrian Grand Prix,Spielberg,Austria,678,4.326,302.82,False,high_speed,69,\N,8,4.0,,
1155,807,15,70,11,2025,11,2025-06-29,hulkenberg,HUL,Nico,Hülkenberg,German,sauber,Sauber,Swiss,Red Bull Ring,Austrian Grand Prix,Spielberg,Austria,678,4.326,302.82,False,high_speed,69,\N,9,2.0,,
1155,839,210,70,11,2025,11,2025-06-29,ocon,OCO,Esteban,Ocon,French,haas,Haas F1 Team,American,Red Bull Ring,Austrian Grand Prix,Spielberg,Austria,678,4.326,302.82,False,high_speed,69,\N,10,1.0,,
1155,860,210,70,11,2025,11,2025-06-29,bearman,BEA,Oliver,Bearman,British,haas,Haas F1 Team,American,Red Bull Ring,Austrian Grand Prix,Spielberg,Austria,678,4.326,302.82,False,high_speed,69,\N,11,0.0,,
1155,865,215,70,11,2025,11,2025-06-29,hadjar,HAD,Isack,Hadjar,French,rb,RB F1 Team,Italian,Red Bull Ring,Austrian Grand Prix,Spielberg,Austria,678,4.326,302.82,False,high_speed,69,\N,12,0.0,,
1155,842,214,70,11,2025,11,2025-06-29,gasly,GAS,Pierre,Gasly,French,alpine,Alpine F1 Team,French,Red Bull Ring,Austrian Grand Prix,Spielberg,Austria,678,4.326,302.82,False,high_speed,69,\N,13,0.0,,
1155,840,117,70,11,2025,11,2025-06-29,stroll,STR,Lance,Stroll,Canadian,aston_martin,Aston Martin,British,Red Bull Ring,Austrian Grand Prix,Spielberg,Austria,678,4.326,302.82,False,high_speed,69,\N,14,0.0,,
1155,861,214,70,11,2025,11,2025-06-29,colapinto,COL,Franco,Colapinto,Argentinian ,alpine,Alpine F1 Team,French,Red Bull Ring,Austrian Grand Prix,Spielberg,Austria,678,4.326,302.82,False,high_speed,69,\N,15,0.0,,
1155,852,9,70,12,2025,11,2025-06-29,tsunoda,TSU,Yuki,Tsunoda,Japanese,red_bull,Red Bull,Austrian,Red Bull Ring,Austrian Grand Prix,Spielberg,Austria,678,4.326,302.82,False,high_speed,68,\N,16,0.0,,
1155,848,3,70,5,2025,11,2025-06-29,albon,ALB,Alexander,Albon,Thai,williams,Williams,British,Red Bull Ring,Austrian Grand Prix,Spielberg,Austria,678,4.326,302.82,False,high_speed,15,\N,17,0.0,,
1155,830,9,70,4,2025,11,2025-06-29,max_verstappen,VER,Max,Verstappen,Dutch,red_bull,Red Bull,Austrian,Red Bull Ring,Austrian Grand Prix,Spielberg,Austria,678,4.326,302.82,False,high_speed,0,\N,18,0.0,,
1155,863,131,70,4,2025,11,2025-06-29,antonelli,ANT,Andrea Kimi,Antonelli,Italian,mercedes,Mercedes,German,Red Bull Ring,Austrian Grand Prix,Spielberg,Austria,678,4.326,302.82,False,high_speed,0,\N,19,0.0,,
1155,832,3,70,23,2025,11,2025-06-29,sainz,SAI,Carlos,Sainz,Spanish,williams,Williams,British,Red Bull Ring,Austrian Grand Prix,Spielberg,Austria,678,4.326,302.82,False,high_speed,0,\N,20,0.0,,
1156,846,1,9,1,2025,12,2025-07-06,norris,NOR,Lando,Norris,British,mclaren,McLaren,British,Silverstone Circuit,British Grand Prix,Silverstone,UK,153,5.891,306.332,False,high_speed,52,5835735,1,25.0,,
1156,857,1,9,1,2025,12,2025-07-06,piastri,PIA,Oscar,Piastri,Australian,mclaren,McLaren,British,Silverstone Circuit,British Grand Prix,Silverstone,UK,153,5.891,306.332,False,high_speed,52,5842547,2,18.0,,
1156,807,15,9,1,2025,12,2025-07-06,hulkenberg,HUL,Nico,Hülkenberg,German,sauber,Sauber,Swiss,Silverstone Circuit,British Grand Prix,Silverstone,UK,153,5.891,306.332,False,high_speed,52,5870477,3,15.0,,
1156,1,6,9,1,2025,12,2025-07-06,hamilton,HAM,Lewis,Hamilton,British,ferrari,Ferrari,Italian,Silverstone Circuit,British Grand Prix,Silverstone,UK,153,5.891,306.332,False,high_speed,52,5875547,4,12.0,,
1156,830,9,9,1,2025,12,2025-07-06,max_verstappen,VER,Max,Verstappen,Dutch,red_bull,Red Bull,Austrian,Silverstone Circuit,British Grand Prix,Silverstone,UK,153,5.891,306.332,False,high_speed,52,5892516,5,10.0,,
1156,842,214,9,1,2025,12,2025-07-06,gasly,GAS,Pierre,Gasly,French,alpine,Alpine F1 Team,French,Silverstone Circuit,British Grand Prix,Silverstone,UK,153,5.891,306.332,False,high_speed,52,5895592,6,8.0,,
1156,840,117,9,1,2025,12,2025-07-06,stroll,STR,Lance,Stroll,Canadian,aston_martin,Aston Martin,British,Silverstone Circuit,British Grand Prix,Silverstone,UK,153,5.891,306.332,False,high_speed,52,5896338,7,6.0,,
1156,848,3,9,1,2025,12,2025-07-06,albon,ALB,Alexander,Albon,Thai,williams,Williams,British,Silverstone Circuit,British Grand Prix,Silverstone,UK,153,5.891,306.332,False,high_speed,52,5899870,8,4.0,,
1156,4,117,9,1,2025,12,2025-07-06,alonso,ALO,Fernando,Alonso,Spanish,aston_martin,Aston Martin,British,Silverstone Circuit,British Grand Prix,Silverstone,UK,153,5.891,306.332,False,high_speed,52,5901593,9,2.0,,
1156,847,131,9,1,2025,12,2025-07-06,russell,RUS,George,Russell,British,mercedes,Mercedes,German,Silverstone Circuit,British Grand Prix,Silverstone,UK,153,5.891,306.332,False,high_speed,52,5906409,10,1.0,,
1156,860,210,9,1,2025,12,2025-07-06,bearman,BEA,Oliver,Bearman,British,haas,Haas F1 Team,American,Silverstone Circuit,British Grand Prix,Silverstone,UK,153,5.891,306.332,False,high_speed,52,5907830,11,0.0,,
1156,832,3,9,1,2025,12,2025-07-06,sainz,SAI,Carlos,Sainz,Spanish,williams,Williams,British,Silverstone Circuit,British Grand Prix,Silverstone,UK,153,5.891,306.332,False,high_speed,52,5912327,12,0.0,,
1156,839,210,9,1,2025,12,2025-07-06,ocon,OCO,Esteban,Ocon,French,haas,Haas F1 Team,American,Silverstone Circuit,British Grand Prix,Silverstone,UK,153,5.891,306.332,False,high_speed,52,5913036,13,0.0,,
1156,844,6,9,1,2025,12,2025-07-06,leclerc,LEC,Charles,Leclerc,Monegasque,ferrari,Ferrari,Italian,Silverstone Circuit,British Grand Prix,Silverstone,UK,153,5.891,306.332,False,high_speed,52,5920212,14,0.0,,
1156,852,9,9,11,2025,12,2025-07-06,tsunoda,TSU,Yuki,Tsunoda,Japanese,red_bull,Red Bull,Austrian,Silverstone Circuit,British Grand Prix,Silverstone,UK,153,5.891,306.332,False,high_speed,51,\N,15,0.0,,
1156,863,131,9,130,2025,12,2025-07-06,antonelli,ANT,Andrea Kimi,Antonelli,Italian,mercedes,Mercedes,German,Silverstone Circuit,British Grand Prix,Silverstone,UK,153,5.891,306.332,False,high_speed,23,\N,16,0.0,,
1156,865,215,9,4,2025,12,2025-07-06,hadjar,HAD,Isack,Hadjar,French,rb,RB F1 Team,Italian,Silverstone Circuit,British Grand Prix,Silverstone,UK,153,5.891,306.332,False,high_speed,17,\N,17,0.0,,
1156,864,15,9,3,2025,12,2025-07-06,bortoleto,BOR,Gabriel,Bortoleto,Brazilian,sauber,Sauber,Swiss,Silverstone Circuit,British Grand Prix,Silverstone,UK,153,5.891,306.332,False,high_speed,3,\N,18,0.0,,
1156,859,215,9,4,2025,12,2025-07-06,lawson,LAW,Liam,Lawson,New Zealander,rb,RB F1 Team,Italian,Silverstone Circuit,British Grand Prix,Silverstone,UK,153,5.891,306.332,False,high_speed,0,\N,19,0.0,,
1156,861,214,9,6,2025,12,2025-07-06,colapinto,COL,Franco,Colapinto,Argentinian ,alpine,Alpine F1 Team,French,Silverstone Circuit,British Grand Prix,Silverstone,UK,153,5.891,306.332,False,high_speed,0,\N,20,0.0,,
1157,857,1,13,1,2025,13,2025-07-27,piastri,PIA,Oscar,Piastri,Australian,mclaren,McLaren,British,Circuit de Spa-Francorchamps,Belgian Grand Prix,Spa,Belgium,401,7.004,308.176,False,high_speed,44,5122601,1,25.0,2,7.0
1157,846,1,13,1,2025,13,2025-07-27,norris,NOR,Lando,Norris,British,mclaren,McLaren,British,Circuit de Spa-Francorchamps,Belgian Grand Prix,Spa,Belgium,401,7.004,308.176,False,high_speed,44,5126016,2,18.0,3,6.0
1157,844,6,13,1,2025,13,2025-07-27,leclerc,LEC,Charles,Leclerc,Monegasque,ferrari,Ferrari,Italian,Circuit de Spa-Francorchamps,Belgian Grand Prix,Spa,Belgium,401,7.004,308.176,False,high_speed,44,5142786,3,15.0,4,5.0
1157,830,9,13,1,2025,13,2025-07-27,max_verstappen,VER,Max,Verstappen,Dutch,red_bull,Red Bull,Austrian,Circuit de Spa-Francorchamps,Belgian Grand Prix,Spa,Belgium,401,7.004,308.176,False,high_speed,44,5144332,4,12.0,1,8.0
1157,847,131,13,1,2025,13,2025-07-27,russell,RUS,George,Russell,British,mercedes,Mercedes,German,Circuit de Spa-Francorchamps,Belgian Grand Prix,Spa,Belgium,401,7.004,308.176,False,high_speed,44,5157464,5,10.0,12,0.0
1157,848,3,13,1,2025,13,2025-07-27,albon,ALB,Alexander,Albon,Thai,williams,Williams,British,Circuit de Spa-Francorchamps,Belgian Grand Prix,Spa,Belgium,401,7.004,308.176,False,high_speed,44,5162527,6,8.0,16,0.0
1157,1,6,13,1,2025,13,2025-07-27,hamilton,HAM,Lewis,Hamilton,British,ferrari,Ferrari,Italian,Circuit de Spa-Francorchamps,Belgian Grand Prix,Spa,Belgium,401,7.004,308.176,False,high_speed,44,5163280,7,6.0,15,0.0
1157,859,215,13,1,2025,13,2025-07-27,lawson,LAW,Liam,Lawson,New Zealander,rb,RB F1 Team,Italian,Circuit de Spa-Francorchamps,Belgian Grand Prix,Spa,Belgium,401,7.004,308.176,False,high_speed,44,5174634,8,4.0,10,0.0
1157,864,15,13,1,2025,13,2025-07-27,bortoleto,BOR,Gabriel,Bortoleto,Brazilian,sauber,Sauber,Swiss,Circuit de Spa-Francorchamps,Belgian Grand Prix,Spa,Belgium,401,7.004,308.176,False,high_speed,44,5179035,9,2.0,9,0.0
1157,842,214,13,1,2025,13,2025-07-27,gasly,GAS,Pierre,Gasly,French,alpine,Alpine F1 Team,French,Circuit de Spa-Francorchamps,Belgian Grand Prix,Spa,Belgium,401,7.004,308.176,False,high_speed,44,5195315,10,1.0,20,0.0
1157,860,210,13,1,2025,13,2025-07-27,bearman,BEA,Oliver,Bearman,British,haas,Haas F1 Team,American,Circuit de Spa-Francorchamps,Belgian Grand Prix,Spa,Belgium,401,7.004,308.176,False,high_speed,44,5195746,11,0.0,7,2.0
1157,807,15,13,1,2025,13,2025-07-27,hulkenberg,HUL,Nico,Hülkenberg,German,sauber,Sauber,Swiss,Circuit de Spa-Francorchamps,Belgian Grand Prix,Spa,Belgium,401,7.004,308.176,False,high_speed,44,5196229,12,0.0,18,0.0
1157,852,9,13,1,2025,13,2025-07-27,tsunoda,TSU,Yuki,Tsunoda,Japanese,red_bull,Red Bull,Austrian,Circuit de Spa-Francorchamps,Belgian Grand Prix,Spa,Belgium,401,7.004,308.176,False,high_speed,44,5197996,13,0.0,11,0.0
1157,840,117,13,1,2025,13,2025-07-27,stroll,STR,Lance,Stroll,Canadian,aston_martin,Aston Martin,British,Circuit de Spa-Francorchamps,Belgian Grand Prix,Spa,Belgium,401,7.004,308.176,False,high_speed,44,5202432,14,0.0,13,0.0
1157,839,210,13,1,2025,13,2025-07-27,ocon,OCO,Esteban,Ocon,French,haas,Haas F1 Team,American,Circuit de Spa-Francorchamps,Belgian Grand Prix,Spa,Belgium,401,7.004,308.176,False,high_speed,44,5208664,15,0.0,5,4.0
1157,863,131,13,1,2025,13,2025-07-27,antonelli,ANT,Andrea Kimi,Antonelli,Italian,mercedes,Mercedes,German,Circuit de Spa-Francorchamps,Belgian Grand Prix,Spa,Belgium,401,7.004,308.176,False,high_speed,44,5209322,16,0.0,17,0.0
1157,4,117,13,1,2025,13,2025-07-27,alonso,ALO,Fernando,Alonso,Spanish,aston_martin,Aston Martin,British,Circuit de Spa-Francorchamps,Belgian Grand Prix,Spa,Belgium,401,7.004,308.176,False,high_speed,44,5210525,17,0.0,14,0.0
1157,832,3,13,1,2025,13,2025-07-27,sainz,SAI,Carlos,Sainz,Spanish,williams,Williams,British,Circuit de Spa-Francorchamps,Belgian Grand Prix,Spa,Belgium,401,7.004,308.176,False,high_speed,44,5214625,18,0.0,6,3.0
1157,861,214,13,1,2025,13,2025-07-27,colapinto,COL,Franco,Colapinto,Argentinian ,alpine,Alpine F1 Team,French,Circuit de Spa-Francorchamps,Belgian Grand Prix,Spa,Belgium,401,7.004,308.176,False,high_speed,44,5217851,19,0.0,19,0.0
1157,865,215,13,11,2025,13,2025-07-27,hadjar,HAD,Isack,Hadjar,French,rb,RB F1 Team,Italian,Circuit de Spa-Francorchamps,Belgian Grand Prix,Spa,Belgium,401,7.004,308.176,False,high_speed,43,\N,20,0.0,8,1.0
1158,846,1,11,1,2025,14,2025-08-03,norris,NOR,Lando,Norris,British,mclaren,McLaren,British,Hungaroring,Hungarian Grand Prix,Budapest,Hungary,264,4.381,306.67,False,technical,70,5721231,1,25.0,,
1158,857,1,11,1,2025,14,2025-08-03,piastri,PIA,Oscar,Piastri,Australian,mclaren,McLaren,British,Hungaroring,Hungarian Grand Prix,Budapest,Hungary,264,4.381,306.67,False,technical,70,5721929,2,18.0,,
1158,847,131,11,1,2025,14,2025-08-03,russell,RUS,George,Russell,British,mercedes,Mercedes,German,Hungaroring,Hungarian Grand Prix,Budapest,Hungary,264,4.381,306.67,False,technical,70,5743147,3,15.0,,
1158,844,6,11,1,2025,14,2025-08-03,leclerc,LEC,Charles,Leclerc,Monegasque,ferrari,Ferrari,Italian,Hungaroring,Hungarian Grand Prix,Budapest,Hungary,264,4.381,306.67,False,technical,70,5763791,4,12.0,,
1158,4,117,11,1,2025,14,2025-08-03,alonso,ALO,Fernando,Alonso,Spanish,aston_martin,Aston Martin,British,Hungaroring,Hungarian Grand Prix,Budapest,Hungary,264,4.381,306.67,False,technical,70,5780271,5,10.0,,
1158,864,15,11,1,2025,14,2025-08-03,bortoleto,BOR,Gabriel,Bortoleto,Brazilian,sauber,Sauber,Swiss,Hungaroring,Hungarian Grand Prix,Budapest,Hungary,264,4.381,306.67,False,technical,70,5787400,6,8.0,,
1158,840,117,11,1,2025,14,2025-08-03,stroll,STR,Lance,Stroll,Canadian,aston_martin,Aston Martin,British,Hungaroring,Hungarian Grand Prix,Budapest,Hungary,264,4.381,306.67,False,technical,70,5789405,7,6.0,,
1158,859,215,11,1,2025,14,2025-08-03,lawson,LAW,Liam,Lawson,New Zealander,rb,RB F1 Team,Italian,Hungaroring,Hungarian Grand Prix,Budapest,Hungary,264,4.381,306.67,False,technical,70,5790682,8,4.0,,
1158,830,9,11,1,2025,14,2025-08-03,max_verstappen,VER,Max,Verstappen,Dutch,red_bull,Red Bull,Austrian,Hungaroring,Hungarian Grand Prix,Budapest,Hungary,264,4.381,306.67,False,technical,70,5793876,9,2.0,,
1158,863,131,11,11,2025,14,2025-08-03,antonelli,ANT,Andrea Kimi,Antonelli,Italian,mercedes,Mercedes,German,Hungaroring,Hungarian Grand Prix,Budapest,Hungary,264,4.381,306.67,False,technical,69,\N,10,1.0,,
1158,865,215,11,11,2025,14,2025-08-03,hadjar,HAD,Isack,Hadjar,French,rb,RB F1 Team,Italian,Hungaroring,Hungarian Grand Prix,Budapest,Hungary,264,4.381,306.67,False,technical,69,\N,11,0.0,,
1158,1,6,11,11,2025,14,2025-08-03,hamilton,HAM,Lewis,Hamilton,British,ferrari,Ferrari,Italian,Hungaroring,Hungarian Grand Prix,Budapest,Hungary,264,4.381,306.67,False,technical,69,\N,12,0.0,,
1158,807,15,11,11,2025,14,2025-08-03,hulkenberg,HUL,Nico,Hülkenberg,German,sauber,Sauber,Swiss,Hungaroring,Hungarian Grand Prix,Budapest,Hungary,264,4.381,306.67,False,technical,69,\N,13,0.0,,
1158,832,3,11,11,2025,14,2025-08-03,sainz,SAI,Carlos,Sainz,Spanish,williams,Williams,British,Hungaroring,Hungarian Grand Prix,Budapest,Hungary,264,4.381,306.67,False,technical,69,\N,14,0.0,,
1158,848,3,11,11,2025,14,2025-08-03,albon,ALB,Alexander,Albon,Thai,williams,Williams,British,Hungaroring,Hungarian Grand Prix,Budapest,Hungary,264,4.381,306.67,False,technical,69,\N,15,0.0,,
1158,839,210,11,11,2025,14,2025-08-03,ocon,OCO,Esteban,Ocon,French,haas,Haas F1 Team,American,Hungaroring,Hungarian Grand Prix,Budapest,Hungary,264,4.381,306.67,False,technical,69,\N,16,0.0,,
1158,852,9,11,11,2025,14,2025-08-03,tsunoda,TSU,Yuki,Tsunoda,Japanese,red_bull,Red Bull,Austrian,Hungaroring,Hungarian Grand Prix,Budapest,Hungary,264,4.381,306.67,False,technical,69,\N,17,0.0,,
1158,861,214,11,11,2025,14,2025-08-03,colapinto,COL,Franco,Colapinto,Argentinian ,alpine,Alpine F1 Team,French,Hungaroring,Hungarian Grand Prix,Budapest,Hungary,264,4.381,306.67,False,technical,69,\N,18,0.0,,
1158,842,214,11,11,2025,14,2025-08-03,gasly,GAS,Pierre,Gasly,French,alpine,Alpine F1 Team,French,Hungaroring,Hungarian Grand Prix,Budapest,Hungary,264,4.381,306.67,False,technical,69,\N,19,0.0,,
1158,860,210,11,140,2025,14,2025-08-03,bearman,BEA,Oliver,Bearman,British,haas,Haas F1 Team,American,Hungaroring,Hungarian Grand Prix,Budapest,Hungary,264,4.381,306.67,False,technical,48,\N,20,0.0,,
1159,857,1,39,1,2025,15,2025-08-31,piastri,PIA,Oscar,Piastri,Australian,mclaren,McLaren,British,Circuit Park Zandvoort,Dutch Grand Prix,Zandvoort,Netherlands,6,4.259,306.648,False,balanced,72,5909849,1,25.0,,
1159,830,9,39,1,2025,15,2025-08-31,max_verstappen,VER,Max,Verstappen,Dutch,red_bull,Red Bull,Austrian,Circuit Park Zandvoort,Dutch Grand Prix,Zandvoort,Netherlands,6,4.259,306.648,False,balanced,72,5911120,2,18.0,,
1159,865,215,39,1,2025,15,2025-08-31,hadjar,HAD,Isack,Hadjar,French,rb,RB F1 Team,Italian,Circuit Park Zandvoort,Dutch Grand Prix,Zandvoort,Netherlands,6,4.259,306.648,False,balanced,72,5913082,3,15.0,,
1159,847,131,39,1,2025,15,2025-08-31,russell,RUS,George,Russell,British,mercedes,Mercedes,German,Circuit Park Zandvoort,Dutch Grand Prix,Zandvoort,Netherlands,6,4.259,306.648,False,balanced,72,5915503,4,12.0,,
1159,848,3,39,1,2025,15,2025-08-31,albon,ALB,Alexander,Albon,Thai,williams,Williams,British,Circuit Park Zandvoort,Dutch Grand Prix,Zandvoort,Netherlands,6,4.259,306.648,False,balanced,72,5916176,5,10.0,,
1159,860,210,39,1,2025,15,2025-08-31,bearman,BEA,Oliver,Bearman,British,haas,Haas F1 Team,American,Circuit Park Zandvoort,Dutch Grand Prix,Zandvoort,Netherlands,6,4.259,306.648,False,balanced,72,5918893,6,8.0,,
1159,840,117,39,1,2025,15,2025-08-31,stroll,STR,Lance,Stroll,Canadian,aston_martin,Aston Martin,British,Circuit Park Zandvoort,Dutch Grand Prix,Zandvoort,Netherlands,6,4.259,306.648,False,balanced,72,5919346,7,6.0,,
1159,4,117,39,1,2025,15,2025-08-31,alonso,ALO,Fernando,Alonso,Spanish,aston_martin,Aston Martin,British,Circuit Park Zandvoort,Dutch Grand Prix,Zandvoort,Netherlands,6,4.259,306.648,False,balanced,72,5921558,8,4.0,,
1159,852,9,39,1,2025,15,2025-08-31,tsunoda,TSU,Yuki,Tsunoda,Japanese,red_bull,Red Bull,Austrian,Circuit Park Zandvoort,Dutch Grand Prix,Zandvoort,Netherlands,6,4.259,306.648,False,balanced,72,5923446,9,2.0,,
1159,839,210,39,1,2025,15,2025-08-31,ocon,OCO,Esteban,Ocon,French,haas,Haas F1 Team,American,Circuit Park Zandvoort,Dutch Grand Prix,Zandvoort,Netherlands,6,4.259,306.648,False,balanced,72,5923912,10,1.0,,
1159,861,214,39,1,2025,15,2025-08-31,colapinto,COL,Franco,Colapinto,Argentinian ,alpine,Alpine F1 Team,French,Circuit Park Zandvoort,Dutch Grand Prix,Zandvoort,Netherlands,6,4.259,306.648,False,balanced,72,5924360,11,0.0,,
1159,859,215,39,1,2025,15,2025-08-31,lawson,LAW,Liam,Lawson,New Zealander,rb,RB F1 Team,Italian,Circuit Park Zandvoort,Dutch Grand Prix,Zandvoort,Netherlands,6,4.259,306.648,False,balanced,72,5926912,12,0.0,,
1159,832,3,39,1,2025,15,2025-08-31,sainz,SAI,Carlos,Sainz,Spanish,williams,Williams,British,Circuit Park Zandvoort,Dutch Grand Prix,Zandvoort,Netherlands,6,4.259,306.648,False,balanced,72,5927225,13,0.0,,
1159,807,15,39,1,2025,15,2025-08-31,hulkenberg,HUL,Nico,Hülkenberg,German,sauber,Sauber,Swiss,Circuit Park Zandvoort,Dutch Grand Prix,Zandvoort,Netherlands,6,4.259,306.648,False,balanced,72,5929574,14,0.0,,
1159,864,15,39,1,2025,15,2025-08-31,bortoleto,BOR,Gabriel,Bortoleto,Brazilian,sauber,Sauber,Swiss,Circuit Park Zandvoort,Dutch Grand Prix,Zandvoort,Netherlands,6,4.259,306.648,False,balanced,72,5931414,15,0.0,,
1159,863,131,39,1,2025,15,2025-08-31,antonelli,ANT,Andrea Kimi,Antonelli,Italian,mercedes,Mercedes,German,Circuit Park Zandvoort,Dutch Grand Prix,Zandvoort,Netherlands,6,4.259,306.648,False,balanced,72,5931878,16,0.0,,
1159,842,214,39,1,2025,15,2025-08-31,gasly,GAS,Pierre,Gasly,French,alpine,Alpine F1 Team,French,Circuit Park Zandvoort,Dutch Grand Prix,Zandvoort,Netherlands,6,4.259,306.648,False,balanced,72,5933478,17,0.0,,
1159,846,1,39,44,2025,15,2025-08-31,norris,NOR,Lando,Norris,British,mclaren,McLaren,British,Circuit Park Zandvoort,Dutch Grand Prix,Zandvoort,Netherlands,6,4.259,306.648,False,balanced,64,\N,18,0.0,,
1159,844,6,39,4,2025,15,2025-08-31,leclerc,LEC,Charles,Leclerc,Monegasque,ferrari,Ferrari,Italian,Circuit Park Zandvoort,Dutch Grand Prix,Zandvoort,Netherlands,6,4.259,306.648,False,balanced,52,\N,19,0.0,,
1159,1,6,39,3,2025,15,2025-08-31,hamilton,HAM,Lewis,Hamilton,British,ferrari,Ferrari,Italian,Circuit Park Zandvoort,Dutch Grand Prix,Zandvoort,Netherlands,6,4.259,306.648,False,balanced,22,\N,20,0.0,,
1160,830,9,14,1,2025,16,2025-09-07,max_verstappen,VER,Max,Verstappen,Dutch,red_bull,Red Bull,Austrian,Autodromo Nazionale di Monza,Italian Grand Prix,Monza,Italy,162,5.793,307.029,False,high_speed,53,4404325,1,25.0,,
1160,846,1,14,1,2025,16,2025-09-07,norris,NOR,Lando,Norris,British,mclaren,McLaren,British,Autodromo Nazionale di Monza,Italian Grand Prix,Monza,Italy,162,5.793,307.029,False,high_speed,53,4423532,2,18.0,,
1160,857,1,14,1,2025,16,2025-09-07,piastri,PIA,Oscar,Piastri,Australian,mclaren,McLaren,British,Autodromo Nazionale di Monza,Italian Grand Prix,Monza,Italy,162,5.793,307.029,False,high_speed,53,4425676,3,15.0,,
1160,844,6,14,1,2025,16,2025-09-07,leclerc,LEC,Charles,Leclerc,Monegasque,ferrari,Ferrari,Italian,Autodromo Nazionale di Monza,Italian Grand Prix,Monza,Italy,162,5.793,307.029,False,high_speed,53,4429949,4,12.0,,
1160,847,131,14,1,2025,16,2025-09-07,russell,RUS,George,Russell,British,mercedes,Mercedes,German,Autodromo Nazionale di Monza,Italian Grand Prix,Monza,Italy,162,5.793,307.029,False,high_speed,53,4437206,5,10.0,,
1160,1,6,14,1,2025,16,2025-09-07,hamilton,HAM,Lewis,Hamilton,British,ferrari,Ferrari,Italian,Autodromo Nazionale di Monza,Italian Grand Prix,Monza,Italy,162,5.793,307.029,False,high_speed,53,4441774,6,8.0,,
1160,848,3,14,1,2025,16,2025-09-07,albon,ALB,Alexander,Albon,Thai,williams,Williams,British,Autodromo Nazionale di Monza,Italian Grand Prix,Monza,Italy,162,5.793,307.029,False,high_speed,53,4454862,7,6.0,,
1160,864,15,14,1,2025,16,2025-09-07,bortoleto,BOR,Gabriel,Bortoleto,Brazilian,sauber,Sauber,Swiss,Autodromo Nazionale di Monza,Italian Grand Prix,Monza,Italy,162,5.793,307.029,False,high_speed,53,4462809,8,4.0,,
1160,863,131,14,1,2025,16,2025-09-07,antonelli,ANT,Andrea Kimi,Antonelli,Italian,mercedes,Mercedes,German,Autodromo Nazionale di Monza,Italian Grand Prix,Monza,Italy,162,5.793,307.029,False,high_speed,53,4464087,9,2.0,,
1160,865,215,14,1,2025,16,2025-09-07,hadjar,HAD,Isack,Hadjar,French,rb,RB F1 Team,Italian,Autodromo Nazionale di Monza,Italian Grand Prix,Monza,Italy,162,5.793,307.029,False,high_speed,53,4468216,10,1.0,,
1160,832,3,14,1,2025,16,2025-09-07,sainz,SAI,Carlos,Sainz,Spanish,williams,Williams,British,Autodromo Nazionale di Monza,Italian Grand Prix,Monza,Italy,162,5.793,307.029,False,high_speed,53,4468794,11,0.0,,
1160,860,210,14,1,2025,16,2025-09-07,bearman,BEA,Oliver,Bearman,British,haas,Haas F1 Team,American,Autodromo Nazionale di Monza,Italian Grand Prix,Monza,Italy,162,5.793,307.029,False,high_speed,53,4483613,12,0.0,,
1160,852,9,14,1,2025,16,2025-09-07,tsunoda,TSU,Yuki,Tsunoda,Japanese,red_bull,Red Bull,Austrian,Autodromo Nazionale di Monza,Italian Grand Prix,Monza,Italy,162,5.793,307.029,False,high_speed,53,4485026,13,0.0,,
1160,859,215,14,1,2025,16,2025-09-07,lawson,LAW,Liam,Lawson,New Zealander,rb,RB F1 Team,Italian,Autodromo Nazionale di Monza,Italian Grand Prix,Monza,Italy,162,5.793,307.029,False,high_speed,53,4486676,14,0.0,,
1160,839,210,14,11,2025,16,2025-09-07,ocon,OCO,Esteban,Ocon,French,haas,Haas F1 Team,American,Autodromo Nazionale di Monza,Italian Grand Prix,Monza,Italy,162,5.793,307.029,False,high_speed,52,\N,15,0.0,,
1160,842,214,14,11,2025,16,2025-09-07,gasly,GAS,Pierre,Gasly,French,alpine,Alpine F1 Team,French,Autodromo Nazionale di Monza,Italian Grand Prix,Monza,Italy,162,5.793,307.029,False,high_speed,52,\N,16,0.0,,
1160,861,214,14,11,2025,16,2025-09-07,colapinto,COL,Franco,Colapinto,Argentinian ,alpine,Alpine F1 Team,French,Autodromo Nazionale di Monza,Italian Grand Prix,Monza,Italy,162,5.793,307.029,False,high_speed,52,\N,17,0.0,,
1160,840,117,14,11,2025,16,2025-09-07,stroll,STR,Lance,Stroll,Canadian,aston_martin,Aston Martin,British,Autodromo Nazionale di Monza,Italian Grand Prix,Monza,Italy,162,5.793,307.029,False,high_speed,52,\N,18,0.0,,
1160,4,117,14,22,2025,16,2025-09-07,alonso,ALO,Fernando,Alonso,Spanish,aston_martin,Aston Martin,British,Autodromo Nazionale di Monza,Italian Grand Prix,Monza,Italy,162,5.793,307.029,False,high_speed,24,\N,19,0.0,,
1160,807,15,14,6,2025,16,2025-09-07,hulkenberg,HUL,Nico,Hülkenberg,German,sauber,Sauber,Swiss,Autodromo Nazionale di Monza,Italian Grand Prix,Monza,Italy,162,5.793,307.029,False,high_speed,0,\N,20,0.0,,
1161,830,9,73,1,2025,17,2025-09-21,max_verstappen,VER,Max,Verstappen,Dutch,red_bull,Red Bull,Austrian,Baku City Circuit,Azerbaijan Grand Prix,Baku,Azerbaijan,-7,6.003,306.153,False,high_speed,51,5606408,1,25.0,,
1161,847,131,73,1,2025,17,2025-09-21,russell,RUS,George,Russell,British,mercedes,Mercedes,German,Baku City Circuit,Azerbaijan Grand Prix,Baku,Azerbaijan,-7,6.003,306.153,False,high_speed,51,5621017,2,18.0,,
1161,832,3,73,1,2025,17,2025-09-21,sainz,SAI,Carlos,Sainz,Spanish,williams,Williams,British,Baku City Circuit,Azerbaijan Grand Prix,Baku,Azerbaijan,-7,6.003,306.153,False,high_speed,51,5625607,3,15.0,,
1161,863,131,73,1,2025,17,2025-09-21,antonelli,ANT,Andrea Kimi,Antonelli,Italian,mercedes,Mercedes,German,Baku City Circuit,Azerbaijan Grand Prix,Baku,Azerbaijan,-7,6.003,306.153,False,high_speed,51,5628168,4,12.0,,
1161,859,215,73,1,2025,17,2025-09-21,lawson,LAW,Liam,Lawson,New Zealander,rb,RB F1 Team,Italian,Baku City Circuit,Azerbaijan Grand Prix,Baku,Azerbaijan,-7,6.003,306.153,False,high_speed,51,5639698,5,10.0,,
1161,852,9,73,1,2025,17,2025-09-21,tsunoda,TSU,Yuki,Tsunoda,Japanese,red_bull,Red Bull,Austrian,Baku City Circuit,Azerbaijan Grand Prix,Baku,Azerbaijan,-7,6.003,306.153,False,high_speed,51,5640216,6,8.0,,
1161,846,1,73,1,2025,17,2025-09-21,norris,NOR,Lando,Norris,British,mclaren,McLaren,British,Baku City Circuit,Azerbaijan Grand Prix,Baku,Azerbaijan,-7,6.003,306.153,False,high_speed,51,5640635,7,6.0,,
1161,1,6,73,1,2025,17,2025-09-21,hamilton,HAM,Lewis,Hamilton,British,ferrari,Ferrari,Italian,Baku City Circuit,Azerbaijan Grand Prix,Baku,Azerbaijan,-7,6.003,306.153,False,high_speed,51,5642718,8,4.0,,
1161,844,6,73,1,2025,17,2025-09-21,leclerc,LEC,Charles,Leclerc,Monegasque,ferrari,Ferrari,Italian,Baku City Circuit,Azerbaijan Grand Prix,Baku,Azerbaijan,-7,6.003,306.153,False,high_speed,51,5643182,9,2.0,,
1161,865,215,73,1,2025,17,2025-09-21,hadjar,HAD,Isack,Hadjar,French,rb,RB F1 Team,Italian,Baku City Circuit,Azerbaijan Grand Prix,Baku,Azerbaijan,-7,6.003,306.153,False,high_speed,51,5645390,10,1.0,,
1161,864,15,73,1,2025,17,2025-09-21,bortoleto,BOR,Gabriel,Bortoleto,Brazilian,sauber,Sauber,Swiss,Baku City Circuit,Azerbaijan Grand Prix,Baku,Azerbaijan,-7,6.003,306.153,False,high_speed,51,5674014,11,0.0,,
1161,860,210,73,1,2025,17,2025-09-21,bearman,BEA,Oliver,Bearman,British,haas,Haas F1 Team,American,Baku City Circuit,Azerbaijan Grand Prix,Baku,Azerbaijan,-7,6.003,306.153,False,high_speed,51,5674670,12,0.0,,
1161,848,3,73,1,2025,17,2025-09-21,albon,ALB,Alexander,Albon,Thai,williams,Williams,British,Baku City Circuit,Azerbaijan Grand Prix,Baku,Azerbaijan,-7,6.003,306.153,False,high_speed,51,5679278,13,0.0,,
1161,839,210,73,1,2025,17,2025-09-21,ocon,OCO,Esteban,Ocon,French,haas,Haas F1 Team,American,Baku City Circuit,Azerbaijan Grand Prix,Baku,Azerbaijan,-7,6.003,306.153,False,high_speed,51,5683988,14,0.0,,
1161,4,117,73,1,2025,17,2025-09-21,alonso,ALO,Fernando,Alonso,Spanish,aston_martin,Aston Martin,British,Baku City Circuit,Azerbaijan Grand Prix,Baku,Azerbaijan,-7,6.003,306.153,False,high_speed,51,5685115,15,0.0,,
1161,807,15,73,1,2025,17,2025-09-21,hulkenberg,HUL,Nico,Hülkenberg,German,sauber,Sauber,Swiss,Baku City Circuit,Azerbaijan Grand Prix,Baku,Azerbaijan,-7,6.003,306.153,False,high_speed,51,5686645,16,0.0,,
1161,840,117,73,1,2025,17,2025-09-21,stroll,STR,Lance,Stroll,Canadian,aston_martin,Aston Martin,British,Baku City Circuit,Azerbaijan Grand Prix,Baku,Azerbaijan,-7,6.003,306.153,False,high_speed,51,5702800,17,0.0,,
1161,842,214,73,11,2025,17,2025-09-21,gasly,GAS,Pierre,Gasly,French,alpine,Alpine F1 Team,French,Baku City Circuit,Azerbaijan Grand Prix,Baku,Azerbaijan,-7,6.003,306.153,False,high_speed,50,\N,18,0.0,,
1161,861,214,73,11,2025,17,2025-09-21,colapinto,COL,Franco,Colapinto,Argentinian ,alpine,Alpine F1 Team,French,Baku City Circuit,Azerbaijan Grand Prix,Baku,Azerbaijan,-7,6.003,306.153,False,high_speed,50,\N,19,0.0,,
1161,857,1,73,3,2025,17,2025-09-21,piastri,PIA,Oscar,Piastri,Australian,mclaren,McLaren,British,Baku City Circuit,Azerbaijan Grand Prix,Baku,Azerbaijan,-7,6.003,306.153,False,high_speed,0,\N,20,0.0,,
1162,847,131,15,1,2025,18,2025-10-05,russell,RUS,George,Russell,British,mercedes,Mercedes,German,Marina Bay Street Circuit,Singapore Grand Prix,Marina Bay,Singapore,18,4.927,305.474,True,technical,62,6022367,1,25.0,,
1162,830,9,15,1,2025,18,2025-10-05,max_verstappen,VER,Max,Verstappen,Dutch,red_bull,Red Bull,Austrian,Marina Bay Street Circuit,Singapore Grand Prix,Marina Bay,Singapore,18,4.927,305.474,True,technical,62,6027797,2,18.0,,
1162,846,1,15,1,2025,18,2025-10-05,norris,NOR,Lando,Norris,British,mclaren,McLaren,British,Marina Bay Street Circuit,Singapore Grand Prix,Marina Bay,Singapore,18,4.927,305.474,True,technical,62,6028433,3,15.0,,
1162,857,1,15,1,2025,18,2025-10-05,piastri,PIA,Oscar,Piastri,Australian,mclaren,McLaren,British,Marina Bay Street Circuit,Singapore Grand Prix,Marina Bay,Singapore,18,4.927,305.474,True,technical,62,6030513,4,12.0,,
1162,863,131,15,1,2025,18,2025-10-05,antonelli,ANT,Andrea Kimi,Antonelli,Italian,mercedes,Mercedes,German,Marina Bay Street Circuit,Singapore Grand Prix,Marina Bay,Singapore,18,4.927,305.474,True,technical,62,6056048,5,10.0,,
1162,844,6,15,1,2025,18,2025-10-05,leclerc,LEC,Charles,Leclerc,Monegasque,ferrari,Ferrari,Italian,Marina Bay Street Circuit,Singapore Grand Prix,Marina Bay,Singapore,18,4.927,305.474,True,technical,62,6068363,6,8.0,,
1162,4,117,15,1,2025,18,2025-10-05,alonso,ALO,Fernando,Alonso,Spanish,aston_martin,Aston Martin,British,Marina Bay Street Circuit,Singapore Grand Prix,Marina Bay,Singapore,18,4.927,305.474,True,technical,62,6103034,7,6.0,,
1162,1,6,15,1,2025,18,2025-10-05,hamilton,HAM,Lewis,Hamilton,British,ferrari,Ferrari,Italian,Marina Bay Street Circuit,Singapore Grand Prix,Marina Bay,Singapore,18,4.927,305.474,True,technical,62,6107618,8,4.0,,
1162,860,210,15,1,2025,18,2025-10-05,bearman,BEA,Oliver,Bearman,British,haas,Haas F1 Team,American,Marina Bay Street Circuit,Singapore Grand Prix,Marina Bay,Singapore,18,4.927,305.474,True,technical,62,6115894,9,2.0,,
1162,832,3,15,11,2025,18,2025-10-05,sainz,SAI,Carlos,Sainz,Spanish,williams,Williams,British,Marina Bay Street Circuit,Singapore Grand Prix,Marina Bay,Singapore,18,4.927,305.474,True,technical,61,\N,10,1.0,,
1162,865,215,15,11,2025,18,2025-10-05,hadjar,HAD,Isack,Hadjar,French,rb,RB F1 Team,Italian,Marina Bay Street Circuit,Singapore Grand Prix,Marina Bay,Singapore,18,4.927,305.474,True,technical,61,\N,11,0.0,,
1162,852,9,15,11,2025,18,2025-10-05,tsunoda,TSU,Yuki,Tsunoda,Japanese,red_bull,Red Bull,Austrian,Marina Bay Street Circuit,Singapore Grand Prix,Marina Bay,Singapore,18,4.927,305.474,True,technical,61,\N,12,0.0,,
1162,840,117,15,11,2025,18,2025-10-05,stroll,STR,Lance,Stroll,Canadian,aston_martin,Aston Martin,British,Marina Bay Street Circuit,Singapore Grand Prix,Marina Bay,Singapore,18,4.927,305.474,True,technical,61,\N,13,0.0,,
1162,848,3,15,11,2025,18,2025-10-05,albon,ALB,Alexander,Albon,Thai,williams,Williams,British,Marina Bay Street Circuit,Singapore Grand Prix,Marina Bay,Singapore,18,4.927,305.474,True,technical,61,\N,14,0.0,,
1162,859,215,15,11,2025,18,2025-10-05,lawson,LAW,Liam,Lawson,New Zealander,rb,RB F1 Team,Italian,Marina Bay Street Circuit,Singapore Grand Prix,Marina Bay,Singapore,18,4.927,305.474,True,technical,61,\N,15,0.0,,
1162,861,214,15,11,2025,18,2025-10-05,colapinto,COL,Franco,Colapinto,Argentinian ,alpine,Alpine F1 Team,French,Marina Bay Street Circuit,Singapore Grand Prix,Marina Bay,Singapore,18,4.927,305.474,True,technical,61,\N,16,0.0,,
1162,864,15,15,11,2025,18,2025-10-05,bortoleto,BOR,Gabriel,Bortoleto,Brazilian,sauber,Sauber,Swiss,Marina Bay Street Circuit,Singapore Grand Prix,Marina Bay,Singapore,18,4.927,305.474,True,technical,61,\N,17,0.0,,
1162,839,210,15,11,2025,18,2025-10-05,ocon,OCO,Esteban,Ocon,French,haas,Haas F1 Team,American,Marina Bay Street Circuit,Singapore Grand Prix,Marina Bay,Singapore,18,4.927,305.474,True,technical,61,\N,18,0.0,,
1162,842,214,15,11,2025,18,2025-10-05,gasly,GAS,Pierre,Gasly,French,alpine,Alpine F1 Team,French,Marina Bay Street Circuit,Singapore Grand Prix,Marina Bay,Singapore,18,4.927,305.474,True,technical,61,\N,19,0.0,,
1162,807,15,15,11,2025,18,2025-10-05,hulkenberg,HUL,Nico,Hülkenberg,German,sauber,Sauber,Swiss,Marina Bay Street Circuit,Singapore Grand Prix,Marina Bay,Singapore,18,4.927,305.474,True,technical,61,\N,20,0.0,,
1163,830,9,69,1,2025,19,2025-10-19,max_verstappen,VER,Max,Verstappen,Dutch,red_bull,Red Bull,Austrian,Circuit of the Americas,United States Grand Prix,Austin,USA,161,5.513,308.728,False,balanced,56,5640161,1,25.0,1,8.0
1163,846,1,69,1,2025,19,2025-10-19,norris,NOR,Lando,Norris,British,mclaren,McLaren,British,Circuit of the Americas,United States Grand Prix,Austin,USA,161,5.513,308.728,False,balanced,56,5648120,2,18.0,18,0.0
1163,844,6,69,1,2025,19,2025-10-19,leclerc,LEC,Charles,Leclerc,Monegasque,ferrari,Ferrari,Italian,Circuit of the Americas,United States Grand Prix,Austin,USA,161,5.513,308.728,False,balanced,56,5655534,3,15.0,5,4.0
1163,1,6,69,1,2025,19,2025-10-19,hamilton,HAM,Lewis,Hamilton,British,ferrari,Ferrari,Italian,Circuit of the Americas,United States Grand Prix,Austin,USA,161,5.513,308.728,False,balanced,56,5668697,4,12.0,4,5.0
1163,857,1,69,1,2025,19,2025-10-19,piastri,PIA,Oscar,Piastri,Australian,mclaren,McLaren,British,Circuit of the Americas,United States Grand Prix,Austin,USA,161,5.513,308.728,False,balanced,56,5669839,5,10.0,19,0.0
1163,847,131,69,1,2025,19,2025-10-19,russell,RUS,George,Russell,British,mercedes,Mercedes,German,Circuit of the Americas,United States Grand Prix,Austin,USA,161,5.513,308.728,False,balanced,56,5673617,6,8.0,2,7.0
1163,852,9,69,1,2025,19,2025-10-19,tsunoda,TSU,Yuki,Tsunoda,Japanese,red_bull,Red Bull,Austrian,Circuit of the Americas,United States Grand Prix,Austin,USA,161,5.513,308.728,False,balanced,56,5692875,7,6.0,7,2.0
1163,807,15,69,1,2025,19,2025-10-19,hulkenberg,HUL,Nico,Hülkenberg,German,sauber,Sauber,Swiss,Circuit of the Americas,United States Grand Prix,Austin,USA,161,5.513,308.728,False,balanced,56,5697410,8,4.0,13,0.0
1163,860,210,69,1,2025,19,2025-10-19,bearman,BEA,Oliver,Bearman,British,haas,Haas F1 Team,American,Circuit of the Americas,United States Grand Prix,Austin,USA,161,5.513,308.728,False,balanced,56,5704883,9,2.0,15,0.0
1163,4,117,69,1,2025,19,2025-10-19,alonso,ALO,Fernando,Alonso,Spanish,aston_martin,Aston Martin,British,Circuit of the Americas,United States Grand Prix,Austin,USA,161,5.513,308.728,False,balanced,56,5710162,10,1.0,20,0.0
1163,859,215,69,1,2025,19,2025-10-19,lawson,LAW,Liam,Lawson,New Zealander,rb,RB F1 Team,Italian,Circuit of the Americas,United States Grand Prix,Austin,USA,161,5.513,308.728,False,balanced,56,5713370,11,0.0,9,0.0
1163,840,117,69,1,2025,19,2025-10-19,stroll,STR,Lance,Stroll,Canadian,aston_martin,Aston Martin,British,Circuit of the Americas,United States Grand Prix,Austin,USA,161,5.513,308.728,False,balanced,56,5714939,12,0.0,17,0.0
1163,863,131,69,1,2025,19,2025-10-19,antonelli,ANT,Andrea Kimi,Antonelli,Italian,mercedes,Mercedes,German,Circuit of the Americas,United States Grand Prix,Austin,USA,161,5.513,308.728,False,balanced,56,5715907,13,0.0,8,1.0
1163,848,3,69,1,2025,19,2025-10-19,albon,ALB,Alexander,Albon,Thai,williams,Williams,British,Circuit of the Americas,United States Grand Prix,Austin,USA,161,5.513,308.728,False,balanced,56,5720161,14,0.0,6,3.0
1163,839,210,69,1,2025,19,2025-10-19,ocon,OCO,Esteban,Ocon,French,haas,Haas F1 Team,American,Circuit of the Americas,United States Grand Prix,Austin,USA,161,5.513,308.728,False,balanced,56,5723204,15,0.0,16,0.0
1163,865,215,69,1,2025,19,2025-10-19,hadjar,HAD,Isack,Hadjar,French,rb,RB F1 Team,Italian,Circuit of the Americas,United States Grand Prix,Austin,USA,161,5.513,308.728,False,balanced,56,5732968,16,0.0,12,0.0
1163,861,214,69,11,2025,19,2025-10-19,colapinto,COL,Franco,Colapinto,Argentinian ,alpine,Alpine F1 Team,French,Circuit of the Americas,United States Grand Prix,Austin,USA,161,5.513,308.728,False,balanced,55,\N,17,0.0,14,0.0
1163,864,15,69,11,2025,19,2025-10-19,bortoleto,BOR,Gabriel,Bortoleto,Brazilian,sauber,Sauber,Swiss,Circuit of the Americas,United States Grand Prix,Austin,USA,161,5.513,308.728,False,balanced,55,\N,18,0.0,11,0.0
1163,842,214,69,11,2025,19,2025-10-19,gasly,GAS,Pierre,Gasly,French,alpine,Alpine F1 Team,French,Circuit of the Americas,United States Grand Prix,Austin,USA,161,5.513,308.728,False,balanced,55,\N,19,0.0,10,0.0
1163,832,3,69,130,2025,19,2025-10-19,sainz,SAI,Carlos,Sainz,Spanish,williams,Williams,British,Circuit of the Americas,United States Grand Prix,Austin,USA,161,5.513,308.728,False,balanced,5,\N,20,0.0,3,6.0
1164,846,1,32,1,2025,20,2025-10-26,norris,NOR,Lando,Norris,British,mclaren,McLaren,British,Autódromo Hermanos Rodríguez,Mexico City Grand Prix,Mexico City,Mexico,2227,4.304,305.584,False,balanced,71,5878574,1,25.0,,
1164,844,6,32,1,2025,20,2025-10-26,leclerc,LEC,Charles,Leclerc,Monegasque,ferrari,Ferrari,Italian,Autódromo Hermanos Rodríguez,Mexico City Grand Prix,Mexico City,Mexico,2227,4.304,305.584,False,balanced,71,5908898,2,18.0,,
1164,830,9,32,1,2025,20,2025-10-26,max_verstappen,VER,Max,Verstappen,Dutch,red_bull,Red Bull,Austrian,Autódromo Hermanos Rodríguez,Mexico City Grand Prix,Mexico City,Mexico,2227,4.304,305.584,False,balanced,71,5909623,3,15.0,,
1164,860,210,32,1,2025,20,2025-10-26,bearman,BEA,Oliver,Bearman,British,haas,Haas F1 Team,American,Autódromo Hermanos Rodríguez,Mexico City Grand Prix,Mexico City,Mexico,2227,4.304,305.584,False,balanced,71,5919529,4,12.0,,
1164,857,1,32,1,2025,20,2025-10-26,piastri,PIA,Oscar,Piastri,Australian,mclaren,McLaren,British,Autódromo Hermanos Rodríguez,Mexico City Grand Prix,Mexico City,Mexico,2227,4.304,305.584,False,balanced,71,5920639,5,10.0,,
1164,863,131,32,1,2025,20,2025-10-26,antonelli,ANT,Andrea Kimi,Antonelli,Italian,mercedes,Mercedes,German,Autódromo Hermanos Rodríguez,Mexico City Grand Prix,Mexico City,Mexico,2227,4.304,305.584,False,balanced,71,5926411,6,8.0,,
1164,847,131,32,1,2025,20,2025-10-26,russell,RUS,George,Russell,British,mercedes,Mercedes,German,Autódromo Hermanos Rodríguez,Mexico City Grand Prix,Mexico City,Mexico,2227,4.304,305.584,False,balanced,71,5928861,7,6.0,,
1164,1,6,32,1,2025,20,2025-10-26,hamilton,HAM,Lewis,Hamilton,British,ferrari,Ferrari,Italian,Autódromo Hermanos Rodríguez,Mexico City Grand Prix,Mexico City,Mexico,2227,4.304,305.584,False,balanced,71,5935020,8,4.0,,
1164,839,210,32,1,2025,20,2025-10-26,ocon,OCO,Esteban,Ocon,French,haas,Haas F1 Team,American,Autódromo Hermanos Rodríguez,Mexico City Grand Prix,Mexico City,Mexico,2227,4.304,305.584,False,balanced,71,5954038,9,2.0,,
1164,864,15,32,1,2025,20,2025-10-26,bortoleto,BOR,Gabriel,Bortoleto,Brazilian,sauber,Sauber,Swiss,Autódromo Hermanos Rodríguez,Mexico City Grand Prix,Mexico City,Mexico,2227,4.304,305.584,False,balanced,71,5955437,10,1.0,,
1164,852,9,32,1,2025,20,2025-10-26,tsunoda,TSU,Yuki,Tsunoda,Japanese,red_bull,Red Bull,Austrian,Autódromo Hermanos Rodríguez,Mexico City Grand Prix,Mexico City,Mexico,2227,4.304,305.584,False,balanced,71,5957622,11,0.0,,
1164,848,3,32,11,2025,20,2025-10-26,albon,ALB,Alexander,Albon,Thai,williams,Williams,British,Autódromo Hermanos Rodríguez,Mexico City Grand Prix,Mexico City,Mexico,2227,4.304,305.584,False,balanced,70,\N,12,0.0,,
1164,865,215,32,11,2025,20,2025-10-26,hadjar,HAD,Isack,Hadjar,French,rb,RB F1 Team,Italian,Autódromo Hermanos Rodríguez,Mexico City Grand Prix,Mexico City,Mexico,2227,4.304,305.584,False,balanced,70,\N,13,0.0,,
1164,840,117,32,11,2025,20,2025-10-26,stroll,STR,Lance,Stroll,Canadian,aston_martin,Aston Martin,British,Autódromo Hermanos Rodríguez,Mexico City Grand Prix,Mexico City,Mexico,2227,4.304,305.584,False,balanced,70,\N,14,0.0,,
1164,842,214,32,11,2025,20,2025-10-26,gasly,GAS,Pierre,Gasly,French,alpine,Alpine F1 Team,French,Autódromo Hermanos Rodríguez,Mexico City Grand Prix,Mexico City,Mexico,2227,4.304,305.584,False,balanced,70,\N,15,0.0,,
1164,861,214,32,11,2025,20,2025-10-26,colapinto,COL,Franco,Colapinto,Argentinian ,alpine,Alpine F1 Team,French,Autódromo Hermanos Rodríguez,Mexico City Grand Prix,Mexico City,Mexico,2227,4.304,305.584,False,balanced,70,\N,16,0.0,,
1164,832,3,32,3,2025,20,2025-10-26,sainz,SAI,Carlos,Sainz,Spanish,williams,Williams,British,Autódromo Hermanos Rodríguez,Mexico City Grand Prix,Mexico City,Mexico,2227,4.304,305.584,False,balanced,67,\N,17,0.0,,
1164,4,117,32,23,2025,20,2025-10-26,alonso,ALO,Fernando,Alonso,Spanish,aston_martin,Aston Martin,British,Autódromo Hermanos Rodríguez,Mexico City Grand Prix,Mexico City,Mexico,2227,4.304,305.584,False,balanced,34,\N,18,0.0,,
1164,807,15,32,64,2025,20,2025-10-26,hulkenberg,HUL,Nico,Hülkenberg,German,sauber,Sauber,Swiss,Autódromo Hermanos Rodríguez,Mexico City Grand Prix,Mexico City,Mexico,2227,4.304,305.584,False,balanced,25,\N,19,0.0,,
1164,859,215,32,130,2025,20,2025-10-26,lawson,LAW,Liam,Lawson,New Zealander,rb,RB F1 Team,Italian,Autódromo Hermanos Rodríguez,Mexico City Grand Prix,Mexico City,Mexico,2227,4.304,305.584,False,balanced,5,\N,20,0.0,,
1165,846,1,18,1,2025,21,2025-11-09,norris,NOR,Lando,Norris,British,mclaren,McLaren,British,Autódromo José Carlos Pace,São Paulo Grand Prix,São Paulo,Brazil,785,4.309,305.939,False,technical,71,5521596,1,25.0,1,8.0
1165,863,131,18,1,2025,21,2025-11-09,antonelli,ANT,Andrea Kimi,Antonelli,Italian,mercedes,Mercedes,German,Autódromo José Carlos Pace,São Paulo Grand Prix,São Paulo,Brazil,785,4.309,305.939,False,technical,71,5531984,2,18.0,2,7.0
1165,830,9,18,1,2025,21,2025-11-09,max_verstappen,VER,Max,Verstappen,Dutch,red_bull,Red Bull,Austrian,Autódromo José Carlos Pace,São Paulo Grand Prix,São Paulo,Brazil,785,4.309,305.939,False,technical,71,5532346,3,15.0,4,5.0
1165,847,131,18,1,2025,21,2025-11-09,russell,RUS,George,Russell,British,mercedes,Mercedes,German,Autódromo José Carlos Pace,São Paulo Grand Prix,São Paulo,Brazil,785,4.309,305.939,False,technical,71,5536863,4,12.0,3,6.0
1165,857,1,18,1,2025,21,2025-11-09,piastri,PIA,Oscar,Piastri,Australian,mclaren,McLaren,British,Autódromo José Carlos Pace,São Paulo Grand Prix,São Paulo,Brazil,785,4.309,305.939,False,technical,71,5537345,5,10.0,19,0.0
1165,860,210,18,1,2025,21,2025-11-09,bearman,BEA,Oliver,Bearman,British,haas,Haas F1 Team,American,Autódromo José Carlos Pace,São Paulo Grand Prix,São Paulo,Brazil,785,4.309,305.939,False,technical,71,5551226,6,8.0,12,0.0
1165,859,215,18,1,2025,21,2025-11-09,lawson,LAW,Liam,Lawson,New Zealander,rb,RB F1 Team,Italian,Autódromo José Carlos Pace,São Paulo Grand Prix,São Paulo,Brazil,785,4.309,305.939,False,technical,71,5574238,7,6.0,16,0.0
1165,865,215,18,1,2025,21,2025-11-09,hadjar,HAD,Isack,Hadjar,French,rb,RB F1 Team,Italian,Autódromo José Carlos Pace,São Paulo Grand Prix,São Paulo,Brazil,785,4.309,305.939,False,technical,71,5574469,8,4.0,10,0.0
1165,807,15,18,1,2025,21,2025-11-09,hulkenberg,HUL,Nico,Hülkenberg,German,sauber,Sauber,Swiss,Autódromo José Carlos Pace,São Paulo Grand Prix,São Paulo,Brazil,785,4.309,305.939,False,technical,71,5574920,9,2.0,15,0.0
1165,842,214,18,1,2025,21,2025-11-09,gasly,GAS,Pierre,Gasly,French,alpine,Alpine F1 Team,French,Autódromo José Carlos Pace,São Paulo Grand Prix,São Paulo,Brazil,785,4.309,305.939,False,technical,71,5575510,10,1.0,8,1.0
1165,848,3,18,1,2025,21,2025-11-09,albon,ALB,Alexander,Albon,Thai,williams,Williams,British,Autódromo José Carlos Pace,São Paulo Grand Prix,São Paulo,Brazil,785,4.309,305.939,False,technical,71,5575780,11,0.0,17,0.0
1165,839,210,18,1,2025,21,2025-11-09,ocon,OCO,Esteban,Ocon,French,haas,Haas F1 Team,American,Autódromo José Carlos Pace,São Paulo Grand Prix,São Paulo,Brazil,785,4.309,305.939,False,technical,71,5576292,12,0.0,11,0.0
1165,832,3,18,1,2025,21,2025-11-09,sainz,SAI,Carlos,Sainz,Spanish,williams,Williams,British,Autódromo José Carlos Pace,São Paulo Grand Prix,São Paulo,Brazil,785,4.309,305.939,False,technical,71,5577016,13,0.0,14,0.0
1165,4,117,18,1,2025,21,2025-11-09,alonso,ALO,Fernando,Alonso,Spanish,aston_martin,Aston Martin,British,Autódromo José Carlos Pace,São Paulo Grand Prix,São Paulo,Brazil,785,4.309,305.939,False,technical,71,5577362,14,0.0,6,3.0
1165,861,214,18,1,2025,21,2025-11-09,colapinto,COL,Franco,Colapinto,Argentinian ,alpine,Alpine F1 Team,French,Autódromo José Carlos Pace,São Paulo Grand Prix,São Paulo,Brazil,785,4.309,305.939,False,technical,71,5579373,15,0.0,20,0.0
1165,840,117,18,1,2025,21,2025-11-09,stroll,STR,Lance,Stroll,Canadian,aston_martin,Aston Martin,British,Autódromo José Carlos Pace,São Paulo Grand Prix,São Paulo,Brazil,785,4.309,305.939,False,technical,71,5579843,16,0.0,9,0.0
1165,852,9,18,1,2025,21,2025-11-09,tsunoda,TSU,Yuki,Tsunoda,Japanese,red_bull,Red Bull,Austrian,Autódromo José Carlos Pace,São Paulo Grand Prix,São Paulo,Brazil,785,4.309,305.939,False,technical,71,5590772,17,0.0,13,0.0
1165,1,6,18,130,2025,21,2025-11-09,hamilton,HAM,Lewis,Hamilton,British,ferrari,Ferrari,Italian,Autódromo José Carlos Pace,São Paulo Grand Prix,São Paulo,Brazil,785,4.309,305.939,False,technical,37,\N,18,0.0,7,2.0
1165,844,6,18,3,2025,21,2025-11-09,leclerc,LEC,Charles,Leclerc,Monegasque,ferrari,Ferrari,Italian,Autódromo José Carlos Pace,São Paulo Grand Prix,São Paulo,Brazil,785,4.309,305.939,False,technical,5,\N,19,0.0,5,4.0
1165,864,15,18,3,2025,21,2025-11-09,bortoleto,BOR,Gabriel,Bortoleto,Brazilian,sauber,Sauber,Swiss,Autódromo José Carlos Pace,São Paulo Grand Prix,São Paulo,Brazil,785,4.309,305.939,False,technical,0,\N,20,0.0,18,0.0
1166,830,9,80,1,2025,22,2025-11-23,max_verstappen,VER,Max,Verstappen,Dutch,red_bull,Red Bull,Austrian,Las Vegas Strip Street Circuit,Las Vegas Grand Prix,Las Vegas,United States,642,6.201,310.05,True,high_speed,50,4868429,1,25.0,,
1166,847,131,80,1,2025,22,2025-11-23,russell,RUS,George,Russell,British,mercedes,Mercedes,German,Las Vegas Strip Street Circuit,Las Vegas Grand Prix,Las Vegas,United States,642,6.201,310.05,True,high_speed,50,4891975,2,18.0,,
1166,863,131,80,1,2025,22,2025-11-23,antonelli,ANT,Andrea Kimi,Antonelli,Italian,mercedes,Mercedes,German,Las Vegas Strip Street Circuit,Las Vegas Grand Prix,Las Vegas,United States,642,6.201,310.05,True,high_speed,50,4898917,3,15.0,,
1166,844,6,80,1,2025,22,2025-11-23,leclerc,LEC,Charles,Leclerc,Monegasque,ferrari,Ferrari,Italian,Las Vegas Strip Street Circuit,Las Vegas Grand Prix,Las Vegas,United States,642,6.201,310.05,True,high_speed,50,4899107,4,12.0,,
1166,832,3,80,1,2025,22,2025-11-23,sainz,SAI,Carlos,Sainz,Spanish,williams,Williams,British,Las Vegas Strip Street Circuit,Las Vegas Grand Prix,Las Vegas,United States,642,6.201,310.05,True,high_speed,50,4903353,5,10.0,,
1166,865,215,80,1,2025,22,2025-11-23,hadjar,HAD,Isack,Hadjar,French,rb,RB F1 Team,Italian,Las Vegas Strip Street Circuit,Las Vegas Grand Prix,Las Vegas,United States,642,6.201,310.05,True,high_speed,50,4913686,6,8.0,,
1166,807,15,80,1,2025,22,2025-11-23,hulkenberg,HUL,Nico,Hülkenberg,German,sauber,Sauber,Swiss,Las Vegas Strip Street Circuit,Las Vegas Grand Prix,Las Vegas,United States,642,6.201,310.05,True,high_speed,50,4919563,7,6.0,,
1166,1,6,80,1,2025,22,2025-11-23,hamilton,HAM,Lewis,Hamilton,British,ferrari,Ferrari,Italian,Las Vegas Strip Street Circuit,Las Vegas Grand Prix,Las Vegas,United States,642,6.201,310.05,True,high_speed,50,4927798,8,4.0,,
1166,839,210,80,1,2025,22,2025-11-23,ocon,OCO,Esteban,Ocon,French,haas,Haas F1 Team,American,Las Vegas Strip Street Circuit,Las Vegas Grand Prix,Las Vegas,United States,642,6.201,310.05,True,high_speed,50,4929064,9,2.0,,
1166,860,210,80,1,2025,22,2025-11-23,bearman,BEA,Oliver,Bearman,British,haas,Haas F1 Team,American,Las Vegas Strip Street Circuit,Las Vegas Grand Prix,Las Vegas,United States,642,6.201,310.05,True,high_speed,50,4938978,10,1.0,,
1166,4,117,80,1,2025,22,2025-11-23,alonso,ALO,Fernando,Alonso,Spanish,aston_martin,Aston Martin,British,Las Vegas Strip Street Circuit,Las Vegas Grand Prix,Las Vegas,United States,642,6.201,310.05,True,high_speed,50,4953737,11,0.0,,
1166,852,9,80,1,2025,22,2025-11-23,tsunoda,TSU,Yuki,Tsunoda,Japanese,red_bull,Red Bull,Austrian,Las Vegas Strip Street Circuit,Las Vegas Grand Prix,Las Vegas,United States,642,6.201,310.05,True,high_speed,50,4955403,12,0.0,,
1166,842,214,80,1,2025,22,2025-11-23,gasly,GAS,Pierre,Gasly,French,alpine,Alpine F1 Team,French,Las Vegas Strip Street Circuit,Las Vegas Grand Prix,Las Vegas,United States,642,6.201,310.05,True,high_speed,50,4960131,13,0.0,,
1166,859,215,80,11,2025,22,2025-11-23,lawson,LAW,Liam,Lawson,New Zealander,rb,RB F1 Team,Italian,Las Vegas Strip Street Circuit,Las Vegas Grand Prix,Las Vegas,United States,642,6.201,310.05,True,high_speed,49,\N,14,0.0,,
1166,861,214,80,11,2025,22,2025-11-23,colapinto,COL,Franco,Colapinto,Argentinian ,alpine,Alpine F1 Team,French,Las Vegas Strip Street Circuit,Las Vegas Grand Prix,Las Vegas,United States,642,6.201,310.05,True,high_speed,49,\N,15,0.0,,
1166,848,3,80,130,2025,22,2025-11-23,albon,ALB,Alexander,Albon,Thai,williams,Williams,British,Las Vegas Strip Street Circuit,Las Vegas Grand Prix,Las Vegas,United States,642,6.201,310.05,True,high_speed,35,\N,16,0.0,,
1166,864,15,80,4,2025,22,2025-11-23,bortoleto,BOR,Gabriel,Bortoleto,Brazilian,sauber,Sauber,Swiss,Las Vegas Strip Street Circuit,Las Vegas Grand Prix,Las Vegas,United States,642,6.201,310.05,True,high_speed,2,\N,17,0.0,,
1166,840,117,80,4,2025,22,2025-11-23,stroll,STR,Lance,Stroll,Canadian,aston_martin,Aston Martin,British,Las Vegas Strip Street Circuit,Las Vegas Grand Prix,Las Vegas,United States,642,6.201,310.05,True,high_speed,0,\N,18,0.0,,
1166,846,1,80,2,2025,22,2025-11-23,norris,NOR,Lando,Norris,British,mclaren,McLaren,British,Las Vegas Strip Street Circuit,Las Vegas Grand Prix,Las Vegas,United States,642,6.201,310.05,True,high_speed,50,\N,19,0.0,,
1166,857,1,80,2,2025,22,2025-11-23,piastri,PIA,Oscar,Piastri,Australian,mclaren,McLaren,British,Las Vegas Strip Street Circuit,Las Vegas Grand Prix,Las Vegas,United States,642,6.201,310.05,True,high_speed,50,\N,20,0.0,,
1167,830,9,78,1,2025,23,2025-11-30,max_verstappen,VER,Max,Verstappen,Dutch,red_bull,Red Bull,Austrian,Losail International Circuit,Qatar Grand Prix,Al Daayen,Qatar,12,5.419,308.883,True,balanced,57,5078241,1,25.0,4,5.0
1167,857,1,78,1,2025,23,2025-11-30,piastri,PIA,Oscar,Piastri,Australian,mclaren,McLaren,British,Losail International Circuit,Qatar Grand Prix,Al Daayen,Qatar,12,5.419,308.883,True,balanced,57,5086236,2,18.0,1,8.0
1167,832,3,78,1,2025,23,2025-11-30,sainz,SAI,Carlos,Sainz,Spanish,williams,Williams,British,Losail International Circuit,Qatar Grand Prix,Al Daayen,Qatar,12,5.419,308.883,True,balanced,57,5100906,3,15.0,8,1.0
1167,846,1,78,1,2025,23,2025-11-30,norris,NOR,Lando,Norris,British,mclaren,McLaren,British,Losail International Circuit,Qatar Grand Prix,Al Daayen,Qatar,12,5.419,308.883,True,balanced,57,5101556,4,12.0,3,6.0
1167,863,131,78,1,2025,23,2025-11-30,antonelli,ANT,Andrea Kimi,Antonelli,Italian,mercedes,Mercedes,German,Losail International Circuit,Qatar Grand Prix,Al Daayen,Qatar,12,5.419,308.883,True,balanced,57,5106558,5,10.0,6,3.0
1167,847,131,78,1,2025,23,2025-11-30,russell,RUS,George,Russell,British,mercedes,Mercedes,German,Losail International Circuit,Qatar Grand Prix,Al Daayen,Qatar,12,5.419,308.883,True,balanced,57,5126840,6,8.0,2,7.0
1167,4,117,78,1,2025,23,2025-11-30,alonso,ALO,Fernando,Alonso,Spanish,aston_martin,Aston Martin,British,Losail International Circuit,Qatar Grand Prix,Al Daayen,Qatar,12,5.419,308.883,True,balanced,57,5132286,7,6.0,7,2.0
1167,844,6,78,1,2025,23,2025-11-30,leclerc,LEC,Charles,Leclerc,Monegasque,ferrari,Ferrari,Italian,Losail International Circuit,Qatar Grand Prix,Al Daayen,Qatar,12,5.419,308.883,True,balanced,57,5135026,8,4.0,13,0.0
1167,859,215,78,1,2025,23,2025-11-30,lawson,LAW,Liam,Lawson,New Zealander,rb,RB F1 Team,Italian,Losail International Circuit,Qatar Grand Prix,Al Daayen,Qatar,12,5.419,308.883,True,balanced,57,5138314,9,2.0,14,0.0
1167,852,9,78,1,2025,23,2025-11-30,tsunoda,TSU,Yuki,Tsunoda,Japanese,red_bull,Red Bull,Austrian,Losail International Circuit,Qatar Grand Prix,Al Daayen,Qatar,12,5.419,308.883,True,balanced,57,5140011,10,1.0,5,4.0
1167,848,3,78,1,2025,23,2025-11-30,albon,ALB,Alexander,Albon,Thai,williams,Williams,British,Losail International Circuit,Qatar Grand Prix,Al Daayen,Qatar,12,5.419,308.883,True,balanced,57,5145172,11,0.0,10,0.0
1167,1,6,78,1,2025,23,2025-11-30,hamilton,HAM,Lewis,Hamilton,British,ferrari,Ferrari,Italian,Losail International Circuit,Qatar Grand Prix,Al Daayen,Qatar,12,5.419,308.883,True,balanced,57,5155971,12,0.0,17,0.0
1167,864,15,78,1,2025,23,2025-11-30,bortoleto,BOR,Gabriel,Bortoleto,Brazilian,sauber,Sauber,Swiss,Losail International Circuit,Qatar Grand Prix,Al Daayen,Qatar,12,5.419,308.883,True,balanced,57,5163053,13,0.0,11,0.0
1167,861,214,78,11,2025,23,2025-11-30,colapinto,COL,Franco,Colapinto,Argentinian ,alpine,Alpine F1 Team,French,Losail International Circuit,Qatar Grand Prix,Al Daayen,Qatar,12,5.419,308.883,True,balanced,56,\N,14,0.0,20,0.0
1167,839,210,78,11,2025,23,2025-11-30,ocon,OCO,Esteban,Ocon,French,haas,Haas F1 Team,American,Losail International Circuit,Qatar Grand Prix,Al Daayen,Qatar,12,5.419,308.883,True,balanced,56,\N,15,0.0,15,0.0
1167,842,214,78,11,2025,23,2025-11-30,gasly,GAS,Pierre,Gasly,French,alpine,Alpine F1 Team,French,Losail International Circuit,Qatar Grand Prix,Al Daayen,Qatar,12,5.419,308.883,True,balanced,56,\N,16,0.0,18,0.0
1167,840,117,78,130,2025,23,2025-11-30,stroll,STR,Lance,Stroll,Canadian,aston_martin,Aston Martin,British,Losail International Circuit,Qatar Grand Prix,Al Daayen,Qatar,12,5.419,308.883,True,balanced,55,\N,17,0.0,19,0.0
1167,865,215,78,29,2025,23,2025-11-30,hadjar,HAD,Isack,Hadjar,French,rb,RB F1 Team,Italian,Losail International Circuit,Qatar Grand Prix,Al Daayen,Qatar,12,5.419,308.883,True,balanced,55,\N,18,0.0,9,0.0
1167,860,210,78,54,2025,23,2025-11-30,bearman,BEA,Oliver,Bearman,British,haas,Haas F1 Team,American,Losail International Circuit,Qatar Grand Prix,Al Daayen,Qatar,12,5.419,308.883,True,balanced,41,\N,19,0.0,12,0.0
1167,807,15,78,4,2025,23,2025-11-30,hulkenberg,HUL,Nico,Hülkenberg,German,sauber,Sauber,Swiss,Losail International Circuit,Qatar Grand Prix,Al Daayen,Qatar,12,5.419,308.883,True,balanced,6,\N,20,0.0,16,0.0
