driverId,circuitId,year,races_count,finished_races,finish_rate,dnf_count,dnf_rate,mech_dnf_count,mech_dnf_rate,crash_dnf_count,crash_dnf_rate,other_dnf_count,other_dnf_rate,win_count,podiums,top5_finishes,top10_finishes,points_scored,points_per_race,avg_finish_position,std_finish_position,consistency_index
1,1,2015,0.0,0.0,0.0,0.0,0.0,0.0,0.0,0.0,0.0,0.0,0.0,0,0,0,0,0.0,0.0,,,1.0
1,1,2016,1.0,1.0,1.0,0.0,0.0,0.0,0.0,0.0,0.0,0.0,0.0,1,1,1,1,25.0,25.0,1.0,0.0,1.0
1,1,2017,2.0,2.0,1.0,0.0,0.0,0.0,0.0,0.0,0.0,0.0,0.0,1,2,2,2,43.0,21.5,1.5,0.5,0.6666666666666666
1,1,2018,3.0,3.0,1.0,0.0,0.0,0.0,0.0,0.0,0.0,0.0,0.0,1,3,3,3,61.0,20.333333333333332,1.6666666666666667,0.4714045207910313,0.6796227589829594
1,1,2019,4.0,4.0,1.0,0.0,0.0,0.0,0.0,0.0,0.0,0.0,0.0,1,4,4,4,79.0,19.75,1.75,0.4330127018922193,0.6978305207480379
1,1,2022,5.0,5.0,1.0,0.0,0.0,0.0,0.0,0.0,0.0,0.0,0.0,1,5,5,5,97.0,19.4,1.8,0.39999999999999963,0.7142857142857144
1,1,2023,6.0,6.0,1.0,0.0,0.0,0.0,0.0,0.0,0.0,0.0,0.0,1,5,6,6,109.0,18.166666666666668,2.1666666666666665,0.8975274678557511,0.5270015938847107
1,1,2024,7.0,7.0,1.0,0.0,0.0,0.0,0.0,0.0,0.0,0.0,0.0,1,6,7,7,127.0,18.142857142857142,2.142857142857143,0.8329931278350431,0.5455557824055264
1,1,2025,8.0,7.0,0.875,1.0,0.125,1.0,0.125,0.0,0.0,0.0,0.0,1,6,7,7,127.0,15.875,1.875,1.0532687216470449,0.4870283122015527
1,2,2015,9.0,8.0,0.8888888888888888,1.0,0.1111111111111111,1.0,0.1111111111111111,0.0,0.0,0.0,0.0,1,6,7,8,128.0,14.222222222222221,2.7777777777777777,2.7397395568751004,0.26739830001306103
1,2,2016,1.0,1.0,1.0,0.0,0.0,0.0,0.0,0.0,0.0,0.0,0.0,0,1,1,1,18.0,18.0,2.0,0.0,1.0
1,2,2017,2.0,1.0,0.5,1.0,0.5,1.0,0.5,0.0,0.0,0.0,0.0,0,1,1,1,18.0,9.0,1.0,1.0,0.5
1,3,2015,3.0,2.0,0.6666666666666666,1.0,0.3333333333333333,1.0,0.3333333333333333,0.0,0.0,0.0,0.0,0,2,2,2,36.0,12.0,1.3333333333333333,0.9428090415820634,0.5147186257614297
1,3,2016,1.0,1.0,1.0,0.0,0.0,0.0,0.0,0.0,0.0,0.0,0.0,1,1,1,1,25.0,25.0,1.0,0.0,1.0
1,3,2017,2.0,2.0,1.0,0.0,0.0,0.0,0.0,0.0,0.0,0.0,0.0,1,2,2,2,40.0,20.0,2.0,1.0,0.5
1,3,2018,3.0,3.0,1.0,0.0,0.0,0.0,0.0,0.0,0.0,0.0,0.0,1,3,3,3,58.0,19.333333333333332,2.0,0.8164965809277263,0.5505102572168218
1,3,2019,4.0,4.0,1.0,0.0,0.0,0.0,0.0,0.0,0.0,0.0,0.0,1,4,4,4,73.0,18.25,2.25,0.82915619758885,0.5467001677156801
1,3,2020,5.0,5.0,1.0,0.0,0.0,0.0,0.0,0.0,0.0,0.0,0.0,2,5,5,5,98.0,19.6,2.0,0.8944271909999157,0.5278640450004206
1,3,2021,6.0,6.0,1.0,0.0,0.0,0.0,0.0,0.0,0.0,0.0,0.0,3,6,6,6,123.0,20.5,1.8333333333333333,0.8975274678557511,0.5270015938847107
1,3,2022,7.0,7.0,1.0,0.0,0.0,0.0,0.0,0.0,0.0,0.0,0.0,4,7,7,7,148.0,21.142857142857142,1.7142857142857142,0.8806305718527112,0.5317365435651967
1,3,2023,8.0,8.0,1.0,0.0,0.0,0.0,0.0,0.0,0.0,0.0,0.0,4,8,8,8,163.0,20.375,1.875,0.9270248108869579,0.5189346781371885
1,3,2024,9.0,9.0,1.0,0.0,0.0,0.0,0.0,0.0,0.0,0.0,0.0,4,8,9,9,173.0,19.22222222222222,2.2222222222222223,1.314684396244359,0.43202434060666256
1,3,2025,10.0,10.0,1.0,0.0,0.0,0.0,0.0,0.0,0.0,0.0,0.0,4,8,9,10,179.0,17.9,2.7,1.9,0.3448275862068966
1,4,2015,11.0,11.0,1.0,0.0,0.0,0.0,0.0,0.0,0.0,0.0,0.0,4,8,10,11,189.0,17.181818181818183,2.909090909090909,1.928473039599675,0.3414748869044398
1,4,2016,1.0,1.0,1.0,0.0,0.0,0.0,0.0,0.0,0.0,0.0,0.0,0,1,1,1,18.0,18.0,2.0,0.0,1.0
1,4,2017,2.0,1.0,0.5,1.0,0.5,0.0,0.0,1.0,0.5,0.0,0.0,0,1,1,1,18.0,9.0,1.0,1.0,0.5
1,4,2018,3.0,2.0,0.6666666666666666,1.0,0.3333333333333333,0.0,0.0,1.0,0.3333333333333333,0.0,0.0,1,2,2,2,43.0,14.333333333333334,1.0,0.816496580927726,0.5505102572168219
1,4,2019,4.0,3.0,0.75,1.0,0.25,0.0,0.0,1.0,0.25,0.0,0.0,2,3,3,3,68.0,17.0,1.0,0.7071067811865476,0.585786437626905
1,4,2020,5.0,4.0,0.8,1.0,0.2,0.0,0.0,1.0,0.2,0.0,0.0,3,4,4,4,94.0,18.8,1.0,0.6324555320336758,0.6125741132772069
1,4,2021,6.0,5.0,0.8333333333333334,1.0,0.16666666666666666,0.0,0.0,1.0,0.16666666666666666,0.0,0.0,4,5,5,5,119.0,19.833333333333332,1.0,0.5773502691896257,0.6339745962155614
1,4,2022,7.0,6.0,0.8571428571428571,1.0,0.14285714285714285,0.0,0.0,1.0,0.14285714285714285,0.0,0.0,5,6,6,6,144.0,20.571428571428573,1.0,0.5345224838248489,0.6516685226452116
1,4,2023,8.0,7.0,0.875,1.0,0.125,0.0,0.0,1.0,0.125,0.0,0.0,5,6,7,7,154.0,19.25,1.5,1.4142135623730951,0.4142135623730951
1,4,2024,9.0,8.0,0.8888888888888888,1.0,0.1111111111111111,0.0,0.0,1.0,0.1111111111111111,0.0,0.0,5,7,8,8,172.0,19.11111111111111,1.5555555555555556,1.3425606637327303,0.4268832886515561
1,4,2025,10.0,9.0,0.9,1.0,0.1,0.0,0.0,1.0,0.1,0.0,0.0,5,8,9,9,187.0,18.7,1.7,1.3453624047073711,0.42637333914490244
1,5,2020,11.0,10.0,0.9090909090909091,1.0,0.09090909090909091,0.0,0.0,1.0,0.09090909090909091,0.0,0.0,5,8,9,10,195.0,17.727272727272727,2.090909090909091,1.7814470856604934,0.35952508503771735
1,5,2021,1.0,1.0,1.0,0.0,0.0,0.0,0.0,0.0,0.0,0.0,0.0,1,1,1,1,25.0,25.0,1.0,0.0,1.0
1,6,2015,2.0,2.0,1.0,0.0,0.0,0.0,0.0,0.0,0.0,0.0,0.0,1,1,2,2,35.0,17.5,3.0,2.0,0.3333333333333333
1,6,2016,1.0,1.0,1.0,0.0,0.0,0.0,0.0,0.0,0.0,0.0,0.0,0,1,1,1,15.0,15.0,3.0,0.0,1.0
1,6,2017,2.0,2.0,1.0,0.0,0.0,0.0,0.0,0.0,0.0,0.0,0.0,1,2,2,2,40.0,20.0,2.0,1.0,0.5
1,6,2018,3.0,3.0,1.0,0.0,0.0,0.0,0.0,0.0,0.0,0.0,0.0,1,2,2,3,46.0,15.333333333333334,3.6666666666666665,2.494438257849295,0.28616902809880096
1,6,2019,4.0,4.0,1.0,0.0,0.0,0.0,0.0,0.0,0.0,0.0,0.0,1,3,3,4,61.0,15.25,3.5,2.179449471770337,0.31451985913875646
1,6,2021,5.0,5.0,1.0,0.0,0.0,0.0,0.0,0.0,0.0,0.0,0.0,2,4,4,5,86.0,17.2,3.0,2.1908902300206647,0.3133921657949117
1,6,2022,6.0,6.0,1.0,0.0,0.0,0.0,0.0,0.0,0.0,0.0,0.0,2,4,4,6,93.0,15.5,3.6666666666666665,2.494438257849295,0.28616902809880096
1,6,2023,7.0,7.0,1.0,0.0,0.0,0.0,0.0,0.0,0.0,0.0,0.0,2,4,4,7,97.0,13.857142857142858,4.285714285714286,2.7627256579733883,0.26576479150983384
1,6,2024,8.0,8.0,1.0,0.0,0.0,0.0,0.0,0.0,0.0,0.0,0.0,2,4,5,8,110.0,13.75,4.25,2.5860201081971503,0.2788606783643341
1,6,2025,9.0,9.0,1.0,0.0,0.0,0.0,0.0,0.0,0.0,0.0,0.0,2,4,5,9,117.0,13.0,4.555555555555555,2.586765939293959,0.27880269215360237
1,7,2015,10.0,10.0,1.0,0.0,0.0,0.0,0.0,0.0,0.0,0.0,0.0,2,4,6,10,127.0,12.7,4.6,2.457641145488902,0.2892145129938296
1,7,2016,1.0,1.0,1.0,0.0,0.0,0.0,0.0,0.0,0.0,0.0,0.0,1,1,1,1,25.0,25.0,1.0,0.0,1.0
1,7,2017,2.0,2.0,1.0,0.0,0.0,0.0,0.0,0.0,0.0,0.0,0.0,2,2,2,2,50.0,25.0,1.0,0.0,1.0
1,7,2018,3.0,3.0,1.0,0.0,0.0,0.0,0.0,0.0,0.0,0.0,0.0,3,3,3,3,75.0,25.0,1.0,0.0,1.0
1,7,2019,4.0,4.0,1.0,0.0,0.0,0.0,0.0,0.0,0.0,0.0,0.0,3,3,4,4,85.0,21.25,2.0,1.7320508075688772,0.36602540378443865
1,7,2022,5.0,5.0,1.0,0.0,0.0,0.0,0.0,0.0,0.0,0.0,0.0,4,4,5,5,110.0,22.0,1.8,1.5999999999999999,0.3846153846153847
1,7,2023,6.0,6.0,1.0,0.0,0.0,0.0,0.0,0.0,0.0,0.0,0.0,4,5,6,6,125.0,20.833333333333332,2.0,1.5275252316519465,0.39564392373896007
1,7,2024,7.0,7.0,1.0,0.0,0.0,0.0,0.0,0.0,0.0,0.0,0.0,4,6,7,7,140.0,20.0,2.142857142857143,1.4568627181693672,0.407023148914527
1,7,2025,8.0,8.0,1.0,0.0,0.0,0.0,0.0,0.0,0.0,0.0,0.0,4,6,8,8,153.0,19.125,2.375,1.4947825928876748,0.400836530946977
1,9,2015,9.0,9.0,1.0,0.0,0.0,0.0,0.0,0.0,0.0,0.0,0.0,4,6,8,9,161.0,17.88888888888889,2.7777777777777777,1.8121673811444545,0.35559761012270713
1,9,2016,1.0,1.0,1.0,0.0,0.0,0.0,0.0,0.0,0.0,0.0,0.0,1,1,1,1,25.0,25.0,1.0,0.0,1.0
1,9,2017,2.0,2.0,1.0,0.0,0.0,0.0,0.0,0.0,0.0,0.0,0.0,2,2,2,2,50.0,25.0,1.0,0.0,1.0
1,9,2018,3.0,3.0,1.0,0.0,0.0,0.0,0.0,0.0,0.0,0.0,0.0,3,3,3,3,75.0,25.0,1.0,0.0,1.0
1,9,2019,4.0,4.0,1.0,0.0,0.0,0.0,0.0,0.0,0.0,0.0,0.0,3,4,4,4,93.0,23.25,1.25,0.4330127018922193,0.6978305207480379
1,9,2020,5.0,5.0,1.0,0.0,0.0,0.0,0.0,0.0,0.0,0.0,0.0,4,5,5,5,119.0,23.8,1.2,0.4000000000000002,0.7142857142857142
1,9,2021,7.0,7.0,1.0,0.0,0.0,0.0,0.0,0.0,0.0,0.0,0.0,5,7,7,7,163.0,23.285714285714285,1.2857142857142858,0.45175395145262537,0.6888219584313167
1,9,2022,8.0,8.0,1.0,0.0,0.0,0.0,0.0,0.0,0.0,0.0,0.0,6,8,8,8,188.0,23.5,1.25,0.4330127018922193,0.6978305207480379
1,9,2023,9.0,9.0,1.0,0.0,0.0,0.0,0.0,0.0,0.0,0.0,0.0,6,9,9,9,204.0,22.666666666666668,1.4444444444444444,0.6849348892187751,0.5934947435646328
1,9,2024,10.0,10.0,1.0,0.0,0.0,0.0,0.0,0.0,0.0,0.0,0.0,6,10,10,10,219.0,21.9,1.6,0.7999999999999998,0.5555555555555556
1,9,2025,11.0,11.0,1.0,0.0,0.0,0.0,0.0,0.0,0.0,0.0,0.0,7,11,11,11,244.0,22.181818181818183,1.5454545454545454,0.782029569731148,0.561157916224066
1,10,2016,12.0,12.0,1.0,0.0,0.0,0.0,0.0,0.0,0.0,0.0,0.0,7,11,12,12,256.0,21.333333333333332,1.75,1.010362971081845,0.49742261192856424
1,10,2018,1.0,1.0,1.0,0.0,0.0,0.0,0.0,0.0,0.0,0.0,0.0,1,1,1,1,25.0,25.0,1.0,0.0,1.0
1,10,2019,2.0,2.0,1.0,0.0,0.0,0.0,0.0,0.0,0.0,0.0,0.0,2,2,2,2,50.0,25.0,1.0,0.0,1.0
1,11,2015,3.0,3.0,1.0,0.0,0.0,0.0,0.0,0.0,0.0,0.0,0.0,2,2,2,3,52.0,17.333333333333332,3.6666666666666665,3.771236166328254,0.20958928989037207
1,11,2016,1.0,1.0,1.0,0.0,0.0,0.0,0.0,0.0,0.0,0.0,0.0,0,0,0,1,8.0,8.0,6.0,0.0,1.0
1,11,2017,2.0,2.0,1.0,0.0,0.0,0.0,0.0,0.0,0.0,0.0,0.0,1,1,1,2,33.0,16.5,3.5,2.5,0.2857142857142857
1,11,2018,3.0,3.0,1.0,0.0,0.0,0.0,0.0,0.0,0.0,0.0,0.0,1,1,2,3,45.0,15.0,3.6666666666666665,2.054804667656326,0.3273531727209285
1,11,2019,4.0,4.0,1.0,0.0,0.0,0.0,0.0,0.0,0.0,0.0,0.0,2,2,3,4,70.0,17.5,3.0,2.1213203435596424,0.32037724101704074
1,11,2020,5.0,5.0,1.0,0.0,0.0,0.0,0.0,0.0,0.0,0.0,0.0,3,3,4,5,95.0,19.0,2.6,2.0591260281974,0.326890749443642
1,11,2021,6.0,6.0,1.0,0.0,0.0,0.0,0.0,0.0,0.0,0.0,0.0,4,4,5,6,121.0,20.166666666666668,2.3333333333333335,1.9720265943665385,0.33647074420380185
1,11,2022,7.0,7.0,1.0,0.0,0.0,0.0,0.0,0.0,0.0,0.0,0.0,4,5,6,7,139.0,19.857142857142858,2.2857142857142856,1.8294640678379568,0.35342382020921637
1,11,2023,8.0,8.0,1.0,0.0,0.0,0.0,0.0,0.0,0.0,0.0,0.0,4,6,7,8,158.0,19.75,2.25,1.713913650100261,0.3684715613420702
1,11,2024,9.0,9.0,1.0,0.0,0.0,0.0,0.0,0.0,0.0,0.0,0.0,4,6,8,9,170.0,18.88888888888889,2.4444444444444446,1.7069212773041351,0.3694233771718384
1,11,2025,10.0,10.0,1.0,0.0,0.0,0.0,0.0,0.0,0.0,0.0,0.0,4,7,9,10,185.0,18.5,2.5,1.6278820596099708,0.38053458158180037
1,13,2015,11.0,11.0,1.0,0.0,0.0,0.0,0.0,0.0,0.0,0.0,0.0,4,7,9,10,185.0,16.818181818181817,3.3636363636363638,3.1413004623947267,0.24147004282363646
1,13,2016,1.0,1.0,1.0,0.0,0.0,0.0,0.0,0.0,0.0,0.0,0.0,1,1,1,1,25.0,25.0,1.0,0.0,1.0
1,13,2017,2.0,2.0,1.0,0.0,0.0,0.0,0.0,0.0,0.0,0.0,0.0,1,2,2,2,40.0,20.0,2.0,1.0,0.5
1,13,2018,3.0,3.0,1.0,0.0,0.0,0.0,0.0,0.0,0.0,0.0,0.0,2,3,3,3,65.0,21.666666666666668,1.6666666666666667,0.9428090415820631,0.5147186257614298
1,13,2019,4.0,4.0,1.0,0.0,0.0,0.0,0.0,0.0,0.0,0.0,0.0,2,4,4,4,83.0,20.75,1.75,0.82915619758885,0.5467001677156801
1,13,2020,5.0,5.0,1.0,0.0,0.0,0.0,0.0,0.0,0.0,0.0,0.0,2,5,5,5,101.0,20.2,1.8,0.748331477354788,0.571973915102754
1,13,2021,6.0,6.0,1.0,0.0,0.0,0.0,0.0,0.0,0.0,0.0,0.0,3,6,6,6,126.0,21.0,1.6666666666666667,0.7453559924999298,0.5729490168751578
1,13,2022,7.0,7.0,1.0,0.0,0.0,0.0,0.0,0.0,0.0,0.0,0.0,3,7,7,7,133.5,19.071428571428573,1.8571428571428572,0.8329931278350431,0.5455557824055264
1,13,2023,8.0,7.0,0.875,1.0,0.125,0.0,0.0,1.0,0.125,0.0,0.0,3,7,7,7,133.5,16.6875,1.625,0.9921567416492215,0.5019685344498258
1,13,2024,9.0,8.0,0.8888888888888888,1.0,0.1111111111111111,0.0,0.0,1.0,0.1111111111111111,0.0,0.0,3,7,8,8,146.5,16.27777777777778,1.8888888888888888,1.1967032904743342,0.45522761509774495
1,13,2025,10.0,9.0,0.9,1.0,0.1,0.0,0.0,1.0,0.1,0.0,0.0,4,8,9,9,171.5,17.15,1.8,1.1661903789690597,0.4616399415807225
1,14,2015,11.0,10.0,0.9090909090909091,1.0,0.09090909090909091,0.0,0.0,1.0,0.09090909090909091,0.0,0.0,4,8,9,10,177.5,16.136363636363637,2.272727272727273,1.8630819574471995,0.3492739694017096
1,14,2016,1.0,1.0,1.0,0.0,0.0,0.0,0.0,0.0,0.0,0.0,0.0,1,1,1,1,25.0,25.0,1.0,0.0,1.0
1,14,2017,2.0,2.0,1.0,0.0,0.0,0.0,0.0,0.0,0.0,0.0,0.0,1,2,2,2,43.0,21.5,1.5,0.5,0.6666666666666666
1,14,2018,3.0,3.0,1.0,0.0,0.0,0.0,0.0,0.0,0.0,0.0,0.0,2,3,3,3,68.0,22.666666666666668,1.3333333333333333,0.4714045207910318,0.6796227589829592
1,14,2019,4.0,4.0,1.0,0.0,0.0,0.0,0.0,0.0,0.0,0.0,0.0,3,4,4,4,93.0,23.25,1.25,0.4330127018922193,0.6978305207480379
1,14,2020,5.0,5.0,1.0,0.0,0.0,0.0,0.0,0.0,0.0,0.0,0.0,3,5,5,5,109.0,21.8,1.6,0.7999999999999998,0.5555555555555556
1,14,2021,6.0,6.0,1.0,0.0,0.0,0.0,0.0,0.0,0.0,0.0,0.0,3,5,5,6,116.0,19.333333333333332,2.5,2.1408720964441885,0.3183829106355874
1,14,2022,7.0,6.0,0.8571428571428571,1.0,0.14285714285714285,0.0,0.0,1.0,0.14285714285714285,0.0,0.0,3,5,5,6,116.0,16.571428571428573,2.142857142857143,2.1665358411575864,0.315802520534374
1,14,2023,8.0,7.0,0.875,1.0,0.125,0.0,0.0,1.0,0.125,0.0,0.0,3,5,6,7,126.0,15.75,2.5,2.23606797749979,0.3090169943749474
1,14,2024,9.0,8.0,0.8888888888888888,1.0,0.1111111111111111,0.0,0.0,1.0,0.1111111111111111,0.0,0.0,3,5,6,8,134.0,14.88888888888889,2.888888888888889,2.3778816176702997,0.29604353058698746
1,14,2025,10.0,9.0,0.9,1.0,0.1,0.0,0.0,1.0,0.1,0.0,0.0,3,5,7,9,144.0,14.4,3.1,2.343074902771996,0.2991258135349658
1,15,2015,11.0,10.0,0.9090909090909091,1.0,0.09090909090909091,0.0,0.0,1.0,0.09090909090909091,0.0,0.0,3,5,7,10,152.0,13.818181818181818,3.3636363636363638,2.3845230997461817,0.29546260153313586
1,15,2016,1.0,0.0,0.0,1.0,1.0,1.0,1.0,0.0,0.0,0.0,0.0,0,0,0,0,0.0,0.0,0.0,0.0,1.0
1,15,2017,2.0,1.0,0.5,1.0,0.5,1.0,0.5,0.0,0.0,0.0,0.0,0,1,1,1,15.0,7.5,1.5,1.5,0.4
1,15,2018,3.0,2.0,0.6666666666666666,1.0,0.3333333333333333,1.0,0.3333333333333333,0.0,0.0,0.0,0.0,1,2,2,2,40.0,13.333333333333334,1.3333333333333333,1.2472191289246473,0.4449944320643648
1,15,2019,4.0,3.0,0.75,1.0,0.25,1.0,0.25,0.0,0.0,0.0,0.0,2,3,3,3,65.0,16.25,1.25,1.0897247358851685,0.4785319247208981
1,15,2022,5.0,4.0,0.8,1.0,0.2,1.0,0.2,0.0,0.0,0.0,0.0,2,3,4,4,77.0,15.4,1.8,1.469693845669907,0.4049084876464714
1,15,2023,6.0,5.0,0.8333333333333334,1.0,0.16666666666666666,1.0,0.16666666666666666,0.0,0.0,0.0,0.0,2,3,4,5,79.0,13.166666666666666,3.0,3.0,0.25
1,15,2024,7.0,6.0,0.8571428571428571,1.0,0.14285714285714285,1.0,0.14285714285714285,0.0,0.0,0.0,0.0,2,4,5,6,95.0,13.571428571428571,3.0,2.7774602993176547,0.2647281296856081
1,15,2025,8.0,7.0,0.875,1.0,0.125,1.0,0.125,0.0,0.0,0.0,0.0,2,4,5,7,103.0,12.875,3.375,2.7810744326608736,0.264475089768668
1,17,2015,9.0,8.0,0.8888888888888888,1.0,0.1111111111111111,1.0,0.1111111111111111,0.0,0.0,0.0,0.0,2,4,5,8,107.0,11.88888888888889,3.888888888888889,2.9979416807182315,0.2501287111872902
1,17,2016,1.0,1.0,1.0,0.0,0.0,0.0,0.0,0.0,0.0,0.0,0.0,1,1,1,1,25.0,25.0,1.0,0.0,1.0
1,17,2017,2.0,2.0,1.0,0.0,0.0,0.0,0.0,0.0,0.0,0.0,0.0,1,1,1,2,31.0,15.5,4.0,3.0,0.25
1,17,2018,3.0,3.0,1.0,0.0,0.0,0.0,0.0,0.0,0.0,0.0,0.0,2,2,2,3,56.0,18.666666666666668,3.0,2.8284271247461903,0.2612038749637414
1,17,2019,4.0,4.0,1.0,0.0,0.0,0.0,0.0,0.0,0.0,0.0,0.0,2,2,3,4,68.0,17.0,3.25,2.48746859276655,0.286740933545359
1,17,2024,5.0,5.0,1.0,0.0,0.0,0.0,0.0,0.0,0.0,0.0,0.0,3,3,4,5,93.0,18.6,2.8,2.4000000000000004,0.2941176470588235
1,17,2025,6.0,6.0,1.0,0.0,0.0,0.0,0.0,0.0,0.0,0.0,0.0,3,3,4,6,95.0,15.833333333333334,3.8333333333333335,3.184162195757133,0.2389964712682578
1,18,2015,7.0,6.0,0.8571428571428571,1.0,0.14285714285714285,0.0,0.0,0.0,0.0,1.0,0.14285714285714285,3,3,4,6,95.0,13.571428571428571,6.0,6.071008388821651,0.14142254470817353
1,18,2016,1.0,1.0,1.0,0.0,0.0,0.0,0.0,0.0,0.0,0.0,0.0,0,1,1,1,18.0,18.0,2.0,0.0,1.0
1,18,2017,2.0,2.0,1.0,0.0,0.0,0.0,0.0,0.0,0.0,0.0,0.0,1,2,2,2,43.0,21.5,1.5,0.5,0.6666666666666666
1,18,2018,3.0,3.0,1.0,0.0,0.0,0.0,0.0,0.0,0.0,0.0,0.0,1,2,3,3,55.0,18.333333333333332,2.3333333333333335,1.2472191289246466,0.444994432064365
1,18,2019,4.0,4.0,1.0,0.0,0.0,0.0,0.0,0.0,0.0,0.0,0.0,2,3,4,4,80.0,20.0,2.0,1.224744871391589,0.4494897427831781
1,18,2021,5.0,5.0,1.0,0.0,0.0,0.0,0.0,0.0,0.0,0.0,0.0,2,3,4,5,86.0,17.2,3.0,2.2803508501982757,0.30484544052339907
1,18,2022,6.0,6.0,1.0,0.0,0.0,0.0,0.0,0.0,0.0,0.0,0.0,3,4,5,6,111.0,18.5,2.6666666666666665,2.211083193570267,0.31142139263235424
1,18,2023,7.0,7.0,1.0,0.0,0.0,0.0,0.0,0.0,0.0,0.0,0.0,3,5,6,7,129.0,18.428571428571427,2.5714285714285716,2.060315014550851,0.32676374662258934
1,18,2024,8.0,8.0,1.0,0.0,0.0,0.0,0.0,0.0,0.0,0.0,0.0,3,5,6,8,133.0,16.625,3.25,2.6339134382131846,0.2751854211727469
1,18,2025,9.0,9.0,1.0,0.0,0.0,0.0,0.0,0.0,0.0,0.0,0.0,3,5,6,9,134.0,14.88888888888889,4.0,3.265986323710904,0.23441237831492112
1,20,2020,10.0,9.0,0.9,1.0,0.1,0.0,0.0,1.0,0.1,0.0,0.0,3,5,6,9,134.0,13.4,5.4,5.219195340279955,0.1607925053460349
1,21,2020,1.0,1.0,1.0,0.0,0.0,0.0,0.0,0.0,0.0,0.0,0.0,1,1,1,1,25.0,25.0,1.0,0.0,1.0
1,21,2021,1.0,1.0,1.0,0.0,0.0,0.0,0.0,0.0,0.0,0.0,0.0,1,1,1,1,26.0,26.0,1.0,0.0,1.0
1,21,2022,2.0,2.0,1.0,0.0,0.0,0.0,0.0,0.0,0.0,0.0,0.0,1,2,2,2,45.0,22.5,1.5,0.5,0.6666666666666666
1,21,2024,3.0,3.0,1.0,0.0,0.0,0.0,0.0,0.0,0.0,0.0,0.0,1,2,2,2,45.0,15.0,5.333333333333333,5.436502143433364,0.15536388829144074
1,21,2025,4.0,4.0,1.0,0.0,0.0,0.0,0.0,0.0,0.0,0.0,0.0,1,2,2,3,53.0,13.25,5.5,4.716990566028302,0.17491720310721423
1,22,2015,5.0,5.0,1.0,0.0,0.0,0.0,0.0,0.0,0.0,0.0,0.0,1,2,3,4,65.0,13.0,5.2,4.261455150532504,0.19006148895877056
1,22,2016,1.0,1.0,1.0,0.0,0.0,0.0,0.0,0.0,0.0,0.0,0.0,1,1,1,1,25.0,25.0,1.0,0.0,1.0
1,22,2017,2.0,2.0,1.0,0.0,0.0,0.0,0.0,0.0,0.0,0.0,0.0,1,2,2,2,40.0,20.0,2.0,1.0,0.5
1,22,2018,3.0,3.0,1.0,0.0,0.0,0.0,0.0,0.0,0.0,0.0,0.0,2,3,3,3,65.0,21.666666666666668,1.6666666666666667,0.9428090415820631,0.5147186257614298
1,22,2019,4.0,4.0,1.0,0.0,0.0,0.0,0.0,0.0,0.0,0.0,0.0,3,4,4,4,90.0,22.5,1.5,0.8660254037844386,0.5358983848622454
1,22,2022,5.0,5.0,1.0,0.0,0.0,0.0,0.0,0.0,0.0,0.0,0.0,3,5,5,5,106.0,21.2,1.8,0.9797958971132712,0.5051025721682191
1,22,2023,6.0,6.0,1.0,0.0,0.0,0.0,0.0,0.0,0.0,0.0,0.0,3,5,6,6,116.0,19.333333333333332,2.3333333333333335,1.4907119849998596,0.4014916240907944
1,22,2024,7.0,7.0,1.0,0.0,0.0,0.0,0.0,0.0,0.0,0.0,0.0,3,5,7,7,126.0,18.0,2.7142857142857144,1.6659862556700855,0.3750957072164852
1,22,2025,8.0,8.0,1.0,0.0,0.0,0.0,0.0,0.0,0.0,0.0,0.0,3,5,7,8,128.0,16.0,3.5,2.598076211353316,0.27792629762666365
1,24,2015,9.0,9.0,1.0,0.0,0.0,0.0,0.0,0.0,0.0,0.0,0.0,3,5,7,9,134.0,14.88888888888889,3.888888888888889,2.6851213274654606,0.2713614861326089
1,24,2016,1.0,1.0,1.0,0.0,0.0,0.0,0.0,0.0,0.0,0.0,0.0,0,1,1,1,18.0,18.0,2.0,0.0,1.0
1,24,2017,2.0,2.0,1.0,0.0,0.0,0.0,0.0,0.0,0.0,0.0,0.0,1,2,2,2,43.0,21.5,1.5,0.5,0.6666666666666666
1,24,2018,3.0,3.0,1.0,0.0,0.0,0.0,0.0,0.0,0.0,0.0,0.0,1,3,3,3,61.0,20.333333333333332,1.6666666666666667,0.4714045207910313,0.6796227589829594
1,24,2019,4.0,4.0,1.0,0.0,0.0,0.0,0.0,0.0,0.0,0.0,0.0,2,4,4,4,86.0,21.5,1.5,0.5,0.6666666666666666
1,24,2020,5.0,5.0,1.0,0.0,0.0,0.0,0.0,0.0,0.0,0.0,0.0,3,5,5,5,112.0,22.4,1.4,0.48989794855663604,0.6711869097939004
1,24,2021,6.0,6.0,1.0,0.0,0.0,0.0,0.0,0.0,0.0,0.0,0.0,3,6,6,6,127.0,21.166666666666668,1.6666666666666667,0.7453559924999298,0.5729490168751578
1,24,2022,7.0,7.0,1.0,0.0,0.0,0.0,0.0,0.0,0.0,0.0,0.0,3,7,7,7,145.0,20.714285714285715,1.7142857142857142,0.6998542122237652,0.5882857440414202
1,24,2023,8.0,8.0,1.0,0.0,0.0,0.0,0.0,0.0,0.0,0.0,0.0,3,7,7,7,145.0,18.125,3.75,5.425633603552677,0.15562667616888531
1,24,2024,9.0,9.0,1.0,0.0,0.0,0.0,0.0,0.0,0.0,0.0,0.0,3,7,7,8,147.0,16.333333333333332,4.333333333333333,5.374838498865699,0.15686671908283387
1,32,2015,10.0,10.0,1.0,0.0,0.0,0.0,0.0,0.0,0.0,0.0,0.0,3,7,8,9,159.0,15.9,4.3,5.1000000000000005,0.16393442622950818
1,32,2016,1.0,1.0,1.0,0.0,0.0,0.0,0.0,0.0,0.0,0.0,0.0,0,1,1,1,18.0,18.0,2.0,0.0,1.0
1,32,2017,2.0,2.0,1.0,0.0,0.0,0.0,0.0,0.0,0.0,0.0,0.0,1,2,2,2,43.0,21.5,1.5,0.5,0.6666666666666666
1,32,2018,3.0,3.0,1.0,0.0,0.0,0.0,0.0,0.0,0.0,0.0,0.0,1,2,2,3,45.0,15.0,4.0,3.559026084010437,0.2193450929151803
1,32,2019,4.0,4.0,1.0,0.0,0.0,0.0,0.0,0.0,0.0,0.0,0.0,1,2,3,4,57.0,14.25,4.0,3.082207001484488,0.2449655295864104
1,32,2021,5.0,5.0,1.0,0.0,0.0,0.0,0.0,0.0,0.0,0.0,0.0,2,3,4,5,82.0,16.4,3.4,3.0066592756745822,0.24958448702420163
1,32,2022,6.0,6.0,1.0,0.0,0.0,0.0,0.0,0.0,0.0,0.0,0.0,2,4,5,6,100.0,16.666666666666668,3.1666666666666665,2.7938424357067015,0.26358501096098474
1,32,2023,7.0,7.0,1.0,0.0,0.0,0.0,0.0,0.0,0.0,0.0,0.0,2,5,6,7,118.0,16.857142857142858,3.0,2.618614682831909,0.27634884828837464
1,32,2024,8.0,8.0,1.0,0.0,0.0,0.0,0.0,0.0,0.0,0.0,0.0,2,6,7,8,137.0,17.125,2.875,2.4717149916606487,0.2880420778785367
1,32,2025,9.0,9.0,1.0,0.0,0.0,0.0,0.0,0.0,0.0,0.0,0.0,2,6,8,9,149.0,16.555555555555557,3.0,2.3570226039551585,0.29788301062430306
1,34,2018,10.0,10.0,1.0,0.0,0.0,0.0,0.0,0.0,0.0,0.0,0.0,2,6,8,10,153.0,15.3,3.5,2.692582403567252,0.2708131845707603
1,34,2019,1.0,1.0,1.0,0.0,0.0,0.0,0.0,0.0,0.0,0.0,0.0,1,1,1,1,25.0,25.0,1.0,0.0,1.0
1,34,2021,2.0,2.0,1.0,0.0,0.0,0.0,0.0,0.0,0.0,0.0,0.0,2,2,2,2,50.0,25.0,1.0,0.0,1.0
1,34,2022,3.0,3.0,1.0,0.0,0.0,0.0,0.0,0.0,0.0,0.0,0.0,2,3,3,3,68.0,22.666666666666668,1.3333333333333333,0.4714045207910318,0.6796227589829592
1,39,2021,4.0,4.0,1.0,0.0,0.0,0.0,0.0,0.0,0.0,0.0,0.0,2,4,4,4,86.0,21.5,1.5,0.5,0.6666666666666666
1,39,2022,1.0,1.0,1.0,0.0,0.0,0.0,0.0,0.0,0.0,0.0,0.0,0,1,1,1,19.0,19.0,2.0,0.0,1.0
1,39,2023,2.0,2.0,1.0,0.0,0.0,0.0,0.0,0.0,0.0,0.0,0.0,0,1,2,2,31.0,15.5,3.0,1.0,0.5
1,39,2024,3.0,3.0,1.0,0.0,0.0,0.0,0.0,0.0,0.0,0.0,0.0,0,1,2,3,39.0,13.0,4.0,1.6329931618554525,0.37979589711327116
1,39,2025,4.0,4.0,1.0,0.0,0.0,0.0,0.0,0.0,0.0,0.0,0.0,0,1,2,4,43.0,10.75,5.0,2.23606797749979,0.3090169943749474
1,69,2015,5.0,4.0,0.8,1.0,0.2,0.0,0.0,1.0,0.2,0.0,0.0,0,1,2,4,43.0,8.6,8.0,6.324555320336759,0.1365270594958143
1,69,2016,1.0,1.0,1.0,0.0,0.0,0.0,0.0,0.0,0.0,0.0,0.0,1,1,1,1,25.0,25.0,1.0,0.0,1.0
1,69,2017,2.0,2.0,1.0,0.0,0.0,0.0,0.0,0.0,0.0,0.0,0.0,2,2,2,2,50.0,25.0,1.0,0.0,1.0
1,69,2018,3.0,3.0,1.0,0.0,0.0,0.0,0.0,0.0,0.0,0.0,0.0,3,3,3,3,75.0,25.0,1.0,0.0,1.0
1,69,2019,4.0,4.0,1.0,0.0,0.0,0.0,0.0,0.0,0.0,0.0,0.0,3,4,4,4,90.0,22.5,1.5,0.8660254037844386,0.5358983848622454
1,69,2021,5.0,5.0,1.0,0.0,0.0,0.0,0.0,0.0,0.0,0.0,0.0,3,5,5,5,108.0,21.6,1.6,0.7999999999999998,0.5555555555555556
1,69,2022,6.0,6.0,1.0,0.0,0.0,0.0,0.0,0.0,0.0,0.0,0.0,3,6,6,6,127.0,21.166666666666668,1.6666666666666667,0.7453559924999298,0.5729490168751578
1,69,2023,7.0,7.0,1.0,0.0,0.0,0.0,0.0,0.0,0.0,0.0,0.0,3,7,7,7,145.0,20.714285714285715,1.7142857142857142,0.6998542122237652,0.5882857440414202
1,69,2024,8.0,8.0,1.0,0.0,0.0,0.0,0.0,0.0,0.0,0.0,0.0,3,7,7,7,145.0,18.125,1.5,0.8660254037844386,0.5358983848622454
1,69,2025,9.0,8.0,0.8888888888888888,1.0,0.1111111111111111,0.0,0.0,1.0,0.1111111111111111,0.0,0.0,3,7,7,7,145.0,16.11111111111111,1.3333333333333333,0.9428090415820634,0.5147186257614297
1,70,2015,10.0,9.0,0.9,1.0,0.1,0.0,0.0,1.0,0.1,0.0,0.0,3,7,8,8,157.0,15.7,1.6,1.1999999999999997,0.4545454545454546
1,70,2016,1.0,1.0,1.0,0.0,0.0,0.0,0.0,0.0,0.0,0.0,0.0,0,1,1,1,18.0,18.0,2.0,0.0,1.0
1,70,2017,2.0,2.0,1.0,0.0,0.0,0.0,0.0,0.0,0.0,0.0,0.0,1,2,2,2,43.0,21.5,1.5,0.5,0.6666666666666666
1,70,2018,3.0,3.0,1.0,0.0,0.0,0.0,0.0,0.0,0.0,0.0,0.0,1,2,3,3,55.0,18.333333333333332,2.3333333333333335,1.2472191289246466,0.444994432064365
1,70,2019,4.0,3.0,0.75,1.0,0.25,1.0,0.25,0.0,0.0,0.0,0.0,1,2,3,3,55.0,13.75,1.75,1.479019945774904,0.40338521749465606
1,70,2020,5.0,4.0,0.8,1.0,0.2,1.0,0.2,0.0,0.0,0.0,0.0,1,2,4,4,65.0,13.0,2.4,1.8547236990991407,0.35029659799145113
1,70,2021,7.0,6.0,0.8571428571428571,1.0,0.14285714285714285,1.0,0.14285714285714285,0.0,0.0,0.0,0.0,2,3,6,6,102.0,14.571428571428571,2.4285714285714284,1.761261143705422,0.36215335962685113
1,70,2022,9.0,8.0,0.8888888888888888,1.0,0.1111111111111111,1.0,0.1111111111111111,0.0,0.0,0.0,0.0,2,4,8,8,133.0,14.777777777777779,2.5555555555555554,1.640535895581489,0.37871100395693874
1,70,2023,10.0,9.0,0.9,1.0,0.1,1.0,0.1,0.0,0.0,0.0,0.0,2,5,9,9,148.0,14.8,2.6,1.5620499351813304,0.3903124549870354
1,70,2024,11.0,10.0,0.9090909090909091,1.0,0.09090909090909091,1.0,0.09090909090909091,0.0,0.0,0.0,0.0,2,5,9,10,152.0,13.818181818181818,3.090909090909091,2.1513017393089515,0.31732918099403895
1,70,2025,12.0,11.0,0.9166666666666666,1.0,0.08333333333333333,1.0,0.08333333333333333,0.0,0.0,0.0,0.0,2,5,10,11,164.0,13.666666666666666,3.1666666666666665,2.0749832663314556,0.325205021747331
1,71,2015,13.0,12.0,0.9230769230769231,1.0,0.07692307692307693,1.0,0.07692307692307693,0.0,0.0,0.0,0.0,2,5,11,12,176.0,13.538461538461538,3.230769230769231,2.0059084323700453,0.33267813125349854
1,71,2016,1.0,1.0,1.0,0.0,0.0,0.0,0.0,0.0,0.0,0.0,0.0,1,1,1,1,25.0,25.0,1.0,0.0,1.0
1,71,2017,2.0,2.0,1.0,0.0,0.0,0.0,0.0,0.0,0.0,0.0,0.0,1,2,2,2,43.0,21.5,1.5,0.5,0.6666666666666666
1,71,2018,3.0,3.0,1.0,0.0,0.0,0.0,0.0,0.0,0.0,0.0,0.0,1,2,3,3,55.0,18.333333333333332,2.3333333333333335,1.2472191289246466,0.444994432064365
1,71,2019,4.0,4.0,1.0,0.0,0.0,0.0,0.0,0.0,0.0,0.0,0.0,2,3,4,4,80.0,20.0,2.0,1.224744871391589,0.4494897427831781
1,71,2020,5.0,5.0,1.0,0.0,0.0,0.0,0.0,0.0,0.0,0.0,0.0,3,4,5,5,106.0,21.2,1.8,1.1661903789690597,0.4616399415807225
1,71,2021,6.0,6.0,1.0,0.0,0.0,0.0,0.0,0.0,0.0,0.0,0.0,3,5,6,6,121.0,20.166666666666668,2.0,1.1547005383792515,0.4641016151377546
1,73,2016,7.0,7.0,1.0,0.0,0.0,0.0,0.0,0.0,0.0,0.0,0.0,4,6,7,7,146.0,20.857142857142858,1.8571428571428572,1.124858267715973,0.47061962446789823
1,73,2017,1.0,1.0,1.0,0.0,0.0,0.0,0.0,0.0,0.0,0.0,0.0,0,0,1,1,10.0,10.0,5.0,0.0,1.0
1,73,2018,2.0,2.0,1.0,0.0,0.0,0.0,0.0,0.0,0.0,0.0,0.0,0,0,2,2,20.0,10.0,5.0,0.0,1.0
1,73,2019,3.0,3.0,1.0,0.0,0.0,0.0,0.0,0.0,0.0,0.0,0.0,1,1,3,3,45.0,15.0,3.6666666666666665,1.8856180831641272,0.3465462064555278
1,73,2021,4.0,4.0,1.0,0.0,0.0,0.0,0.0,0.0,0.0,0.0,0.0,1,2,4,4,63.0,15.75,3.25,1.7853571071357126,0.35902039183346857
1,73,2022,5.0,5.0,1.0,0.0,0.0,0.0,0.0,0.0,0.0,0.0,0.0,1,2,4,4,63.0,12.6,5.6,4.963869458396343,0.16767637302861008
1,73,2023,6.0,6.0,1.0,0.0,0.0,0.0,0.0,0.0,0.0,0.0,0.0,1,2,5,5,75.0,12.5,5.333333333333333,4.570436400267363,0.17951914861679477
1,73,2024,7.0,7.0,1.0,0.0,0.0,0.0,0.0,0.0,0.0,0.0,0.0,1,2,5,6,83.0,11.857142857142858,5.428571428571429,4.2378277069118075,0.1909188419238009
1,73,2025,8.0,8.0,1.0,0.0,0.0,0.0,0.0,0.0,0.0,0.0,0.0,1,2,5,7,85.0,10.625,5.875,4.136348026943574,0.1946908571526564
1,75,2020,9.0,9.0,1.0,0.0,0.0,0.0,0.0,0.0,0.0,0.0,0.0,1,2,5,8,89.0,9.88888888888889,6.111111111111111,3.956554181058857,0.20175306543030108
1,75,2021,1.0,1.0,1.0,0.0,0.0,0.0,0.0,0.0,0.0,0.0,0.0,1,1,1,1,26.0,26.0,1.0,0.0,1.0
1,76,2020,2.0,2.0,1.0,0.0,0.0,0.0,0.0,0.0,0.0,0.0,0.0,2,2,2,2,51.0,25.5,1.0,0.0,1.0
1,77,2021,1.0,1.0,1.0,0.0,0.0,0.0,0.0,0.0,0.0,0.0,0.0,1,1,1,1,26.0,26.0,1.0,0.0,1.0
1,77,2022,1.0,1.0,1.0,0.0,0.0,0.0,0.0,0.0,0.0,0.0,0.0,1,1,1,1,26.0,26.0,1.0,0.0,1.0
1,77,2023,2.0,2.0,1.0,0.0,0.0,0.0,0.0,0.0,0.0,0.0,0.0,1,1,1,2,27.0,13.5,5.5,4.5,0.18181818181818182
1,77,2024,3.0,3.0,1.0,0.0,0.0,0.0,0.0,0.0,0.0,0.0,0.0,1,1,2,3,37.0,12.333333333333334,5.333333333333333,3.6817870057290873,0.21359365532355556
1,77,2025,4.0,4.0,1.0,0.0,0.0,0.0,0.0,0.0,0.0,0.0,0.0,1,1,2,4,39.0,9.75,6.25,3.5619517121937516,0.21920442457272743
1,78,2021,5.0,5.0,1.0,0.0,0.0,0.0,0.0,0.0,0.0,0.0,0.0,1,1,2,5,45.0,9.0,6.4,3.1999999999999993,0.23809523809523814
1,78,2023,1.0,1.0,1.0,0.0,0.0,0.0,0.0,0.0,0.0,0.0,0.0,1,1,1,1,25.0,25.0,1.0,0.0,1.0
1,78,2024,2.0,1.0,0.5,1.0,0.5,0.0,0.0,1.0,0.5,0.0,0.0,1,1,1,1,25.0,12.5,0.5,0.5,0.6666666666666666
1,78,2025,3.0,2.0,0.6666666666666666,1.0,0.3333333333333333,0.0,0.0,1.0,0.3333333333333333,0.0,0.0,1,1,1,1,25.0,8.333333333333334,4.333333333333333,5.436502143433364,0.15536388829144074
1,79,2022,4.0,3.0,0.75,1.0,0.25,0.0,0.0,1.0,0.25,0.0,0.0,1,1,1,1,25.0,6.25,6.25,5.7608593109014565,0.1479101921833462
1,79,2023,1.0,1.0,1.0,0.0,0.0,0.0,0.0,0.0,0.0,0.0,0.0,0,0,0,1,8.0,8.0,6.0,0.0,1.0
1,79,2024,2.0,2.0,1.0,0.0,0.0,0.0,0.0,0.0,0.0,0.0,0.0,0,0,0,2,16.0,8.0,6.0,0.0,1.0
1,79,2025,3.0,3.0,1.0,0.0,0.0,0.0,0.0,0.0,0.0,0.0,0.0,0,0,0,3,24.0,8.0,6.0,0.0,1.0
1,80,2023,4.0,4.0,1.0,0.0,0.0,0.0,0.0,0.0,0.0,0.0,0.0,0,0,0,4,28.0,7.0,6.5,0.8660254037844386,0.5358983848622454
1,80,2024,1.0,1.0,1.0,0.0,0.0,0.0,0.0,0.0,0.0,0.0,0.0,0,0,0,1,6.0,6.0,7.0,0.0,1.0
1,80,2025,2.0,2.0,1.0,0.0,0.0,0.0,0.0,0.0,0.0,0.0,0.0,0,1,1,2,24.0,12.0,4.5,2.5,0.2857142857142857
3,1,2015,3.0,3.0,1.0,0.0,0.0,0.0,0.0,0.0,0.0,0.0,0.0,0,1,1,3,28.0,9.333333333333334,5.666666666666667,2.62466929133727,0.275887238151612
3,1,2016,1.0,1.0,1.0,0.0,0.0,0.0,0.0,0.0,0.0,0.0,0.0,0,1,1,1,18.0,18.0,2.0,0.0,1.0
3,2,2015,2.0,2.0,1.0,0.0,0.0,0.0,0.0,0.0,0.0,0.0,0.0,1,2,2,2,43.0,21.5,1.5,0.5,0.6666666666666666
3,2,2016,1.0,1.0,1.0,0.0,0.0,0.0,0.0,0.0,0.0,0.0,0.0,0,1,1,1,15.0,15.0,3.0,0.0,1.0
3,3,2015,2.0,2.0,1.0,0.0,0.0,0.0,0.0,0.0,0.0,0.0,0.0,0,2,2,2,30.0,15.0,3.0,0.0,1.0
3,3,2016,1.0,1.0,1.0,0.0,0.0,0.0,0.0,0.0,0.0,0.0,0.0,0,1,1,1,15.0,15.0,3.0,0.0,1.0
3,4,2015,2.0,2.0,1.0,0.0,0.0,0.0,0.0,0.0,0.0,0.0,0.0,1,2,2,2,40.0,20.0,2.0,1.0,0.5
3,4,2016,1.0,1.0,1.0,0.0,0.0,0.0,0.0,0.0,0.0,0.0,0.0,1,1,1,1,25.0,25.0,1.0,0.0,1.0
3,6,2015,2.0,1.0,0.5,1.0,0.5,0.0,0.0,1.0,0.5,0.0,0.0,1,1,1,1,25.0,12.5,0.5,0.5,0.6666666666666666
3,6,2016,1.0,1.0,1.0,0.0,0.0,0.0,0.0,0.0,0.0,0.0,0.0,1,1,1,1,25.0,25.0,1.0,0.0,1.0
3,7,2015,2.0,2.0,1.0,0.0,0.0,0.0,0.0,0.0,0.0,0.0,0.0,1,1,1,2,31.0,15.5,4.0,3.0,0.25
3,7,2016,1.0,1.0,1.0,0.0,0.0,0.0,0.0,0.0,0.0,0.0,0.0,0,1,1,1,18.0,18.0,2.0,0.0,1.0
3,9,2015,2.0,2.0,1.0,0.0,0.0,0.0,0.0,0.0,0.0,0.0,0.0,0,1,2,2,28.0,14.0,3.5,1.5,0.4
3,9,2016,1.0,1.0,1.0,0.0,0.0,0.0,0.0,0.0,0.0,0.0,0.0,0,1,1,1,18.0,18.0,2.0,0.0,1.0
3,10,2016,2.0,2.0,1.0,0.0,0.0,0.0,0.0,0.0,0.0,0.0,0.0,0,2,2,2,33.0,16.5,2.5,0.5,0.6666666666666666
3,11,2015,1.0,1.0,1.0,0.0,0.0,0.0,0.0,0.0,0.0,0.0,0.0,0,0,1,1,12.0,12.0,4.0,0.0,1.0
3,11,2016,1.0,1.0,1.0,0.0,0.0,0.0,0.0,0.0,0.0,0.0,0.0,0,0,0,1,4.0,4.0,8.0,0.0,1.0
3,13,2015,2.0,2.0,1.0,0.0,0.0,0.0,0.0,0.0,0.0,0.0,0.0,0,1,1,2,22.0,11.0,5.0,3.0,0.25
3,13,2016,1.0,1.0,1.0,0.0,0.0,0.0,0.0,0.0,0.0,0.0,0.0,0,1,1,1,18.0,18.0,2.0,0.0,1.0
3,14,2015,2.0,2.0,1.0,0.0,0.0,0.0,0.0,0.0,0.0,0.0,0.0,1,2,2,2,43.0,21.5,1.5,0.5,0.6666666666666666
3,14,2016,1.0,1.0,1.0,0.0,0.0,0.0,0.0,0.0,0.0,0.0,0.0,0,0,0,0,0.0,0.0,17.0,0.0,1.0
3,15,2015,2.0,2.0,1.0,0.0,0.0,0.0,0.0,0.0,0.0,0.0,0.0,1,1,1,1,25.0,12.5,9.0,8.0,0.1111111111111111
3,15,2016,1.0,1.0,1.0,0.0,0.0,0.0,0.0,0.0,0.0,0.0,0.0,0,0,1,1,12.0,12.0,4.0,0.0,1.0
3,17,2015,2.0,2.0,1.0,0.0,0.0,0.0,0.0,0.0,0.0,0.0,0.0,1,1,2,2,37.0,18.5,2.5,1.5,0.4
3,17,2016,1.0,1.0,1.0,0.0,0.0,0.0,0.0,0.0,0.0,0.0,0.0,0,1,1,1,18.0,18.0,2.0,0.0,1.0
3,18,2015,2.0,2.0,1.0,0.0,0.0,0.0,0.0,0.0,0.0,0.0,0.0,1,2,2,2,43.0,21.5,1.5,0.5,0.6666666666666666
3,18,2016,1.0,1.0,1.0,0.0,0.0,0.0,0.0,0.0,0.0,0.0,0.0,1,1,1,1,25.0,25.0,1.0,0.0,1.0
3,22,2015,2.0,2.0,1.0,0.0,0.0,0.0,0.0,0.0,0.0,0.0,0.0,1,2,2,2,43.0,21.5,1.5,0.5,0.6666666666666666
3,22,2016,1.0,1.0,1.0,0.0,0.0,0.0,0.0,0.0,0.0,0.0,0.0,0,1,1,1,18.0,18.0,2.0,0.0,1.0
3,24,2015,2.0,2.0,1.0,0.0,0.0,0.0,0.0,0.0,0.0,0.0,0.0,1,2,2,2,43.0,21.5,1.5,0.5,0.6666666666666666
3,24,2016,1.0,1.0,1.0,0.0,0.0,0.0,0.0,0.0,0.0,0.0,0.0,1,1,1,1,25.0,25.0,1.0,0.0,1.0
3,32,2015,2.0,2.0,1.0,0.0,0.0,0.0,0.0,0.0,0.0,0.0,0.0,1,2,2,2,43.0,21.5,1.5,0.5,0.6666666666666666
3,32,2016,1.0,1.0,1.0,0.0,0.0,0.0,0.0,0.0,0.0,0.0,0.0,1,1,1,1,25.0,25.0,1.0,0.0,1.0
3,69,2015,2.0,2.0,1.0,0.0,0.0,0.0,0.0,0.0,0.0,0.0,0.0,1,2,2,2,43.0,21.5,1.5,0.5,0.6666666666666666
3,69,2016,1.0,1.0,1.0,0.0,0.0,0.0,0.0,0.0,0.0,0.0,0.0,0,1,1,1,18.0,18.0,2.0,0.0,1.0
3,70,2015,2.0,2.0,1.0,0.0,0.0,0.0,0.0,0.0,0.0,0.0,0.0,0,2,2,2,36.0,18.0,2.0,0.0,1.0
3,70,2016,1.0,1.0,1.0,0.0,0.0,0.0,0.0,0.0,0.0,0.0,0.0,1,1,1,1,25.0,25.0,1.0,0.0,1.0
3,71,2015,2.0,2.0,1.0,0.0,0.0,0.0,0.0,0.0,0.0,0.0,0.0,1,1,2,2,37.0,18.5,2.5,1.5,0.4
3,71,2016,1.0,0.0,0.0,1.0,1.0,1.0,1.0,0.0,0.0,0.0,0.0,0,0,0,0,0.0,0.0,0.0,0.0,1.0
3,73,2016,2.0,1.0,0.5,1.0,0.5,1.0,0.5,0.0,0.0,0.0,0.0,1,1,1,1,25.0,12.5,0.5,0.5,0.6666666666666666
4,1,2016,1.0,1.0,1.0,0.0,0.0,0.0,0.0,0.0,0.0,0.0,0.0,1,1,1,1,25.0,25.0,1.0,0.0,1.0
4,1,2017,1.0,0.0,0.0,1.0,1.0,0.0,0.0,1.0,1.0,0.0,0.0,0,0,0,0,0.0,0.0,0.0,0.0,1.0
4,1,2018,2.0,0.0,0.0,2.0,1.0,1.0,0.5,1.0,0.5,0.0,0.0,0,0,0,0,0.0,0.0,0.0,0.0,1.0
4,1,2022,3.0,1.0,0.3333333333333333,2.0,0.6666666666666666,1.0,0.3333333333333333,1.0,0.3333333333333333,0.0,0.0,0,0,1,1,10.0,3.3333333333333335,1.6666666666666667,2.3570226039551585,0.29788301062430306
4,1,2023,4.0,2.0,0.5,2.0,0.5,1.0,0.25,1.0,0.25,0.0,0.0,0,0,1,1,10.0,2.5,5.5,6.946221994724902,0.125845968142326
4,1,2024,5.0,3.0,0.6,2.0,0.4,1.0,0.2,1.0,0.2,0.0,0.0,0,1,2,2,25.0,5.0,5.0,6.292853089020909,0.13712054634769197
4,1,2025,6.0,4.0,0.6666666666666666,2.0,0.3333333333333333,1.0,0.16666666666666666,1.0,0.16666666666666666,0.0,0.0,0,1,2,3,29.0,4.833333333333333,5.5,5.852349955359813,0.14593533700330263
4,2,2015,7.0,4.0,0.5714285714285714,3.0,0.42857142857142855,1.0,0.14285714285714285,2.0,0.2857142857142857,0.0,0.0,0,1,2,3,29.0,4.142857142857143,7.142857142857143,6.749149606295838,0.12904641809825748
4,2,2016,1.0,0.0,0.0,1.0,1.0,0.0,0.0,0.0,0.0,0.0,0.0,0,0,0,0,0.0,0.0,0.0,0.0,1.0
4,2,2017,2.0,1.0,0.5,1.0,0.5,0.0,0.0,0.0,0.0,0.0,0.0,0,0,0,1,6.0,3.0,3.5,3.5,0.2222222222222222
4,3,2015,3.0,2.0,0.6666666666666666,1.0,0.3333333333333333,0.0,0.0,0.0,0.0,0.0,0.0,0,0,0,1,6.0,2.0,6.0,4.546060565661952,0.18030816435569247
4,3,2017,1.0,1.0,1.0,0.0,0.0,0.0,0.0,0.0,0.0,0.0,0.0,0,0,0,0,0.0,0.0,11.0,0.0,1.0
4,3,2018,2.0,2.0,1.0,0.0,0.0,0.0,0.0,0.0,0.0,0.0,0.0,0,0,0,0,0.0,0.0,12.5,1.5,0.4
4,3,2021,3.0,3.0,1.0,0.0,0.0,0.0,0.0,0.0,0.0,0.0,0.0,0,0,0,1,6.0,2.0,10.666666666666666,2.867441755680877,0.2585688584788904
4,3,2022,4.0,3.0,0.75,1.0,0.25,1.0,0.25,0.0,0.0,0.0,0.0,0,0,0,1,6.0,1.5,8.0,5.244044240850758,0.16015261286229274
4,3,2023,5.0,4.0,0.8,1.0,0.2,1.0,0.2,0.0,0.0,0.0,0.0,0,0,0,2,8.0,1.6,8.2,4.707440918375929,0.1752098732691837
4,3,2024,6.0,5.0,0.8333333333333334,1.0,0.16666666666666666,1.0,0.16666666666666666,0.0,0.0,0.0,0.0,0,1,1,3,23.0,3.8333333333333335,7.333333333333333,4.714045207910318,0.17500736581776358
4,3,2025,7.0,6.0,0.8571428571428571,1.0,0.14285714285714285,1.0,0.14285714285714285,0.0,0.0,0.0,0.0,0,1,1,4,25.0,3.5714285714285716,7.571428571428571,4.403152859263554,0.1850771255315363
4,4,2015,8.0,7.0,0.875,1.0,0.125,1.0,0.125,0.0,0.0,0.0,0.0,0,1,1,4,25.0,3.125,8.5,4.795831523312719,0.17253779651421453
4,4,2016,1.0,0.0,0.0,1.0,1.0,1.0,1.0,0.0,0.0,0.0,0.0,0,0,0,0,0.0,0.0,0.0,0.0,1.0
4,4,2017,2.0,0.0,0.0,2.0,1.0,2.0,1.0,0.0,0.0,0.0,0.0,0,0,0,0,0.0,0.0,0.0,0.0,1.0
4,4,2018,3.0,1.0,0.3333333333333333,2.0,0.6666666666666666,2.0,0.6666666666666666,0.0,0.0,0.0,0.0,0,0,0,0,0.0,0.0,4.0,5.656854249492381,0.15022110482233483
4,4,2021,4.0,2.0,0.5,2.0,0.5,2.0,0.5,0.0,0.0,0.0,0.0,0,0,0,1,4.0,1.0,5.0,5.196152422706632,0.16139047779640892
4,4,2022,5.0,3.0,0.6,2.0,0.4,2.0,0.4,0.0,0.0,0.0,0.0,0,0,0,1,4.0,0.8,7.4,6.681317235396026,0.1301860044774525
4,4,2023,6.0,4.0,0.6666666666666666,2.0,0.3333333333333333,2.0,0.3333333333333333,0.0,0.0,0.0,0.0,0,0,0,2,6.0,1.0,7.666666666666667,6.128258770283411,0.14028671408070126
4,4,2024,7.0,5.0,0.7142857142857143,2.0,0.2857142857142857,2.0,0.2857142857142857,0.0,0.0,0.0,0.0,0,0,0,3,12.0,1.7142857142857142,7.571428571428571,5.678459118386226,0.14973513834155783
4,4,2025,8.0,6.0,0.75,2.0,0.25,2.0,0.25,0.0,0.0,0.0,0.0,0,0,0,3,12.0,1.5,8.125,5.509934210133547,0.15361138342125974
4,5,2021,9.0,7.0,0.7777777777777778,2.0,0.2222222222222222,2.0,0.2222222222222222,0.0,0.0,0.0,0.0,0,0,0,4,14.0,1.5555555555555556,8.222222222222221,5.2020888492087245,0.16123600037229105
4,6,2015,1.0,1.0,1.0,0.0,0.0,0.0,0.0,0.0,0.0,0.0,0.0,0,0,0,0,0.0,0.0,16.0,0.0,1.0
4,6,2016,1.0,0.0,0.0,1.0,1.0,1.0,1.0,0.0,0.0,0.0,0.0,0,0,0,0,0.0,0.0,0.0,0.0,1.0
4,6,2018,2.0,1.0,0.5,1.0,0.5,1.0,0.5,0.0,0.0,0.0,0.0,0,0,1,1,10.0,5.0,2.5,2.5,0.2857142857142857
4,6,2021,3.0,1.0,0.3333333333333333,2.0,0.6666666666666666,2.0,0.6666666666666666,0.0,0.0,0.0,0.0,0,0,1,1,10.0,3.3333333333333335,1.6666666666666667,2.3570226039551585,0.29788301062430306
4,6,2022,4.0,2.0,0.5,2.0,0.5,2.0,0.5,0.0,0.0,0.0,0.0,0,0,1,1,10.0,2.5,4.5,5.315072906367325,0.1583512993162321
4,6,2023,5.0,3.0,0.6,2.0,0.4,2.0,0.4,0.0,0.0,0.0,0.0,0,0,1,2,16.0,3.2,5.0,4.857983120596447,0.17070721772550654
4,6,2024,6.0,4.0,0.6666666666666666,2.0,0.3333333333333333,2.0,0.3333333333333333,0.0,0.0,0.0,0.0,0,1,2,3,34.0,5.666666666666667,4.5,4.573474244670748,0.1794213009876526
4,6,2025,7.0,5.0,0.7142857142857143,2.0,0.2857142857142857,2.0,0.2857142857142857,0.0,0.0,0.0,0.0,0,1,2,3,34.0,4.857142857142857,5.428571428571429,4.806458240360206,0.17222202564879974
4,7,2015,8.0,5.0,0.625,3.0,0.375,3.0,0.375,0.0,0.0,0.0,0.0,0,1,2,3,34.0,4.25,7.125,6.352902879786531,0.1360007083391576
4,7,2016,1.0,0.0,0.0,1.0,1.0,1.0,1.0,0.0,0.0,0.0,0.0,0,0,0,0,0.0,0.0,0.0,0.0,1.0
4,7,2017,2.0,1.0,0.5,1.0,0.5,1.0,0.5,0.0,0.0,0.0,0.0,0,0,0,0,0.0,0.0,5.5,5.5,0.15384615384615385
4,7,2018,3.0,2.0,0.6666666666666666,1.0,0.3333333333333333,1.0,0.3333333333333333,0.0,0.0,0.0,0.0,0,0,0,0,0.0,0.0,9.0,6.683312551921141,0.1301521958455223
4,7,2022,4.0,2.0,0.5,2.0,0.5,2.0,0.5,0.0,0.0,0.0,0.0,0,0,0,0,0.0,0.0,6.75,6.977642868476432,0.12535030916857523
4,7,2023,5.0,3.0,0.6,2.0,0.4,2.0,0.4,0.0,0.0,0.0,0.0,0,0,0,1,2.0,0.4,7.2,6.305553108173778,0.13688217513348244
4,7,2024,6.0,4.0,0.6666666666666666,2.0,0.3333333333333333,2.0,0.3333333333333333,0.0,0.0,0.0,0.0,0,1,1,2,20.0,3.3333333333333335,6.333333333333333,6.0736223860962,0.14137028320391887
4,7,2025,7.0,5.0,0.7142857142857143,2.0,0.2857142857142857,2.0,0.2857142857142857,0.0,0.0,0.0,0.0,0,1,1,3,28.0,4.0,6.285714285714286,5.624291338579865,0.15095954403092166
4,9,2015,8.0,6.0,0.75,2.0,0.25,2.0,0.25,0.0,0.0,0.0,0.0,0,1,1,4,34.0,4.25,6.375,5.266343608235224,0.1595826948726209
4,9,2016,1.0,1.0,1.0,0.0,0.0,0.0,0.0,0.0,0.0,0.0,0.0,0,0,0,1,1.0,1.0,10.0,0.0,1.0
4,9,2017,2.0,2.0,1.0,0.0,0.0,0.0,0.0,0.0,0.0,0.0,0.0,0,0,0,1,1.0,0.5,11.5,1.5,0.4
4,9,2018,3.0,2.0,0.6666666666666666,1.0,0.3333333333333333,1.0,0.3333333333333333,0.0,0.0,0.0,0.0,0,0,0,1,1.0,0.3333333333333333,7.666666666666667,5.557777333511022,0.1524906914557591
4,9,2021,4.0,3.0,0.75,1.0,0.25,1.0,0.25,0.0,0.0,0.0,0.0,0,0,0,2,5.0,1.25,7.75,4.815340071064556,0.1719589891184025
4,9,2022,5.0,4.0,0.8,1.0,0.2,1.0,0.2,0.0,0.0,0.0,0.0,0,0,0,3,11.0,2.2,7.6,4.317406628984582,0.18806160028257254
4,9,2023,6.0,5.0,0.8333333333333334,1.0,0.16666666666666666,1.0,0.16666666666666666,0.0,0.0,0.0,0.0,0,0,1,4,21.0,3.5,7.166666666666667,4.058598553961972,0.1976832099508637
4,9,2024,7.0,6.0,0.8571428571428571,1.0,0.14285714285714285,1.0,0.14285714285714285,0.0,0.0,0.0,0.0,0,0,1,5,27.0,3.857142857142857,7.142857142857143,3.7579846965616865,0.21017301731185487
4,9,2025,8.0,7.0,0.875,1.0,0.125,1.0,0.125,0.0,0.0,0.0,0.0,0,0,1,6,31.0,3.875,7.25,3.526683994916471,0.2209122618506204
4,10,2016,9.0,8.0,0.8888888888888888,1.0,0.1111111111111111,1.0,0.1111111111111111,0.0,0.0,0.0,0.0,0,0,1,7,33.0,3.6666666666666665,7.444444444444445,3.3701668640229103,0.22882421452426205
4,10,2018,1.0,1.0,1.0,0.0,0.0,0.0,0.0,0.0,0.0,0.0,0.0,0,0,0,0,0.0,0.0,12.0,0.0,1.0
4,11,2015,2.0,2.0,1.0,0.0,0.0,0.0,0.0,0.0,0.0,0.0,0.0,0,0,0,0,0.0,0.0,14.0,2.0,0.3333333333333333
4,11,2016,1.0,1.0,1.0,0.0,0.0,0.0,0.0,0.0,0.0,0.0,0.0,0,0,1,1,10.0,10.0,5.0,0.0,1.0
4,11,2017,2.0,2.0,1.0,0.0,0.0,0.0,0.0,0.0,0.0,0.0,0.0,0,0,1,2,16.0,8.0,6.0,1.0,0.5
4,11,2018,3.0,3.0,1.0,0.0,0.0,0.0,0.0,0.0,0.0,0.0,0.0,0,0,1,3,24.0,8.0,6.0,0.8164965809277246,0.5505102572168223
4,11,2021,4.0,4.0,1.0,0.0,0.0,0.0,0.0,0.0,0.0,0.0,0.0,0,0,1,4,28.0,7.0,6.5,1.118033988749895,0.4721359549995794
4,11,2022,5.0,5.0,1.0,0.0,0.0,0.0,0.0,0.0,0.0,0.0,0.0,0,0,2,5,40.0,8.0,6.0,1.4142135623730951,0.4142135623730951
4,11,2023,6.0,6.0,1.0,0.0,0.0,0.0,0.0,0.0,0.0,0.0,0.0,0,0,2,6,44.0,7.333333333333333,6.333333333333333,1.490711984999862,0.401491624090794
4,11,2024,7.0,7.0,1.0,0.0,0.0,0.0,0.0,0.0,0.0,0.0,0.0,0,0,2,7,46.0,6.571428571428571,6.714285714285714,1.6659862556700842,0.37509570721648533
4,11,2025,8.0,8.0,1.0,0.0,0.0,0.0,0.0,0.0,0.0,0.0,0.0,0,0,2,7,46.0,5.75,7.25,2.1065374432940898,0.3219018016855533
4,13,2015,9.0,9.0,1.0,0.0,0.0,0.0,0.0,0.0,0.0,0.0,0.0,0,0,3,8,56.0,6.222222222222222,7.0,2.1081851067789192,0.32173116003258956
4,13,2016,1.0,1.0,1.0,0.0,0.0,0.0,0.0,0.0,0.0,0.0,0.0,0,0,0,0,0.0,0.0,13.0,0.0,1.0
4,13,2017,2.0,2.0,1.0,0.0,0.0,0.0,0.0,0.0,0.0,0.0,0.0,0,0,0,1,6.0,3.0,10.0,3.0,0.25
4,13,2018,3.0,2.0,0.6666666666666666,1.0,0.3333333333333333,1.0,0.3333333333333333,0.0,0.0,0.0,0.0,0,0,0,1,6.0,2.0,6.666666666666667,5.312459150169742,0.15841686674092934
4,13,2021,4.0,2.0,0.5,2.0,0.5,1.0,0.25,1.0,0.25,0.0,0.0,0,0,0,1,6.0,1.5,5.0,5.431390245600108,0.15548737703860027
4,13,2022,5.0,3.0,0.6,2.0,0.4,1.0,0.2,1.0,0.2,0.0,0.0,0,0,0,1,6.0,1.2,6.2,5.418486873657626,0.15579996028411944
4,13,2023,6.0,4.0,0.6666666666666666,2.0,0.3333333333333333,1.0,0.16666666666666666,1.0,0.16666666666666666,0.0,0.0,0,0,1,2,16.0,2.6666666666666665,6.0,4.96655480858378,0.16760090740494846
4,13,2024,7.0,5.0,0.7142857142857143,2.0,0.2857142857142857,1.0,0.14285714285714285,1.0,0.14285714285714285,0.0,0.0,0,0,2,3,26.0,3.7142857142857144,5.857142857142857,4.61143211187685,0.178207626870056
4,13,2025,8.0,6.0,0.75,2.0,0.25,1.0,0.125,1.0,0.125,0.0,0.0,0,0,2,4,30.0,3.75,6.125,4.3714271125114275,0.18617026333108835
4,14,2015,9.0,7.0,0.7777777777777778,2.0,0.2222222222222222,1.0,0.1111111111111111,1.0,0.1111111111111111,0.0,0.0,0,0,2,4,30.0,3.3333333333333335,7.333333333333333,5.354126134736338,0.15737805306275915
4,14,2016,1.0,0.0,0.0,1.0,1.0,0.0,0.0,0.0,0.0,0.0,0.0,0,0,0,0,0.0,0.0,18.0,0.0,1.0
4,14,2017,2.0,1.0,0.5,1.0,0.5,0.0,0.0,0.0,0.0,0.0,0.0,0,0,0,0,0.0,0.0,16.0,2.0,0.3333333333333333
4,14,2018,3.0,2.0,0.6666666666666666,1.0,0.3333333333333333,0.0,0.0,0.0,0.0,0.0,0.0,0,0,0,0,0.0,0.0,16.333333333333332,1.6996731711976192,0.3704152082810763
4,14,2021,4.0,2.0,0.5,2.0,0.5,1.0,0.25,0.0,0.0,0.0,0.0,0,0,0,0,0.0,0.0,12.25,7.224091638399945,0.12159397584175717
4,14,2022,5.0,3.0,0.6,2.0,0.4,1.0,0.2,0.0,0.0,0.0,0.0,0,0,0,1,4.0,0.8,11.4,6.681317235396025,0.1301860044774525
4,14,2023,6.0,3.0,0.5,3.0,0.5,2.0,0.3333333333333333,0.0,0.0,0.0,0.0,0,0,0,1,4.0,0.6666666666666666,9.5,7.433034373659253,0.11858127877712907
4,14,2024,7.0,4.0,0.5714285714285714,3.0,0.42857142857142855,2.0,0.2857142857142857,0.0,0.0,0.0,0.0,0,0,0,2,6.0,0.8571428571428571,9.428571428571429,6.883876458946718,0.12684115551622932
4,14,2025,8.0,5.0,0.625,3.0,0.375,2.0,0.25,0.0,0.0,0.0,0.0,0,0,0,2,6.0,0.75,9.625,6.460214779711275,0.13404439812102864
4,15,2015,9.0,5.0,0.5555555555555556,4.0,0.4444444444444444,3.0,0.3333333333333333,0.0,0.0,0.0,0.0,0,0,0,2,6.0,0.6666666666666666,10.666666666666666,6.765927710061479,0.12876761635373032
4,15,2016,1.0,0.0,0.0,1.0,1.0,1.0,1.0,0.0,0.0,0.0,0.0,0,0,0,0,0.0,0.0,0.0,0.0,1.0
4,15,2017,2.0,1.0,0.5,1.0,0.5,1.0,0.5,0.0,0.0,0.0,0.0,0,0,0,1,6.0,3.0,3.5,3.5,0.2222222222222222
4,15,2018,3.0,1.0,0.3333333333333333,2.0,0.6666666666666666,1.0,0.3333333333333333,1.0,0.3333333333333333,0.0,0.0,0,0,0,1,6.0,2.0,2.3333333333333335,3.299831645537221,0.23256724505432583
4,15,2022,4.0,2.0,0.5,2.0,0.5,1.0,0.25,1.0,0.25,0.0,0.0,0,0,0,2,12.0,3.0,3.5,3.5,0.2222222222222222
4,15,2023,5.0,2.0,0.4,3.0,0.6,2.0,0.4,1.0,0.2,0.0,0.0,0,0,0,2,12.0,2.4,2.8,3.4292856398964497,0.22577004088256963
4,15,2024,6.0,3.0,0.5,3.0,0.5,2.0,0.3333333333333333,1.0,0.16666666666666666,0.0,0.0,0,0,0,2,12.0,2.0,4.833333333333333,5.5201650538930656,0.15337035055622084
4,15,2025,7.0,4.0,0.5714285714285714,3.0,0.42857142857142855,2.0,0.2857142857142857,1.0,0.14285714285714285,0.0,0.0,0,0,0,3,16.0,2.2857142857142856,5.285714285714286,5.229430062206608,0.1605283292394452
4,17,2015,8.0,5.0,0.625,3.0,0.375,2.0,0.25,1.0,0.125,0.0,0.0,0,0,0,4,22.0,2.75,5.5,4.924428900898052,0.16879264089884097
4,17,2016,1.0,1.0,1.0,0.0,0.0,0.0,0.0,0.0,0.0,0.0,0.0,0,0,0,0,0.0,0.0,12.0,0.0,1.0
4,17,2017,2.0,2.0,1.0,0.0,0.0,0.0,0.0,0.0,0.0,0.0,0.0,0,0,0,0,0.0,0.0,12.0,0.0,1.0
4,17,2018,3.0,2.0,0.6666666666666666,1.0,0.3333333333333333,1.0,0.3333333333333333,0.0,0.0,0.0,0.0,0,0,0,0,0.0,0.0,8.0,5.656854249492381,0.15022110482233483
4,17,2024,4.0,3.0,0.75,1.0,0.25,1.0,0.25,0.0,0.0,0.0,0.0,0,0,0,1,6.0,1.5,7.75,4.9180788932265,0.1689737528076119
4,17,2025,5.0,4.0,0.8,1.0,0.2,1.0,0.2,0.0,0.0,0.0,0.0,0,0,0,2,13.0,2.6,7.6,4.409081537009721,0.18487426990291325
4,18,2015,6.0,4.0,0.6666666666666666,2.0,0.3333333333333333,2.0,0.3333333333333333,0.0,0.0,0.0,0.0,0,0,0,2,13.0,2.1666666666666665,9.166666666666666,5.335936864527374,0.1578298555338579
4,18,2016,1.0,1.0,1.0,0.0,0.0,0.0,0.0,0.0,0.0,0.0,0.0,0,0,0,0,0.0,0.0,15.0,0.0,1.0
4,18,2017,2.0,2.0,1.0,0.0,0.0,0.0,0.0,0.0,0.0,0.0,0.0,0,0,0,1,1.0,0.5,12.5,2.5,0.2857142857142857
4,18,2018,3.0,3.0,1.0,0.0,0.0,0.0,0.0,0.0,0.0,0.0,0.0,0,0,0,2,5.0,1.6666666666666667,11.0,2.9439202887759475,0.2535548202751239
4,18,2021,4.0,4.0,1.0,0.0,0.0,0.0,0.0,0.0,0.0,0.0,0.0,0,0,0,2,5.0,1.25,12.5,3.640054944640259,0.21551468935838852
4,18,2022,5.0,5.0,1.0,0.0,0.0,0.0,0.0,0.0,0.0,0.0,0.0,0,0,0,3,7.0,1.4,11.8,3.5440090293338704,0.22006998523649393
4,18,2023,6.0,6.0,1.0,0.0,0.0,0.0,0.0,0.0,0.0,0.0,0.0,0,0,1,4,17.0,2.8333333333333335,10.666666666666666,4.10960933531265,0.19570967844625078
4,18,2024,7.0,7.0,1.0,0.0,0.0,0.0,0.0,0.0,0.0,0.0,0.0,0,1,2,5,32.0,4.571428571428571,9.571428571428571,4.655477353371523,0.17681973377611498
4,18,2025,8.0,8.0,1.0,0.0,0.0,0.0,0.0,0.0,0.0,0.0,0.0,0,1,2,5,32.0,4.0,10.125,4.594493987372276,0.1787471757512243
4,21,2021,9.0,9.0,1.0,0.0,0.0,0.0,0.0,0.0,0.0,0.0,0.0,0,1,2,5,32.0,3.5555555555555554,10.555555555555555,4.499657051403686,0.18182951966882527
4,21,2022,1.0,1.0,1.0,0.0,0.0,0.0,0.0,0.0,0.0,0.0,0.0,0,0,0,1,1.0,1.0,10.0,0.0,1.0
4,21,2024,2.0,1.0,0.5,1.0,0.5,0.0,0.0,1.0,0.5,0.0,0.0,0,0,0,1,1.0,0.5,5.0,5.0,0.16666666666666666
4,21,2025,3.0,2.0,0.6666666666666666,1.0,0.3333333333333333,0.0,0.0,1.0,0.3333333333333333,0.0,0.0,0,0,0,1,1.0,0.3333333333333333,9.666666666666666,7.760297817881877,0.11415137028318366
4,22,2015,4.0,3.0,0.75,1.0,0.25,0.0,0.0,1.0,0.25,0.0,0.0,0,0,0,1,1.0,0.25,10.0,6.745368781616021,0.12910941082283192
4,22,2016,1.0,1.0,1.0,0.0,0.0,0.0,0.0,0.0,0.0,0.0,0.0,0,0,0,0,0.0,0.0,11.0,0.0,1.0
4,22,2017,2.0,2.0,1.0,0.0,0.0,0.0,0.0,0.0,0.0,0.0,0.0,0,0,0,0,0.0,0.0,13.5,2.5,0.2857142857142857
4,22,2018,3.0,3.0,1.0,0.0,0.0,0.0,0.0,0.0,0.0,0.0,0.0,0,0,0,0,0.0,0.0,12.666666666666666,2.3570226039551616,0.2978830106243028
4,22,2022,4.0,4.0,1.0,0.0,0.0,0.0,0.0,0.0,0.0,0.0,0.0,0,0,0,0,0.0,0.0,13.0,2.1213203435596424,0.32037724101704074
4,22,2023,5.0,5.0,1.0,0.0,0.0,0.0,0.0,0.0,0.0,0.0,0.0,0,0,0,1,6.0,1.2,11.8,3.0594117081556687,0.24634111341575027
4,22,2024,6.0,6.0,1.0,0.0,0.0,0.0,0.0,0.0,0.0,0.0,0.0,0,0,0,2,10.0,1.6666666666666667,11.166666666666666,3.1313823713426587,0.24204973302314062
4,22,2025,7.0,7.0,1.0,0.0,0.0,0.0,0.0,0.0,0.0,0.0,0.0,0,0,0,3,18.0,2.5714285714285716,10.428571428571429,3.4166459266004,0.22641615755911962
4,24,2015,8.0,8.0,1.0,0.0,0.0,0.0,0.0,0.0,0.0,0.0,0.0,0,0,0,3,18.0,2.25,10.5,3.2015621187164243,0.23800671553691075
4,24,2016,1.0,1.0,1.0,0.0,0.0,0.0,0.0,0.0,0.0,0.0,0.0,0,0,0,0,0.0,0.0,17.0,0.0,1.0
4,24,2017,2.0,2.0,1.0,0.0,0.0,0.0,0.0,0.0,0.0,0.0,0.0,0,0,0,1,1.0,0.5,13.5,3.5,0.2222222222222222
4,24,2018,3.0,3.0,1.0,0.0,0.0,0.0,0.0,0.0,0.0,0.0,0.0,0,0,0,2,3.0,1.0,12.0,3.5590260840104357,0.2193450929151804
4,24,2021,4.0,4.0,1.0,0.0,0.0,0.0,0.0,0.0,0.0,0.0,0.0,0,0,0,2,3.0,0.75,11.75,3.112474899497183,0.24316257835938798
4,24,2022,5.0,5.0,1.0,0.0,0.0,0.0,0.0,0.0,0.0,0.0,0.0,0,0,0,3,7.0,1.4,11.0,3.1622776601683795,0.2402530733520421
4,24,2023,6.0,5.0,0.8333333333333334,1.0,0.16666666666666666,1.0,0.16666666666666666,0.0,0.0,0.0,0.0,0,0,0,3,7.0,1.1666666666666667,9.166666666666666,5.013869652163776,0.16628228708618625
4,24,2024,7.0,6.0,0.8571428571428571,1.0,0.14285714285714285,1.0,0.14285714285714285,0.0,0.0,0.0,0.0,0,0,0,4,13.0,1.8571428571428572,8.857142857142858,4.703450752329807,0.1753324510764837
4,32,2015,8.0,7.0,0.875,1.0,0.125,1.0,0.125,0.0,0.0,0.0,0.0,0,0,0,5,15.0,1.875,8.875,4.399928976699511,0.1851876208585265
4,32,2016,1.0,0.0,0.0,1.0,1.0,0.0,0.0,0.0,0.0,1.0,1.0,0,0,0,0,0.0,0.0,0.0,0.0,1.0
4,32,2017,2.0,1.0,0.5,1.0,0.5,0.0,0.0,0.0,0.0,1.0,0.5,0,0,0,0,0.0,0.0,6.5,6.5,0.13333333333333333
4,32,2018,3.0,2.0,0.6666666666666666,1.0,0.3333333333333333,0.0,0.0,0.0,0.0,1.0,0.3333333333333333,0,0,0,1,1.0,0.3333333333333333,7.666666666666667,5.557777333511022,0.1524906914557591
4,32,2021,4.0,2.0,0.5,2.0,0.5,1.0,0.25,0.0,0.0,1.0,0.25,0,0,0,1,1.0,0.25,5.75,5.84700778176325,0.14604919869719774
4,32,2022,5.0,3.0,0.6,2.0,0.4,1.0,0.2,0.0,0.0,1.0,0.2,0,0,0,2,3.0,0.6,6.4,5.388877434122991,0.15652201976187563
4,32,2023,6.0,3.0,0.5,3.0,0.5,2.0,0.3333333333333333,0.0,0.0,1.0,0.16666666666666666,0,0,0,2,3.0,0.5,8.5,6.800735254367722,0.12819304429541925
4,32,2024,7.0,3.0,0.42857142857142855,4.0,0.5714285714285714,2.0,0.2857142857142857,0.0,0.0,2.0,0.2857142857142857,0,0,0,2,3.0,0.42857142857142855,7.285714285714286,6.963461489687966,0.12557353373214883
4,32,2025,8.0,3.0,0.375,5.0,0.625,3.0,0.375,0.0,0.0,2.0,0.25,0,0,0,2,3.0,0.375,6.375,6.9450971915445505,0.12586378440583898
4,34,2018,9.0,3.0,0.3333333333333333,6.0,0.6666666666666666,4.0,0.4444444444444444,0.0,0.0,2.0,0.2222222222222222,0,0,0,2,3.0,0.3333333333333333,7.666666666666667,7.4981479194679945,0.11767269874288121
4,34,2021,1.0,1.0,1.0,0.0,0.0,0.0,0.0,0.0,0.0,0.0,0.0,0,0,0,0,0.0,0.0,16.0,0.0,1.0
4,34,2022,2.0,2.0,1.0,0.0,0.0,0.0,0.0,0.0,0.0,0.0,0.0,0,0,0,1,4.0,2.0,12.0,4.0,0.2
4,39,2021,3.0,3.0,1.0,0.0,0.0,0.0,0.0,0.0,0.0,0.0,0.0,0,0,0,2,12.0,4.0,10.0,4.320493798938574,0.18795247918520225
4,39,2022,1.0,1.0,1.0,0.0,0.0,0.0,0.0,0.0,0.0,0.0,0.0,0,0,0,1,8.0,8.0,6.0,0.0,1.0
4,39,2023,2.0,2.0,1.0,0.0,0.0,0.0,0.0,0.0,0.0,0.0,0.0,0,0,0,2,16.0,8.0,6.0,0.0,1.0
4,39,2024,3.0,3.0,1.0,0.0,0.0,0.0,0.0,0.0,0.0,0.0,0.0,0,1,1,3,35.0,11.666666666666666,4.666666666666667,1.8856180831641252,0.346546206455528
4,39,2025,4.0,4.0,1.0,0.0,0.0,0.0,0.0,0.0,0.0,0.0,0.0,0,1,1,4,36.0,9.0,6.0,2.8284271247461903,0.2612038749637414
4,69,2015,5.0,5.0,1.0,0.0,0.0,0.0,0.0,0.0,0.0,0.0,0.0,0,1,1,5,40.0,8.0,6.4,2.6532998322843184,0.2737251377954173
4,69,2016,1.0,1.0,1.0,0.0,0.0,0.0,0.0,0.0,0.0,0.0,0.0,0,0,0,0,0.0,0.0,11.0,0.0,1.0
4,69,2017,2.0,2.0,1.0,0.0,0.0,0.0,0.0,0.0,0.0,0.0,0.0,0,0,1,1,10.0,5.0,8.0,3.0,0.25
4,69,2018,3.0,2.0,0.6666666666666666,1.0,0.3333333333333333,1.0,0.3333333333333333,0.0,0.0,0.0,0.0,0,0,1,1,10.0,3.3333333333333335,5.333333333333333,4.496912521077347,0.1819203045647175
4,69,2021,4.0,2.0,0.5,2.0,0.5,1.0,0.25,1.0,0.25,0.0,0.0,0,0,1,1,10.0,2.5,4.0,4.527692569068709,0.1809073112342927
4,69,2022,5.0,2.0,0.4,3.0,0.6,2.0,0.4,1.0,0.2,0.0,0.0,0,0,1,1,10.0,2.0,3.2,4.354308211415448,0.1867654906133323
4,69,2023,6.0,3.0,0.5,3.0,0.5,2.0,0.3333333333333333,1.0,0.16666666666666666,0.0,0.0,0,0,1,2,16.0,2.6666666666666665,3.8333333333333335,4.2196629670573875,0.1915832509323404
4,69,2024,7.0,3.0,0.42857142857142855,4.0,0.5714285714285714,3.0,0.42857142857142855,1.0,0.14285714285714285,0.0,0.0,0,0,1,2,16.0,2.2857142857142856,3.2857142857142856,4.130523512800274,0.19491188326202472
4,69,2025,8.0,4.0,0.5,4.0,0.5,3.0,0.375,1.0,0.125,0.0,0.0,0,0,1,2,16.0,2.0,4.5,5.024937810560445,0.16597681693032765
4,70,2015,9.0,5.0,0.5555555555555556,4.0,0.4444444444444444,3.0,0.3333333333333333,1.0,0.1111111111111111,0.0,0.0,0,0,1,3,17.0,1.8888888888888888,5.111111111111111,5.043024763515652,0.16548004337785133
4,70,2016,1.0,0.0,0.0,1.0,1.0,0.0,0.0,1.0,1.0,0.0,0.0,0,0,0,0,0.0,0.0,0.0,0.0,1.0
4,70,2017,2.0,1.0,0.5,1.0,0.5,0.0,0.0,1.0,0.5,0.0,0.0,0,0,0,0,0.0,0.0,9.0,9.0,0.1
4,70,2018,3.0,1.0,0.3333333333333333,2.0,0.6666666666666666,0.0,0.0,2.0,0.6666666666666666,0.0,0.0,0,0,0,0,0.0,0.0,6.0,8.48528137423857,0.10542649822871226
4,70,2021,4.0,2.0,0.5,2.0,0.5,0.0,0.0,2.0,0.5,0.0,0.0,0,0,0,1,4.0,1.0,6.5,7.399324293474371,0.1190571961576627
4,70,2022,6.0,4.0,0.6666666666666666,2.0,0.3333333333333333,0.0,0.0,2.0,0.3333333333333333,0.0,0.0,0,0,0,3,7.0,1.1666666666666667,7.5,6.211548384528074,0.1386664758632747
4,70,2023,7.0,5.0,0.7142857142857143,2.0,0.2857142857142857,0.0,0.0,2.0,0.2857142857142857,0.0,0.0,0,0,0,4,8.0,1.1428571428571428,7.857142857142857,5.816935163286381,0.14669348850281705
4,70,2024,8.0,6.0,0.75,2.0,0.25,0.0,0.0,2.0,0.25,0.0,0.0,0,0,1,5,18.0,2.25,7.5,5.522680508593631,0.15331120368114
4,70,2025,9.0,7.0,0.7777777777777778,2.0,0.2222222222222222,0.0,0.0,2.0,0.2222222222222222,0.0,0.0,0,0,1,5,18.0,2.0,8.666666666666666,6.164414002968978,0.13957875683699933
4,71,2015,10.0,8.0,0.8,2.0,0.2,0.0,0.0,2.0,0.2,0.0,0.0,0,0,1,6,24.0,2.4,8.5,5.869412236331676,0.14557286207269582
4,71,2016,1.0,1.0,1.0,0.0,0.0,0.0,0.0,0.0,0.0,0.0,0.0,0,0,0,0,0.0,0.0,11.0,0.0,1.0
4,71,2017,2.0,2.0,1.0,0.0,0.0,0.0,0.0,0.0,0.0,0.0,0.0,0,0,0,1,8.0,4.0,8.5,2.5,0.2857142857142857
4,71,2018,3.0,2.0,0.6666666666666666,1.0,0.3333333333333333,1.0,0.3333333333333333,0.0,0.0,0.0,0.0,0,0,0,1,8.0,2.6666666666666665,5.666666666666667,4.496912521077347,0.1819203045647175
4,71,2021,4.0,3.0,0.75,1.0,0.25,1.0,0.25,0.0,0.0,0.0,0.0,0,0,0,1,8.0,2.0,7.75,5.3091901453988255,0.1584989478767384
4,73,2016,5.0,4.0,0.8,1.0,0.2,1.0,0.2,0.0,0.0,0.0,0.0,0,0,0,2,16.0,3.2,7.4,4.799999999999999,0.17241379310344832
4,73,2017,1.0,0.0,0.0,1.0,1.0,1.0,1.0,0.0,0.0,0.0,0.0,0,0,0,0,0.0,0.0,0.0,0.0,1.0
4,73,2018,2.0,1.0,0.5,1.0,0.5,1.0,0.5,0.0,0.0,0.0,0.0,0,0,0,1,2.0,1.0,4.5,4.5,0.18181818181818182
4,73,2021,3.0,2.0,0.6666666666666666,1.0,0.3333333333333333,1.0,0.3333333333333333,0.0,0.0,0.0,0.0,0,0,0,2,8.0,2.6666666666666665,5.333333333333333,3.8586123009300755,0.20582008566696539
4,73,2022,4.0,3.0,0.75,1.0,0.25,1.0,0.25,0.0,0.0,0.0,0.0,0,0,0,3,16.0,4.0,5.5,3.3541019662496847,0.22966848451216434
4,73,2023,5.0,4.0,0.8,1.0,0.2,1.0,0.2,0.0,0.0,0.0,0.0,0,0,0,4,22.0,4.4,5.8,3.059411708155671,0.2463411134157501
4,73,2024,6.0,5.0,0.8333333333333334,1.0,0.16666666666666666,1.0,0.16666666666666666,0.0,0.0,0.0,0.0,0,0,1,5,34.0,5.666666666666667,5.5,2.8722813232690143,0.25824569976124334
4,73,2025,7.0,6.0,0.8571428571428571,1.0,0.14285714285714285,1.0,0.14285714285714285,0.0,0.0,0.0,0.0,0,0,1,6,42.0,6.0,5.571428571428571,2.6649654437396624,0.27285386870649964
4,75,2021,8.0,7.0,0.875,1.0,0.125,1.0,0.125,0.0,0.0,0.0,0.0,0,0,1,6,42.0,5.25,6.75,3.992179855667828,0.20031329577692572
4,77,2021,1.0,1.0,1.0,0.0,0.0,0.0,0.0,0.0,0.0,0.0,0.0,0,0,0,1,4.0,4.0,8.0,0.0,1.0
4,77,2022,1.0,1.0,1.0,0.0,0.0,0.0,0.0,0.0,0.0,0.0,0.0,0,0,0,0,0.0,0.0,13.0,0.0,1.0
4,77,2023,2.0,1.0,0.5,1.0,0.5,1.0,0.5,0.0,0.0,0.0,0.0,0,0,0,0,0.0,0.0,6.5,6.5,0.13333333333333333
4,77,2024,3.0,2.0,0.6666666666666666,1.0,0.3333333333333333,1.0,0.3333333333333333,0.0,0.0,0.0,0.0,0,1,1,1,15.0,5.0,5.333333333333333,5.557777333511023,0.15249069145575908
4,77,2025,4.0,3.0,0.75,1.0,0.25,1.0,0.25,0.0,0.0,0.0,0.0,0,1,2,2,25.0,6.25,5.25,4.815340071064556,0.1719589891184025
4,78,2021,5.0,4.0,0.8,1.0,0.2,1.0,0.2,0.0,0.0,0.0,0.0,0,1,2,2,25.0,5.0,6.4,4.88262224629348,0.16999221743841864
4,78,2023,1.0,1.0,1.0,0.0,0.0,0.0,0.0,0.0,0.0,0.0,0.0,0,1,1,1,15.0,15.0,3.0,0.0,1.0
4,78,2024,2.0,2.0,1.0,0.0,0.0,0.0,0.0,0.0,0.0,0.0,0.0,0,1,1,2,23.0,11.5,4.5,1.5,0.4
4,78,2025,3.0,3.0,1.0,0.0,0.0,0.0,0.0,0.0,0.0,0.0,0.0,0,1,1,3,29.0,9.666666666666666,5.333333333333333,1.699673171197595,0.37041520828107966
4,79,2022,4.0,4.0,1.0,0.0,0.0,0.0,0.0,0.0,0.0,0.0,0.0,0,1,1,4,35.0,8.75,5.75,1.6393596310755,0.37887978137807415
4,79,2023,1.0,1.0,1.0,0.0,0.0,0.0,0.0,0.0,0.0,0.0,0.0,0,0,0,0,0.0,0.0,11.0,0.0,1.0
4,79,2024,2.0,2.0,1.0,0.0,0.0,0.0,0.0,0.0,0.0,0.0,0.0,0,1,1,1,15.0,7.5,7.0,4.0,0.2
4,79,2025,3.0,3.0,1.0,0.0,0.0,0.0,0.0,0.0,0.0,0.0,0.0,0,1,1,2,17.0,5.666666666666667,7.666666666666667,3.399346342395188,0.22730649559533386
4,80,2023,4.0,4.0,1.0,0.0,0.0,0.0,0.0,0.0,0.0,0.0,0.0,0,1,1,2,17.0,4.25,9.5,4.330127018922194,0.1876127897984334
4,80,2024,1.0,1.0,1.0,0.0,0.0,0.0,0.0,0.0,0.0,0.0,0.0,0,0,0,1,2.0,2.0,9.0,0.0,1.0
4,80,2025,2.0,2.0,1.0,0.0,0.0,0.0,0.0,0.0,0.0,0.0,0.0,0,0,0,1,2.0,1.0,10.0,1.0,0.5
8,1,2015,3.0,3.0,1.0,0.0,0.0,0.0,0.0,0.0,0.0,0.0,0.0,0,0,0,1,2.0,0.6666666666666666,10.333333333333334,0.9428090415820617,0.5147186257614301
8,1,2016,1.0,0.0,0.0,1.0,1.0,1.0,1.0,0.0,0.0,0.0,0.0,0,0,0,0,0.0,0.0,0.0,0.0,1.0
8,1,2017,2.0,0.0,0.0,2.0,1.0,2.0,1.0,0.0,0.0,0.0,0.0,0,0,0,0,0.0,0.0,0.0,0.0,1.0
8,1,2018,3.0,1.0,0.3333333333333333,2.0,0.6666666666666666,2.0,0.6666666666666666,0.0,0.0,0.0,0.0,0,0,1,1,12.0,4.0,1.3333333333333333,1.8856180831641267,0.34654620645552786
8,1,2019,4.0,2.0,0.5,2.0,0.5,2.0,0.5,0.0,0.0,0.0,0.0,0,1,2,2,27.0,6.75,1.75,1.7853571071357126,0.35902039183346857
8,2,2015,5.0,3.0,0.6,2.0,0.4,2.0,0.4,0.0,0.0,0.0,0.0,0,1,2,3,31.0,6.2,3.0,2.9664793948382653,0.2521127429279827
8,2,2016,1.0,1.0,1.0,0.0,0.0,0.0,0.0,0.0,0.0,0.0,0.0,0,0,1,1,12.0,12.0,4.0,0.0,1.0
8,2,2017,2.0,2.0,1.0,0.0,0.0,0.0,0.0,0.0,0.0,0.0,0.0,0,0,2,2,24.0,12.0,4.0,0.0,1.0
8,3,2015,3.0,2.0,0.6666666666666666,1.0,0.3333333333333333,0.0,0.0,0.0,0.0,0.0,0.0,0,0,2,2,24.0,8.0,2.6666666666666665,1.8856180831641267,0.34654620645552786
8,3,2016,1.0,1.0,1.0,0.0,0.0,0.0,0.0,0.0,0.0,0.0,0.0,0,1,1,1,18.0,18.0,2.0,0.0,1.0
8,3,2017,2.0,2.0,1.0,0.0,0.0,0.0,0.0,0.0,0.0,0.0,0.0,0,2,2,2,36.0,18.0,2.0,0.0,1.0
8,3,2018,3.0,3.0,1.0,0.0,0.0,0.0,0.0,0.0,0.0,0.0,0.0,0,2,3,3,48.0,16.0,2.6666666666666665,0.9428090415820636,0.5147186257614297
8,3,2019,4.0,3.0,0.75,1.0,0.25,1.0,0.25,0.0,0.0,0.0,0.0,0,2,3,3,48.0,12.0,2.0,1.4142135623730951,0.4142135623730951
8,3,2020,5.0,4.0,0.8,1.0,0.2,1.0,0.2,0.0,0.0,0.0,0.0,0,2,3,4,54.0,10.8,3.0,2.3664319132398464,0.2970504159217057
8,3,2021,7.0,6.0,0.8571428571428571,1.0,0.14285714285714285,1.0,0.14285714285714285,0.0,0.0,0.0,0.0,0,2,3,4,54.0,7.714285714285714,6.285714285714286,5.573259772323189,0.15213151992113796
8,4,2015,8.0,7.0,0.875,1.0,0.125,1.0,0.125,0.0,0.0,0.0,0.0,0,2,3,4,54.0,6.75,6.875,5.441449714919729,0.15524455584645694
8,4,2016,1.0,1.0,1.0,0.0,0.0,0.0,0.0,0.0,0.0,0.0,0.0,0,0,1,1,10.0,10.0,5.0,0.0,1.0
8,4,2017,2.0,2.0,1.0,0.0,0.0,0.0,0.0,0.0,0.0,0.0,0.0,0,1,2,2,28.0,14.0,3.5,1.5,0.4
8,4,2018,3.0,2.0,0.6666666666666666,1.0,0.3333333333333333,0.0,0.0,1.0,0.3333333333333333,0.0,0.0,0,1,2,2,28.0,9.333333333333334,2.3333333333333335,2.054804667656325,0.3273531727209286
8,4,2019,4.0,2.0,0.5,2.0,0.5,1.0,0.25,1.0,0.25,0.0,0.0,0,1,2,2,28.0,7.0,1.75,2.0463381929681126,0.32826296249979997
8,4,2020,5.0,3.0,0.6,2.0,0.4,1.0,0.2,1.0,0.2,0.0,0.0,0,1,2,2,28.0,5.6,4.2,5.230678732248808,0.16049615827954508
8,4,2021,6.0,4.0,0.6666666666666666,2.0,0.3333333333333333,1.0,0.16666666666666666,1.0,0.16666666666666666,0.0,0.0,0,1,2,2,28.0,4.666666666666667,5.833333333333333,6.011562932290479,0.14262155380431396
8,5,2020,7.0,5.0,0.7142857142857143,2.0,0.2857142857142857,1.0,0.14285714285714285,1.0,0.14285714285714285,0.0,0.0,0,1,2,2,28.0,4.0,6.714285714285714,5.969309261650336,0.14348624267582
8,5,2021,1.0,1.0,1.0,0.0,0.0,0.0,0.0,0.0,0.0,0.0,0.0,0,0,0,0,0.0,0.0,15.0,0.0,1.0
8,6,2015,2.0,2.0,1.0,0.0,0.0,0.0,0.0,0.0,0.0,0.0,0.0,0,0,0,0,0.0,0.0,13.5,1.5,0.4
8,6,2016,1.0,1.0,1.0,0.0,0.0,0.0,0.0,0.0,0.0,0.0,0.0,0,0,0,1,8.0,8.0,6.0,0.0,1.0
8,6,2017,2.0,1.0,0.5,1.0,0.5,0.0,0.0,1.0,0.5,0.0,0.0,0,0,0,1,8.0,4.0,3.0,3.0,0.25
8,6,2018,3.0,2.0,0.6666666666666666,1.0,0.3333333333333333,0.0,0.0,1.0,0.3333333333333333,0.0,0.0,0,1,1,2,26.0,8.666666666666666,2.6666666666666665,2.4944382578492945,0.286169028098801
8,6,2019,4.0,3.0,0.75,1.0,0.25,0.0,0.0,1.0,0.25,0.0,0.0,0,1,2,3,38.0,9.5,3.0,2.23606797749979,0.3090169943749474
8,6,2021,5.0,4.0,0.8,1.0,0.2,0.0,0.0,1.0,0.2,0.0,0.0,0,1,2,3,38.0,7.6,5.8,5.946427498927402,0.14395889112128643
8,7,2015,6.0,5.0,0.8333333333333334,1.0,0.16666666666666666,0.0,0.0,1.0,0.16666666666666666,0.0,0.0,0,1,2,3,38.0,6.333333333333333,6.666666666666667,5.7638721552635275,0.14784430826679915
8,7,2016,1.0,1.0,1.0,0.0,0.0,0.0,0.0,0.0,0.0,0.0,0.0,0,0,1,1,12.0,12.0,4.0,0.0,1.0
8,7,2017,2.0,2.0,1.0,0.0,0.0,0.0,0.0,0.0,0.0,0.0,0.0,0,0,1,2,20.0,10.0,5.0,1.0,0.5
8,7,2018,3.0,3.0,1.0,0.0,0.0,0.0,0.0,0.0,0.0,0.0,0.0,0,0,1,3,26.0,8.666666666666666,5.666666666666667,1.2472191289246448,0.44499443206436534
8,7,2019,4.0,4.0,1.0,0.0,0.0,0.0,0.0,0.0,0.0,0.0,0.0,0,0,1,4,34.0,8.5,5.75,1.0897247358851685,0.4785319247208981
8,9,2015,5.0,5.0,1.0,0.0,0.0,0.0,0.0,0.0,0.0,0.0,0.0,0,0,1,4,34.0,6.8,7.6,3.8262252939417993,0.207201267884296
8,9,2016,1.0,1.0,1.0,0.0,0.0,0.0,0.0,0.0,0.0,0.0,0.0,0,0,0,1,4.0,4.0,8.0,0.0,1.0
8,9,2017,2.0,2.0,1.0,0.0,0.0,0.0,0.0,0.0,0.0,0.0,0.0,0,0,1,2,14.0,7.0,6.5,1.5,0.4
8,9,2018,3.0,3.0,1.0,0.0,0.0,0.0,0.0,0.0,0.0,0.0,0.0,0,1,2,3,29.0,9.666666666666666,5.333333333333333,2.054804667656325,0.3273531727209286
8,9,2019,4.0,4.0,1.0,0.0,0.0,0.0,0.0,0.0,0.0,0.0,0.0,0,2,3,4,44.0,11.0,4.75,2.0463381929681126,0.32826296249979997
8,9,2020,5.0,5.0,1.0,0.0,0.0,0.0,0.0,0.0,0.0,0.0,0.0,0,2,3,5,48.0,9.6,5.4,2.2449944320643644,0.30816693862979333
8,9,2021,7.0,7.0,1.0,0.0,0.0,0.0,0.0,0.0,0.0,0.0,0.0,0,2,3,5,48.0,6.857142857142857,8.428571428571429,5.178448274397674,0.16185293711105614
8,10,2016,8.0,8.0,1.0,0.0,0.0,0.0,0.0,0.0,0.0,0.0,0.0,0,2,3,5,48.0,6.0,9.25,5.3091901453988255,0.1584989478767384
8,10,2018,1.0,1.0,1.0,0.0,0.0,0.0,0.0,0.0,0.0,0.0,0.0,0,0,0,1,8.0,8.0,6.0,0.0,1.0
8,10,2019,2.0,2.0,1.0,0.0,0.0,0.0,0.0,0.0,0.0,0.0,0.0,0,1,1,2,23.0,11.5,4.5,1.5,0.4
8,11,2015,3.0,3.0,1.0,0.0,0.0,0.0,0.0,0.0,0.0,0.0,0.0,0,1,1,2,23.0,7.666666666666667,7.0,3.7416573867739413,0.21089672205953397
8,11,2016,1.0,0.0,0.0,1.0,1.0,1.0,1.0,0.0,0.0,0.0,0.0,0,0,0,0,0.0,0.0,0.0,0.0,1.0
8,11,2017,2.0,1.0,0.5,1.0,0.5,1.0,0.5,0.0,0.0,0.0,0.0,0,0,0,1,8.0,4.0,3.0,3.0,0.25
8,11,2018,3.0,2.0,0.6666666666666666,1.0,0.3333333333333333,1.0,0.3333333333333333,0.0,0.0,0.0,0.0,0,1,1,2,26.0,8.666666666666666,2.6666666666666665,2.4944382578492945,0.286169028098801
8,11,2019,4.0,3.0,0.75,1.0,0.25,1.0,0.25,0.0,0.0,0.0,0.0,0,2,2,3,41.0,10.25,2.75,2.165063509461097,0.31594942629453465
8,11,2020,5.0,4.0,0.8,1.0,0.2,1.0,0.2,0.0,0.0,0.0,0.0,0,2,2,4,47.0,9.4,3.6,2.5768197453450252,0.27957796903280585
8,11,2021,6.0,5.0,0.8333333333333334,1.0,0.16666666666666666,1.0,0.16666666666666666,0.0,0.0,0.0,0.0,0,2,2,4,47.0,7.833333333333333,5.5,4.856267428111155,0.17075722928905485
8,13,2015,7.0,6.0,0.8571428571428571,1.0,0.14285714285714285,1.0,0.14285714285714285,0.0,0.0,0.0,0.0,0,2,2,5,48.0,6.857142857142857,6.142857142857143,4.763809143009447,0.17349637630052958
8,13,2016,1.0,1.0,1.0,0.0,0.0,0.0,0.0,0.0,0.0,0.0,0.0,0,0,0,1,6.0,6.0,7.0,0.0,1.0
8,13,2017,2.0,2.0,1.0,0.0,0.0,0.0,0.0,0.0,0.0,0.0,0.0,0,0,0,2,8.0,4.0,8.0,1.0,0.5
8,13,2018,3.0,3.0,1.0,0.0,0.0,0.0,0.0,0.0,0.0,0.0,0.0,0,0,1,3,20.0,6.666666666666667,6.666666666666667,2.0548046676563234,0.32735317272092884
8,13,2019,4.0,3.0,0.75,1.0,0.25,1.0,0.25,0.0,0.0,0.0,0.0,0,0,1,3,20.0,5.0,5.0,3.391164991562634,0.22772999919644132
8,13,2020,5.0,4.0,0.8,1.0,0.2,1.0,0.2,0.0,0.0,0.0,0.0,0,0,1,3,20.0,4.0,7.2,5.344155686354955,0.15762538774872842
8,13,2021,6.0,5.0,0.8333333333333334,1.0,0.16666666666666666,1.0,0.16666666666666666,0.0,0.0,0.0,0.0,0,0,1,3,20.0,3.3333333333333335,8.0,5.196152422706632,0.16139047779640892
8,14,2015,7.0,6.0,0.8571428571428571,1.0,0.14285714285714285,1.0,0.14285714285714285,0.0,0.0,0.0,0.0,0,0,1,3,20.0,2.857142857142857,9.428571428571429,5.948760803902004,0.14391055156747667
8,14,2016,1.0,1.0,1.0,0.0,0.0,0.0,0.0,0.0,0.0,0.0,0.0,0,0,1,1,10.0,10.0,5.0,0.0,1.0
8,14,2017,2.0,2.0,1.0,0.0,0.0,0.0,0.0,0.0,0.0,0.0,0.0,0,0,2,2,22.0,11.0,4.5,0.5,0.6666666666666666
8,14,2018,3.0,3.0,1.0,0.0,0.0,0.0,0.0,0.0,0.0,0.0,0.0,0,0,3,3,32.0,10.666666666666666,4.666666666666667,0.47140452079102707,0.6796227589829613
8,14,2019,4.0,4.0,1.0,0.0,0.0,0.0,0.0,0.0,0.0,0.0,0.0,0,1,4,4,50.0,12.5,4.0,1.224744871391589,0.4494897427831781
8,14,2020,5.0,5.0,1.0,0.0,0.0,0.0,0.0,0.0,0.0,0.0,0.0,0,1,4,4,50.0,10.0,6.2,4.534313619501853,0.18069088034263056
8,15,2015,6.0,6.0,1.0,0.0,0.0,0.0,0.0,0.0,0.0,0.0,0.0,0,1,4,4,50.0,8.333333333333334,7.333333333333333,4.853406592853679,0.1708406863826754
8,15,2016,1.0,1.0,1.0,0.0,0.0,0.0,0.0,0.0,0.0,0.0,0.0,0,1,1,1,15.0,15.0,3.0,0.0,1.0
8,15,2017,2.0,2.0,1.0,0.0,0.0,0.0,0.0,0.0,0.0,0.0,0.0,0,1,2,2,27.0,13.5,3.5,0.5,0.6666666666666666
8,15,2018,3.0,2.0,0.6666666666666666,1.0,0.3333333333333333,0.0,0.0,1.0,0.3333333333333333,0.0,0.0,0,1,2,2,27.0,9.0,2.3333333333333335,1.6996731711975948,0.3704152082810797
8,15,2019,4.0,3.0,0.75,1.0,0.25,0.0,0.0,1.0,0.25,0.0,0.0,0,1,3,3,37.0,9.25,3.0,1.8708286933869707,0.3483314773547883
8,17,2015,5.0,3.0,0.6,2.0,0.4,0.0,0.0,2.0,0.4,0.0,0.0,0,1,3,3,37.0,7.4,2.4,2.0591260281974,0.326890749443642
8,17,2016,1.0,1.0,1.0,0.0,0.0,0.0,0.0,0.0,0.0,0.0,0.0,0,0,1,1,12.0,12.0,4.0,0.0,1.0
8,17,2017,2.0,2.0,1.0,0.0,0.0,0.0,0.0,0.0,0.0,0.0,0.0,0,0,2,2,22.0,11.0,4.5,0.5,0.6666666666666666
8,17,2018,3.0,3.0,1.0,0.0,0.0,0.0,0.0,0.0,0.0,0.0,0.0,0,0,3,3,32.0,10.666666666666666,4.666666666666667,0.47140452079102707,0.6796227589829613
8,17,2019,4.0,4.0,1.0,0.0,0.0,0.0,0.0,0.0,0.0,0.0,0.0,0,1,4,4,47.0,11.75,4.25,0.82915619758885,0.5467001677156801
8,18,2015,5.0,5.0,1.0,0.0,0.0,0.0,0.0,0.0,0.0,0.0,0.0,0,1,4,5,49.0,9.8,5.2,2.039607805437113,0.32898981184718806
8,18,2016,1.0,1.0,1.0,0.0,0.0,0.0,0.0,0.0,0.0,0.0,0.0,0,0,1,1,12.0,12.0,4.0,0.0,1.0
8,18,2017,2.0,1.0,0.5,1.0,0.5,0.0,0.0,1.0,0.5,0.0,0.0,0,0,1,1,12.0,6.0,2.0,2.0,0.3333333333333333
8,18,2018,3.0,2.0,0.6666666666666666,1.0,0.3333333333333333,0.0,0.0,1.0,0.3333333333333333,0.0,0.0,0,1,2,2,27.0,9.0,2.3333333333333335,1.6996731711975948,0.3704152082810797
8,18,2019,4.0,3.0,0.75,1.0,0.25,0.0,0.0,1.0,0.25,0.0,0.0,0,2,3,3,42.0,10.5,2.5,1.5,0.4
8,18,2021,5.0,4.0,0.8,1.0,0.2,0.0,0.0,1.0,0.2,0.0,0.0,0,2,4,4,54.0,10.8,2.8,1.4696938456699071,0.4049084876464714
8,20,2020,6.0,5.0,0.8333333333333334,1.0,0.16666666666666666,0.0,0.0,1.0,0.16666666666666666,0.0,0.0,0,2,4,4,54.0,9.0,4.333333333333333,3.681787005729088,0.21359365532355554
8,21,2020,1.0,1.0,1.0,0.0,0.0,0.0,0.0,0.0,0.0,0.0,0.0,0,0,0,0,0.0,0.0,12.0,0.0,1.0
8,21,2021,1.0,1.0,1.0,0.0,0.0,0.0,0.0,0.0,0.0,0.0,0.0,0,0,0,1,2.0,2.0,9.0,0.0,1.0
8,22,2015,2.0,2.0,1.0,0.0,0.0,0.0,0.0,0.0,0.0,0.0,0.0,0,0,0,1,2.0,1.0,11.0,2.0,0.3333333333333333
8,22,2016,1.0,1.0,1.0,0.0,0.0,0.0,0.0,0.0,0.0,0.0,0.0,0,0,1,1,12.0,12.0,4.0,0.0,1.0
8,22,2017,2.0,2.0,1.0,0.0,0.0,0.0,0.0,0.0,0.0,0.0,0.0,0,0,2,2,22.0,11.0,4.5,0.5,0.6666666666666666
8,22,2018,3.0,3.0,1.0,0.0,0.0,0.0,0.0,0.0,0.0,0.0,0.0,0,0,3,3,32.0,10.666666666666666,4.666666666666667,0.47140452079102707,0.6796227589829613
8,22,2019,4.0,4.0,1.0,0.0,0.0,0.0,0.0,0.0,0.0,0.0,0.0,0,0,4,4,42.0,10.5,4.75,0.4330127018922193,0.6978305207480379
8,24,2015,5.0,5.0,1.0,0.0,0.0,0.0,0.0,0.0,0.0,0.0,0.0,0,0,4,4,42.0,8.4,6.2,2.9257477676655577,0.2547285406965025
8,24,2016,1.0,1.0,1.0,0.0,0.0,0.0,0.0,0.0,0.0,0.0,0.0,0,1,1,1,15.0,15.0,3.0,0.0,1.0
8,24,2017,2.0,2.0,1.0,0.0,0.0,0.0,0.0,0.0,0.0,0.0,0.0,0,1,1,2,23.0,11.5,4.5,1.5,0.4
8,24,2018,3.0,3.0,1.0,0.0,0.0,0.0,0.0,0.0,0.0,0.0,0.0,0,1,2,3,35.0,11.666666666666666,4.333333333333333,1.2472191289246477,0.44499443206436473
8,24,2019,4.0,3.0,0.75,1.0,0.25,1.0,0.25,0.0,0.0,0.0,0.0,0,1,2,3,35.0,8.75,3.25,2.165063509461097,0.31594942629453465
8,24,2020,5.0,4.0,0.8,1.0,0.2,1.0,0.2,0.0,0.0,0.0,0.0,0,1,2,3,35.0,7.0,5.2,4.354308211415448,0.1867654906133323
8,24,2021,6.0,5.0,0.8333333333333334,1.0,0.16666666666666666,1.0,0.16666666666666666,0.0,0.0,0.0,0.0,0,1,2,3,35.0,5.833333333333333,6.333333333333333,4.714045207910318,0.17500736581776358
8,32,2015,7.0,5.0,0.7142857142857143,2.0,0.2857142857142857,2.0,0.2857142857142857,0.0,0.0,0.0,0.0,0,1,2,3,35.0,5.0,5.428571428571429,4.894811914003375,0.1696406966988137
8,32,2016,1.0,0.0,0.0,1.0,1.0,0.0,0.0,1.0,1.0,0.0,0.0,0,0,0,0,0.0,0.0,0.0,0.0,1.0
8,32,2017,2.0,1.0,0.5,1.0,0.5,0.0,0.0,1.0,0.5,0.0,0.0,0,0,0,1,8.0,4.0,3.0,3.0,0.25
8,32,2018,3.0,2.0,0.6666666666666666,1.0,0.3333333333333333,0.0,0.0,1.0,0.3333333333333333,0.0,0.0,0,1,1,2,23.0,7.666666666666667,3.0,2.449489742783178,0.28989794855663564
8,32,2019,4.0,3.0,0.75,1.0,0.25,0.0,0.0,1.0,0.25,0.0,0.0,0,2,2,3,38.0,9.5,3.0,2.1213203435596424,0.32037724101704074
8,32,2021,5.0,3.0,0.6,2.0,0.4,1.0,0.2,1.0,0.2,0.0,0.0,0,2,2,3,38.0,7.6,2.4,2.244994432064365,0.3081669386297933
8,34,2018,6.0,4.0,0.6666666666666666,2.0,0.3333333333333333,1.0,0.16666666666666666,1.0,0.16666666666666666,0.0,0.0,0,2,2,4,42.0,7.0,3.3333333333333335,2.9249881291307074,0.25477784062024067
8,34,2019,1.0,1.0,1.0,0.0,0.0,0.0,0.0,0.0,0.0,0.0,0.0,0,1,1,1,15.0,15.0,3.0,0.0,1.0
8,34,2021,2.0,2.0,1.0,0.0,0.0,0.0,0.0,0.0,0.0,0.0,0.0,0,1,1,2,21.0,10.5,5.0,2.0,0.3333333333333333
8,69,2015,3.0,3.0,1.0,0.0,0.0,0.0,0.0,0.0,0.0,0.0,0.0,0,1,1,2,21.0,7.0,9.0,5.8878405775518985,0.14518338349164053
8,69,2016,1.0,0.0,0.0,1.0,1.0,0.0,0.0,0.0,0.0,0.0,0.0,0,0,0,0,0.0,0.0,0.0,0.0,1.0
8,69,2017,2.0,0.0,0.0,2.0,1.0,1.0,0.5,0.0,0.0,0.0,0.0,0,0,0,0,0.0,0.0,0.0,0.0,1.0
8,69,2018,3.0,1.0,0.3333333333333333,2.0,0.6666666666666666,1.0,0.3333333333333333,0.0,0.0,0.0,0.0,0,1,1,1,15.0,5.0,1.0,1.4142135623730951,0.4142135623730951
8,69,2019,4.0,2.0,0.5,2.0,0.5,1.0,0.25,0.0,0.0,0.0,0.0,1,2,2,2,40.0,10.0,1.0,1.224744871391589,0.4494897427831781
8,69,2021,5.0,3.0,0.6,2.0,0.4,1.0,0.2,0.0,0.0,0.0,0.0,1,2,2,2,40.0,8.0,3.0,4.147288270665544,0.19427705374478668
8,70,2015,6.0,4.0,0.6666666666666666,2.0,0.3333333333333333,1.0,0.16666666666666666,0.0,0.0,0.0,0.0,1,2,2,2,40.0,6.666666666666667,4.666666666666667,5.312459150169742,0.15841686674092934
8,70,2016,1.0,0.0,0.0,1.0,1.0,0.0,0.0,1.0,1.0,0.0,0.0,0,0,0,0,0.0,0.0,0.0,0.0,1.0
8,70,2017,2.0,1.0,0.5,1.0,0.5,0.0,0.0,1.0,0.5,0.0,0.0,0,1,1,1,15.0,7.5,1.5,1.5,0.4
8,70,2018,3.0,2.0,0.6666666666666666,1.0,0.3333333333333333,0.0,0.0,1.0,0.3333333333333333,0.0,0.0,0,1,2,2,25.0,8.333333333333334,2.6666666666666665,2.0548046676563256,0.32735317272092856
8,70,2019,4.0,3.0,0.75,1.0,0.25,0.0,0.0,1.0,0.25,0.0,0.0,0,2,3,3,43.0,10.75,2.5,1.8027756377319946,0.3567891723253309
8,70,2020,5.0,4.0,0.8,1.0,0.2,0.0,0.0,1.0,0.2,0.0,0.0,0,2,3,4,45.0,9.0,3.8,3.0594117081556713,0.24634111341575005
8,70,2021,7.0,5.0,0.7142857142857143,2.0,0.2857142857142857,1.0,0.14285714285714285,1.0,0.14285714285714285,0.0,0.0,0,2,3,4,45.0,6.428571428571429,4.285714285714286,3.989782869648269,0.20040952204208642
8,71,2015,9.0,7.0,0.7777777777777778,2.0,0.2222222222222222,1.0,0.1111111111111111,1.0,0.1111111111111111,0.0,0.0,0,2,3,4,45.0,5.0,6.222222222222222,5.137612454087508,0.16292980494948375
8,71,2016,1.0,1.0,1.0,0.0,0.0,0.0,0.0,0.0,0.0,0.0,0.0,0,0,0,1,4.0,4.0,8.0,0.0,1.0
8,71,2017,2.0,2.0,1.0,0.0,0.0,0.0,0.0,0.0,0.0,0.0,0.0,0,1,1,2,19.0,9.5,5.5,2.5,0.2857142857142857
8,71,2018,3.0,3.0,1.0,0.0,0.0,0.0,0.0,0.0,0.0,0.0,0.0,0,2,2,3,34.0,11.333333333333334,4.666666666666667,2.357022603955157,0.29788301062430317
8,71,2019,4.0,4.0,1.0,0.0,0.0,0.0,0.0,0.0,0.0,0.0,0.0,0,2,3,4,46.0,11.5,4.5,2.0615528128088303,0.3266316347104093
8,71,2020,5.0,5.0,1.0,0.0,0.0,0.0,0.0,0.0,0.0,0.0,0.0,0,2,3,4,46.0,9.2,6.2,3.8678159211627423,0.20543093991137132
8,71,2021,6.0,6.0,1.0,0.0,0.0,0.0,0.0,0.0,0.0,0.0,0.0,0,2,3,4,46.0,7.666666666666667,7.5,4.573474244670749,0.17942130098765258
8,73,2016,7.0,7.0,1.0,0.0,0.0,0.0,0.0,0.0,0.0,0.0,0.0,0,2,3,5,50.0,7.142857142857143,7.571428571428571,4.237827706911808,0.19091884192380087
8,73,2017,1.0,1.0,1.0,0.0,0.0,0.0,0.0,0.0,0.0,0.0,0.0,0,0,1,1,12.0,12.0,4.0,0.0,1.0
8,73,2018,2.0,2.0,1.0,0.0,0.0,0.0,0.0,0.0,0.0,0.0,0.0,0,0,1,1,12.0,6.0,9.0,5.0,0.16666666666666666
8,73,2019,3.0,3.0,1.0,0.0,0.0,0.0,0.0,0.0,0.0,0.0,0.0,0,1,2,2,30.0,10.0,6.666666666666667,5.2493385826745405,0.16001693407561032
8,73,2021,4.0,4.0,1.0,0.0,0.0,0.0,0.0,0.0,0.0,0.0,0.0,0,1,2,3,31.0,7.75,7.5,4.769696007084728,0.17331935664757372
8,75,2020,5.0,5.0,1.0,0.0,0.0,0.0,0.0,0.0,0.0,0.0,0.0,0,1,2,4,32.0,6.4,8.0,4.3817804600413295,0.185812113189084
8,75,2021,1.0,1.0,1.0,0.0,0.0,0.0,0.0,0.0,0.0,0.0,0.0,0,0,0,0,0.0,0.0,11.0,0.0,1.0
8,76,2020,2.0,1.0,0.5,1.0,0.5,0.0,0.0,1.0,0.5,0.0,0.0,0,0,0,0,0.0,0.0,5.5,5.5,0.15384615384615385
8,77,2021,1.0,1.0,1.0,0.0,0.0,0.0,0.0,0.0,0.0,0.0,0.0,0,0,0,1,2.0,2.0,9.0,0.0,1.0
8,78,2021,1.0,1.0,1.0,0.0,0.0,0.0,0.0,0.0,0.0,0.0,0.0,0,0,0,0,0.0,0.0,15.0,0.0,1.0
9,1,2019,1.0,1.0,1.0,0.0,0.0,0.0,0.0,0.0,0.0,0.0,0.0,0,0,0,0,0.0,0.0,14.0,0.0,1.0
9,3,2019,1.0,1.0,1.0,0.0,0.0,0.0,0.0,0.0,0.0,0.0,0.0,0,0,0,0,0.0,0.0,17.0,0.0,1.0
9,4,2019,1.0,1.0,1.0,0.0,0.0,0.0,0.0,0.0,0.0,0.0,0.0,0,0,0,0,0.0,0.0,16.0,0.0,1.0
9,6,2019,1.0,1.0,1.0,0.0,0.0,0.0,0.0,0.0,0.0,0.0,0.0,0,0,0,0,0.0,0.0,18.0,0.0,1.0
9,7,2019,1.0,1.0,1.0,0.0,0.0,0.0,0.0,0.0,0.0,0.0,0.0,0,0,0,0,0.0,0.0,18.0,0.0,1.0
9,9,2019,1.0,1.0,1.0,0.0,0.0,0.0,0.0,0.0,0.0,0.0,0.0,0,0,0,0,0.0,0.0,18.0,0.0,1.0
9,10,2019,1.0,1.0,1.0,0.0,0.0,0.0,0.0,0.0,0.0,0.0,0.0,0,0,0,0,0.0,0.0,15.0,0.0,1.0
9,11,2019,1.0,1.0,1.0,0.0,0.0,0.0,0.0,0.0,0.0,0.0,0.0,0,0,0,1,1.0,1.0,10.0,0.0,1.0
9,13,2019,1.0,1.0,1.0,0.0,0.0,0.0,0.0,0.0,0.0,0.0,0.0,0,0,0,0,0.0,0.0,19.0,0.0,1.0
9,14,2019,1.0,1.0,1.0,0.0,0.0,0.0,0.0,0.0,0.0,0.0,0.0,0,0,0,0,0.0,0.0,17.0,0.0,1.0
9,14,2021,1.0,1.0,1.0,0.0,0.0,0.0,0.0,0.0,0.0,0.0,0.0,0,0,0,0,0.0,0.0,17.0,0.0,1.0
9,15,2019,2.0,2.0,1.0,0.0,0.0,0.0,0.0,0.0,0.0,0.0,0.0,0,0,0,0,0.0,0.0,15.5,1.5,0.4
9,17,2019,1.0,1.0,1.0,0.0,0.0,0.0,0.0,0.0,0.0,0.0,0.0,0,0,0,0,0.0,0.0,16.0,0.0,1.0
9,18,2019,1.0,1.0,1.0,0.0,0.0,0.0,0.0,0.0,0.0,0.0,0.0,0,0,0,0,0.0,0.0,17.0,0.0,1.0
9,22,2019,1.0,1.0,1.0,0.0,0.0,0.0,0.0,0.0,0.0,0.0,0.0,0,0,0,0,0.0,0.0,16.0,0.0,1.0
9,24,2019,1.0,1.0,1.0,0.0,0.0,0.0,0.0,0.0,0.0,0.0,0.0,0,0,0,0,0.0,0.0,17.0,0.0,1.0
9,32,2019,1.0,1.0,1.0,0.0,0.0,0.0,0.0,0.0,0.0,0.0,0.0,0,0,0,0,0.0,0.0,19.0,0.0,1.0
9,34,2019,1.0,1.0,1.0,0.0,0.0,0.0,0.0,0.0,0.0,0.0,0.0,0,0,0,0,0.0,0.0,18.0,0.0,1.0
9,39,2021,1.0,1.0,1.0,0.0,0.0,0.0,0.0,0.0,0.0,0.0,0.0,0,0,0,0,0.0,0.0,18.0,0.0,1.0
9,69,2019,1.0,1.0,1.0,0.0,0.0,0.0,0.0,0.0,0.0,0.0,0.0,0,0,0,0,0.0,0.0,15.0,0.0,1.0
9,70,2019,1.0,0.0,0.0,1.0,1.0,1.0,1.0,0.0,0.0,0.0,0.0,0,0,0,0,0.0,0.0,0.0,0.0,1.0
9,71,2019,1.0,1.0,1.0,0.0,0.0,0.0,0.0,0.0,0.0,0.0,0.0,0,0,0,0,0.0,0.0,20.0,0.0,1.0
9,73,2019,1.0,0.0,0.0,1.0,1.0,1.0,1.0,0.0,0.0,0.0,0.0,0,0,0,0,0.0,0.0,0.0,0.0,1.0
13,1,2015,1.0,1.0,1.0,0.0,0.0,0.0,0.0,0.0,0.0,0.0,0.0,0,0,0,0,0.0,0.0,16.0,0.0,1.0
13,1,2016,1.0,1.0,1.0,0.0,0.0,0.0,0.0,0.0,0.0,0.0,0.0,0,0,1,1,12.0,12.0,4.0,0.0,1.0
13,1,2017,2.0,2.0,1.0,0.0,0.0,0.0,0.0,0.0,0.0,0.0,0.0,0,0,2,2,22.0,11.0,4.5,0.5,0.6666666666666666
13,2,2015,3.0,3.0,1.0,0.0,0.0,0.0,0.0,0.0,0.0,0.0,0.0,0,0,2,3,30.0,10.0,5.0,0.8164965809277268,0.5505102572168217
13,2,2016,1.0,1.0,1.0,0.0,0.0,0.0,0.0,0.0,0.0,0.0,0.0,0,0,0,1,8.0,8.0,6.0,0.0,1.0
13,2,2017,2.0,2.0,1.0,0.0,0.0,0.0,0.0,0.0,0.0,0.0,0.0,0,0,0,1,8.0,4.0,9.5,3.5,0.2222222222222222
13,3,2015,3.0,3.0,1.0,0.0,0.0,0.0,0.0,0.0,0.0,0.0,0.0,0,0,0,2,10.0,3.3333333333333335,9.333333333333334,2.8674417556808716,0.2585688584788907
13,3,2016,1.0,1.0,1.0,0.0,0.0,0.0,0.0,0.0,0.0,0.0,0.0,0,0,0,1,1.0,1.0,10.0,0.0,1.0
13,3,2017,2.0,2.0,1.0,0.0,0.0,0.0,0.0,0.0,0.0,0.0,0.0,0,0,0,2,5.0,2.5,9.0,1.0,0.5
13,4,2015,3.0,3.0,1.0,0.0,0.0,0.0,0.0,0.0,0.0,0.0,0.0,0,0,0,3,13.0,4.333333333333333,8.0,1.6329931618554536,0.37979589711327105
13,4,2016,1.0,1.0,1.0,0.0,0.0,0.0,0.0,0.0,0.0,0.0,0.0,0,0,0,1,8.0,8.0,6.0,0.0,1.0
13,4,2017,2.0,2.0,1.0,0.0,0.0,0.0,0.0,0.0,0.0,0.0,0.0,0,0,0,2,12.0,6.0,7.0,1.0,0.5
13,6,2015,3.0,3.0,1.0,0.0,0.0,0.0,0.0,0.0,0.0,0.0,0.0,0,0,0,2,12.0,4.0,9.0,2.9439202887759497,0.2535548202751237
13,6,2016,1.0,1.0,1.0,0.0,0.0,0.0,0.0,0.0,0.0,0.0,0.0,0,0,0,0,0.0,0.0,15.0,0.0,1.0
13,6,2017,2.0,2.0,1.0,0.0,0.0,0.0,0.0,0.0,0.0,0.0,0.0,0,0,0,1,1.0,0.5,12.5,2.5,0.2857142857142857
13,7,2015,3.0,3.0,1.0,0.0,0.0,0.0,0.0,0.0,0.0,0.0,0.0,0,0,0,2,3.0,1.0,11.333333333333334,2.62466929133727,0.275887238151612
13,7,2016,1.0,1.0,1.0,0.0,0.0,0.0,0.0,0.0,0.0,0.0,0.0,0,0,0,1,8.0,8.0,6.0,0.0,1.0
13,7,2017,2.0,1.0,0.5,1.0,0.5,0.0,0.0,0.0,0.0,1.0,0.5,0,0,0,1,8.0,4.0,3.0,3.0,0.25
13,9,2015,3.0,1.0,0.3333333333333333,2.0,0.6666666666666666,0.0,0.0,1.0,0.3333333333333333,1.0,0.3333333333333333,0,0,0,1,8.0,2.6666666666666665,2.0,2.8284271247461903,0.2612038749637414
13,9,2016,1.0,1.0,1.0,0.0,0.0,0.0,0.0,0.0,0.0,0.0,0.0,0,0,1,1,12.0,12.0,4.0,0.0,1.0
13,9,2017,2.0,2.0,1.0,0.0,0.0,0.0,0.0,0.0,0.0,0.0,0.0,0,0,1,1,12.0,6.0,7.5,3.5,0.2222222222222222
13,10,2016,3.0,3.0,1.0,0.0,0.0,0.0,0.0,0.0,0.0,0.0,0.0,0,0,1,2,13.0,4.333333333333333,8.333333333333334,3.0912061651652327,0.24442669462970287
13,11,2015,1.0,0.0,0.0,1.0,1.0,1.0,1.0,0.0,0.0,0.0,0.0,0,0,0,0,0.0,0.0,0.0,0.0,1.0
13,11,2016,1.0,1.0,1.0,0.0,0.0,0.0,0.0,0.0,0.0,0.0,0.0,0,0,0,0,0.0,0.0,12.0,0.0,1.0
13,13,2015,2.0,2.0,1.0,0.0,0.0,0.0,0.0,0.0,0.0,0.0,0.0,0,0,0,0,0.0,0.0,15.0,3.0,0.25
13,13,2016,1.0,1.0,1.0,0.0,0.0,0.0,0.0,0.0,0.0,0.0,0.0,0,0,0,1,8.0,8.0,6.0,0.0,1.0
13,13,2017,2.0,2.0,1.0,0.0,0.0,0.0,0.0,0.0,0.0,0.0,0.0,0,0,0,2,9.0,4.5,8.0,2.0,0.3333333333333333
13,14,2015,3.0,3.0,1.0,0.0,0.0,0.0,0.0,0.0,0.0,0.0,0.0,0,0,0,3,13.0,4.333333333333333,8.0,1.6329931618554536,0.37979589711327105
13,14,2016,1.0,1.0,1.0,0.0,0.0,0.0,0.0,0.0,0.0,0.0,0.0,0,1,1,1,15.0,15.0,3.0,0.0,1.0
13,14,2017,2.0,2.0,1.0,0.0,0.0,0.0,0.0,0.0,0.0,0.0,0.0,0,1,1,2,17.0,8.5,6.0,3.0,0.25
13,15,2015,3.0,3.0,1.0,0.0,0.0,0.0,0.0,0.0,0.0,0.0,0.0,0,1,1,3,21.0,7.0,6.666666666666667,2.62466929133727,0.275887238151612
13,15,2016,1.0,0.0,0.0,1.0,1.0,1.0,1.0,0.0,0.0,0.0,0.0,0,0,0,0,0.0,0.0,0.0,0.0,1.0
13,15,2017,2.0,1.0,0.5,1.0,0.5,1.0,0.5,0.0,0.0,0.0,0.0,0,0,0,0,0.0,0.0,6.0,6.0,0.14285714285714285
13,17,2015,3.0,2.0,0.6666666666666666,1.0,0.3333333333333333,1.0,0.3333333333333333,0.0,0.0,0.0,0.0,0,0,0,0,0.0,0.0,7.666666666666667,5.436502143433362,0.1553638882914408
13,17,2016,1.0,1.0,1.0,0.0,0.0,0.0,0.0,0.0,0.0,0.0,0.0,0,0,1,1,10.0,10.0,5.0,0.0,1.0
13,17,2017,2.0,2.0,1.0,0.0,0.0,0.0,0.0,0.0,0.0,0.0,0.0,0,0,1,2,18.0,9.0,5.5,0.5,0.6666666666666666
13,18,2015,3.0,3.0,1.0,0.0,0.0,0.0,0.0,0.0,0.0,0.0,0.0,0,0,1,2,18.0,6.0,8.333333333333334,4.02768199119819,0.19889881694002717
13,18,2016,1.0,1.0,1.0,0.0,0.0,0.0,0.0,0.0,0.0,0.0,0.0,0,0,0,0,0.0,0.0,0.0,0.0,1.0
13,18,2017,2.0,1.0,0.5,1.0,0.5,0.0,0.0,1.0,0.5,0.0,0.0,0,0,0,0,0.0,0.0,0.0,0.0,1.0
13,22,2015,3.0,2.0,0.6666666666666666,1.0,0.3333333333333333,0.0,0.0,1.0,0.3333333333333333,0.0,0.0,0,0,0,1,6.0,2.0,2.3333333333333335,3.299831645537221,0.23256724505432583
13,22,2016,1.0,1.0,1.0,0.0,0.0,0.0,0.0,0.0,0.0,0.0,0.0,0,0,0,0,0.0,0.0,17.0,0.0,1.0
13,22,2017,2.0,2.0,1.0,0.0,0.0,0.0,0.0,0.0,0.0,0.0,0.0,0,0,0,1,2.0,1.0,13.0,4.0,0.2
13,24,2015,3.0,3.0,1.0,0.0,0.0,0.0,0.0,0.0,0.0,0.0,0.0,0,0,0,2,3.0,1.0,12.0,3.5590260840104357,0.2193450929151804
13,24,2016,1.0,1.0,1.0,0.0,0.0,0.0,0.0,0.0,0.0,0.0,0.0,0,0,0,1,4.0,4.0,8.0,0.0,1.0
13,24,2017,2.0,2.0,1.0,0.0,0.0,0.0,0.0,0.0,0.0,0.0,0.0,0,0,0,2,6.0,3.0,8.5,0.5,0.6666666666666666
13,32,2015,3.0,3.0,1.0,0.0,0.0,0.0,0.0,0.0,0.0,0.0,0.0,0,0,0,3,7.0,2.3333333333333335,9.0,0.8164965809277289,0.550510257216821
13,32,2016,1.0,1.0,1.0,0.0,0.0,0.0,0.0,0.0,0.0,0.0,0.0,0,0,0,1,8.0,8.0,6.0,0.0,1.0
13,32,2017,2.0,2.0,1.0,0.0,0.0,0.0,0.0,0.0,0.0,0.0,0.0,0,0,0,2,10.0,5.0,7.5,1.5,0.4
13,69,2015,3.0,3.0,1.0,0.0,0.0,0.0,0.0,0.0,0.0,0.0,0.0,0,0,0,2,10.0,3.3333333333333335,8.666666666666666,2.054804667656327,0.32735317272092845
13,69,2016,1.0,0.0,0.0,1.0,1.0,0.0,0.0,0.0,0.0,1.0,1.0,0,0,0,0,0.0,0.0,0.0,0.0,1.0
13,69,2017,2.0,1.0,0.5,1.0,0.5,0.0,0.0,0.0,0.0,1.0,0.5,0,0,0,1,6.0,3.0,3.5,3.5,0.2222222222222222
13,70,2015,3.0,2.0,0.6666666666666666,1.0,0.3333333333333333,0.0,0.0,0.0,0.0,1.0,0.3333333333333333,0,0,0,2,8.0,2.6666666666666665,5.333333333333333,3.8586123009300755,0.20582008566696539
13,70,2016,1.0,1.0,1.0,0.0,0.0,0.0,0.0,0.0,0.0,0.0,0.0,0,1,1,1,15.0,15.0,3.0,0.0,1.0
13,70,2017,2.0,1.0,0.5,1.0,0.5,1.0,0.5,0.0,0.0,0.0,0.0,0,1,1,1,15.0,7.5,11.5,8.5,0.10526315789473684
13,71,2015,3.0,2.0,0.6666666666666666,1.0,0.3333333333333333,1.0,0.3333333333333333,0.0,0.0,0.0,0.0,0,1,1,2,17.0,5.666666666666667,10.666666666666666,7.03957069398096,0.12438475113461928
13,71,2016,1.0,1.0,1.0,0.0,0.0,0.0,0.0,0.0,0.0,0.0,0.0,0,0,1,1,12.0,12.0,4.0,0.0,1.0
13,71,2017,2.0,2.0,1.0,0.0,0.0,0.0,0.0,0.0,0.0,0.0,0.0,0,0,2,2,22.0,11.0,4.5,0.5,0.6666666666666666
13,73,2016,3.0,3.0,1.0,0.0,0.0,0.0,0.0,0.0,0.0,0.0,0.0,0,0,2,3,24.0,8.0,6.0,2.160246899469286,0.31643097258253283
13,73,2017,1.0,1.0,1.0,0.0,0.0,0.0,0.0,0.0,0.0,0.0,0.0,0,0,0,1,1.0,1.0,10.0,0.0,1.0
18,1,2015,2.0,1.0,0.5,1.0,0.5,1.0,0.5,0.0,0.0,0.0,0.0,0,0,0,1,1.0,0.5,5.0,5.0,0.16666666666666666
18,1,2016,1.0,1.0,1.0,0.0,0.0,0.0,0.0,0.0,0.0,0.0,0.0,0,0,0,0,0.0,0.0,11.0,0.0,1.0
18,2,2015,2.0,2.0,1.0,0.0,0.0,0.0,0.0,0.0,0.0,0.0,0.0,0,0,0,0,0.0,0.0,12.5,1.5,0.4
18,2,2016,1.0,0.0,0.0,1.0,1.0,1.0,1.0,0.0,0.0,0.0,0.0,0,0,0,0,0.0,0.0,0.0,0.0,1.0
18,3,2015,2.0,1.0,0.5,1.0,0.5,1.0,0.5,0.0,0.0,0.0,0.0,0,0,0,1,2.0,1.0,4.5,4.5,0.18181818181818182
18,3,2016,1.0,0.0,0.0,1.0,1.0,0.0,0.0,0.0,0.0,0.0,0.0,0,0,0,0,0.0,0.0,0.0,0.0,1.0
18,4,2015,2.0,0.0,0.0,2.0,1.0,1.0,0.5,0.0,0.0,0.0,0.0,0,0,0,0,0.0,0.0,0.0,0.0,1.0
18,4,2016,1.0,1.0,1.0,0.0,0.0,0.0,0.0,0.0,0.0,0.0,0.0,0,0,0,0,0.0,0.0,16.0,0.0,1.0
18,6,2015,2.0,2.0,1.0,0.0,0.0,0.0,0.0,0.0,0.0,0.0,0.0,0,0,0,1,2.0,1.0,12.5,3.5,0.2222222222222222
18,6,2016,1.0,1.0,1.0,0.0,0.0,0.0,0.0,0.0,0.0,0.0,0.0,0,0,0,1,4.0,4.0,8.0,0.0,1.0
18,6,2017,2.0,2.0,1.0,0.0,0.0,0.0,0.0,0.0,0.0,0.0,0.0,0,0,0,2,6.0,3.0,8.5,0.5,0.6666666666666666
18,7,2015,3.0,2.0,0.6666666666666666,1.0,0.3333333333333333,0.0,0.0,1.0,0.3333333333333333,0.0,0.0,0,0,0,2,6.0,2.0,5.666666666666667,4.0276819911981905,0.19889881694002715
18,7,2016,1.0,0.0,0.0,1.0,1.0,0.0,0.0,0.0,0.0,1.0,1.0,0,0,0,0,0.0,0.0,0.0,0.0,1.0
18,9,2015,2.0,0.0,0.0,2.0,1.0,1.0,0.5,0.0,0.0,1.0,0.5,0,0,0,0,0.0,0.0,0.0,0.0,1.0
18,9,2016,1.0,0.0,0.0,1.0,1.0,0.0,0.0,1.0,1.0,0.0,0.0,0,0,0,0,0.0,0.0,0.0,0.0,1.0
18,10,2016,2.0,1.0,0.5,1.0,0.5,0.0,0.0,1.0,0.5,0.0,0.0,0,0,0,0,0.0,0.0,6.0,6.0,0.14285714285714285
18,11,2015,1.0,1.0,1.0,0.0,0.0,0.0,0.0,0.0,0.0,0.0,0.0,0,0,0,1,4.0,4.0,8.0,0.0,1.0
18,11,2016,1.0,1.0,1.0,0.0,0.0,0.0,0.0,0.0,0.0,0.0,0.0,0,0,0,1,2.0,2.0,9.0,0.0,1.0
18,13,2015,2.0,1.0,0.5,1.0,0.5,1.0,0.5,0.0,0.0,0.0,0.0,0,0,0,1,2.0,1.0,4.5,4.5,0.18181818181818182
18,13,2016,1.0,1.0,1.0,0.0,0.0,0.0,0.0,0.0,0.0,0.0,0.0,0,0,0,0,0.0,0.0,14.0,0.0,1.0
18,14,2015,2.0,1.0,0.5,1.0,0.5,0.0,0.0,1.0,0.5,0.0,0.0,0,0,0,0,0.0,0.0,7.0,7.0,0.125
18,14,2016,1.0,1.0,1.0,0.0,0.0,0.0,0.0,0.0,0.0,0.0,0.0,0,0,0,0,0.0,0.0,14.0,0.0,1.0
18,15,2015,2.0,2.0,1.0,0.0,0.0,0.0,0.0,0.0,0.0,0.0,0.0,0,0,0,0,0.0,0.0,13.0,1.0,0.5
18,15,2016,1.0,0.0,0.0,1.0,1.0,1.0,1.0,0.0,0.0,0.0,0.0,0,0,0,0,0.0,0.0,0.0,0.0,1.0
18,17,2015,2.0,0.0,0.0,2.0,1.0,2.0,1.0,0.0,0.0,0.0,0.0,0,0,0,0,0.0,0.0,0.0,0.0,1.0
18,17,2016,1.0,1.0,1.0,0.0,0.0,0.0,0.0,0.0,0.0,0.0,0.0,0,0,0,0,0.0,0.0,14.0,0.0,1.0
18,18,2015,2.0,2.0,1.0,0.0,0.0,0.0,0.0,0.0,0.0,0.0,0.0,0,0,0,0,0.0,0.0,13.5,0.5,0.6666666666666666
18,18,2016,1.0,1.0,1.0,0.0,0.0,0.0,0.0,0.0,0.0,0.0,0.0,0,0,0,0,0.0,0.0,14.0,0.0,1.0
18,22,2015,2.0,2.0,1.0,0.0,0.0,0.0,0.0,0.0,0.0,0.0,0.0,0,0,0,0,0.0,0.0,15.0,1.0,0.5
18,22,2016,1.0,1.0,1.0,0.0,0.0,0.0,0.0,0.0,0.0,0.0,0.0,0,0,0,0,0.0,0.0,16.0,0.0,1.0
18,24,2015,2.0,2.0,1.0,0.0,0.0,0.0,0.0,0.0,0.0,0.0,0.0,0,0,0,0,0.0,0.0,17.0,1.0,0.5
18,24,2016,1.0,1.0,1.0,0.0,0.0,0.0,0.0,0.0,0.0,0.0,0.0,0,0,0,0,0.0,0.0,12.0,0.0,1.0
18,32,2015,2.0,1.0,0.5,1.0,0.5,1.0,0.5,0.0,0.0,0.0,0.0,0,0,0,0,0.0,0.0,6.0,6.0,0.14285714285714285
18,32,2016,1.0,1.0,1.0,0.0,0.0,0.0,0.0,0.0,0.0,0.0,0.0,0,0,0,0,0.0,0.0,14.0,0.0,1.0
18,69,2015,2.0,2.0,1.0,0.0,0.0,0.0,0.0,0.0,0.0,0.0,0.0,0,0,0,0,0.0,0.0,13.0,1.0,0.5
18,69,2016,1.0,1.0,1.0,0.0,0.0,0.0,0.0,0.0,0.0,0.0,0.0,0,0,0,1,8.0,8.0,6.0,0.0,1.0
18,70,2015,2.0,2.0,1.0,0.0,0.0,0.0,0.0,0.0,0.0,0.0,0.0,0,0,0,2,10.0,5.0,7.5,1.5,0.4
18,70,2016,1.0,0.0,0.0,1.0,1.0,0.0,0.0,0.0,0.0,1.0,1.0,0,0,0,0,0.0,0.0,0.0,0.0,1.0
18,71,2015,2.0,1.0,0.5,1.0,0.5,0.0,0.0,0.0,0.0,1.0,0.5,0,0,0,1,8.0,4.0,3.0,3.0,0.25
18,71,2016,1.0,1.0,1.0,0.0,0.0,0.0,0.0,0.0,0.0,0.0,0.0,0,0,0,1,2.0,2.0,9.0,0.0,1.0
18,73,2016,2.0,2.0,1.0,0.0,0.0,0.0,0.0,0.0,0.0,0.0,0.0,0,0,0,2,3.0,1.5,9.5,0.5,0.6666666666666666
20,1,2015,1.0,1.0,1.0,0.0,0.0,0.0,0.0,0.0,0.0,0.0,0.0,0,0,0,0,0.0,0.0,11.0,0.0,1.0
20,1,2016,1.0,1.0,1.0,0.0,0.0,0.0,0.0,0.0,0.0,0.0,0.0,0,1,1,1,15.0,15.0,3.0,0.0,1.0
20,1,2017,2.0,2.0,1.0,0.0,0.0,0.0,0.0,0.0,0.0,0.0,0.0,0,2,2,2,30.0,15.0,3.0,0.0,1.0
20,1,2018,3.0,3.0,1.0,0.0,0.0,0.0,0.0,0.0,0.0,0.0,0.0,1,3,3,3,55.0,18.333333333333332,2.3333333333333335,0.9428090415820626,0.5147186257614299
20,1,2019,4.0,4.0,1.0,0.0,0.0,0.0,0.0,0.0,0.0,0.0,0.0,2,4,4,4,80.0,20.0,2.0,1.0,0.5
20,1,2022,5.0,5.0,1.0,0.0,0.0,0.0,0.0,0.0,0.0,0.0,0.0,2,4,5,5,92.0,18.4,2.4,1.2000000000000002,0.45454545454545453
20,2,2015,6.0,5.0,0.8333333333333334,1.0,0.16666666666666666,0.0,0.0,1.0,0.16666666666666666,0.0,0.0,2,4,5,5,92.0,15.333333333333334,2.0,1.4142135623730951,0.4142135623730951
20,2,2016,1.0,1.0,1.0,0.0,0.0,0.0,0.0,0.0,0.0,0.0,0.0,1,1,1,1,25.0,25.0,1.0,0.0,1.0
20,2,2017,2.0,1.0,0.5,1.0,0.5,0.0,0.0,1.0,0.5,0.0,0.0,1,1,1,1,25.0,12.5,0.5,0.5,0.6666666666666666
20,3,2015,3.0,2.0,0.6666666666666666,1.0,0.3333333333333333,0.0,0.0,1.0,0.3333333333333333,0.0,0.0,1,1,2,2,37.0,12.333333333333334,1.6666666666666667,1.699673171197595,0.37041520828107966
20,3,2016,1.0,1.0,1.0,0.0,0.0,0.0,0.0,0.0,0.0,0.0,0.0,0,0,1,1,10.0,10.0,5.0,0.0,1.0
20,3,2017,2.0,1.0,0.5,1.0,0.5,1.0,0.5,0.0,0.0,0.0,0.0,0,0,1,1,10.0,5.0,2.5,2.5,0.2857142857142857
20,3,2018,3.0,2.0,0.6666666666666666,1.0,0.3333333333333333,1.0,0.3333333333333333,0.0,0.0,0.0,0.0,1,1,2,2,35.0,11.666666666666666,2.0,2.1602468994692865,0.3164309725825328
20,3,2019,4.0,3.0,0.75,1.0,0.25,1.0,0.25,0.0,0.0,0.0,0.0,2,2,3,3,60.0,15.0,1.75,1.920286436967152,0.34243216259242865
20,3,2020,5.0,4.0,0.8,1.0,0.2,1.0,0.2,0.0,0.0,0.0,0.0,2,2,4,4,70.0,14.0,2.4,2.154065922853802,0.31705107770708835
20,3,2021,7.0,6.0,0.8571428571428571,1.0,0.14285714285714285,1.0,0.14285714285714285,0.0,0.0,0.0,0.0,2,2,4,4,70.0,10.0,5.285714285714286,4.919764387920733,0.16892564204759533
20,4,2015,8.0,7.0,0.875,1.0,0.125,1.0,0.125,0.0,0.0,0.0,0.0,2,2,4,4,70.0,8.75,6.5,5.612486080160912,0.1512290518085545
20,4,2016,1.0,1.0,1.0,0.0,0.0,0.0,0.0,0.0,0.0,0.0,0.0,0,1,1,1,15.0,15.0,3.0,0.0,1.0
20,4,2017,2.0,2.0,1.0,0.0,0.0,0.0,0.0,0.0,0.0,0.0,0.0,0,2,2,2,30.0,15.0,3.0,0.0,1.0
20,4,2018,3.0,3.0,1.0,0.0,0.0,0.0,0.0,0.0,0.0,0.0,0.0,0,3,3,3,48.0,16.0,2.6666666666666665,0.4714045207910318,0.6796227589829592
20,4,2019,4.0,4.0,1.0,0.0,0.0,0.0,0.0,0.0,0.0,0.0,0.0,0,3,4,4,60.0,15.0,3.0,0.7071067811865476,0.585786437626905
20,4,2020,5.0,5.0,1.0,0.0,0.0,0.0,0.0,0.0,0.0,0.0,0.0,0,3,5,5,72.0,14.4,3.2,0.7483314773547874,0.5719739151027542
20,4,2021,6.0,6.0,1.0,0.0,0.0,0.0,0.0,0.0,0.0,0.0,0.0,0,3,5,6,78.0,13.0,3.8333333333333335,1.5723301886761003,0.38875258098754006
20,4,2022,7.0,7.0,1.0,0.0,0.0,0.0,0.0,0.0,0.0,0.0,0.0,0,3,5,6,78.0,11.142857142857142,5.142857142857143,3.5225222874108426,0.2211155493437055
20,5,2020,8.0,8.0,1.0,0.0,0.0,0.0,0.0,0.0,0.0,0.0,0.0,0,3,5,6,78.0,9.75,5.875,3.822221212855164,0.20737331529590183
20,5,2021,1.0,1.0,1.0,0.0,0.0,0.0,0.0,0.0,0.0,0.0,0.0,0,1,1,1,15.0,15.0,3.0,0.0,1.0
20,6,2015,2.0,2.0,1.0,0.0,0.0,0.0,0.0,0.0,0.0,0.0,0.0,0,1,1,1,15.0,7.5,10.5,7.5,0.11764705882352941
20,6,2016,1.0,1.0,1.0,0.0,0.0,0.0,0.0,0.0,0.0,0.0,0.0,0,1,1,1,18.0,18.0,2.0,0.0,1.0
20,6,2017,2.0,2.0,1.0,0.0,0.0,0.0,0.0,0.0,0.0,0.0,0.0,0,1,2,2,30.0,15.0,3.0,1.0,0.5
20,6,2018,3.0,3.0,1.0,0.0,0.0,0.0,0.0,0.0,0.0,0.0,0.0,1,2,3,3,55.0,18.333333333333332,2.3333333333333335,1.2472191289246466,0.444994432064365
20,6,2019,4.0,4.0,1.0,0.0,0.0,0.0,0.0,0.0,0.0,0.0,0.0,1,3,4,4,73.0,18.25,2.25,1.0897247358851685,0.4785319247208981
20,6,2021,5.0,5.0,1.0,0.0,0.0,0.0,0.0,0.0,0.0,0.0,0.0,1,4,5,5,91.0,18.2,2.2,0.9797958971132708,0.5051025721682192
20,6,2022,6.0,6.0,1.0,0.0,0.0,0.0,0.0,0.0,0.0,0.0,0.0,1,4,6,6,101.0,16.833333333333332,2.6666666666666665,1.3743685418725538,0.4211646096066227
20,7,2015,7.0,7.0,1.0,0.0,0.0,0.0,0.0,0.0,0.0,0.0,0.0,1,4,6,7,102.0,14.571428571428571,3.7142857142857144,2.864276807966203,0.2587806334004078
20,7,2016,1.0,1.0,1.0,0.0,0.0,0.0,0.0,0.0,0.0,0.0,0.0,0,0,1,1,10.0,10.0,5.0,0.0,1.0
20,7,2017,2.0,2.0,1.0,0.0,0.0,0.0,0.0,0.0,0.0,0.0,0.0,0,1,2,2,28.0,14.0,3.5,1.5,0.4
20,7,2018,3.0,3.0,1.0,0.0,0.0,0.0,0.0,0.0,0.0,0.0,0.0,0,1,3,3,40.0,13.333333333333334,3.6666666666666665,1.2472191289246477,0.44499443206436473
20,7,2019,4.0,4.0,1.0,0.0,0.0,0.0,0.0,0.0,0.0,0.0,0.0,1,2,4,4,65.0,16.25,3.0,1.5811388300841898,0.38742588672279304
20,7,2022,5.0,5.0,1.0,0.0,0.0,0.0,0.0,0.0,0.0,0.0,0.0,1,3,5,5,83.0,16.6,2.8,1.4696938456699071,0.4049084876464714
20,9,2015,6.0,6.0,1.0,0.0,0.0,0.0,0.0,0.0,0.0,0.0,0.0,1,3,5,5,83.0,13.833333333333334,4.333333333333333,3.681787005729088,0.21359365532355554
20,9,2016,1.0,1.0,1.0,0.0,0.0,0.0,0.0,0.0,0.0,0.0,0.0,0,1,1,1,15.0,15.0,3.0,0.0,1.0
20,9,2017,2.0,2.0,1.0,0.0,0.0,0.0,0.0,0.0,0.0,0.0,0.0,0,1,1,2,17.0,8.5,6.0,3.0,0.25
20,9,2018,3.0,3.0,1.0,0.0,0.0,0.0,0.0,0.0,0.0,0.0,0.0,0,1,1,3,23.0,7.666666666666667,6.333333333333333,2.4944382578492954,0.28616902809880096
20,9,2019,4.0,4.0,1.0,0.0,0.0,0.0,0.0,0.0,0.0,0.0,0.0,1,2,2,4,48.0,12.0,5.0,3.1622776601683795,0.2402530733520421
20,9,2020,5.0,5.0,1.0,0.0,0.0,0.0,0.0,0.0,0.0,0.0,0.0,1,2,2,4,48.0,9.6,7.2,5.230678732248808,0.16049615827954508
20,9,2021,7.0,7.0,1.0,0.0,0.0,0.0,0.0,0.0,0.0,0.0,0.0,1,2,2,5,49.0,7.0,8.285714285714286,4.772369453854304,0.17323908457250323
20,9,2022,8.0,7.0,0.875,1.0,0.125,0.0,0.0,0.0,0.0,1.0,0.125,1,2,2,5,49.0,6.125,7.25,5.238081709939241,0.1603056911560942
20,10,2016,9.0,8.0,0.8888888888888888,1.0,0.1111111111111111,0.0,0.0,0.0,0.0,1.0,0.1111111111111111,1,2,2,6,51.0,5.666666666666667,7.444444444444445,4.969039949999533,0.16753112868679632
20,10,2018,1.0,1.0,1.0,0.0,0.0,0.0,0.0,0.0,0.0,0.0,0.0,0,0,1,1,10.0,10.0,5.0,0.0,1.0
20,10,2019,2.0,1.0,0.5,1.0,0.5,0.0,0.0,1.0,0.5,0.0,0.0,0,0,1,1,10.0,5.0,2.5,2.5,0.2857142857142857
20,11,2015,3.0,2.0,0.6666666666666666,1.0,0.3333333333333333,0.0,0.0,1.0,0.3333333333333333,0.0,0.0,0,1,2,2,28.0,9.333333333333334,2.3333333333333335,2.054804667656325,0.3273531727209286
20,11,2016,1.0,1.0,1.0,0.0,0.0,0.0,0.0,0.0,0.0,0.0,0.0,1,1,1,1,25.0,25.0,1.0,0.0,1.0
20,11,2017,2.0,2.0,1.0,0.0,0.0,0.0,0.0,0.0,0.0,0.0,0.0,1,1,2,2,37.0,18.5,2.5,1.5,0.4
20,11,2018,3.0,3.0,1.0,0.0,0.0,0.0,0.0,0.0,0.0,0.0,0.0,2,2,3,3,62.0,20.666666666666668,2.0,1.4142135623730951,0.4142135623730951
20,11,2019,4.0,4.0,1.0,0.0,0.0,0.0,0.0,0.0,0.0,0.0,0.0,2,3,4,4,80.0,20.0,2.0,1.224744871391589,0.4494897427831781
20,11,2020,5.0,5.0,1.0,0.0,0.0,0.0,0.0,0.0,0.0,0.0,0.0,2,4,5,5,95.0,19.0,2.2,1.1661903789690597,0.4616399415807225
20,11,2021,6.0,6.0,1.0,0.0,0.0,0.0,0.0,0.0,0.0,0.0,0.0,2,4,5,6,103.0,17.166666666666668,2.8333333333333335,1.7716909687891078,0.3607905828104922
20,11,2022,7.0,7.0,1.0,0.0,0.0,0.0,0.0,0.0,0.0,0.0,0.0,2,4,5,6,103.0,14.714285714285714,2.4285714285714284,1.9166296949998198,0.3428614889693982
20,13,2015,8.0,8.0,1.0,0.0,0.0,0.0,0.0,0.0,0.0,0.0,0.0,2,4,5,7,104.0,13.0,3.375,3.07967124868873,0.24511778990069746
20,13,2016,1.0,1.0,1.0,0.0,0.0,0.0,0.0,0.0,0.0,0.0,0.0,0,0,0,0,0.0,0.0,12.0,0.0,1.0
20,13,2017,2.0,2.0,1.0,0.0,0.0,0.0,0.0,0.0,0.0,0.0,0.0,0,0,0,1,8.0,4.0,9.0,3.0,0.25
20,13,2018,3.0,3.0,1.0,0.0,0.0,0.0,0.0,0.0,0.0,0.0,0.0,0,1,1,2,26.0,8.666666666666666,6.666666666666667,4.10960933531265,0.19570967844625078
20,13,2019,4.0,4.0,1.0,0.0,0.0,0.0,0.0,0.0,0.0,0.0,0.0,1,2,2,3,51.0,12.75,5.25,4.322904116447646,0.18786737054120964
20,13,2020,5.0,5.0,1.0,0.0,0.0,0.0,0.0,0.0,0.0,0.0,0.0,1,2,3,4,64.0,12.8,5.0,3.898717737923586,0.20413505196644968
20,13,2021,6.0,6.0,1.0,0.0,0.0,0.0,0.0,0.0,0.0,0.0,0.0,1,2,3,4,64.0,10.666666666666666,6.333333333333333,4.642796092394707,0.1772171071975803
20,13,2022,7.0,7.0,1.0,0.0,0.0,0.0,0.0,0.0,0.0,0.0,0.0,1,2,4,5,69.0,9.857142857142858,6.142857142857143,4.323641700120445,0.187841341759979
20,14,2015,8.0,8.0,1.0,0.0,0.0,0.0,0.0,0.0,0.0,0.0,0.0,1,2,4,6,73.0,9.125,6.375,4.090767042988393,0.19643405238456518
20,14,2016,1.0,1.0,1.0,0.0,0.0,0.0,0.0,0.0,0.0,0.0,0.0,0,1,1,1,18.0,18.0,2.0,0.0,1.0
20,14,2017,2.0,2.0,1.0,0.0,0.0,0.0,0.0,0.0,0.0,0.0,0.0,0,2,2,2,33.0,16.5,2.5,0.5,0.6666666666666666
20,14,2018,3.0,3.0,1.0,0.0,0.0,0.0,0.0,0.0,0.0,0.0,0.0,0,3,3,3,48.0,16.0,2.6666666666666665,0.4714045207910318,0.6796227589829592
20,14,2019,4.0,4.0,1.0,0.0,0.0,0.0,0.0,0.0,0.0,0.0,0.0,0,3,4,4,60.0,15.0,3.0,0.7071067811865476,0.585786437626905
20,14,2020,5.0,5.0,1.0,0.0,0.0,0.0,0.0,0.0,0.0,0.0,0.0,0,3,4,4,60.0,12.0,5.0,4.049691346263317,0.19803190560151412
20,14,2021,6.0,5.0,0.8333333333333334,1.0,0.16666666666666666,1.0,0.16666666666666666,0.0,0.0,0.0,0.0,0,3,4,4,60.0,10.0,4.166666666666667,4.13991411612474,0.1945557800008445
20,14,2022,7.0,6.0,0.8571428571428571,1.0,0.14285714285714285,1.0,0.14285714285714285,0.0,0.0,0.0,0.0,0,3,4,4,60.0,8.571428571428571,5.285714285714286,4.712120714991612,0.17506632823348314
20,15,2015,8.0,6.0,0.75,2.0,0.25,2.0,0.25,0.0,0.0,0.0,0.0,0,3,4,4,60.0,7.5,4.625,4.741769184597665,0.1741623475012731
20,15,2016,1.0,1.0,1.0,0.0,0.0,0.0,0.0,0.0,0.0,0.0,0.0,1,1,1,1,25.0,25.0,1.0,0.0,1.0
20,15,2017,2.0,2.0,1.0,0.0,0.0,0.0,0.0,0.0,0.0,0.0,0.0,1,1,2,2,35.0,17.5,3.0,2.0,0.3333333333333333
20,15,2018,3.0,2.0,0.6666666666666666,1.0,0.3333333333333333,0.0,0.0,1.0,0.3333333333333333,0.0,0.0,1,1,2,2,35.0,11.666666666666666,2.0,2.1602468994692865,0.3164309725825328
20,15,2019,4.0,3.0,0.75,1.0,0.25,0.0,0.0,1.0,0.25,0.0,0.0,1,2,3,3,50.0,12.5,2.25,1.920286436967152,0.34243216259242865
20,15,2022,5.0,4.0,0.8,1.0,0.2,0.0,0.0,1.0,0.2,0.0,0.0,2,3,4,4,75.0,15.0,2.0,1.7888543819998317,0.3585701736362872
20,17,2015,6.0,5.0,0.8333333333333334,1.0,0.16666666666666666,0.0,0.0,1.0,0.16666666666666666,0.0,0.0,2,3,4,5,79.0,13.166666666666666,3.0,2.7688746209726918,0.26533119314590375
20,17,2016,1.0,1.0,1.0,0.0,0.0,0.0,0.0,0.0,0.0,0.0,0.0,0,1,1,1,15.0,15.0,3.0,0.0,1.0
20,17,2017,2.0,2.0,1.0,0.0,0.0,0.0,0.0,0.0,0.0,0.0,0.0,0,2,2,2,33.0,16.5,2.5,0.5,0.6666666666666666
20,17,2018,3.0,3.0,1.0,0.0,0.0,0.0,0.0,0.0,0.0,0.0,0.0,0,3,3,3,51.0,17.0,2.3333333333333335,0.47140452079103085,0.6796227589829597
20,17,2019,4.0,4.0,1.0,0.0,0.0,0.0,0.0,0.0,0.0,0.0,0.0,0,3,3,4,55.0,13.75,3.75,2.48746859276655,0.286740933545359
20,18,2015,5.0,5.0,1.0,0.0,0.0,0.0,0.0,0.0,0.0,0.0,0.0,0,4,4,5,70.0,14.0,3.6,2.2449944320643644,0.30816693862979333
20,18,2016,1.0,1.0,1.0,0.0,0.0,0.0,0.0,0.0,0.0,0.0,0.0,0,1,1,1,15.0,15.0,3.0,0.0,1.0
20,18,2017,2.0,2.0,1.0,0.0,0.0,0.0,0.0,0.0,0.0,0.0,0.0,0,1,2,2,25.0,12.5,4.0,1.0,0.5
20,18,2018,3.0,3.0,1.0,0.0,0.0,0.0,0.0,0.0,0.0,0.0,0.0,1,2,3,3,50.0,16.666666666666668,3.0,1.6329931618554518,0.37979589711327133
20,18,2019,4.0,4.0,1.0,0.0,0.0,0.0,0.0,0.0,0.0,0.0,0.0,1,2,3,4,58.0,14.5,3.75,1.920286436967152,0.34243216259242865
20,18,2021,5.0,5.0,1.0,0.0,0.0,0.0,0.0,0.0,0.0,0.0,0.0,1,2,3,4,58.0,11.6,6.4,5.571355310873647,0.15217560954972198
20,18,2022,6.0,6.0,1.0,0.0,0.0,0.0,0.0,0.0,0.0,0.0,0.0,1,2,3,4,58.0,9.666666666666666,7.166666666666667,5.367080729368206,0.15705784840884657
20,20,2020,7.0,7.0,1.0,0.0,0.0,0.0,0.0,0.0,0.0,0.0,0.0,1,2,3,4,58.0,8.285714285714286,7.714285714285714,5.146823867043377,0.16268564410338313
20,21,2020,1.0,1.0,1.0,0.0,0.0,0.0,0.0,0.0,0.0,0.0,0.0,0,0,0,0,0.0,0.0,11.0,0.0,1.0
20,21,2021,1.0,1.0,1.0,0.0,0.0,0.0,0.0,0.0,0.0,0.0,0.0,0,0,0,0,0.0,0.0,12.0,0.0,1.0
20,21,2022,2.0,2.0,1.0,0.0,0.0,0.0,0.0,0.0,0.0,0.0,0.0,0,0,0,0,0.0,0.0,13.5,1.5,0.4
20,22,2015,3.0,3.0,1.0,0.0,0.0,0.0,0.0,0.0,0.0,0.0,0.0,0,0,0,1,4.0,1.3333333333333333,11.666666666666666,2.8674417556808818,0.25856885847889005
20,22,2016,1.0,1.0,1.0,0.0,0.0,0.0,0.0,0.0,0.0,0.0,0.0,0,1,1,1,15.0,15.0,3.0,0.0,1.0
20,22,2017,2.0,2.0,1.0,0.0,0.0,0.0,0.0,0.0,0.0,0.0,0.0,0,1,2,2,27.0,13.5,3.5,0.5,0.6666666666666666
20,22,2018,3.0,2.0,0.6666666666666666,1.0,0.3333333333333333,0.0,0.0,0.0,0.0,0.0,0.0,0,1,2,2,27.0,9.0,2.3333333333333335,1.6996731711975948,0.3704152082810797
20,22,2019,4.0,3.0,0.75,1.0,0.25,0.0,0.0,0.0,0.0,0.0,0.0,0,1,2,3,35.0,8.75,3.25,2.165063509461097,0.31594942629453465
20,22,2022,5.0,4.0,0.8,1.0,0.2,0.0,0.0,0.0,0.0,0.0,0.0,0,2,3,4,53.0,10.6,3.0,2.0,0.3333333333333333
20,24,2015,6.0,5.0,0.8333333333333334,1.0,0.16666666666666666,0.0,0.0,0.0,0.0,0.0,0.0,0,2,3,5,61.0,10.166666666666666,3.5,2.140872096444188,0.3183829106355874
20,24,2016,1.0,1.0,1.0,0.0,0.0,0.0,0.0,0.0,0.0,0.0,0.0,0,0,1,1,12.0,12.0,4.0,0.0,1.0
20,24,2017,2.0,2.0,1.0,0.0,0.0,0.0,0.0,0.0,0.0,0.0,0.0,0,1,2,2,27.0,13.5,3.5,0.5,0.6666666666666666
20,24,2018,3.0,3.0,1.0,0.0,0.0,0.0,0.0,0.0,0.0,0.0,0.0,0,2,3,3,42.0,14.0,3.3333333333333335,0.47140452079103085,0.6796227589829597
20,24,2019,4.0,4.0,1.0,0.0,0.0,0.0,0.0,0.0,0.0,0.0,0.0,0,3,4,4,60.0,15.0,3.0,0.7071067811865476,0.585786437626905
20,24,2020,5.0,5.0,1.0,0.0,0.0,0.0,0.0,0.0,0.0,0.0,0.0,0,3,5,5,70.0,14.0,3.4,1.0198039027185575,0.49509756796392407
20,24,2021,6.0,6.0,1.0,0.0,0.0,0.0,0.0,0.0,0.0,0.0,0.0,0,3,5,5,70.0,11.666666666666666,5.166666666666667,4.058598553961973,0.19768320995086366
20,24,2022,7.0,7.0,1.0,0.0,0.0,0.0,0.0,0.0,0.0,0.0,0.0,0,3,5,5,70.0,10.0,6.0,4.27617987059879,0.18953106689414487
20,32,2015,8.0,8.0,1.0,0.0,0.0,0.0,0.0,0.0,0.0,0.0,0.0,0,3,5,6,71.0,8.875,6.5,4.2130748865881795,0.1918253663634734
20,32,2016,1.0,0.0,0.0,1.0,1.0,0.0,0.0,1.0,1.0,0.0,0.0,0,0,0,0,0.0,0.0,0.0,0.0,1.0
20,32,2017,2.0,1.0,0.5,1.0,0.5,0.0,0.0,1.0,0.5,0.0,0.0,0,0,1,1,10.0,5.0,2.5,2.5,0.2857142857142857
20,32,2018,3.0,2.0,0.6666666666666666,1.0,0.3333333333333333,0.0,0.0,1.0,0.3333333333333333,0.0,0.0,0,0,2,2,22.0,7.333333333333333,3.0,2.1602468994692865,0.3164309725825328
20,32,2019,4.0,3.0,0.75,1.0,0.25,0.0,0.0,1.0,0.25,0.0,0.0,0,1,3,3,40.0,10.0,2.75,1.920286436967152,0.34243216259242865
20,32,2021,5.0,4.0,0.8,1.0,0.2,0.0,0.0,1.0,0.2,0.0,0.0,0,2,4,4,58.0,11.6,2.6,1.7435595774162693,0.3644899889295439
20,32,2022,6.0,5.0,0.8333333333333334,1.0,0.16666666666666666,0.0,0.0,1.0,0.16666666666666666,0.0,0.0,0,2,4,5,64.0,10.666666666666666,3.3333333333333335,2.2852182001336807,0.30439378424218777
20,34,2018,7.0,6.0,0.8571428571428571,1.0,0.14285714285714285,0.0,0.0,1.0,0.14285714285714285,0.0,0.0,0,2,4,5,64.0,9.142857142857142,4.857142857142857,4.290473547908917,0.1890189963042636
20,34,2019,1.0,1.0,1.0,0.0,0.0,0.0,0.0,0.0,0.0,0.0,0.0,0,0,1,1,10.0,10.0,5.0,0.0,1.0
20,34,2021,2.0,2.0,1.0,0.0,0.0,0.0,0.0,0.0,0.0,0.0,0.0,0,0,2,2,21.0,10.5,5.0,0.0,1.0
20,34,2022,3.0,3.0,1.0,0.0,0.0,0.0,0.0,0.0,0.0,0.0,0.0,0,0,2,3,23.0,7.666666666666667,6.333333333333333,1.8856180831641272,0.3465462064555278
20,39,2021,4.0,4.0,1.0,0.0,0.0,0.0,0.0,0.0,0.0,0.0,0.0,0,0,2,3,23.0,5.75,7.5,2.598076211353316,0.27792629762666365
20,39,2022,1.0,1.0,1.0,0.0,0.0,0.0,0.0,0.0,0.0,0.0,0.0,0,0,0,0,0.0,0.0,13.0,0.0,1.0
20,69,2015,2.0,2.0,1.0,0.0,0.0,0.0,0.0,0.0,0.0,0.0,0.0,0,0,0,0,0.0,0.0,13.5,0.5,0.6666666666666666
20,69,2016,1.0,1.0,1.0,0.0,0.0,0.0,0.0,0.0,0.0,0.0,0.0,0,1,1,1,15.0,15.0,3.0,0.0,1.0
20,69,2017,2.0,2.0,1.0,0.0,0.0,0.0,0.0,0.0,0.0,0.0,0.0,0,1,2,2,27.0,13.5,3.5,0.5,0.6666666666666666
20,69,2018,3.0,3.0,1.0,0.0,0.0,0.0,0.0,0.0,0.0,0.0,0.0,0,2,3,3,45.0,15.0,3.0,0.8164965809277257,0.550510257216822
20,69,2019,4.0,4.0,1.0,0.0,0.0,0.0,0.0,0.0,0.0,0.0,0.0,0,2,4,4,57.0,14.25,3.25,0.82915619758885,0.5467001677156801
20,69,2021,5.0,4.0,0.8,1.0,0.2,1.0,0.2,0.0,0.0,0.0,0.0,0,2,4,4,57.0,11.4,2.6,1.4966629547095762,0.4005346408948199
20,69,2022,6.0,5.0,0.8333333333333334,1.0,0.16666666666666666,1.0,0.16666666666666666,0.0,0.0,0.0,0.0,0,2,4,5,58.0,9.666666666666666,3.8333333333333335,3.0776975521032313,0.2452364323793978
20,70,2015,7.0,6.0,0.8571428571428571,1.0,0.14285714285714285,1.0,0.14285714285714285,0.0,0.0,0.0,0.0,0,2,4,6,62.0,8.857142857142858,4.428571428571429,3.200765214629725,0.23805186648312707
20,70,2016,1.0,1.0,1.0,0.0,0.0,0.0,0.0,0.0,0.0,0.0,0.0,0,0,1,1,12.0,12.0,4.0,0.0,1.0
20,70,2017,2.0,1.0,0.5,1.0,0.5,0.0,0.0,0.0,0.0,0.0,0.0,0,0,1,1,12.0,6.0,2.0,2.0,0.3333333333333333
20,70,2018,3.0,2.0,0.6666666666666666,1.0,0.3333333333333333,0.0,0.0,0.0,0.0,0.0,0.0,0,1,2,2,30.0,10.0,2.0,1.632993161855452,0.3797958971132712
20,70,2019,4.0,3.0,0.75,1.0,0.25,0.0,0.0,0.0,0.0,0.0,0.0,0,2,3,3,45.0,11.25,2.25,1.479019945774904,0.40338521749465606
20,70,2020,5.0,4.0,0.8,1.0,0.2,0.0,0.0,0.0,0.0,0.0,0.0,0,2,4,4,57.0,11.4,2.6,1.4966629547095762,0.4005346408948199
20,70,2021,7.0,5.0,0.7142857142857143,2.0,0.2857142857142857,0.0,0.0,1.0,0.14285714285714285,0.0,0.0,0,2,4,5,58.0,8.285714285714286,3.2857142857142856,3.1493439550069438,0.24100195376508057
20,70,2022,9.0,7.0,0.7777777777777778,2.0,0.2222222222222222,0.0,0.0,1.0,0.1111111111111111,0.0,0.0,0,2,4,5,58.0,6.444444444444445,5.777777777777778,5.553332888711023,0.1525941100478249
20,71,2015,10.0,8.0,0.8,2.0,0.2,0.0,0.0,1.0,0.1,0.0,0.0,0,2,4,5,58.0,5.8,6.9,6.252199612936234,0.13788919960452178
20,71,2016,1.0,1.0,1.0,0.0,0.0,0.0,0.0,0.0,0.0,0.0,0.0,0,1,1,1,18.0,18.0,2.0,0.0,1.0
20,71,2017,2.0,1.0,0.5,1.0,0.5,0.0,0.0,1.0,0.5,0.0,0.0,0,1,1,1,18.0,9.0,1.0,1.0,0.5
20,71,2018,3.0,2.0,0.6666666666666666,1.0,0.3333333333333333,0.0,0.0,1.0,0.3333333333333333,0.0,0.0,0,2,2,2,36.0,12.0,1.3333333333333333,0.9428090415820634,0.5147186257614297
20,71,2019,4.0,3.0,0.75,1.0,0.25,0.0,0.0,1.0,0.25,0.0,0.0,0,3,3,3,51.0,12.75,1.75,1.0897247358851685,0.4785319247208981
20,71,2020,5.0,3.0,0.6,2.0,0.4,1.0,0.2,1.0,0.2,0.0,0.0,0,3,3,3,51.0,10.2,1.4,1.2000000000000002,0.45454545454545453
20,71,2021,6.0,4.0,0.6666666666666666,2.0,0.3333333333333333,1.0,0.16666666666666666,1.0,0.16666666666666666,0.0,0.0,0,3,3,3,51.0,8.5,3.3333333333333335,4.459696053419884,0.18316037929869974
20,73,2016,7.0,5.0,0.7142857142857143,2.0,0.2857142857142857,1.0,0.14285714285714285,1.0,0.14285714285714285,0.0,0.0,0,3,3,3,51.0,7.285714285714286,4.571428571428571,5.122977450583174,0.16331923611849272
20,73,2017,1.0,1.0,1.0,0.0,0.0,0.0,0.0,0.0,0.0,0.0,0.0,0,1,1,1,18.0,18.0,2.0,0.0,1.0
20,73,2018,2.0,2.0,1.0,0.0,0.0,0.0,0.0,0.0,0.0,0.0,0.0,0,1,2,2,30.0,15.0,3.0,1.0,0.5
20,73,2019,3.0,3.0,1.0,0.0,0.0,0.0,0.0,0.0,0.0,0.0,0.0,0,1,3,3,42.0,14.0,3.3333333333333335,0.9428090415820626,0.5147186257614299
20,73,2021,4.0,4.0,1.0,0.0,0.0,0.0,0.0,0.0,0.0,0.0,0.0,0,2,4,4,57.0,14.25,3.25,0.82915619758885,0.5467001677156801
20,73,2022,5.0,5.0,1.0,0.0,0.0,0.0,0.0,0.0,0.0,0.0,0.0,0,3,5,5,75.0,15.0,3.0,0.8944271909999163,0.5278640450004205
20,75,2020,6.0,6.0,1.0,0.0,0.0,0.0,0.0,0.0,0.0,0.0,0.0,0,3,5,6,83.0,13.833333333333334,3.5,1.3844373104863457,0.41938615689419545
20,75,2021,1.0,1.0,1.0,0.0,0.0,0.0,0.0,0.0,0.0,0.0,0.0,0,0,0,1,1.0,1.0,10.0,0.0,1.0
20,76,2020,2.0,2.0,1.0,0.0,0.0,0.0,0.0,0.0,0.0,0.0,0.0,0,0,0,1,1.0,0.5,11.5,1.5,0.4
20,77,2021,1.0,1.0,1.0,0.0,0.0,0.0,0.0,0.0,0.0,0.0,0.0,0,0,0,1,1.0,1.0,10.0,0.0,1.0
20,78,2021,1.0,0.0,0.0,1.0,1.0,0.0,0.0,1.0,1.0,0.0,0.0,0,0,0,0,0.0,0.0,0.0,0.0,1.0
20,79,2022,1.0,1.0,1.0,0.0,0.0,0.0,0.0,0.0,0.0,0.0,0.0,0,0,0,1,1.0,1.0,10.0,0.0,1.0
154,1,2015,1.0,1.0,1.0,0.0,0.0,0.0,0.0,0.0,0.0,0.0,0.0,0,0,0,0,0.0,0.0,17.0,0.0,1.0
154,1,2016,1.0,0.0,0.0,1.0,1.0,1.0,1.0,0.0,0.0,0.0,0.0,0,0,0,0,0.0,0.0,0.0,0.0,1.0
154,1,2017,2.0,1.0,0.5,1.0,0.5,1.0,0.5,0.0,0.0,0.0,0.0,0,0,0,1,8.0,4.0,3.0,3.0,0.25
154,1,2018,3.0,1.0,0.3333333333333333,2.0,0.6666666666666666,2.0,0.6666666666666666,0.0,0.0,0.0,0.0,0,0,0,1,8.0,2.6666666666666665,2.0,2.8284271247461903,0.2612038749637414
154,1,2019,4.0,1.0,0.25,3.0,0.75,3.0,0.75,0.0,0.0,0.0,0.0,0,0,0,1,8.0,2.0,1.5,2.598076211353316,0.27792629762666365
154,2,2015,5.0,1.0,0.2,4.0,0.8,4.0,0.8,0.0,0.0,0.0,0.0,0,0,0,1,8.0,1.6,1.2,2.4,0.29411764705882354
154,2,2016,1.0,1.0,1.0,0.0,0.0,0.0,0.0,0.0,0.0,0.0,0.0,0,0,0,0,0.0,0.0,11.0,0.0,1.0
154,2,2017,2.0,1.0,0.5,1.0,0.5,1.0,0.5,0.0,0.0,0.0,0.0,0,0,0,0,0.0,0.0,5.5,5.5,0.15384615384615385
154,3,2015,3.0,2.0,0.6666666666666666,1.0,0.3333333333333333,1.0,0.3333333333333333,0.0,0.0,0.0,0.0,0,0,0,0,0.0,0.0,8.0,5.715476066494083,0.14890977052086574
154,3,2016,1.0,1.0,1.0,0.0,0.0,0.0,0.0,0.0,0.0,0.0,0.0,0,0,0,1,6.0,6.0,7.0,0.0,1.0
154,3,2017,2.0,2.0,1.0,0.0,0.0,0.0,0.0,0.0,0.0,0.0,0.0,0,0,1,2,16.0,8.0,6.0,1.0,0.5
154,3,2018,3.0,3.0,1.0,0.0,0.0,0.0,0.0,0.0,0.0,0.0,0.0,0,0,1,3,20.0,6.666666666666667,6.666666666666667,1.2472191289246448,0.44499443206436534
154,3,2019,4.0,4.0,1.0,0.0,0.0,0.0,0.0,0.0,0.0,0.0,0.0,0,0,1,3,20.0,5.0,8.25,2.947456530637899,0.2533276787821657
154,3,2020,5.0,4.0,0.8,1.0,0.2,0.0,0.0,0.0,0.0,1.0,0.2,0,0,1,3,20.0,4.0,6.6,4.223742416388576,0.1914336351774688
154,4,2015,6.0,4.0,0.6666666666666666,2.0,0.3333333333333333,0.0,0.0,1.0,0.16666666666666666,1.0,0.16666666666666666,0,0,1,3,20.0,3.3333333333333335,5.5,4.573474244670748,0.1794213009876526
154,4,2016,1.0,1.0,1.0,0.0,0.0,0.0,0.0,0.0,0.0,0.0,0.0,0,0,0,1,4.0,4.0,8.0,0.0,1.0
154,4,2017,2.0,1.0,0.5,1.0,0.5,1.0,0.5,0.0,0.0,0.0,0.0,0,0,0,1,4.0,2.0,4.0,4.0,0.2
154,4,2018,3.0,2.0,0.6666666666666666,1.0,0.3333333333333333,1.0,0.3333333333333333,0.0,0.0,0.0,0.0,0,0,0,2,5.0,1.6666666666666667,6.0,4.320493798938573,0.1879524791852023
154,4,2019,4.0,2.0,0.5,2.0,0.5,1.0,0.25,1.0,0.25,0.0,0.0,0,0,0,2,5.0,1.25,4.5,4.55521678957215,0.18001097668719743
154,4,2020,5.0,3.0,0.6,2.0,0.4,1.0,0.2,1.0,0.2,0.0,0.0,0,0,0,3,6.0,1.2,5.6,4.6303347611160905,0.17760933273562085
154,5,2020,6.0,4.0,0.6666666666666666,2.0,0.3333333333333333,1.0,0.16666666666666666,1.0,0.16666666666666666,0.0,0.0,0,0,0,3,6.0,1.0,7.833333333333333,6.542595475463508,0.1325803568881636
154,6,2015,1.0,0.0,0.0,1.0,1.0,0.0,0.0,1.0,1.0,0.0,0.0,0,0,0,0,0.0,0.0,0.0,0.0,1.0
154,6,2016,1.0,1.0,1.0,0.0,0.0,0.0,0.0,0.0,0.0,0.0,0.0,0,0,0,0,0.0,0.0,12.0,0.0,1.0
154,6,2017,2.0,2.0,1.0,0.0,0.0,0.0,0.0,0.0,0.0,0.0,0.0,0,0,0,0,0.0,0.0,12.5,0.5,0.6666666666666666
154,6,2018,3.0,3.0,1.0,0.0,0.0,0.0,0.0,0.0,0.0,0.0,0.0,0,0,0,1,4.0,1.3333333333333333,11.0,2.160246899469288,0.31643097258253267
154,6,2019,4.0,4.0,1.0,0.0,0.0,0.0,0.0,0.0,0.0,0.0,0.0,0,0,0,1,4.0,1.0,12.0,2.5495097567963922,0.28172904669025317
154,7,2015,5.0,5.0,1.0,0.0,0.0,0.0,0.0,0.0,0.0,0.0,0.0,0,0,0,2,5.0,1.0,11.6,2.416609194718915,0.292687850148536
154,7,2016,1.0,1.0,1.0,0.0,0.0,0.0,0.0,0.0,0.0,0.0,0.0,0,0,0,1,1.0,1.0,10.0,0.0,1.0
154,7,2017,2.0,2.0,1.0,0.0,0.0,0.0,0.0,0.0,0.0,0.0,0.0,0,0,0,1,1.0,0.5,12.0,2.0,0.3333333333333333
154,7,2018,3.0,3.0,1.0,0.0,0.0,0.0,0.0,0.0,0.0,0.0,0.0,0,0,0,2,2.0,0.6666666666666666,11.333333333333334,1.8856180831641234,0.34654620645552825
154,7,2019,4.0,4.0,1.0,0.0,0.0,0.0,0.0,0.0,0.0,0.0,0.0,0,0,0,2,2.0,0.5,11.5,1.6583123951777,0.3761785115301142
154,9,2015,5.0,5.0,1.0,0.0,0.0,0.0,0.0,0.0,0.0,0.0,0.0,0,0,0,2,2.0,0.4,12.0,1.7888543819998286,0.3585701736362875
154,9,2016,1.0,0.0,0.0,1.0,1.0,0.0,0.0,1.0,1.0,0.0,0.0,0,0,0,0,0.0,0.0,0.0,0.0,1.0
154,9,2017,2.0,0.0,0.0,2.0,1.0,0.0,0.0,1.0,0.5,1.0,0.5,0,0,0,0,0.0,0.0,0.0,0.0,1.0
154,9,2018,3.0,1.0,0.3333333333333333,2.0,0.6666666666666666,0.0,0.0,1.0,0.3333333333333333,1.0,0.3333333333333333,0,0,0,0,0.0,0.0,4.333333333333333,6.128258770283412,0.14028671408070123
154,9,2019,4.0,1.0,0.25,3.0,0.75,0.0,0.0,2.0,0.5,1.0,0.25,0,0,0,0,0.0,0.0,3.25,5.629165124598851,0.15084855803173447
154,9,2020,5.0,1.0,0.2,4.0,0.8,0.0,0.0,3.0,0.6,1.0,0.2,0,0,0,0,0.0,0.0,2.6,5.199999999999999,0.16129032258064518
154,10,2016,7.0,3.0,0.42857142857142855,4.0,0.5714285714285714,0.0,0.0,3.0,0.42857142857142855,1.0,0.14285714285714285,0,0,0,0,0.0,0.0,6.428571428571429,7.480587120906312,0.11791636424968781
154,10,2018,1.0,1.0,1.0,0.0,0.0,0.0,0.0,0.0,0.0,0.0,0.0,0,0,0,0,0.0,0.0,13.0,0.0,1.0
154,10,2019,2.0,2.0,1.0,0.0,0.0,0.0,0.0,0.0,0.0,0.0,0.0,0,0,0,1,8.0,4.0,9.5,3.5,0.2222222222222222
154,11,2015,3.0,3.0,1.0,0.0,0.0,0.0,0.0,0.0,0.0,0.0,0.0,0,0,0,2,14.0,4.666666666666667,8.666666666666666,3.091206165165237,0.24442669462970257
154,11,2016,1.0,1.0,1.0,0.0,0.0,0.0,0.0,0.0,0.0,0.0,0.0,0,0,0,1,6.0,6.0,7.0,0.0,1.0
154,11,2017,2.0,2.0,1.0,0.0,0.0,0.0,0.0,0.0,0.0,0.0,0.0,0,0,0,1,6.0,3.0,10.5,3.5,0.2222222222222222
154,11,2018,3.0,2.0,0.6666666666666666,1.0,0.3333333333333333,1.0,0.3333333333333333,0.0,0.0,0.0,0.0,0,0,0,1,6.0,2.0,7.0,5.715476066494083,0.14890977052086574
154,11,2019,4.0,3.0,0.75,1.0,0.25,1.0,0.25,0.0,0.0,0.0,0.0,0,0,0,2,7.0,1.75,7.75,5.11737237261468,0.16346887831720813
154,11,2020,5.0,3.0,0.6,2.0,0.4,2.0,0.4,0.0,0.0,0.0,0.0,0,0,0,2,7.0,1.4,6.2,5.528109984434101,0.15318369365473955
154,13,2015,6.0,4.0,0.6666666666666666,2.0,0.3333333333333333,2.0,0.3333333333333333,0.0,0.0,0.0,0.0,0,0,0,2,7.0,1.1666666666666667,7.833333333333333,6.2294105303435865,0.13832386413840492
154,13,2016,1.0,1.0,1.0,0.0,0.0,0.0,0.0,0.0,0.0,0.0,0.0,0,1,1,1,15.0,15.0,3.0,0.0,1.0
154,13,2017,2.0,2.0,1.0,0.0,0.0,0.0,0.0,0.0,0.0,0.0,0.0,0,1,1,1,15.0,7.5,8.0,5.0,0.16666666666666666
154,13,2018,3.0,3.0,1.0,0.0,0.0,0.0,0.0,0.0,0.0,0.0,0.0,0,1,1,2,21.0,7.0,7.666666666666667,4.10960933531265,0.19570967844625078
154,13,2019,4.0,4.0,1.0,0.0,0.0,0.0,0.0,0.0,0.0,0.0,0.0,0,1,1,3,27.0,6.75,7.5,3.570714214271425,0.2187841884486319
154,13,2020,5.0,5.0,1.0,0.0,0.0,0.0,0.0,0.0,0.0,0.0,0.0,0,1,1,3,27.0,5.4,8.6,3.878143885933064,0.20499600327158568
154,14,2015,6.0,6.0,1.0,0.0,0.0,0.0,0.0,0.0,0.0,0.0,0.0,0,1,1,3,27.0,4.5,9.666666666666666,4.268749491621901,0.1897983575780457
154,14,2016,1.0,0.0,0.0,1.0,1.0,0.0,0.0,1.0,1.0,0.0,0.0,0,0,0,0,0.0,0.0,0.0,0.0,1.0
154,14,2017,2.0,1.0,0.5,1.0,0.5,0.0,0.0,1.0,0.5,0.0,0.0,0,0,0,0,0.0,0.0,5.5,5.5,0.15384615384615385
154,14,2018,3.0,2.0,0.6666666666666666,1.0,0.3333333333333333,0.0,0.0,1.0,0.3333333333333333,0.0,0.0,0,0,0,0,0.0,0.0,8.666666666666666,6.342099196813483,0.13620082938051373
154,14,2019,4.0,3.0,0.75,1.0,0.25,0.0,0.0,1.0,0.25,0.0,0.0,0,0,0,0,0.0,0.0,6.5,6.652067347825035,0.13068363810000083
154,14,2020,5.0,4.0,0.8,1.0,0.2,0.0,0.0,1.0,0.2,0.0,0.0,0,0,0,0,0.0,0.0,8.4,7.059745037889116,0.12407340372418339
154,15,2015,6.0,5.0,0.8333333333333334,1.0,0.16666666666666666,0.0,0.0,1.0,0.16666666666666666,0.0,0.0,0,0,0,0,0.0,0.0,9.0,6.5828058860438325,0.13187730439473622
154,15,2016,1.0,1.0,1.0,0.0,0.0,0.0,0.0,0.0,0.0,0.0,0.0,0,0,0,0,0.0,0.0,13.0,0.0,1.0
154,15,2017,2.0,1.0,0.5,1.0,0.5,0.0,0.0,0.0,0.0,1.0,0.5,0,0,0,0,0.0,0.0,6.5,6.5,0.13333333333333333
154,15,2018,3.0,2.0,0.6666666666666666,1.0,0.3333333333333333,0.0,0.0,0.0,0.0,1.0,0.3333333333333333,0,0,0,1,2.0,0.6666666666666666,7.333333333333333,5.436502143433364,0.15536388829144074
154,15,2019,4.0,3.0,0.75,1.0,0.25,0.0,0.0,0.0,0.0,1.0,0.25,0,0,0,1,2.0,0.5,9.25,5.7608593109014565,0.1479101921833462
154,17,2015,5.0,4.0,0.8,1.0,0.2,0.0,0.0,0.0,0.0,1.0,0.2,0,0,0,1,2.0,0.4,9.6,5.2,0.16129032258064516
154,17,2016,1.0,1.0,1.0,0.0,0.0,0.0,0.0,0.0,0.0,0.0,0.0,0,0,0,1,6.0,6.0,7.0,0.0,1.0
154,17,2017,2.0,2.0,1.0,0.0,0.0,0.0,0.0,0.0,0.0,0.0,0.0,0,0,0,1,6.0,3.0,13.0,6.0,0.14285714285714285
154,17,2018,3.0,3.0,1.0,0.0,0.0,0.0,0.0,0.0,0.0,0.0,0.0,0,0,0,1,6.0,2.0,12.333333333333334,4.988876515698588,0.16697622623854558
154,17,2019,4.0,4.0,1.0,0.0,0.0,0.0,0.0,0.0,0.0,0.0,0.0,0,0,0,1,6.0,1.5,13.5,4.769696007084728,0.17331935664757372
154,18,2015,5.0,5.0,1.0,0.0,0.0,0.0,0.0,0.0,0.0,0.0,0.0,0,0,0,1,6.0,1.2,13.0,4.381780460041328,0.18581211318908405
154,18,2016,1.0,1.0,1.0,0.0,0.0,0.0,0.0,0.0,0.0,0.0,0.0,0,0,0,1,4.0,4.0,8.0,0.0,1.0
154,18,2017,2.0,1.0,0.5,1.0,0.5,0.0,0.0,0.0,0.0,1.0,0.5,0,0,0,1,4.0,2.0,4.0,4.0,0.2
154,18,2018,3.0,2.0,0.6666666666666666,1.0,0.3333333333333333,0.0,0.0,0.0,0.0,1.0,0.3333333333333333,0,0,0,1,4.0,1.3333333333333333,7.666666666666667,6.128258770283411,0.14028671408070126
154,18,2019,4.0,3.0,0.75,1.0,0.25,0.0,0.0,0.0,0.0,1.0,0.25,0,0,0,2,8.0,2.0,7.75,5.3091901453988255,0.1584989478767384
154,20,2020,5.0,4.0,0.8,1.0,0.2,0.0,0.0,0.0,0.0,1.0,0.2,0,0,0,2,8.0,1.6,8.8,5.192301994298867,0.16149083182969448
154,21,2020,1.0,1.0,1.0,0.0,0.0,0.0,0.0,0.0,0.0,0.0,0.0,0,0,0,1,2.0,2.0,9.0,0.0,1.0
154,22,2015,1.0,1.0,1.0,0.0,0.0,0.0,0.0,0.0,0.0,0.0,0.0,0,0,0,0,0.0,0.0,14.0,0.0,1.0
154,22,2016,1.0,1.0,1.0,0.0,0.0,0.0,0.0,0.0,0.0,0.0,0.0,0,0,0,1,6.0,6.0,7.0,0.0,1.0
154,22,2017,2.0,2.0,1.0,0.0,0.0,0.0,0.0,0.0,0.0,0.0,0.0,0,0,0,1,6.0,3.0,9.0,2.0,0.3333333333333333
154,22,2018,3.0,3.0,1.0,0.0,0.0,0.0,0.0,0.0,0.0,0.0,0.0,0,0,0,2,8.0,2.6666666666666665,9.0,1.6329931618554536,0.37979589711327105
154,22,2019,4.0,4.0,1.0,0.0,0.0,0.0,0.0,0.0,0.0,0.0,0.0,0,0,0,3,12.0,3.0,8.75,1.479019945774904,0.40338521749465606
154,24,2015,5.0,5.0,1.0,0.0,0.0,0.0,0.0,0.0,0.0,0.0,0.0,0,0,0,3,12.0,2.4,9.6,2.154065922853802,0.31705107770708835
154,24,2016,1.0,1.0,1.0,0.0,0.0,0.0,0.0,0.0,0.0,0.0,0.0,0,0,0,1,2.0,2.0,9.0,0.0,1.0
154,24,2017,2.0,2.0,1.0,0.0,0.0,0.0,0.0,0.0,0.0,0.0,0.0,0,0,0,1,2.0,1.0,10.0,1.0,0.5
154,24,2018,3.0,3.0,1.0,0.0,0.0,0.0,0.0,0.0,0.0,0.0,0.0,0,0,0,1,2.0,0.6666666666666666,10.333333333333334,0.9428090415820617,0.5147186257614301
154,24,2019,4.0,4.0,1.0,0.0,0.0,0.0,0.0,0.0,0.0,0.0,0.0,0,0,0,2,4.0,1.0,10.0,1.0,0.5
154,32,2015,5.0,5.0,1.0,0.0,0.0,0.0,0.0,0.0,0.0,0.0,0.0,0,0,0,2,4.0,0.8,11.0,2.190890230020664,0.31339216579491175
154,32,2016,1.0,1.0,1.0,0.0,0.0,0.0,0.0,0.0,0.0,0.0,0.0,0,0,0,1,1.0,1.0,10.0,0.0,1.0
154,32,2017,2.0,2.0,1.0,0.0,0.0,0.0,0.0,0.0,0.0,0.0,0.0,0,0,0,1,1.0,0.5,15.0,5.0,0.16666666666666666
154,32,2018,3.0,3.0,1.0,0.0,0.0,0.0,0.0,0.0,0.0,0.0,0.0,0,0,0,1,1.0,0.3333333333333333,15.0,4.082482904638629,0.1967542279556573
154,32,2019,4.0,4.0,1.0,0.0,0.0,0.0,0.0,0.0,0.0,0.0,0.0,0,0,0,1,1.0,0.25,15.25,3.5619517121937516,0.21920442457272743
154,34,2018,5.0,5.0,1.0,0.0,0.0,0.0,0.0,0.0,0.0,0.0,0.0,0,0,0,1,1.0,0.2,15.6,3.2619012860600205,0.23463706286929636
154,34,2019,1.0,1.0,1.0,0.0,0.0,0.0,0.0,0.0,0.0,0.0,0.0,0,0,0,0,0.0,0.0,11.0,0.0,1.0
154,69,2015,2.0,1.0,0.5,1.0,0.5,0.0,0.0,0.0,0.0,1.0,0.5,0,0,0,0,0.0,0.0,15.5,4.5,0.18181818181818182
154,69,2016,1.0,0.0,0.0,1.0,1.0,0.0,0.0,0.0,0.0,1.0,1.0,0,0,0,0,0.0,0.0,0.0,0.0,1.0
154,69,2017,2.0,1.0,0.5,1.0,0.5,0.0,0.0,0.0,0.0,1.0,0.5,0,0,0,1,1.0,0.5,5.0,5.0,0.16666666666666666
154,69,2018,3.0,2.0,0.6666666666666666,1.0,0.3333333333333333,0.0,0.0,0.0,0.0,1.0,0.3333333333333333,0,0,0,1,1.0,0.3333333333333333,8.0,5.8878405775518985,0.14518338349164053
154,69,2019,4.0,2.0,0.5,2.0,0.5,0.0,0.0,1.0,0.25,1.0,0.25,0,0,0,1,1.0,0.25,6.0,6.164414002968976,0.13957875683699938
154,70,2015,5.0,3.0,0.6,2.0,0.4,0.0,0.0,1.0,0.2,1.0,0.2,0,0,0,1,1.0,0.2,7.8,6.584831053261731,0.13184209285320422
154,70,2016,1.0,0.0,0.0,1.0,1.0,1.0,1.0,0.0,0.0,0.0,0.0,0,0,0,0,0.0,0.0,0.0,0.0,1.0
154,70,2017,2.0,1.0,0.5,1.0,0.5,1.0,0.5,0.0,0.0,0.0,0.0,0,0,0,1,6.0,3.0,3.5,3.5,0.2222222222222222
154,70,2018,3.0,2.0,0.6666666666666666,1.0,0.3333333333333333,1.0,0.3333333333333333,0.0,0.0,0.0,0.0,0,0,0,2,14.0,4.666666666666667,4.333333333333333,3.091206165165235,0.24442669462970273
154,70,2019,4.0,3.0,0.75,1.0,0.25,1.0,0.25,0.0,0.0,0.0,0.0,0,0,1,3,26.0,6.5,4.25,2.680951323690902,0.2716689007985296
154,70,2020,5.0,4.0,0.8,1.0,0.2,1.0,0.2,0.0,0.0,0.0,0.0,0,0,1,3,26.0,5.2,6.6,5.276362383309169,0.15932795764937283
154,71,2015,7.0,5.0,0.7142857142857143,2.0,0.2857142857142857,2.0,0.2857142857142857,0.0,0.0,0.0,0.0,0,0,1,3,26.0,3.7142857142857144,6.571428571428571,5.6532454106883945,0.15030258742500413
154,71,2016,1.0,0.0,0.0,1.0,1.0,0.0,0.0,1.0,1.0,0.0,0.0,0,0,0,0,0.0,0.0,0.0,0.0,1.0
154,71,2017,2.0,1.0,0.5,1.0,0.5,0.0,0.0,1.0,0.5,0.0,0.0,0,0,0,1,4.0,2.0,4.0,4.0,0.2
154,71,2018,3.0,1.0,0.3333333333333333,2.0,0.6666666666666666,0.0,0.0,2.0,0.6666666666666666,0.0,0.0,0,0,0,1,4.0,1.3333333333333333,2.6666666666666665,3.7712361663282534,0.20958928989037212
154,71,2019,4.0,2.0,0.5,2.0,0.5,0.0,0.0,2.0,0.5,0.0,0.0,0,0,0,1,4.0,1.0,4.75,4.866980583482946,0.17044542516729239
154,71,2020,5.0,2.0,0.4,3.0,0.6,0.0,0.0,3.0,0.6,0.0,0.0,0,0,0,1,4.0,0.8,3.8,4.749736834815167,0.17392100347009123
154,73,2016,6.0,3.0,0.5,3.0,0.5,0.0,0.0,3.0,0.5,0.0,0.0,0,0,0,1,4.0,0.6666666666666666,6.0,6.557438524302,0.13231996486433337
154,73,2017,1.0,1.0,1.0,0.0,0.0,0.0,0.0,0.0,0.0,0.0,0.0,0,0,0,0,0.0,0.0,13.0,0.0,1.0
154,73,2018,2.0,2.0,1.0,0.0,0.0,0.0,0.0,0.0,0.0,0.0,0.0,0,0,0,0,0.0,0.0,13.0,0.0,1.0
154,73,2019,3.0,2.0,0.6666666666666666,1.0,0.3333333333333333,0.0,0.0,1.0,0.3333333333333333,0.0,0.0,0,0,0,0,0.0,0.0,8.666666666666666,6.128258770283413,0.14028671408070123
154,75,2020,4.0,2.0,0.5,2.0,0.5,1.0,0.25,1.0,0.25,0.0,0.0,0,0,0,0,0.0,0.0,6.5,6.5,0.13333333333333333
154,76,2020,1.0,1.0,1.0,0.0,0.0,0.0,0.0,0.0,0.0,0.0,0.0,0,0,0,0,0.0,0.0,17.0,0.0,1.0
807,1,2015,1.0,1.0,1.0,0.0,0.0,0.0,0.0,0.0,0.0,0.0,0.0,0,0,0,0,0.0,0.0,12.0,0.0,1.0
807,1,2016,1.0,1.0,1.0,0.0,0.0,0.0,0.0,0.0,0.0,0.0,0.0,0,0,0,1,6.0,6.0,7.0,0.0,1.0
807,1,2017,2.0,2.0,1.0,0.0,0.0,0.0,0.0,0.0,0.0,0.0,0.0,0,0,0,2,12.0,6.0,7.0,0.0,1.0
807,1,2018,3.0,3.0,1.0,0.0,0.0,0.0,0.0,0.0,0.0,0.0,0.0,0,0,0,2,12.0,4.0,8.333333333333334,1.8856180831641234,0.34654620645552825
807,1,2019,4.0,4.0,1.0,0.0,0.0,0.0,0.0,0.0,0.0,0.0,0.0,0,0,0,3,18.0,4.5,8.0,1.7320508075688772,0.36602540378443865
807,1,2023,5.0,5.0,1.0,0.0,0.0,0.0,0.0,0.0,0.0,0.0,0.0,0,0,0,4,24.0,4.8,7.8,1.6000000000000008,0.3846153846153845
807,1,2024,6.0,6.0,1.0,0.0,0.0,0.0,0.0,0.0,0.0,0.0,0.0,0,0,0,5,30.0,5.0,7.666666666666667,1.4907119849998571,0.40149162409079486
807,1,2025,7.0,7.0,1.0,0.0,0.0,0.0,0.0,0.0,0.0,0.0,0.0,0,0,0,6,32.0,4.571428571428571,7.857142857142857,1.4568627181693672,0.407023148914527
807,2,2015,8.0,8.0,1.0,0.0,0.0,0.0,0.0,0.0,0.0,0.0,0.0,0,0,0,7,38.0,4.75,7.75,1.3919410907075054,0.4180704967546725
807,2,2016,1.0,1.0,1.0,0.0,0.0,0.0,0.0,0.0,0.0,0.0,0.0,0,0,0,0,0.0,0.0,14.0,0.0,1.0
807,2,2017,2.0,2.0,1.0,0.0,0.0,0.0,0.0,0.0,0.0,0.0,0.0,0,0,0,1,4.0,2.0,11.0,3.0,0.25
807,3,2015,3.0,3.0,1.0,0.0,0.0,0.0,0.0,0.0,0.0,0.0,0.0,0,0,0,1,4.0,1.3333333333333333,12.666666666666666,3.399346342395192,0.22730649559533364
807,3,2016,1.0,1.0,1.0,0.0,0.0,0.0,0.0,0.0,0.0,0.0,0.0,0,0,0,0,0.0,0.0,13.0,0.0,1.0
807,3,2017,2.0,2.0,1.0,0.0,0.0,0.0,0.0,0.0,0.0,0.0,0.0,0,0,0,0,0.0,0.0,14.0,1.0,0.5
807,3,2018,3.0,3.0,1.0,0.0,0.0,0.0,0.0,0.0,0.0,0.0,0.0,0,0,0,1,2.0,0.6666666666666666,12.333333333333334,2.4944382578492954,0.28616902809880096
807,3,2019,4.0,4.0,1.0,0.0,0.0,0.0,0.0,0.0,0.0,0.0,0.0,0,0,0,2,10.0,2.5,10.75,3.491060010942235,0.2226645819836635
807,3,2022,5.0,5.0,1.0,0.0,0.0,0.0,0.0,0.0,0.0,0.0,0.0,0,0,0,2,10.0,2.0,8.6,5.31413210223457,0.15837489362094598
807,3,2023,6.0,6.0,1.0,0.0,0.0,0.0,0.0,0.0,0.0,0.0,0.0,0,0,0,2,10.0,1.6666666666666667,10.0,5.773502691896258,0.14763410387308012
807,3,2024,7.0,7.0,1.0,0.0,0.0,0.0,0.0,0.0,0.0,0.0,0.0,0,0,0,2,10.0,1.4285714285714286,10.714285714285714,5.624291338579865,0.15095954403092166
807,3,2025,8.0,8.0,1.0,0.0,0.0,0.0,0.0,0.0,0.0,0.0,0.0,0,0,0,2,10.0,1.25,11.375,5.543859215384171,0.15281502353367682
807,4,2015,9.0,8.0,0.8888888888888888,1.0,0.1111111111111111,0.0,0.0,0.0,0.0,1.0,0.1111111111111111,0,0,0,2,10.0,1.1111111111111112,12.333333333333334,5.887840577551897,0.14518338349164056
807,4,2016,1.0,1.0,1.0,0.0,0.0,0.0,0.0,0.0,0.0,0.0,0.0,0,0,0,0,0.0,0.0,15.0,0.0,1.0
807,4,2017,2.0,1.0,0.5,1.0,0.5,1.0,0.5,0.0,0.0,0.0,0.0,0,0,0,0,0.0,0.0,7.5,7.5,0.11764705882352941
807,4,2018,3.0,2.0,0.6666666666666666,1.0,0.3333333333333333,1.0,0.3333333333333333,0.0,0.0,0.0,0.0,0,0,0,1,8.0,2.6666666666666665,7.0,6.164414002968976,0.13957875683699938
807,4,2019,4.0,2.0,0.5,2.0,0.5,1.0,0.25,1.0,0.25,0.0,0.0,0,0,0,1,8.0,2.0,5.25,6.139014578904337,0.14007535479125963
807,4,2023,5.0,3.0,0.6,2.0,0.4,1.0,0.2,1.0,0.2,0.0,0.0,0,0,0,1,8.0,1.6,6.8,6.305553108173779,0.13688217513348241
807,4,2024,6.0,4.0,0.6666666666666666,2.0,0.3333333333333333,1.0,0.16666666666666666,1.0,0.16666666666666666,0.0,0.0,0,0,0,1,8.0,1.3333333333333333,8.166666666666666,6.517071598672386,0.13303052749645397
807,4,2025,7.0,5.0,0.7142857142857143,2.0,0.2857142857142857,1.0,0.14285714285714285,1.0,0.14285714285714285,0.0,0.0,0,0,0,1,8.0,1.1428571428571428,8.571428571428571,6.1145527311522,0.14055697354260108
807,6,2015,8.0,6.0,0.75,2.0,0.25,1.0,0.125,1.0,0.125,0.0,0.0,0,0,1,2,18.0,2.25,8.125,5.840323193111833,0.14619192277449616
807,6,2016,1.0,1.0,1.0,0.0,0.0,0.0,0.0,0.0,0.0,0.0,0.0,0,0,0,0,0.0,0.0,11.0,0.0,1.0
807,6,2017,2.0,2.0,1.0,0.0,0.0,0.0,0.0,0.0,0.0,0.0,0.0,0,0,0,1,8.0,4.0,8.5,2.5,0.2857142857142857
807,6,2018,3.0,2.0,0.6666666666666666,1.0,0.3333333333333333,1.0,0.3333333333333333,0.0,0.0,0.0,0.0,0,0,0,1,8.0,2.6666666666666665,5.666666666666667,4.496912521077347,0.1819203045647175
807,6,2019,4.0,3.0,0.75,1.0,0.25,1.0,0.25,0.0,0.0,0.0,0.0,0,0,0,2,12.0,3.0,6.25,4.02336923485777,0.19906957924989435
807,6,2023,5.0,4.0,0.8,1.0,0.2,1.0,0.2,0.0,0.0,0.0,0.0,0,0,0,2,12.0,2.4,7.6,4.498888751680798,0.18185492472353412
807,6,2024,6.0,5.0,0.8333333333333334,1.0,0.16666666666666666,1.0,0.16666666666666666,0.0,0.0,0.0,0.0,0,0,0,2,12.0,2.0,9.166666666666666,5.398044913567217,0.15629774618797604
807,6,2025,7.0,5.0,0.7142857142857143,2.0,0.2857142857142857,1.0,0.14285714285714285,1.0,0.14285714285714285,0.0,0.0,0,0,0,2,12.0,1.7142857142857142,7.857142857142857,5.938459911664722,0.14412420230587933
807,7,2015,8.0,6.0,0.75,2.0,0.25,1.0,0.125,1.0,0.125,0.0,0.0,0,0,0,2,12.0,1.5,8.875,6.173279112432873,0.1394062581876648
807,7,2016,1.0,1.0,1.0,0.0,0.0,0.0,0.0,0.0,0.0,0.0,0.0,0,0,0,1,4.0,4.0,8.0,0.0,1.0
807,7,2017,2.0,2.0,1.0,0.0,0.0,0.0,0.0,0.0,0.0,0.0,0.0,0,0,0,2,8.0,4.0,8.0,0.0,1.0
807,7,2018,3.0,3.0,1.0,0.0,0.0,0.0,0.0,0.0,0.0,0.0,0.0,0,0,0,3,12.0,4.0,8.0,0.0,1.0
807,7,2019,4.0,4.0,1.0,0.0,0.0,0.0,0.0,0.0,0.0,0.0,0.0,0,0,0,4,18.0,4.5,7.75,0.4330127018922193,0.6978305207480379
807,7,2023,5.0,5.0,1.0,0.0,0.0,0.0,0.0,0.0,0.0,0.0,0.0,0,0,0,5,24.0,4.8,7.6,0.48989794855663765,0.6711869097938996
807,7,2024,6.0,6.0,1.0,0.0,0.0,0.0,0.0,0.0,0.0,0.0,0.0,0,0,0,5,24.0,4.0,8.833333333333334,2.7938424357066993,0.2635850109609849
807,7,2025,7.0,7.0,1.0,0.0,0.0,0.0,0.0,0.0,0.0,0.0,0.0,0,0,0,5,24.0,3.4285714285714284,9.142857142857142,2.695423180587603,0.2706050027647961
807,9,2015,8.0,8.0,1.0,0.0,0.0,0.0,0.0,0.0,0.0,0.0,0.0,0,0,0,6,28.0,3.5,9.0,2.5495097567963922,0.28172904669025317
807,9,2016,1.0,1.0,1.0,0.0,0.0,0.0,0.0,0.0,0.0,0.0,0.0,0,0,0,1,6.0,6.0,7.0,0.0,1.0
807,9,2017,2.0,2.0,1.0,0.0,0.0,0.0,0.0,0.0,0.0,0.0,0.0,0,0,0,2,12.0,6.0,7.0,0.0,1.0
807,9,2018,3.0,3.0,1.0,0.0,0.0,0.0,0.0,0.0,0.0,0.0,0.0,0,0,0,3,20.0,6.666666666666667,6.666666666666667,0.4714045207910233,0.6796227589829631
807,9,2019,4.0,4.0,1.0,0.0,0.0,0.0,0.0,0.0,0.0,0.0,0.0,0,0,0,4,28.0,7.0,6.5,0.5,0.6666666666666666
807,9,2020,5.0,5.0,1.0,0.0,0.0,0.0,0.0,0.0,0.0,0.0,0.0,0,0,0,5,29.0,5.8,7.2,1.4696938456699058,0.4049084876464716
807,9,2023,7.0,6.0,0.8571428571428571,1.0,0.14285714285714285,1.0,0.14285714285714285,0.0,0.0,0.0,0.0,0,0,0,6,35.0,5.0,6.142857142857143,2.7994168488950595,0.26319828536077017
807,9,2024,8.0,7.0,0.875,1.0,0.125,1.0,0.125,0.0,0.0,0.0,0.0,0,0,0,6,35.0,4.375,7.0,3.4641016151377544,0.2240092377397959
807,9,2025,9.0,8.0,0.8888888888888888,1.0,0.1111111111111111,1.0,0.1111111111111111,0.0,0.0,0.0,0.0,0,0,0,7,43.0,4.777777777777778,6.888888888888889,3.2810717911629763,0.2335863654667526
807,10,2016,10.0,9.0,0.9,1.0,0.1,1.0,0.1,0.0,0.0,0.0,0.0,0,1,1,8,58.0,5.8,6.5,3.3241540277189316,0.23125910723571472
807,10,2018,1.0,1.0,1.0,0.0,0.0,0.0,0.0,0.0,0.0,0.0,0.0,0,0,0,1,6.0,6.0,7.0,0.0,1.0
807,10,2019,2.0,2.0,1.0,0.0,0.0,0.0,0.0,0.0,0.0,0.0,0.0,0,0,1,2,16.0,8.0,6.0,1.0,0.5
807,11,2015,3.0,2.0,0.6666666666666666,1.0,0.3333333333333333,0.0,0.0,1.0,0.3333333333333333,0.0,0.0,0,0,1,2,16.0,5.333333333333333,4.0,2.9439202887759492,0.25355482027512377
807,11,2016,1.0,0.0,0.0,1.0,1.0,1.0,1.0,0.0,0.0,0.0,0.0,0,0,0,0,0.0,0.0,0.0,0.0,1.0
807,11,2017,2.0,1.0,0.5,1.0,0.5,1.0,0.5,0.0,0.0,0.0,0.0,0,0,0,1,1.0,0.5,5.0,5.0,0.16666666666666666
807,11,2018,3.0,2.0,0.6666666666666666,1.0,0.3333333333333333,1.0,0.3333333333333333,0.0,0.0,0.0,0.0,0,0,0,1,1.0,0.3333333333333333,9.0,6.976149845485449,0.12537377298221225
807,11,2019,4.0,3.0,0.75,1.0,0.25,1.0,0.25,0.0,0.0,0.0,0.0,0,0,0,1,1.0,0.25,9.75,6.179603547154137,0.1392834567301953
807,11,2023,5.0,4.0,0.8,1.0,0.2,1.0,0.2,0.0,0.0,0.0,0.0,0,0,0,1,1.0,0.2,10.2,5.600000000000001,0.1515151515151515
807,11,2024,6.0,5.0,0.8333333333333334,1.0,0.16666666666666666,1.0,0.16666666666666666,0.0,0.0,0.0,0.0,0,0,0,1,1.0,0.16666666666666666,10.833333333333334,5.304610154279848,0.1586140896152248
807,11,2025,7.0,6.0,0.8571428571428571,1.0,0.14285714285714285,1.0,0.14285714285714285,0.0,0.0,0.0,0.0,0,0,0,1,1.0,0.14285714285714285,11.142857142857142,4.969293465978883,0.16752401363735156
807,13,2015,8.0,7.0,0.875,1.0,0.125,1.0,0.125,0.0,0.0,0.0,0.0,0,0,0,1,1.0,0.125,11.375,4.688749833377763,0.17578554678792022
807,13,2016,1.0,0.0,0.0,1.0,1.0,1.0,1.0,0.0,0.0,0.0,0.0,0,0,0,0,0.0,0.0,0.0,0.0,1.0
807,13,2017,2.0,1.0,0.5,1.0,0.5,1.0,0.5,0.0,0.0,0.0,0.0,0,0,1,1,12.0,6.0,2.0,2.0,0.3333333333333333
807,13,2018,3.0,2.0,0.6666666666666666,1.0,0.3333333333333333,1.0,0.3333333333333333,0.0,0.0,0.0,0.0,0,0,1,2,20.0,6.666666666666667,3.3333333333333335,2.4944382578492936,0.28616902809880107
807,13,2019,4.0,2.0,0.5,2.0,0.5,1.0,0.25,1.0,0.25,0.0,0.0,0,0,1,2,20.0,5.0,2.5,2.598076211353316,0.27792629762666365
807,13,2023,5.0,3.0,0.6,2.0,0.4,1.0,0.2,1.0,0.2,0.0,0.0,0,0,1,3,24.0,4.8,3.6,3.1999999999999997,0.23809523809523814
807,13,2024,6.0,4.0,0.6666666666666666,2.0,0.3333333333333333,1.0,0.16666666666666666,1.0,0.16666666666666666,0.0,0.0,0,0,1,3,24.0,4.0,6.0,6.110100926607786,0.14064497963140699
807,13,2025,7.0,5.0,0.7142857142857143,2.0,0.2857142857142857,1.0,0.14285714285714285,1.0,0.14285714285714285,0.0,0.0,0,0,1,3,24.0,3.4285714285714284,7.714285714285714,7.045044574821687,0.12430011924727766
807,14,2015,8.0,6.0,0.75,2.0,0.25,1.0,0.125,1.0,0.125,0.0,0.0,0,0,1,3,24.0,3.0,8.25,6.740734381356382,0.12918670900380042
807,14,2016,1.0,1.0,1.0,0.0,0.0,0.0,0.0,0.0,0.0,0.0,0.0,0,0,0,1,6.0,6.0,7.0,0.0,1.0
807,14,2017,2.0,2.0,1.0,0.0,0.0,0.0,0.0,0.0,0.0,0.0,0.0,0,0,0,2,7.0,3.5,8.5,1.5,0.4
807,14,2018,3.0,3.0,1.0,0.0,0.0,0.0,0.0,0.0,0.0,0.0,0.0,0,0,0,2,7.0,2.3333333333333335,10.0,2.449489742783178,0.28989794855663564
807,14,2019,4.0,4.0,1.0,0.0,0.0,0.0,0.0,0.0,0.0,0.0,0.0,0,0,0,2,7.0,1.75,10.75,2.48746859276655,0.286740933545359
807,14,2023,5.0,5.0,1.0,0.0,0.0,0.0,0.0,0.0,0.0,0.0,0.0,0,0,1,3,17.0,3.4,9.6,3.2000000000000015,0.23809523809523803
807,14,2024,6.0,6.0,1.0,0.0,0.0,0.0,0.0,0.0,0.0,0.0,0.0,0,0,1,3,17.0,2.8333333333333335,10.833333333333334,4.017323597731314,0.19930944865748154
807,14,2025,7.0,7.0,1.0,0.0,0.0,0.0,0.0,0.0,0.0,0.0,0.0,0,0,1,3,17.0,2.4285714285714284,11.714285714285714,4.299976269512121,0.18868009008879072
807,15,2015,8.0,7.0,0.875,1.0,0.125,1.0,0.125,0.0,0.0,0.0,0.0,0,0,1,3,17.0,2.125,12.75,4.866980583482946,0.17044542516729239
807,15,2016,1.0,0.0,0.0,1.0,1.0,0.0,0.0,1.0,1.0,0.0,0.0,0,0,0,0,0.0,0.0,0.0,0.0,1.0
807,15,2017,2.0,0.0,0.0,2.0,1.0,0.0,0.0,2.0,1.0,0.0,0.0,0,0,0,0,0.0,0.0,0.0,0.0,1.0
807,15,2018,3.0,0.0,0.0,3.0,1.0,1.0,0.3333333333333333,2.0,0.6666666666666666,0.0,0.0,0,0,0,0,0.0,0.0,0.0,0.0,1.0
807,15,2019,4.0,1.0,0.25,3.0,0.75,1.0,0.25,2.0,0.5,0.0,0.0,0,0,0,1,1.0,0.25,2.5,4.330127018922194,0.1876127897984334
807,15,2023,5.0,2.0,0.4,3.0,0.6,1.0,0.2,2.0,0.4,0.0,0.0,0,0,0,2,3.0,0.6,3.8,4.664761515876241,0.17652993814432755
807,15,2024,6.0,3.0,0.5,3.0,0.5,1.0,0.16666666666666666,2.0,0.3333333333333333,0.0,0.0,0,0,0,2,3.0,0.5,5.333333333333333,5.467073155618909,0.15462945538680836
807,15,2025,7.0,4.0,0.5714285714285714,3.0,0.42857142857142855,1.0,0.14285714285714285,2.0,0.2857142857142857,0.0,0.0,0,0,0,3,5.0,0.7142857142857143,5.857142857142857,5.221619109284876,0.16072986507766815
807,17,2015,8.0,5.0,0.625,3.0,0.375,1.0,0.125,2.0,0.25,0.0,0.0,0,0,0,3,5.0,0.625,7.625,6.7627194973619895,0.12882083403114472
807,17,2016,1.0,0.0,0.0,1.0,1.0,1.0,1.0,0.0,0.0,0.0,0.0,0,0,0,0,0.0,0.0,0.0,0.0,1.0
807,17,2017,2.0,1.0,0.5,1.0,0.5,1.0,0.5,0.0,0.0,0.0,0.0,0,0,0,0,0.0,0.0,7.5,7.5,0.11764705882352941
807,17,2018,3.0,2.0,0.6666666666666666,1.0,0.3333333333333333,1.0,0.3333333333333333,0.0,0.0,0.0,0.0,0,0,0,0,0.0,0.0,9.0,6.48074069840786,0.13367660240019172
807,17,2019,4.0,3.0,0.75,1.0,0.25,1.0,0.25,0.0,0.0,0.0,0.0,0,0,0,1,8.0,2.0,8.25,5.7608593109014565,0.1479101921833462
807,17,2024,5.0,3.0,0.6,2.0,0.4,2.0,0.4,0.0,0.0,0.0,0.0,0,0,0,1,8.0,1.6,6.6,6.118823416311343,0.1404726513806625
807,17,2025,6.0,4.0,0.6666666666666666,2.0,0.3333333333333333,2.0,0.3333333333333333,0.0,0.0,0.0,0.0,0,0,0,2,9.0,1.5,7.166666666666667,5.727613425813194,0.1486411208115939
807,18,2015,7.0,5.0,0.7142857142857143,2.0,0.2857142857142857,2.0,0.2857142857142857,0.0,0.0,0.0,0.0,0,0,0,2,9.0,1.2857142857142858,8.285714285714286,5.969309261650337,0.14348624267581997
807,18,2016,1.0,1.0,1.0,0.0,0.0,0.0,0.0,0.0,0.0,0.0,0.0,0,0,0,1,8.0,8.0,6.0,0.0,1.0
807,18,2017,2.0,2.0,1.0,0.0,0.0,0.0,0.0,0.0,0.0,0.0,0.0,0,0,0,2,14.0,7.0,6.5,0.5,0.6666666666666666
807,18,2018,3.0,3.0,1.0,0.0,0.0,0.0,0.0,0.0,0.0,0.0,0.0,0,0,0,3,15.0,5.0,7.666666666666667,1.6996731711975919,0.3704152082810801
807,18,2019,4.0,3.0,0.75,1.0,0.25,1.0,0.25,0.0,0.0,0.0,0.0,0,0,0,3,15.0,3.75,5.75,3.6314597615834874,0.21591464710428615
807,18,2023,5.0,4.0,0.8,1.0,0.2,1.0,0.2,0.0,0.0,0.0,0.0,0,0,0,3,15.0,3.0,7.6,4.923413450036469,0.1688215770239444
807,18,2024,6.0,5.0,0.8333333333333334,1.0,0.16666666666666666,1.0,0.16666666666666666,0.0,0.0,0.0,0.0,0,0,0,3,15.0,2.5,8.333333333333334,4.784233364802439,0.1728837577828527
807,18,2025,7.0,5.0,0.7142857142857143,2.0,0.2857142857142857,1.0,0.14285714285714285,0.0,0.0,1.0,0.14285714285714285,0,0,0,3,15.0,2.142857142857143,7.142857142857143,5.3030603409344526,0.1586530900720754
807,20,2020,8.0,6.0,0.75,2.0,0.25,1.0,0.125,0.0,0.0,1.0,0.125,0,0,0,4,17.0,2.125,7.375,4.998437255783052,0.16671008753753438
807,21,2024,1.0,1.0,1.0,0.0,0.0,0.0,0.0,0.0,0.0,0.0,0.0,0,0,0,1,4.0,4.0,8.0,0.0,1.0
807,21,2025,1.0,1.0,1.0,0.0,0.0,0.0,0.0,0.0,0.0,0.0,0.0,0,0,0,0,0.0,0.0,11.0,0.0,1.0
807,22,2015,2.0,2.0,1.0,0.0,0.0,0.0,0.0,0.0,0.0,0.0,0.0,0,0,0,0,0.0,0.0,11.5,0.5,0.6666666666666666
807,22,2016,1.0,1.0,1.0,0.0,0.0,0.0,0.0,0.0,0.0,0.0,0.0,0,0,0,1,8.0,8.0,6.0,0.0,1.0
807,22,2017,2.0,2.0,1.0,0.0,0.0,0.0,0.0,0.0,0.0,0.0,0.0,0,0,0,2,12.0,6.0,7.0,1.0,0.5
807,22,2018,3.0,2.0,0.6666666666666666,1.0,0.3333333333333333,1.0,0.3333333333333333,0.0,0.0,0.0,0.0,0,0,0,2,12.0,4.0,4.666666666666667,3.3993463423951895,0.2273064955953338
807,22,2019,4.0,2.0,0.5,2.0,0.5,2.0,0.5,0.0,0.0,0.0,0.0,0,0,0,2,12.0,3.0,3.5,3.570714214271425,0.2187841884486319
807,22,2023,5.0,3.0,0.6,2.0,0.4,2.0,0.4,0.0,0.0,0.0,0.0,0,0,0,2,12.0,2.4,2.8,3.4871191548325386,0.2228601393219121
807,22,2024,6.0,4.0,0.6666666666666666,2.0,0.3333333333333333,2.0,0.3333333333333333,0.0,0.0,0.0,0.0,0,0,0,2,12.0,2.0,4.666666666666667,5.2493385826745405,0.16001693407561032
807,22,2025,7.0,5.0,0.7142857142857143,2.0,0.2857142857142857,2.0,0.2857142857142857,0.0,0.0,0.0,0.0,0,0,0,2,12.0,1.7142857142857142,5.571428571428571,5.341405455954262,0.15769374895608515
807,24,2015,8.0,6.0,0.75,2.0,0.25,2.0,0.25,0.0,0.0,0.0,0.0,0,0,0,2,12.0,1.5,6.875,6.0711922222904455,0.1414188680725876
807,24,2016,1.0,1.0,1.0,0.0,0.0,0.0,0.0,0.0,0.0,0.0,0.0,0,0,0,1,6.0,6.0,7.0,0.0,1.0
807,24,2017,2.0,2.0,1.0,0.0,0.0,0.0,0.0,0.0,0.0,0.0,0.0,0,0,0,2,12.0,6.0,7.0,0.0,1.0
807,24,2018,3.0,3.0,1.0,0.0,0.0,0.0,0.0,0.0,0.0,0.0,0.0,0,0,0,3,20.0,6.666666666666667,6.666666666666667,0.4714045207910233,0.6796227589829631
807,24,2019,4.0,3.0,0.75,1.0,0.25,0.0,0.0,1.0,0.25,0.0,0.0,0,0,0,3,20.0,5.0,5.0,2.9154759474226504,0.2553967929896867
807,24,2023,5.0,4.0,0.8,1.0,0.2,0.0,0.0,1.0,0.2,0.0,0.0,0,0,0,3,20.0,4.0,6.4,3.8262252939417976,0.20720126788429608
807,24,2024,6.0,5.0,0.8333333333333334,1.0,0.16666666666666666,0.0,0.0,1.0,0.16666666666666666,0.0,0.0,0,0,0,3,20.0,3.3333333333333335,7.833333333333333,4.740487551109297,0.17420123135825966
807,32,2015,7.0,6.0,0.8571428571428571,1.0,0.14285714285714285,0.0,0.0,1.0,0.14285714285714285,0.0,0.0,0,0,0,4,24.0,3.4285714285714284,7.857142857142857,4.389226141639205,0.1855553976986827
807,32,2016,1.0,1.0,1.0,0.0,0.0,0.0,0.0,0.0,0.0,0.0,0.0,0,0,0,1,6.0,6.0,7.0,0.0,1.0
807,32,2017,2.0,2.0,1.0,0.0,0.0,0.0,0.0,0.0,0.0,0.0,0.0,0,0,0,2,12.0,6.0,7.0,0.0,1.0
807,32,2018,3.0,2.0,0.6666666666666666,1.0,0.3333333333333333,1.0,0.3333333333333333,0.0,0.0,0.0,0.0,0,0,0,2,12.0,4.0,4.666666666666667,3.2998316455372207,0.23256724505432583
807,32,2019,4.0,3.0,0.75,1.0,0.25,1.0,0.25,0.0,0.0,0.0,0.0,0,0,0,3,20.0,5.0,5.0,2.9154759474226504,0.2553967929896867
807,32,2023,5.0,4.0,0.8,1.0,0.2,1.0,0.2,0.0,0.0,0.0,0.0,0,0,0,4,21.0,4.2,6.0,3.2863353450309964,0.23329952500316292
807,32,2024,6.0,5.0,0.8333333333333334,1.0,0.16666666666666666,1.0,0.16666666666666666,0.0,0.0,0.0,0.0,0,0,0,4,21.0,3.5,7.166666666666667,3.975620147292188,0.20097997242498825
807,32,2025,7.0,6.0,0.8571428571428571,1.0,0.14285714285714285,1.0,0.14285714285714285,0.0,0.0,0.0,0.0,0,0,0,5,23.0,3.2857142857142856,7.428571428571429,3.736199094463434,0.21113977264363515
807,34,2018,8.0,6.0,0.75,2.0,0.25,2.0,0.25,0.0,0.0,0.0,0.0,0,0,0,5,23.0,2.875,8.875,5.18260311040697,0.1617441686199674
807,34,2019,1.0,1.0,1.0,0.0,0.0,0.0,0.0,0.0,0.0,0.0,0.0,0,0,0,1,2.0,2.0,9.0,0.0,1.0
807,39,2023,2.0,2.0,1.0,0.0,0.0,0.0,0.0,0.0,0.0,0.0,0.0,0,0,0,2,6.0,3.0,8.5,0.5,0.6666666666666666
807,39,2024,1.0,1.0,1.0,0.0,0.0,0.0,0.0,0.0,0.0,0.0,0.0,0,0,0,0,0.0,0.0,12.0,0.0,1.0
807,39,2025,2.0,2.0,1.0,0.0,0.0,0.0,0.0,0.0,0.0,0.0,0.0,0,0,0,0,0.0,0.0,11.5,0.5,0.6666666666666666
807,69,2015,3.0,3.0,1.0,0.0,0.0,0.0,0.0,0.0,0.0,0.0,0.0,0,0,0,0,0.0,0.0,12.333333333333334,1.2472191289246422,0.44499443206436584
807,69,2016,1.0,0.0,0.0,1.0,1.0,0.0,0.0,1.0,1.0,0.0,0.0,0,0,0,0,0.0,0.0,0.0,0.0,1.0
807,69,2017,2.0,0.0,0.0,2.0,1.0,0.0,0.0,2.0,1.0,0.0,0.0,0,0,0,0,0.0,0.0,0.0,0.0,1.0
807,69,2018,3.0,0.0,0.0,3.0,1.0,1.0,0.3333333333333333,2.0,0.6666666666666666,0.0,0.0,0,0,0,0,0.0,0.0,0.0,0.0,1.0
807,69,2019,4.0,1.0,0.25,3.0,0.75,1.0,0.25,2.0,0.5,0.0,0.0,0,0,0,1,8.0,2.0,1.5,2.598076211353316,0.27792629762666365
807,69,2023,5.0,2.0,0.4,3.0,0.6,1.0,0.2,2.0,0.4,0.0,0.0,0,0,0,2,10.0,2.0,3.0,3.794733192202055,0.20856217852254144
807,69,2024,6.0,3.0,0.5,3.0,0.5,1.0,0.16666666666666666,2.0,0.3333333333333333,0.0,0.0,0,0,0,2,10.0,1.6666666666666667,4.333333333333333,4.570436400267363,0.17951914861679477
807,69,2025,7.0,4.0,0.5714285714285714,3.0,0.42857142857142855,1.0,0.14285714285714285,2.0,0.2857142857142857,0.0,0.0,0,0,0,3,14.0,2.0,4.857142857142857,4.421653583012047,0.18444557268161743
807,70,2015,8.0,5.0,0.625,3.0,0.375,1.0,0.125,2.0,0.25,0.0,0.0,0,0,0,4,18.0,2.25,5.25,4.264680527307995,0.1899450488615561
807,70,2016,1.0,1.0,1.0,0.0,0.0,0.0,0.0,0.0,0.0,0.0,0.0,0,0,0,1,8.0,8.0,6.0,0.0,1.0
807,70,2017,2.0,2.0,1.0,0.0,0.0,0.0,0.0,0.0,0.0,0.0,0.0,0,0,0,1,8.0,4.0,12.5,6.5,0.13333333333333333
807,70,2018,3.0,3.0,1.0,0.0,0.0,0.0,0.0,0.0,0.0,0.0,0.0,0,0,0,1,8.0,2.6666666666666665,12.666666666666666,5.312459150169743,0.1584168667409293
807,70,2019,4.0,3.0,0.75,1.0,0.25,1.0,0.25,0.0,0.0,0.0,0.0,0,0,0,1,8.0,2.0,9.5,7.158910531638177,0.12256538371419255
807,70,2023,5.0,4.0,0.8,1.0,0.2,1.0,0.2,0.0,0.0,0.0,0.0,0,0,0,1,8.0,1.6,10.2,6.554387843269576,0.13237339950594793
807,70,2024,6.0,4.0,0.6666666666666666,2.0,0.3333333333333333,2.0,0.3333333333333333,0.0,0.0,0.0,0.0,0,0,0,1,8.0,1.3333333333333333,8.5,7.088723439378913,0.12362890232241446
807,70,2025,7.0,5.0,0.7142857142857143,2.0,0.2857142857142857,2.0,0.2857142857142857,0.0,0.0,0.0,0.0,0,0,0,2,16.0,2.2857142857142856,8.142857142857142,6.620931557860839,0.13121755423305434
807,71,2015,8.0,6.0,0.75,2.0,0.25,2.0,0.25,0.0,0.0,0.0,0.0,0,0,0,3,18.0,2.25,8.25,6.199798383818623,0.13889277819882798
807,71,2016,1.0,0.0,0.0,1.0,1.0,0.0,0.0,1.0,1.0,0.0,0.0,0,0,0,0,0.0,0.0,0.0,0.0,1.0
807,71,2017,2.0,0.0,0.0,2.0,1.0,0.0,0.0,2.0,1.0,0.0,0.0,0,0,0,0,0.0,0.0,0.0,0.0,1.0
807,71,2018,3.0,1.0,0.3333333333333333,2.0,0.6666666666666666,0.0,0.0,2.0,0.6666666666666666,0.0,0.0,0,0,0,1,4.0,1.3333333333333333,2.6666666666666665,3.7712361663282534,0.20958928989037212
807,71,2019,4.0,2.0,0.5,2.0,0.5,0.0,0.0,2.0,0.5,0.0,0.0,0,0,0,1,4.0,1.0,5.0,5.196152422706632,0.16139047779640892
807,73,2016,5.0,3.0,0.6,2.0,0.4,0.0,0.0,2.0,0.4,0.0,0.0,0,0,0,2,5.0,1.0,6.0,5.059644256269407,0.16502618927924417
807,73,2017,1.0,1.0,1.0,0.0,0.0,0.0,0.0,0.0,0.0,0.0,0.0,0,0,0,1,2.0,2.0,9.0,0.0,1.0
807,73,2018,2.0,1.0,0.5,1.0,0.5,0.0,0.0,1.0,0.5,0.0,0.0,0,0,0,1,2.0,1.0,4.5,4.5,0.18181818181818182
807,73,2019,3.0,1.0,0.3333333333333333,2.0,0.6666666666666666,0.0,0.0,2.0,0.6666666666666666,0.0,0.0,0,0,0,1,2.0,0.6666666666666666,3.0,4.242640687119285,0.1907435698305462
807,73,2023,4.0,2.0,0.5,2.0,0.5,0.0,0.0,2.0,0.5,0.0,0.0,0,0,0,1,2.0,0.5,5.75,6.015604707757983,0.14253938778708297
807,73,2024,5.0,3.0,0.6,2.0,0.4,0.0,0.0,2.0,0.4,0.0,0.0,0,0,0,1,2.0,0.4,8.0,7.014271166700073,0.12477741009751188
807,73,2025,6.0,4.0,0.6666666666666666,2.0,0.3333333333333333,0.0,0.0,2.0,0.3333333333333333,0.0,0.0,0,0,0,1,2.0,0.3333333333333333,8.5,6.5,0.13333333333333333
807,77,2022,7.0,5.0,0.7142857142857143,2.0,0.2857142857142857,0.0,0.0,2.0,0.2857142857142857,0.0,0.0,0,0,0,1,2.0,0.2857142857142857,9.571428571428571,6.56521445318632,0.13218395938251554
807,77,2023,1.0,1.0,1.0,0.0,0.0,0.0,0.0,0.0,0.0,0.0,0.0,0,0,0,0,0.0,0.0,12.0,0.0,1.0
807,77,2024,2.0,2.0,1.0,0.0,0.0,0.0,0.0,0.0,0.0,0.0,0.0,0,0,0,0,0.0,0.0,12.0,0.0,1.0
807,77,2025,3.0,3.0,1.0,0.0,0.0,0.0,0.0,0.0,0.0,0.0,0.0,0,0,0,1,1.0,0.3333333333333333,11.333333333333334,0.9428090415820617,0.5147186257614301
807,78,2023,4.0,4.0,1.0,0.0,0.0,0.0,0.0,0.0,0.0,0.0,0.0,0,0,0,1,1.0,0.25,12.25,1.7853571071357126,0.35902039183346857
807,78,2024,1.0,1.0,1.0,0.0,0.0,0.0,0.0,0.0,0.0,0.0,0.0,0,0,0,0,0.0,0.0,16.0,0.0,1.0
807,78,2025,2.0,1.0,0.5,1.0,0.5,0.0,0.0,1.0,0.5,0.0,0.0,0,0,0,0,0.0,0.0,8.0,8.0,0.1111111111111111
807,79,2023,3.0,1.0,0.3333333333333333,2.0,0.6666666666666666,0.0,0.0,2.0,0.6666666666666666,0.0,0.0,0,0,0,0,0.0,0.0,12.0,8.640987597877146,0.10372381354584363
807,79,2024,1.0,1.0,1.0,0.0,0.0,0.0,0.0,0.0,0.0,0.0,0.0,0,0,0,0,0.0,0.0,15.0,0.0,1.0
807,79,2025,2.0,2.0,1.0,0.0,0.0,0.0,0.0,0.0,0.0,0.0,0.0,0,0,0,0,0.0,0.0,13.0,2.0,0.3333333333333333
807,80,2023,3.0,3.0,1.0,0.0,0.0,0.0,0.0,0.0,0.0,0.0,0.0,0,0,0,0,0.0,0.0,13.333333333333334,1.6996731711975857,0.37041520828108093
807,80,2024,1.0,1.0,1.0,0.0,0.0,0.0,0.0,0.0,0.0,0.0,0.0,0,0,0,0,0.0,0.0,19.0,0.0,1.0
807,80,2025,2.0,2.0,1.0,0.0,0.0,0.0,0.0,0.0,0.0,0.0,0.0,0,0,0,1,4.0,2.0,13.5,5.5,0.15384615384615385
813,1,2015,3.0,3.0,1.0,0.0,0.0,0.0,0.0,0.0,0.0,0.0,0.0,0,0,0,2,10.0,3.3333333333333335,11.333333333333334,5.436502143433362,0.1553638882914408
813,2,2015,1.0,0.0,0.0,1.0,1.0,0.0,0.0,1.0,1.0,0.0,0.0,0,0,0,0,0.0,0.0,0.0,0.0,1.0
813,3,2015,1.0,0.0,0.0,1.0,1.0,0.0,0.0,0.0,0.0,1.0,1.0,0,0,0,0,0.0,0.0,0.0,0.0,1.0
813,4,2015,1.0,1.0,1.0,0.0,0.0,0.0,0.0,0.0,0.0,0.0,0.0,0,0,0,0,0.0,0.0,15.0,0.0,1.0
813,6,2015,1.0,0.0,0.0,1.0,1.0,0.0,0.0,1.0,1.0,0.0,0.0,0,0,0,0,0.0,0.0,0.0,0.0,1.0
813,7,2015,1.0,0.0,0.0,1.0,1.0,1.0,1.0,0.0,0.0,0.0,0.0,0,0,0,0,0.0,0.0,0.0,0.0,1.0
813,9,2015,1.0,1.0,1.0,0.0,0.0,0.0,0.0,0.0,0.0,0.0,0.0,0,0,0,1,6.0,6.0,7.0,0.0,1.0
813,11,2015,1.0,0.0,0.0,1.0,1.0,0.0,0.0,1.0,1.0,0.0,0.0,0,0,0,0,0.0,0.0,0.0,0.0,1.0
813,13,2015,1.0,1.0,1.0,0.0,0.0,0.0,0.0,0.0,0.0,0.0,0.0,0,0,0,0,0.0,0.0,14.0,0.0,1.0
813,14,2015,1.0,0.0,0.0,1.0,1.0,1.0,1.0,0.0,0.0,0.0,0.0,0,0,0,0,0.0,0.0,0.0,0.0,1.0
813,15,2015,1.0,0.0,0.0,1.0,1.0,0.0,0.0,1.0,1.0,0.0,0.0,0,0,0,0,0.0,0.0,0.0,0.0,1.0
813,17,2015,1.0,1.0,1.0,0.0,0.0,0.0,0.0,0.0,0.0,0.0,0.0,0,0,0,0,0.0,0.0,12.0,0.0,1.0
813,18,2015,1.0,0.0,0.0,1.0,1.0,1.0,1.0,0.0,0.0,0.0,0.0,0,0,0,0,0.0,0.0,0.0,0.0,1.0
813,22,2015,1.0,1.0,1.0,0.0,0.0,0.0,0.0,0.0,0.0,0.0,0.0,0,0,0,1,1.0,1.0,10.0,0.0,1.0
813,24,2015,1.0,1.0,1.0,0.0,0.0,0.0,0.0,0.0,0.0,0.0,0.0,0,0,0,1,4.0,4.0,8.0,0.0,1.0
813,32,2015,1.0,0.0,0.0,1.0,1.0,0.0,0.0,1.0,1.0,0.0,0.0,0,0,0,0,0.0,0.0,0.0,0.0,1.0
813,69,2015,1.0,1.0,1.0,0.0,0.0,0.0,0.0,0.0,0.0,0.0,0.0,0,0,0,0,0.0,0.0,11.0,0.0,1.0
813,70,2015,1.0,1.0,1.0,0.0,0.0,0.0,0.0,0.0,0.0,0.0,0.0,0,0,0,1,4.0,4.0,8.0,0.0,1.0
813,71,2015,1.0,1.0,1.0,0.0,0.0,0.0,0.0,0.0,0.0,0.0,0.0,0,0,0,1,6.0,6.0,7.0,0.0,1.0
814,11,2017,1.0,1.0,1.0,0.0,0.0,0.0,0.0,0.0,0.0,0.0,0.0,0,0,0,1,6.0,6.0,7.0,0.0,1.0
815,1,2015,1.0,0.0,0.0,1.0,1.0,1.0,1.0,0.0,0.0,0.0,0.0,0,0,0,0,0.0,0.0,0.0,0.0,1.0
815,1,2016,1.0,1.0,1.0,0.0,0.0,0.0,0.0,0.0,0.0,0.0,0.0,0,0,0,1,1.0,1.0,10.0,0.0,1.0
815,1,2017,2.0,2.0,1.0,0.0,0.0,0.0,0.0,0.0,0.0,0.0,0.0,0,0,0,1,1.0,0.5,11.5,1.5,0.4
815,1,2018,3.0,3.0,1.0,0.0,0.0,0.0,0.0,0.0,0.0,0.0,0.0,0,0,0,2,7.0,2.3333333333333335,10.0,2.449489742783178,0.28989794855663564
815,1,2019,4.0,4.0,1.0,0.0,0.0,0.0,0.0,0.0,0.0,0.0,0.0,0,0,0,2,7.0,1.75,10.25,2.165063509461097,0.31594942629453465
815,1,2022,5.0,5.0,1.0,0.0,0.0,0.0,0.0,0.0,0.0,0.0,0.0,0,0,0,2,7.0,1.4,10.8,2.227105745132004,0.30987518816464915
815,1,2023,6.0,6.0,1.0,0.0,0.0,0.0,0.0,0.0,0.0,0.0,0.0,0,1,1,3,25.0,4.166666666666667,9.333333333333334,3.858612300930073,0.20582008566696552
815,1,2024,7.0,7.0,1.0,0.0,0.0,0.0,0.0,0.0,0.0,0.0,0.0,0,1,2,4,36.0,5.142857142857143,8.714285714285714,3.8808793449160377,0.2048811145150736
815,2,2015,8.0,8.0,1.0,0.0,0.0,0.0,0.0,0.0,0.0,0.0,0.0,0,1,3,5,46.0,5.75,8.25,3.832427429188973,0.20693533729234503
815,2,2016,1.0,1.0,1.0,0.0,0.0,0.0,0.0,0.0,0.0,0.0,0.0,0,0,0,0,0.0,0.0,13.0,0.0,1.0
815,2,2017,2.0,2.0,1.0,0.0,0.0,0.0,0.0,0.0,0.0,0.0,0.0,0,0,0,1,8.0,4.0,9.5,3.5,0.2222222222222222
815,3,2015,3.0,3.0,1.0,0.0,0.0,0.0,0.0,0.0,0.0,0.0,0.0,0,0,0,2,16.0,5.333333333333333,8.333333333333334,3.299831645537219,0.23256724505432594
815,3,2016,1.0,1.0,1.0,0.0,0.0,0.0,0.0,0.0,0.0,0.0,0.0,0,0,0,1,4.0,4.0,8.0,0.0,1.0
815,3,2017,2.0,2.0,1.0,0.0,0.0,0.0,0.0,0.0,0.0,0.0,0.0,0,0,0,1,4.0,2.0,12.0,4.0,0.2
815,3,2018,3.0,3.0,1.0,0.0,0.0,0.0,0.0,0.0,0.0,0.0,0.0,0,0,0,2,10.0,3.3333333333333335,10.333333333333334,4.02768199119819,0.19889881694002717
815,3,2019,4.0,4.0,1.0,0.0,0.0,0.0,0.0,0.0,0.0,0.0,0.0,0,0,0,2,10.0,2.5,11.75,4.264680527307995,0.1899450488615561
815,3,2020,5.0,5.0,1.0,0.0,0.0,0.0,0.0,0.0,0.0,0.0,0.0,0,0,0,3,11.0,2.2,11.4,3.878143885933062,0.20499600327158576
815,3,2021,7.0,7.0,1.0,0.0,0.0,0.0,0.0,0.0,0.0,0.0,0.0,1,1,1,4,36.0,5.142857142857143,10.857142857142858,5.667666978536391,0.14997749635953
815,3,2022,8.0,8.0,1.0,0.0,0.0,0.0,0.0,0.0,0.0,0.0,0.0,1,1,2,5,46.0,5.75,10.125,5.644410952437818,0.1505024308638078
815,3,2023,9.0,9.0,1.0,0.0,0.0,0.0,0.0,0.0,0.0,0.0,0.0,1,1,2,5,46.0,5.111111111111111,11.0,5.868938953886337,0.14558289230889376
815,3,2024,10.0,10.0,1.0,0.0,0.0,0.0,0.0,0.0,0.0,0.0,0.0,1,2,3,6,64.0,6.4,10.1,6.187891401761995,0.1391228587224991
815,4,2015,11.0,11.0,1.0,0.0,0.0,0.0,0.0,0.0,0.0,0.0,0.0,1,3,4,7,82.0,7.454545454545454,9.363636363636363,6.342823106368148,0.13618740170013607
815,4,2016,1.0,1.0,1.0,0.0,0.0,0.0,0.0,0.0,0.0,0.0,0.0,0,0,0,0,0.0,0.0,13.0,0.0,1.0
815,4,2017,2.0,2.0,1.0,0.0,0.0,0.0,0.0,0.0,0.0,0.0,0.0,0,0,0,1,6.0,3.0,10.0,3.0,0.25
815,4,2018,3.0,3.0,1.0,0.0,0.0,0.0,0.0,0.0,0.0,0.0,0.0,0,0,1,2,18.0,6.0,8.0,3.7416573867739413,0.21089672205953397
815,4,2019,4.0,4.0,1.0,0.0,0.0,0.0,0.0,0.0,0.0,0.0,0.0,0,0,1,3,20.0,5.0,8.25,3.2691742076555053,0.23423733756443926
815,4,2020,5.0,5.0,1.0,0.0,0.0,0.0,0.0,0.0,0.0,0.0,0.0,0,0,1,3,20.0,4.0,9.6,3.9799497484264803,0.20080523911229647
815,4,2021,6.0,6.0,1.0,0.0,0.0,0.0,0.0,0.0,0.0,0.0,0.0,0,0,2,4,30.0,5.0,8.833333333333334,4.017323597731316,0.19930944865748149
815,4,2022,7.0,7.0,1.0,0.0,0.0,0.0,0.0,0.0,0.0,0.0,0.0,0,0,3,5,40.0,5.714285714285714,8.285714285714286,3.953815000885156,0.20186462349145423
815,4,2023,8.0,8.0,1.0,0.0,0.0,0.0,0.0,0.0,0.0,0.0,0.0,0,1,4,6,59.0,7.375,7.5,4.242640687119285,0.1907435698305462
815,4,2024,9.0,9.0,1.0,0.0,0.0,0.0,0.0,0.0,0.0,0.0,0.0,0,1,5,7,71.0,7.888888888888889,7.111111111111111,4.14847882279877,0.1942321284437932
815,5,2020,10.0,10.0,1.0,0.0,0.0,0.0,0.0,0.0,0.0,0.0,0.0,0,1,5,8,75.0,7.5,7.2,3.9446165846632044,0.20224015004554968
815,5,2021,1.0,1.0,1.0,0.0,0.0,0.0,0.0,0.0,0.0,0.0,0.0,0,1,1,1,18.0,18.0,2.0,0.0,1.0
815,6,2015,2.0,2.0,1.0,0.0,0.0,0.0,0.0,0.0,0.0,0.0,0.0,0,2,2,2,33.0,16.5,2.5,0.5,0.6666666666666666
815,6,2016,1.0,1.0,1.0,0.0,0.0,0.0,0.0,0.0,0.0,0.0,0.0,0,0,0,1,6.0,6.0,7.0,0.0,1.0
815,6,2017,2.0,2.0,1.0,0.0,0.0,0.0,0.0,0.0,0.0,0.0,0.0,0,1,1,2,21.0,10.5,5.0,2.0,0.3333333333333333
815,6,2018,3.0,3.0,1.0,0.0,0.0,0.0,0.0,0.0,0.0,0.0,0.0,0,1,1,2,21.0,7.0,7.666666666666667,4.10960933531265,0.19570967844625078
815,6,2019,4.0,4.0,1.0,0.0,0.0,0.0,0.0,0.0,0.0,0.0,0.0,0,1,1,2,21.0,5.25,8.75,4.02336923485777,0.19906957924989435
815,6,2021,5.0,5.0,1.0,0.0,0.0,0.0,0.0,0.0,0.0,0.0,0.0,0,1,1,2,21.0,4.2,9.4,3.8262252939417962,0.20720126788429613
815,6,2022,6.0,6.0,1.0,0.0,0.0,0.0,0.0,0.0,0.0,0.0,0.0,0,1,2,3,33.0,5.5,8.5,4.031128874149275,0.1987625491245426
815,6,2023,7.0,7.0,1.0,0.0,0.0,0.0,0.0,0.0,0.0,0.0,0.0,1,2,3,4,58.0,8.285714285714286,7.428571428571429,4.562491263620375,0.1797755632516976
815,6,2024,8.0,8.0,1.0,0.0,0.0,0.0,0.0,0.0,0.0,0.0,0.0,1,2,3,4,58.0,7.25,8.5,5.123475382979799,0.16330595576157622
815,7,2015,9.0,8.0,0.8888888888888888,1.0,0.1111111111111111,0.0,0.0,1.0,0.1111111111111111,0.0,0.0,1,2,3,4,58.0,6.444444444444445,7.555555555555555,5.51988548816632,0.15337692691305904
815,7,2016,1.0,1.0,1.0,0.0,0.0,0.0,0.0,0.0,0.0,0.0,0.0,0,0,0,0,0.0,0.0,11.0,0.0,1.0
815,7,2017,2.0,2.0,1.0,0.0,0.0,0.0,0.0,0.0,0.0,0.0,0.0,0,0,0,1,1.0,0.5,10.5,0.5,0.6666666666666666
815,7,2018,3.0,3.0,1.0,0.0,0.0,0.0,0.0,0.0,0.0,0.0,0.0,0,0,1,2,11.0,3.6666666666666665,8.666666666666666,2.6246692913372724,0.27588723815161176
815,7,2019,4.0,4.0,1.0,0.0,0.0,0.0,0.0,0.0,0.0,0.0,0.0,0,0,1,2,11.0,2.75,10.0,3.24037034920393,0.23582845781094
815,7,2022,5.0,5.0,1.0,0.0,0.0,0.0,0.0,0.0,0.0,0.0,0.0,0,0,1,2,11.0,2.2,10.4,3.0066592756745805,0.24958448702420175
815,7,2023,6.0,5.0,0.8333333333333334,1.0,0.16666666666666666,1.0,0.16666666666666666,0.0,0.0,0.0,0.0,0,0,1,2,11.0,1.8333333333333333,8.666666666666666,4.749268949591671,0.17393515745528357
815,7,2024,7.0,6.0,0.8571428571428571,1.0,0.14285714285714285,1.0,0.14285714285714285,0.0,0.0,0.0,0.0,0,0,1,3,20.0,2.857142857142857,8.285714285714286,4.494895063586363,0.18198709682862044
815,9,2015,8.0,6.0,0.75,2.0,0.25,1.0,0.125,1.0,0.125,0.0,0.0,0,0,1,3,20.0,2.5,7.25,5.018714974971183,0.16614842273782668
815,9,2016,1.0,1.0,1.0,0.0,0.0,0.0,0.0,0.0,0.0,0.0,0.0,0,0,0,1,2.0,2.0,9.0,0.0,1.0
815,9,2017,2.0,2.0,1.0,0.0,0.0,0.0,0.0,0.0,0.0,0.0,0.0,0,0,0,2,10.0,5.0,7.5,1.5,0.4
815,9,2018,3.0,3.0,1.0,0.0,0.0,0.0,0.0,0.0,0.0,0.0,0.0,0,0,0,3,12.0,4.0,8.0,1.4142135623730951,0.4142135623730951
815,9,2019,4.0,4.0,1.0,0.0,0.0,0.0,0.0,0.0,0.0,0.0,0.0,0,0,0,4,13.0,3.25,8.5,1.5,0.4
815,9,2021,5.0,5.0,1.0,0.0,0.0,0.0,0.0,0.0,0.0,0.0,0.0,0,0,0,4,13.0,2.6,10.2,3.655133376499415,0.21481661622163528
815,9,2022,6.0,6.0,1.0,0.0,0.0,0.0,0.0,0.0,0.0,0.0,0.0,0,0,0,4,13.0,2.1666666666666665,11.166666666666666,3.9756201472921897,0.2009799724249882
815,9,2023,7.0,7.0,1.0,0.0,0.0,0.0,0.0,0.0,0.0,0.0,0.0,0,1,1,5,31.0,4.428571428571429,9.857142857142858,4.88228785446716,0.17000188102671215
815,9,2024,8.0,8.0,1.0,0.0,0.0,0.0,0.0,0.0,0.0,0.0,0.0,0,1,1,6,39.0,4.875,9.375,4.741769184597665,0.1741623475012731
815,10,2016,9.0,9.0,1.0,0.0,0.0,0.0,0.0,0.0,0.0,0.0,0.0,0,1,1,6,39.0,4.333333333333333,10.222222222222221,5.072316538005926,0.16468179709359942
815,10,2018,1.0,1.0,1.0,0.0,0.0,0.0,0.0,0.0,0.0,0.0,0.0,0,0,0,1,1.0,1.0,10.0,0.0,1.0
815,10,2019,2.0,2.0,1.0,0.0,0.0,0.0,0.0,0.0,0.0,0.0,0.0,0,0,0,2,7.0,3.5,8.5,1.5,0.4
815,11,2015,3.0,2.0,0.6666666666666666,1.0,0.3333333333333333,0.0,0.0,1.0,0.3333333333333333,0.0,0.0,0,0,0,2,7.0,2.3333333333333335,5.666666666666667,4.189935029992178,0.1926806393955007
815,11,2016,1.0,0.0,0.0,1.0,1.0,1.0,1.0,0.0,0.0,0.0,0.0,0,0,0,0,0.0,0.0,0.0,0.0,1.0
815,11,2017,2.0,1.0,0.5,1.0,0.5,1.0,0.5,0.0,0.0,0.0,0.0,0,0,0,0,0.0,0.0,5.5,5.5,0.15384615384615385
815,11,2018,3.0,2.0,0.6666666666666666,1.0,0.3333333333333333,1.0,0.3333333333333333,0.0,0.0,0.0,0.0,0,0,0,1,4.0,1.3333333333333333,6.333333333333333,4.642796092394707,0.1772171071975803
815,11,2019,4.0,3.0,0.75,1.0,0.25,1.0,0.25,0.0,0.0,0.0,0.0,0,0,0,1,4.0,1.0,8.25,5.2141634036535525,0.16092270753808316
815,11,2020,5.0,4.0,0.8,1.0,0.2,1.0,0.2,0.0,0.0,0.0,0.0,0,0,0,1,4.0,0.8,8.8,4.791659420284375,0.1726620865338969
815,11,2021,6.0,5.0,0.8333333333333334,1.0,0.16666666666666666,1.0,0.16666666666666666,0.0,0.0,0.0,0.0,0,0,0,2,10.0,1.6666666666666667,8.5,4.425306015783917,0.18432139995249786
815,11,2022,7.0,5.0,0.7142857142857143,2.0,0.2857142857142857,1.0,0.14285714285714285,1.0,0.14285714285714285,0.0,0.0,0,0,0,2,10.0,1.4285714285714286,7.285714285714286,5.062870041905528,0.16493838612541087
815,11,2023,8.0,6.0,0.75,2.0,0.25,1.0,0.125,1.0,0.125,0.0,0.0,0,0,1,3,20.0,2.5,7.0,4.795831523312719,0.17253779651421453
815,11,2024,9.0,7.0,0.7777777777777778,2.0,0.2222222222222222,1.0,0.1111111111111111,1.0,0.1111111111111111,0.0,0.0,0,1,2,4,35.0,3.888888888888889,6.555555555555555,4.6930471293206395,0.17565285817673032
815,13,2015,10.0,8.0,0.8,2.0,0.2,1.0,0.1,1.0,0.1,0.0,0.0,0,1,2,5,41.0,4.1,6.6,4.454211490264018,0.18334455893121113
815,13,2016,1.0,1.0,1.0,0.0,0.0,0.0,0.0,0.0,0.0,0.0,0.0,0,0,1,1,10.0,10.0,5.0,0.0,1.0
815,13,2017,2.0,2.0,1.0,0.0,0.0,0.0,0.0,0.0,0.0,0.0,0.0,0,0,2,2,20.0,10.0,5.0,0.0,1.0
815,13,2018,3.0,3.0,1.0,0.0,0.0,0.0,0.0,0.0,0.0,0.0,0.0,0,0,2,2,20.0,6.666666666666667,9.0,5.656854249492381,0.15022110482233483
815,13,2019,4.0,4.0,1.0,0.0,0.0,0.0,0.0,0.0,0.0,0.0,0.0,0,0,3,3,30.0,7.5,8.0,5.196152422706632,0.16139047779640892
815,13,2020,5.0,5.0,1.0,0.0,0.0,0.0,0.0,0.0,0.0,0.0,0.0,0,0,3,4,38.0,7.6,7.6,4.715930449020639,0.1749496444924971
815,13,2021,6.0,6.0,1.0,0.0,0.0,0.0,0.0,0.0,0.0,0.0,0.0,0,0,3,5,39.0,6.5,8.0,4.396968652757639,0.1852891992413258
815,13,2022,7.0,7.0,1.0,0.0,0.0,0.0,0.0,0.0,0.0,0.0,0.0,0,0,3,5,39.0,5.571428571428571,9.571428571428571,5.602477586036452,0.1514582953094601
815,13,2023,8.0,8.0,1.0,0.0,0.0,0.0,0.0,0.0,0.0,0.0,0.0,0,1,4,6,57.0,7.125,8.625,5.8081300777444715,0.1468832100122416
815,13,2024,9.0,9.0,1.0,0.0,0.0,0.0,0.0,0.0,0.0,0.0,0.0,0,2,5,7,75.0,8.333333333333334,7.888888888888889,5.858411700650696,0.14580635337262188
815,14,2015,10.0,10.0,1.0,0.0,0.0,0.0,0.0,0.0,0.0,0.0,0.0,0,2,5,8,82.0,8.2,7.8,5.5641710972974225,0.15234215945585522
815,14,2016,1.0,1.0,1.0,0.0,0.0,0.0,0.0,0.0,0.0,0.0,0.0,0,0,0,1,8.0,8.0,6.0,0.0,1.0
815,14,2017,2.0,2.0,1.0,0.0,0.0,0.0,0.0,0.0,0.0,0.0,0.0,0,0,0,2,12.0,6.0,7.0,1.0,0.5
815,14,2018,3.0,3.0,1.0,0.0,0.0,0.0,0.0,0.0,0.0,0.0,0.0,0,0,0,3,14.0,4.666666666666667,7.666666666666667,1.2472191289246448,0.44499443206436534
815,14,2019,4.0,4.0,1.0,0.0,0.0,0.0,0.0,0.0,0.0,0.0,0.0,0,0,0,4,20.0,5.0,7.5,1.118033988749895,0.4721359549995794
815,14,2020,5.0,5.0,1.0,0.0,0.0,0.0,0.0,0.0,0.0,0.0,0.0,0,0,0,5,26.0,5.2,7.4,1.019803902718553,0.4950975679639252
815,14,2021,6.0,6.0,1.0,0.0,0.0,0.0,0.0,0.0,0.0,0.0,0.0,0,0,0,6,27.0,4.5,7.833333333333333,1.3437096247164255,0.42667401688935497
815,14,2022,7.0,7.0,1.0,0.0,0.0,0.0,0.0,0.0,0.0,0.0,0.0,0,0,1,7,37.0,5.285714285714286,7.428571428571429,1.5907898179514348,0.3859826810616041
815,14,2023,8.0,8.0,1.0,0.0,0.0,0.0,0.0,0.0,0.0,0.0,0.0,0,0,1,8,46.0,5.75,7.25,1.5612494995995996,0.3904344345040692
815,14,2024,9.0,9.0,1.0,0.0,0.0,0.0,0.0,0.0,0.0,0.0,0.0,0,1,2,9,64.0,7.111111111111111,6.666666666666667,2.211083193570266,0.3114213926323543
815,15,2015,10.0,10.0,1.0,0.0,0.0,0.0,0.0,0.0,0.0,0.0,0.0,0,1,2,10,68.0,6.8,6.8,2.1354156504062627,0.3189369804511972
815,15,2016,1.0,1.0,1.0,0.0,0.0,0.0,0.0,0.0,0.0,0.0,0.0,0,0,0,1,6.0,6.0,7.0,0.0,1.0
815,15,2017,2.0,2.0,1.0,0.0,0.0,0.0,0.0,0.0,0.0,0.0,0.0,0,0,0,2,10.0,5.0,7.5,0.5,0.6666666666666666
815,15,2018,3.0,3.0,1.0,0.0,0.0,0.0,0.0,0.0,0.0,0.0,0.0,0,0,1,3,20.0,6.666666666666667,6.666666666666667,1.2472191289246448,0.44499443206436534
815,15,2019,4.0,4.0,1.0,0.0,0.0,0.0,0.0,0.0,0.0,0.0,0.0,0,0,1,3,20.0,5.0,9.0,4.183300132670378,0.19292728076790167
815,15,2022,5.0,4.0,0.8,1.0,0.2,1.0,0.2,0.0,0.0,0.0,0.0,0,0,1,3,20.0,4.0,7.2,5.192301994298867,0.16149083182969448
815,15,2023,6.0,5.0,0.8333333333333334,1.0,0.16666666666666666,1.0,0.16666666666666666,0.0,0.0,0.0,0.0,1,1,2,4,45.0,7.5,6.166666666666667,5.273097339852124,0.15941088521728136
815,15,2024,7.0,6.0,0.8571428571428571,1.0,0.14285714285714285,1.0,0.14285714285714285,0.0,0.0,0.0,0.0,1,1,2,5,49.0,7.0,6.428571428571429,4.923910839889738,0.16880740224284216
815,17,2015,8.0,7.0,0.875,1.0,0.125,1.0,0.125,0.0,0.0,0.0,0.0,1,1,2,6,50.0,6.25,6.875,4.7549316504025585,0.17376400985232376
815,17,2016,1.0,1.0,1.0,0.0,0.0,0.0,0.0,0.0,0.0,0.0,0.0,0,0,0,0,0.0,0.0,11.0,0.0,1.0
815,17,2017,2.0,2.0,1.0,0.0,0.0,0.0,0.0,0.0,0.0,0.0,0.0,0,0,0,0,0.0,0.0,11.0,0.0,1.0
815,17,2018,3.0,3.0,1.0,0.0,0.0,0.0,0.0,0.0,0.0,0.0,0.0,0,0,0,1,2.0,0.6666666666666666,10.333333333333334,0.9428090415820617,0.5147186257614301
815,17,2019,4.0,4.0,1.0,0.0,0.0,0.0,0.0,0.0,0.0,0.0,0.0,0,0,0,1,2.0,0.5,10.75,1.0897247358851685,0.4785319247208981
815,17,2024,5.0,5.0,1.0,0.0,0.0,0.0,0.0,0.0,0.0,0.0,0.0,0,0,0,2,6.0,1.2,10.2,1.4696938456699105,0.40490848764647086
815,18,2015,6.0,6.0,1.0,0.0,0.0,0.0,0.0,0.0,0.0,0.0,0.0,0,1,1,3,21.0,3.5,9.0,3.0,0.25
815,18,2016,1.0,1.0,1.0,0.0,0.0,0.0,0.0,0.0,0.0,0.0,0.0,0,0,0,0,0.0,0.0,12.0,0.0,1.0
815,18,2017,2.0,2.0,1.0,0.0,0.0,0.0,0.0,0.0,0.0,0.0,0.0,0,0,1,1,12.0,6.0,8.0,4.0,0.2
815,18,2018,3.0,3.0,1.0,0.0,0.0,0.0,0.0,0.0,0.0,0.0,0.0,0,0,1,2,14.0,4.666666666666667,8.333333333333334,3.299831645537219,0.23256724505432594
815,18,2019,4.0,4.0,1.0,0.0,0.0,0.0,0.0,0.0,0.0,0.0,0.0,0,0,1,3,15.0,3.75,8.75,2.947456530637899,0.2533276787821657
815,18,2021,5.0,5.0,1.0,0.0,0.0,0.0,0.0,0.0,0.0,0.0,0.0,0,0,1,4,17.0,3.4,8.8,2.6381811916545828,0.2748626160494269
815,18,2022,6.0,6.0,1.0,0.0,0.0,0.0,0.0,0.0,0.0,0.0,0.0,0,0,2,5,30.0,5.0,8.0,3.0,0.25
815,18,2023,7.0,7.0,1.0,0.0,0.0,0.0,0.0,0.0,0.0,0.0,0.0,0,0,2,6,36.0,5.142857142857143,7.857142857142857,2.799416848895061,0.26319828536077006
815,18,2024,8.0,8.0,1.0,0.0,0.0,0.0,0.0,0.0,0.0,0.0,0.0,0,0,3,7,48.0,6.0,7.375,2.912795049432761,0.2555717811350662
815,20,2020,9.0,9.0,1.0,0.0,0.0,0.0,0.0,0.0,0.0,0.0,0.0,0,0,3,7,48.0,5.333333333333333,7.777777777777778,2.9731307022799225,0.2516906880073602
815,21,2020,1.0,1.0,1.0,0.0,0.0,0.0,0.0,0.0,0.0,0.0,0.0,0,0,1,1,12.0,12.0,4.0,0.0,1.0
815,21,2021,1.0,1.0,1.0,0.0,0.0,0.0,0.0,0.0,0.0,0.0,0.0,0,0,0,1,8.0,8.0,6.0,0.0,1.0
815,21,2022,2.0,2.0,1.0,0.0,0.0,0.0,0.0,0.0,0.0,0.0,0.0,0,0,0,1,8.0,4.0,8.5,2.5,0.2857142857142857
815,21,2024,3.0,3.0,1.0,0.0,0.0,0.0,0.0,0.0,0.0,0.0,0.0,0,1,1,2,26.0,8.666666666666666,6.333333333333333,3.6817870057290873,0.21359365532355556
815,22,2015,4.0,4.0,1.0,0.0,0.0,0.0,0.0,0.0,0.0,0.0,0.0,0,1,1,3,30.0,7.5,6.75,3.2691742076555053,0.23423733756443926
815,22,2016,1.0,1.0,1.0,0.0,0.0,0.0,0.0,0.0,0.0,0.0,0.0,0,0,0,0,0.0,0.0,12.0,0.0,1.0
815,22,2017,2.0,2.0,1.0,0.0,0.0,0.0,0.0,0.0,0.0,0.0,0.0,0,0,0,1,6.0,3.0,9.5,2.5,0.2857142857142857
815,22,2018,3.0,3.0,1.0,0.0,0.0,0.0,0.0,0.0,0.0,0.0,0.0,0,0,0,2,12.0,4.0,8.666666666666666,2.3570226039551616,0.2978830106243028
815,22,2019,4.0,4.0,1.0,0.0,0.0,0.0,0.0,0.0,0.0,0.0,0.0,0,0,0,3,18.0,4.5,8.25,2.165063509461097,0.31594942629453465
815,22,2022,5.0,5.0,1.0,0.0,0.0,0.0,0.0,0.0,0.0,0.0,0.0,0,0,0,4,22.0,4.4,8.2,1.9390719429665328,0.3402434575965693
815,22,2023,6.0,6.0,1.0,0.0,0.0,0.0,0.0,0.0,0.0,0.0,0.0,0,1,1,5,40.0,6.666666666666667,7.166666666666667,2.91070819942883,0.25570816051835643
815,22,2024,7.0,6.0,0.8571428571428571,1.0,0.14285714285714285,0.0,0.0,1.0,0.14285714285714285,0.0,0.0,0,1,1,5,40.0,5.714285714285714,6.142857142857143,3.681171064778607,0.2136217596327671
815,24,2015,8.0,7.0,0.875,1.0,0.125,0.0,0.0,1.0,0.125,0.0,0.0,0,2,2,6,58.0,7.25,5.625,3.7059917700933984,0.21249505924659817
815,24,2016,1.0,1.0,1.0,0.0,0.0,0.0,0.0,0.0,0.0,0.0,0.0,0,0,1,1,10.0,10.0,5.0,0.0,1.0
815,24,2017,2.0,2.0,1.0,0.0,0.0,0.0,0.0,0.0,0.0,0.0,0.0,0,0,1,2,14.0,7.0,6.5,1.5,0.4
815,24,2018,3.0,3.0,1.0,0.0,0.0,0.0,0.0,0.0,0.0,0.0,0.0,0,0,1,3,20.0,6.666666666666667,6.666666666666667,1.2472191289246448,0.44499443206436534
815,24,2019,4.0,4.0,1.0,0.0,0.0,0.0,0.0,0.0,0.0,0.0,0.0,0,0,1,4,24.0,6.0,7.0,1.224744871391589,0.4494897427831781
815,24,2020,5.0,5.0,1.0,0.0,0.0,0.0,0.0,0.0,0.0,0.0,0.0,0,0,1,5,30.0,6.0,7.0,1.0954451150103335,0.47722557505166086
815,24,2021,6.0,5.0,0.8333333333333334,1.0,0.16666666666666666,1.0,0.16666666666666666,0.0,0.0,0.0,0.0,0,0,1,5,30.0,5.0,5.833333333333333,2.7938424357067033,0.26358501096098463
815,24,2022,7.0,6.0,0.8571428571428571,1.0,0.14285714285714285,1.0,0.14285714285714285,0.0,0.0,0.0,0.0,0,0,1,5,30.0,4.285714285714286,7.142857142857143,4.120630029101702,0.19528846925412952
815,24,2023,8.0,7.0,0.875,1.0,0.125,1.0,0.125,0.0,0.0,0.0,0.0,0,1,2,6,45.0,5.625,6.625,4.090767042988393,0.19643405238456518
815,24,2024,9.0,8.0,0.8888888888888888,1.0,0.1111111111111111,1.0,0.1111111111111111,0.0,0.0,0.0,0.0,0,1,3,7,57.0,6.333333333333333,6.333333333333333,3.9440531887330774,0.2022631961725015
815,32,2015,10.0,8.0,0.8,2.0,0.2,1.0,0.1,1.0,0.1,0.0,0.0,0,1,3,7,57.0,5.7,5.7,4.196427051671457,0.19243991882429004
815,32,2016,1.0,1.0,1.0,0.0,0.0,0.0,0.0,0.0,0.0,0.0,0.0,0,0,0,1,4.0,4.0,8.0,0.0,1.0
815,32,2017,2.0,2.0,1.0,0.0,0.0,0.0,0.0,0.0,0.0,0.0,0.0,0,0,0,2,5.0,2.5,9.0,1.0,0.5
815,32,2018,3.0,3.0,1.0,0.0,0.0,0.0,0.0,0.0,0.0,0.0,0.0,0,0,0,3,11.0,3.6666666666666665,8.333333333333334,1.2472191289246422,0.44499443206436584
815,32,2019,4.0,3.0,0.75,1.0,0.25,1.0,0.25,0.0,0.0,0.0,0.0,0,0,0,3,11.0,2.75,6.25,3.766629793329841,0.2097918326695614
815,32,2021,5.0,4.0,0.8,1.0,0.2,1.0,0.2,0.0,0.0,0.0,0.0,0,0,0,4,17.0,3.4,6.4,3.3823069050575514,0.228190316576394
815,32,2022,6.0,5.0,0.8333333333333334,1.0,0.16666666666666666,1.0,0.16666666666666666,0.0,0.0,0.0,0.0,0,1,1,5,32.0,5.333333333333333,5.833333333333333,3.337497399083465,0.2305476886767252
815,32,2023,7.0,6.0,0.8571428571428571,1.0,0.14285714285714285,1.0,0.14285714285714285,0.0,0.0,0.0,0.0,0,2,2,6,47.0,6.714285714285714,5.428571428571429,3.2450904833144416,0.23556623914862454
815,32,2024,8.0,6.0,0.75,2.0,0.25,1.0,0.125,1.0,0.125,0.0,0.0,0,2,2,6,47.0,5.875,4.75,3.526683994916471,0.2209122618506204
815,34,2018,9.0,7.0,0.7777777777777778,2.0,0.2222222222222222,1.0,0.1111111111111111,1.0,0.1111111111111111,0.0,0.0,0,2,2,6,47.0,5.222222222222222,6.111111111111111,5.086899174337598,0.16428726209496056
815,34,2019,1.0,0.0,0.0,1.0,1.0,1.0,1.0,0.0,0.0,0.0,0.0,0,0,0,0,0.0,0.0,0.0,0.0,1.0
815,34,2021,2.0,1.0,0.5,1.0,0.5,1.0,0.5,0.0,0.0,0.0,0.0,0,0,0,0,0.0,0.0,6.0,6.0,0.14285714285714285
815,34,2022,3.0,2.0,0.6666666666666666,1.0,0.3333333333333333,1.0,0.3333333333333333,0.0,0.0,0.0,0.0,0,1,1,1,15.0,5.0,5.0,5.0990195135927845,0.1639607805437114
815,39,2021,4.0,3.0,0.75,1.0,0.25,1.0,0.25,0.0,0.0,0.0,0.0,0,1,2,2,27.0,6.75,4.75,4.437059837324712,0.18392293443878058
815,39,2022,1.0,1.0,1.0,0.0,0.0,0.0,0.0,0.0,0.0,0.0,0.0,0,0,0,1,4.0,4.0,8.0,0.0,1.0
815,39,2023,2.0,2.0,1.0,0.0,0.0,0.0,0.0,0.0,0.0,0.0,0.0,0,0,1,2,14.0,7.0,6.5,1.5,0.4
815,39,2024,3.0,3.0,1.0,0.0,0.0,0.0,0.0,0.0,0.0,0.0,0.0,0,0,2,3,26.0,8.666666666666666,5.666666666666667,1.699673171197594,0.37041520828107977
815,69,2015,4.0,4.0,1.0,0.0,0.0,0.0,0.0,0.0,0.0,0.0,0.0,0,0,2,4,34.0,8.5,5.75,1.479019945774904,0.40338521749465606
815,69,2016,1.0,1.0,1.0,0.0,0.0,0.0,0.0,0.0,0.0,0.0,0.0,0,0,1,1,10.0,10.0,5.0,0.0,1.0
815,69,2017,2.0,2.0,1.0,0.0,0.0,0.0,0.0,0.0,0.0,0.0,0.0,0,0,1,2,14.0,7.0,6.5,1.5,0.4
815,69,2018,3.0,3.0,1.0,0.0,0.0,0.0,0.0,0.0,0.0,0.0,0.0,0,0,1,3,18.0,6.0,7.0,1.4142135623730951,0.4142135623730951
815,69,2019,4.0,4.0,1.0,0.0,0.0,0.0,0.0,0.0,0.0,0.0,0.0,0,0,1,4,22.0,5.5,7.25,1.299038105676658,0.4349645173478661
815,69,2021,5.0,5.0,1.0,0.0,0.0,0.0,0.0,0.0,0.0,0.0,0.0,0,0,1,5,23.0,4.6,7.8,1.6000000000000008,0.3846153846153845
815,69,2022,6.0,6.0,1.0,0.0,0.0,0.0,0.0,0.0,0.0,0.0,0.0,0,1,2,6,38.0,6.333333333333333,7.0,2.3094010767585034,0.3021694792519622
815,69,2023,7.0,7.0,1.0,0.0,0.0,0.0,0.0,0.0,0.0,0.0,0.0,0,1,3,7,50.0,7.142857142857143,6.571428571428571,2.3819045715047245,0.29569137119533384
815,69,2024,8.0,8.0,1.0,0.0,0.0,0.0,0.0,0.0,0.0,0.0,0.0,0,1,4,8,62.0,7.75,6.25,2.384848003542364,0.29543424075570435
815,70,2015,9.0,9.0,1.0,0.0,0.0,0.0,0.0,0.0,0.0,0.0,0.0,0,1,4,9,68.0,7.555555555555555,6.333333333333333,2.260776661041757,0.30667540403718385
815,70,2016,1.0,1.0,1.0,0.0,0.0,0.0,0.0,0.0,0.0,0.0,0.0,0,0,0,1,2.0,2.0,9.0,0.0,1.0
815,70,2017,2.0,2.0,1.0,0.0,0.0,0.0,0.0,0.0,0.0,0.0,0.0,0,0,0,1,2.0,1.0,13.0,4.0,0.2
815,70,2018,3.0,3.0,1.0,0.0,0.0,0.0,0.0,0.0,0.0,0.0,0.0,0,0,0,2,8.0,2.6666666666666665,11.0,4.320493798938572,0.18795247918520233
815,70,2019,4.0,4.0,1.0,0.0,0.0,0.0,0.0,0.0,0.0,0.0,0.0,0,0,0,3,14.0,3.5,10.0,4.123105625617661,0.1951941016011038
815,70,2020,5.0,5.0,1.0,0.0,0.0,0.0,0.0,0.0,0.0,0.0,0.0,0,0,0,3,14.0,2.8,10.2,3.7094473981982823,0.21233913778983393
815,70,2021,7.0,7.0,1.0,0.0,0.0,0.0,0.0,0.0,0.0,0.0,0.0,0,0,0,5,30.0,4.285714285714286,9.0,3.6645015252516173,0.21438518019265881
815,70,2022,9.0,9.0,1.0,0.0,0.0,0.0,0.0,0.0,0.0,0.0,0.0,0,0,1,7,50.0,5.555555555555555,8.11111111111111,3.6649827783268116,0.21436306359927654
815,70,2023,10.0,9.0,0.9,1.0,0.1,0.0,0.0,1.0,0.1,0.0,0.0,0,0,1,7,50.0,5.0,7.3,4.243819034784589,0.19070070751232152
815,70,2024,11.0,10.0,0.9090909090909091,1.0,0.09090909090909091,0.0,0.0,1.0,0.09090909090909091,0.0,0.0,0,1,2,8,65.0,5.909090909090909,6.909090909090909,4.230936828443672,0.19117034535045682
815,71,2015,12.0,11.0,0.9166666666666666,1.0,0.08333333333333333,0.0,0.0,1.0,0.08333333333333333,0.0,0.0,0,1,2,9,71.0,5.916666666666667,6.916666666666667,4.050891534245545,0.19798484945081496
815,71,2016,1.0,1.0,1.0,0.0,0.0,0.0,0.0,0.0,0.0,0.0,0.0,0,1,1,1,15.0,15.0,3.0,0.0,1.0
815,71,2017,2.0,2.0,1.0,0.0,0.0,0.0,0.0,0.0,0.0,0.0,0.0,0,1,1,2,17.0,8.5,6.0,3.0,0.25
815,71,2018,3.0,3.0,1.0,0.0,0.0,0.0,0.0,0.0,0.0,0.0,0.0,0,1,1,3,25.0,8.333333333333334,6.0,2.449489742783178,0.28989794855663564
815,71,2019,4.0,4.0,1.0,0.0,0.0,0.0,0.0,0.0,0.0,0.0,0.0,0,1,1,4,26.0,6.5,7.0,2.7386127875258306,0.2674788903885893
815,71,2020,5.0,5.0,1.0,0.0,0.0,0.0,0.0,0.0,0.0,0.0,0.0,0,1,1,5,32.0,6.4,7.0,2.449489742783178,0.28989794855663564
815,71,2021,6.0,6.0,1.0,0.0,0.0,0.0,0.0,0.0,0.0,0.0,0.0,0,1,2,6,44.0,7.333333333333333,6.5,2.5,0.2857142857142857
815,73,2016,7.0,7.0,1.0,0.0,0.0,0.0,0.0,0.0,0.0,0.0,0.0,0,1,2,7,46.0,6.571428571428571,6.857142857142857,2.4743582965269693,0.2878229343817585
815,73,2017,1.0,1.0,1.0,0.0,0.0,0.0,0.0,0.0,0.0,0.0,0.0,0,1,1,1,15.0,15.0,3.0,0.0,1.0
815,73,2018,2.0,1.0,0.5,1.0,0.5,0.0,0.0,0.0,0.0,0.0,0.0,0,1,1,1,15.0,7.5,1.5,1.5,0.4
815,73,2019,3.0,2.0,0.6666666666666666,1.0,0.3333333333333333,0.0,0.0,0.0,0.0,0.0,0.0,0,2,2,2,30.0,10.0,2.0,1.4142135623730951,0.4142135623730951
815,73,2021,4.0,3.0,0.75,1.0,0.25,0.0,0.0,0.0,0.0,0.0,0.0,0,2,2,3,38.0,9.5,3.0,2.1213203435596424,0.32037724101704074
815,73,2022,5.0,4.0,0.8,1.0,0.2,0.0,0.0,0.0,0.0,0.0,0.0,1,3,3,4,63.0,12.6,2.6,2.0591260281974,0.326890749443642
815,73,2023,6.0,5.0,0.8333333333333334,1.0,0.16666666666666666,0.0,0.0,0.0,0.0,0.0,0.0,1,4,4,5,82.0,13.666666666666666,2.5,1.8929694486000914,0.3456655930064869
815,73,2024,7.0,6.0,0.8571428571428571,1.0,0.14285714285714285,0.0,0.0,0.0,0.0,0.0,0.0,2,5,5,6,107.0,15.285714285714286,2.2857142857142856,1.8294640678379568,0.35342382020921637
815,75,2020,8.0,7.0,0.875,1.0,0.125,0.0,0.0,0.0,0.0,0.0,0.0,2,5,5,6,107.0,13.375,4.125,5.158427570490837,0.16237911196547503
815,75,2021,1.0,1.0,1.0,0.0,0.0,0.0,0.0,0.0,0.0,0.0,0.0,0,0,0,1,6.0,6.0,7.0,0.0,1.0
815,76,2020,2.0,2.0,1.0,0.0,0.0,0.0,0.0,0.0,0.0,0.0,0.0,0,0,1,2,18.0,9.0,5.5,1.5,0.4
815,77,2021,1.0,1.0,1.0,0.0,0.0,0.0,0.0,0.0,0.0,0.0,0.0,0,0,1,1,10.0,10.0,5.0,0.0,1.0
815,77,2022,1.0,0.0,0.0,1.0,1.0,0.0,0.0,1.0,1.0,0.0,0.0,0,0,0,0,0.0,0.0,0.0,0.0,1.0
815,77,2023,2.0,1.0,0.5,1.0,0.5,0.0,0.0,1.0,0.5,0.0,0.0,0,0,1,1,12.0,6.0,2.0,2.0,0.3333333333333333
815,77,2024,3.0,2.0,0.6666666666666666,1.0,0.3333333333333333,0.0,0.0,1.0,0.3333333333333333,0.0,0.0,1,1,2,2,37.0,12.333333333333334,1.6666666666666667,1.699673171197595,0.37041520828107966
815,78,2021,4.0,3.0,0.75,1.0,0.25,0.0,0.0,1.0,0.25,0.0,0.0,1,2,3,3,55.0,13.75,1.75,1.479019945774904,0.40338521749465606
815,78,2023,1.0,1.0,1.0,0.0,0.0,0.0,0.0,0.0,0.0,0.0,0.0,0,0,1,1,12.0,12.0,4.0,0.0,1.0
815,78,2024,2.0,2.0,1.0,0.0,0.0,0.0,0.0,0.0,0.0,0.0,0.0,0,0,1,2,13.0,6.5,7.0,3.0,0.25
815,79,2022,3.0,2.0,0.6666666666666666,1.0,0.3333333333333333,0.0,0.0,1.0,0.3333333333333333,0.0,0.0,0,0,1,2,13.0,4.333333333333333,4.666666666666667,4.10960933531265,0.19570967844625078
815,79,2023,1.0,1.0,1.0,0.0,0.0,0.0,0.0,0.0,0.0,0.0,0.0,0,0,1,1,12.0,12.0,4.0,0.0,1.0
815,79,2024,2.0,2.0,1.0,0.0,0.0,0.0,0.0,0.0,0.0,0.0,0.0,0,1,2,2,30.0,15.0,3.0,1.0,0.5
815,80,2023,3.0,3.0,1.0,0.0,0.0,0.0,0.0,0.0,0.0,0.0,0.0,0,1,3,3,42.0,14.0,3.3333333333333335,0.9428090415820626,0.5147186257614299
815,80,2024,1.0,1.0,1.0,0.0,0.0,0.0,0.0,0.0,0.0,0.0,0.0,0,1,1,1,15.0,15.0,3.0,0.0,1.0
817,1,2015,2.0,2.0,1.0,0.0,0.0,0.0,0.0,0.0,0.0,0.0,0.0,0,1,1,2,16.0,8.0,6.5,3.5,0.2222222222222222
817,1,2016,1.0,1.0,1.0,0.0,0.0,0.0,0.0,0.0,0.0,0.0,0.0,0,0,0,1,8.0,8.0,6.0,0.0,1.0
817,1,2017,2.0,2.0,1.0,0.0,0.0,0.0,0.0,0.0,0.0,0.0,0.0,0,0,1,2,20.0,10.0,5.0,1.0,0.5
817,1,2018,3.0,2.0,0.6666666666666666,1.0,0.3333333333333333,1.0,0.3333333333333333,0.0,0.0,0.0,0.0,0,0,1,2,20.0,6.666666666666667,3.3333333333333335,2.4944382578492936,0.28616902809880107
817,1,2019,4.0,3.0,0.75,1.0,0.25,1.0,0.25,0.0,0.0,0.0,0.0,0,0,2,3,32.0,8.0,3.5,2.179449471770337,0.31451985913875646
817,1,2022,5.0,3.0,0.6,2.0,0.4,1.0,0.2,1.0,0.2,0.0,0.0,0,0,2,3,32.0,6.4,2.8,2.4000000000000004,0.2941176470588235
817,1,2024,6.0,4.0,0.6666666666666666,2.0,0.3333333333333333,1.0,0.16666666666666666,1.0,0.16666666666666666,0.0,0.0,0,0,2,4,40.0,6.666666666666667,3.3333333333333335,2.4944382578492936,0.28616902809880107
817,2,2015,7.0,5.0,0.7142857142857143,2.0,0.2857142857142857,1.0,0.14285714285714285,1.0,0.14285714285714285,0.0,0.0,0,0,2,4,40.0,5.714285714285714,4.571428571428571,3.81190401832181,0.20781794403886675
817,2,2016,1.0,1.0,1.0,0.0,0.0,0.0,0.0,0.0,0.0,0.0,0.0,0,0,0,1,1.0,1.0,10.0,0.0,1.0
817,2,2017,2.0,2.0,1.0,0.0,0.0,0.0,0.0,0.0,0.0,0.0,0.0,1,1,1,2,26.0,13.0,5.5,4.5,0.18181818181818182
817,3,2015,3.0,3.0,1.0,0.0,0.0,0.0,0.0,0.0,0.0,0.0,0.0,1,2,2,3,41.0,13.666666666666666,4.666666666666667,3.858612300930074,0.20582008566696544
817,3,2016,1.0,1.0,1.0,0.0,0.0,0.0,0.0,0.0,0.0,0.0,0.0,0,0,0,1,8.0,8.0,6.0,0.0,1.0
817,3,2017,2.0,2.0,1.0,0.0,0.0,0.0,0.0,0.0,0.0,0.0,0.0,0,0,1,2,20.0,10.0,5.0,1.0,0.5
817,3,2018,3.0,3.0,1.0,0.0,0.0,0.0,0.0,0.0,0.0,0.0,0.0,0,0,2,3,30.0,10.0,5.0,0.8164965809277268,0.5505102572168217
817,3,2019,4.0,3.0,0.75,1.0,0.25,1.0,0.25,0.0,0.0,0.0,0.0,0,0,2,3,30.0,7.5,3.75,2.277608394786075,0.30510051218771933
817,3,2020,5.0,4.0,0.8,1.0,0.2,1.0,0.2,0.0,0.0,0.0,0.0,0,0,2,3,30.0,6.0,3.0,2.5298221281347035,0.28330039409901914
817,3,2021,7.0,6.0,0.8571428571428571,1.0,0.14285714285714285,1.0,0.14285714285714285,0.0,0.0,0.0,0.0,0,0,3,5,46.0,6.571428571428571,3.857142857142857,2.5872528966106905,0.27876484564130405
817,3,2022,8.0,7.0,0.875,1.0,0.125,1.0,0.125,0.0,0.0,0.0,0.0,0,0,3,6,52.0,6.5,4.25,2.6339134382131846,0.2751854211727469
817,3,2024,9.0,8.0,0.8888888888888888,1.0,0.1111111111111111,1.0,0.1111111111111111,0.0,0.0,0.0,0.0,0,0,3,6,52.0,5.777777777777778,5.333333333333333,3.9440531887330774,0.2022631961725015
817,4,2015,10.0,9.0,0.9,1.0,0.1,1.0,0.1,0.0,0.0,0.0,0.0,0,0,3,6,52.0,5.2,6.1,4.39203825119955,0.18545862499724164
817,4,2016,1.0,1.0,1.0,0.0,0.0,0.0,0.0,0.0,0.0,0.0,0.0,0,0,0,1,6.0,6.0,7.0,0.0,1.0
817,4,2017,2.0,2.0,1.0,0.0,0.0,0.0,0.0,0.0,0.0,0.0,0.0,0,0,1,2,18.0,9.0,5.5,1.5,0.4
817,4,2018,3.0,3.0,1.0,0.0,0.0,0.0,0.0,0.0,0.0,0.0,0.0,0,1,2,3,33.0,11.0,4.666666666666667,1.699673171197594,0.37041520828107977
817,4,2019,4.0,4.0,1.0,0.0,0.0,0.0,0.0,0.0,0.0,0.0,0.0,0,1,3,4,43.0,10.75,4.75,1.479019945774904,0.40338521749465606
817,4,2020,5.0,5.0,1.0,0.0,0.0,0.0,0.0,0.0,0.0,0.0,0.0,0,1,3,4,43.0,8.6,6.2,3.187475490101845,0.2388073679150487
817,4,2021,6.0,6.0,1.0,0.0,0.0,0.0,0.0,0.0,0.0,0.0,0.0,0,1,3,4,43.0,7.166666666666667,7.0,3.415650255319866,0.22646721143623746
817,4,2022,7.0,7.0,1.0,0.0,0.0,0.0,0.0,0.0,0.0,0.0,0.0,0,1,3,5,51.0,7.285714285714286,6.857142857142857,3.181579635902871,0.23914407641888272
817,4,2024,8.0,8.0,1.0,0.0,0.0,0.0,0.0,0.0,0.0,0.0,0.0,0,1,3,5,51.0,6.375,7.5,3.427827300200522,0.22584440001865322
817,5,2020,9.0,9.0,1.0,0.0,0.0,0.0,0.0,0.0,0.0,0.0,0.0,0,1,3,5,51.0,5.666666666666667,8.333333333333334,3.9999999999999982,0.20000000000000007
817,5,2021,1.0,1.0,1.0,0.0,0.0,0.0,0.0,0.0,0.0,0.0,0.0,0,0,0,1,1.0,1.0,10.0,0.0,1.0
817,6,2015,2.0,2.0,1.0,0.0,0.0,0.0,0.0,0.0,0.0,0.0,0.0,0,0,0,1,1.0,0.5,11.5,1.5,0.4
817,6,2016,1.0,1.0,1.0,0.0,0.0,0.0,0.0,0.0,0.0,0.0,0.0,0,0,1,1,10.0,10.0,5.0,0.0,1.0
817,6,2017,2.0,2.0,1.0,0.0,0.0,0.0,0.0,0.0,0.0,0.0,0.0,0,1,2,2,28.0,14.0,3.5,1.5,0.4
817,6,2018,3.0,3.0,1.0,0.0,0.0,0.0,0.0,0.0,0.0,0.0,0.0,0,2,3,3,43.0,14.333333333333334,3.3333333333333335,1.2472191289246464,0.444994432064365
817,6,2019,4.0,4.0,1.0,0.0,0.0,0.0,0.0,0.0,0.0,0.0,0.0,1,3,4,4,68.0,17.0,2.75,1.479019945774904,0.40338521749465606
817,6,2021,5.0,5.0,1.0,0.0,0.0,0.0,0.0,0.0,0.0,0.0,0.0,1,3,4,5,70.0,14.0,4.0,2.8284271247461903,0.2612038749637414
817,6,2022,6.0,6.0,1.0,0.0,0.0,0.0,0.0,0.0,0.0,0.0,0.0,1,3,4,5,70.0,11.666666666666666,5.333333333333333,3.9440531887330774,0.2022631961725015
817,6,2024,7.0,7.0,1.0,0.0,0.0,0.0,0.0,0.0,0.0,0.0,0.0,1,3,4,5,70.0,10.0,6.428571428571429,4.531071864901058,0.1807967830513604
817,7,2015,8.0,8.0,1.0,0.0,0.0,0.0,0.0,0.0,0.0,0.0,0.0,1,3,4,5,70.0,8.75,7.125,4.621620386834038,0.17788465445692894
817,7,2016,1.0,1.0,1.0,0.0,0.0,0.0,0.0,0.0,0.0,0.0,0.0,0,0,0,0,0.0,0.0,13.0,0.0,1.0
817,7,2017,2.0,2.0,1.0,0.0,0.0,0.0,0.0,0.0,0.0,0.0,0.0,0,0,0,1,6.0,3.0,10.0,3.0,0.25
817,7,2018,3.0,3.0,1.0,0.0,0.0,0.0,0.0,0.0,0.0,0.0,0.0,0,1,1,2,21.0,7.0,7.666666666666667,4.10960933531265,0.19570967844625078
817,7,2019,4.0,4.0,1.0,0.0,0.0,0.0,0.0,0.0,0.0,0.0,0.0,0,1,2,3,33.0,8.25,6.75,3.897114317029974,0.20420189018713472
817,7,2022,5.0,5.0,1.0,0.0,0.0,0.0,0.0,0.0,0.0,0.0,0.0,0,1,2,4,41.0,8.2,6.6,3.4985711369071804,0.22229280577466015
817,7,2024,6.0,6.0,1.0,0.0,0.0,0.0,0.0,0.0,0.0,0.0,0.0,0,1,2,4,41.0,6.833333333333333,7.333333333333333,3.5901098714230044,0.2178597088112805
817,9,2015,7.0,7.0,1.0,0.0,0.0,0.0,0.0,0.0,0.0,0.0,0.0,0,1,2,5,45.0,6.428571428571429,7.428571428571429,3.3319725113401724,0.23084172334478464
817,9,2016,1.0,0.0,0.0,1.0,1.0,1.0,1.0,0.0,0.0,0.0,0.0,0,0,0,0,0.0,0.0,0.0,0.0,1.0
817,9,2017,2.0,1.0,0.5,1.0,0.5,1.0,0.5,0.0,0.0,0.0,0.0,0,0,1,1,12.0,6.0,2.0,2.0,0.3333333333333333
817,9,2018,3.0,2.0,0.6666666666666666,1.0,0.3333333333333333,1.0,0.3333333333333333,0.0,0.0,0.0,0.0,0,0,2,2,22.0,7.333333333333333,3.0,2.1602468994692865,0.3164309725825328
817,9,2019,4.0,3.0,0.75,1.0,0.25,1.0,0.25,0.0,0.0,0.0,0.0,0,0,3,3,32.0,8.0,3.5,2.0615528128088303,0.3266316347104093
817,9,2020,5.0,4.0,0.8,1.0,0.2,1.0,0.2,0.0,0.0,0.0,0.0,0,0,3,4,38.0,7.6,4.2,2.315167380558045,0.30164389462340485
817,9,2021,7.0,6.0,0.8571428571428571,1.0,0.14285714285714285,1.0,0.14285714285714285,0.0,0.0,0.0,0.0,0,0,4,5,50.0,7.142857142857143,5.571428571428571,3.9589732744431485,0.20165464596344124
817,9,2022,8.0,7.0,0.875,1.0,0.125,1.0,0.125,0.0,0.0,0.0,0.0,0,0,5,6,60.0,7.5,5.5,3.7080992435478315,0.21239994067041815
817,9,2024,9.0,8.0,0.8888888888888888,1.0,0.1111111111111111,1.0,0.1111111111111111,0.0,0.0,0.0,0.0,0,0,5,6,60.0,6.666666666666667,6.333333333333333,4.216370213557839,0.19170418491404337
817,10,2016,10.0,9.0,0.9,1.0,0.1,1.0,0.1,0.0,0.0,0.0,0.0,0,0,5,6,60.0,6.0,7.0,4.47213595499958,0.1827439976315568
817,10,2018,1.0,1.0,1.0,0.0,0.0,0.0,0.0,0.0,0.0,0.0,0.0,0,1,1,1,18.0,18.0,2.0,0.0,1.0
817,10,2019,2.0,1.0,0.5,1.0,0.5,1.0,0.5,0.0,0.0,0.0,0.0,0,1,1,1,18.0,9.0,1.0,1.0,0.5
817,11,2015,3.0,1.0,0.3333333333333333,2.0,0.6666666666666666,2.0,0.6666666666666666,0.0,0.0,0.0,0.0,0,1,1,1,18.0,6.0,0.6666666666666666,0.9428090415820634,0.5147186257614297
817,11,2016,1.0,1.0,1.0,0.0,0.0,0.0,0.0,0.0,0.0,0.0,0.0,0,1,1,1,15.0,15.0,3.0,0.0,1.0
817,11,2017,2.0,2.0,1.0,0.0,0.0,0.0,0.0,0.0,0.0,0.0,0.0,0,2,2,2,30.0,15.0,3.0,0.0,1.0
817,11,2018,3.0,2.0,0.6666666666666666,1.0,0.3333333333333333,0.0,0.0,1.0,0.3333333333333333,0.0,0.0,0,2,2,2,30.0,10.0,2.0,1.4142135623730951,0.4142135623730951
817,11,2019,4.0,3.0,0.75,1.0,0.25,0.0,0.0,1.0,0.25,0.0,0.0,0,2,3,3,42.0,10.5,2.5,1.5,0.4
817,11,2020,5.0,4.0,0.8,1.0,0.2,0.0,0.0,1.0,0.2,0.0,0.0,0,2,3,3,42.0,8.4,4.8,4.791659420284375,0.1726620865338969
817,11,2021,6.0,5.0,0.8333333333333334,1.0,0.16666666666666666,0.0,0.0,1.0,0.16666666666666666,0.0,0.0,0,2,3,4,46.0,7.666666666666667,5.333333333333333,4.533823502911814,0.18070688367162688
817,11,2022,7.0,6.0,0.8571428571428571,1.0,0.14285714285714285,0.0,0.0,1.0,0.14285714285714285,0.0,0.0,0,2,3,4,46.0,6.571428571428571,6.142857142857143,4.642307659791977,0.17723244819245967
817,11,2023,8.0,7.0,0.875,1.0,0.125,0.0,0.0,1.0,0.125,0.0,0.0,0,2,3,4,46.0,5.75,7.25,5.238081709939241,0.1603056911560942
817,11,2024,9.0,8.0,0.8888888888888888,1.0,0.1111111111111111,0.0,0.0,1.0,0.1111111111111111,0.0,0.0,0,2,3,4,46.0,5.111111111111111,7.888888888888889,5.258737584977435,0.15977663009873663
817,13,2015,10.0,9.0,0.9,1.0,0.1,0.0,0.0,1.0,0.1,0.0,0.0,0,2,3,4,46.0,4.6,8.3,5.139066063011837,0.16289122640739234
817,13,2016,1.0,0.0,0.0,1.0,1.0,1.0,1.0,0.0,0.0,0.0,0.0,0,0,0,0,0.0,0.0,0.0,0.0,1.0
817,13,2017,2.0,1.0,0.5,1.0,0.5,1.0,0.5,0.0,0.0,0.0,0.0,0,1,1,1,18.0,9.0,1.0,1.0,0.5
817,13,2018,3.0,2.0,0.6666666666666666,1.0,0.3333333333333333,1.0,0.3333333333333333,0.0,0.0,0.0,0.0,0,2,2,2,33.0,11.0,1.6666666666666667,1.2472191289246468,0.4449944320643649
817,13,2019,4.0,2.0,0.5,2.0,0.5,1.0,0.25,0.0,0.0,1.0,0.25,0,2,2,2,33.0,8.25,1.25,1.299038105676658,0.4349645173478661
817,13,2020,5.0,3.0,0.6,2.0,0.4,1.0,0.2,0.0,0.0,1.0,0.2,0,2,2,2,33.0,6.6,3.8,5.230678732248808,0.16049615827954508
817,13,2021,6.0,4.0,0.6666666666666666,2.0,0.3333333333333333,1.0,0.16666666666666666,0.0,0.0,1.0,0.16666666666666666,0,2,3,3,46.0,7.666666666666667,3.8333333333333335,4.775516260631467,0.17314469475507369
817,13,2022,7.0,5.0,0.7142857142857143,2.0,0.2857142857142857,1.0,0.14285714285714285,0.0,0.0,1.0,0.14285714285714285,0,2,4,4,52.0,7.428571428571429,3.857142857142857,4.421653583012047,0.18444557268161743
817,13,2023,8.0,6.0,0.75,2.0,0.25,1.0,0.125,0.0,0.0,1.0,0.125,0,2,4,4,52.0,6.5,5.25,5.539629951540085,0.15291385099924495
817,13,2024,9.0,7.0,0.7777777777777778,2.0,0.2222222222222222,1.0,0.1111111111111111,0.0,0.0,1.0,0.1111111111111111,0,2,4,4,52.0,5.777777777777778,6.444444444444445,6.220237778790403,0.13849959386898872
817,14,2015,10.0,8.0,0.8,2.0,0.2,1.0,0.1,0.0,0.0,1.0,0.1,0,2,4,5,53.0,5.3,6.8,5.99666574022598,0.14292522140234495
817,14,2016,1.0,1.0,1.0,0.0,0.0,0.0,0.0,0.0,0.0,0.0,0.0,0,0,0,1,4.0,4.0,8.0,0.0,1.0
817,14,2017,2.0,2.0,1.0,0.0,0.0,0.0,0.0,0.0,0.0,0.0,0.0,0,0,1,2,14.0,7.0,6.5,1.5,0.4
817,14,2018,3.0,3.0,1.0,0.0,0.0,0.0,0.0,0.0,0.0,0.0,0.0,0,0,2,3,26.0,8.666666666666666,5.666666666666667,1.699673171197594,0.37041520828107977
817,14,2019,4.0,3.0,0.75,1.0,0.25,1.0,0.25,0.0,0.0,0.0,0.0,0,0,2,3,26.0,6.5,4.25,2.8613807855648994,0.2589747179916381
817,14,2020,5.0,4.0,0.8,1.0,0.2,1.0,0.2,0.0,0.0,0.0,0.0,0,0,3,4,38.0,7.6,4.2,2.561249694973139,0.2808003048512841
817,14,2021,6.0,5.0,0.8333333333333334,1.0,0.16666666666666666,1.0,0.16666666666666666,0.0,0.0,0.0,0.0,0,0,3,5,46.0,7.666666666666667,4.5,2.4324199198877374,0.2913396447229296
817,14,2022,7.0,6.0,0.8571428571428571,1.0,0.14285714285714285,1.0,0.14285714285714285,0.0,0.0,0.0,0.0,1,1,4,6,72.0,10.285714285714286,4.0,2.563479777846623,0.2806245755109323
817,14,2024,8.0,6.0,0.75,2.0,0.25,2.0,0.25,0.0,0.0,0.0,0.0,1,1,4,6,72.0,9.0,3.5,2.7386127875258306,0.2674788903885893
817,15,2015,9.0,7.0,0.7777777777777778,2.0,0.2222222222222222,2.0,0.2222222222222222,0.0,0.0,0.0,0.0,1,1,4,6,72.0,8.0,4.555555555555555,3.947182148518136,0.20213527013545216
817,15,2016,1.0,1.0,1.0,0.0,0.0,0.0,0.0,0.0,0.0,0.0,0.0,0,1,1,1,18.0,18.0,2.0,0.0,1.0
817,15,2017,2.0,2.0,1.0,0.0,0.0,0.0,0.0,0.0,0.0,0.0,0.0,0,2,2,2,36.0,18.0,2.0,0.0,1.0
817,15,2018,3.0,3.0,1.0,0.0,0.0,0.0,0.0,0.0,0.0,0.0,0.0,0,3,3,3,54.0,18.0,2.0,0.0,1.0
817,15,2019,4.0,4.0,1.0,0.0,0.0,0.0,0.0,0.0,0.0,0.0,0.0,0,3,3,4,62.0,15.5,3.0,1.7320508075688772,0.36602540378443865
817,15,2022,5.0,5.0,1.0,0.0,0.0,0.0,0.0,0.0,0.0,0.0,0.0,0,3,3,4,62.0,12.4,5.2,4.66476151587624,0.17652993814432758
817,15,2024,6.0,6.0,1.0,0.0,0.0,0.0,0.0,0.0,0.0,0.0,0.0,0,3,4,5,72.0,12.0,5.166666666666667,4.258977446393546,0.1901510341493803
817,17,2015,7.0,7.0,1.0,0.0,0.0,0.0,0.0,0.0,0.0,0.0,0.0,0,3,4,5,72.0,10.285714285714286,7.0,5.976143046671968,0.143345684472032
817,17,2016,1.0,1.0,1.0,0.0,0.0,0.0,0.0,0.0,0.0,0.0,0.0,0,0,0,1,2.0,2.0,9.0,0.0,1.0
817,17,2017,2.0,2.0,1.0,0.0,0.0,0.0,0.0,0.0,0.0,0.0,0.0,0,0,1,2,14.0,7.0,6.5,2.5,0.2857142857142857
817,17,2018,3.0,3.0,1.0,0.0,0.0,0.0,0.0,0.0,0.0,0.0,0.0,0,0,2,3,26.0,8.666666666666666,5.666666666666667,2.357022603955157,0.29788301062430317
817,17,2019,4.0,4.0,1.0,0.0,0.0,0.0,0.0,0.0,0.0,0.0,0.0,1,1,3,4,51.0,12.75,4.5,2.8722813232690143,0.25824569976124334
817,17,2024,5.0,5.0,1.0,0.0,0.0,0.0,0.0,0.0,0.0,0.0,0.0,1,1,3,5,57.0,11.4,5.0,2.7568097504180447,0.2661832955178855
817,18,2015,6.0,5.0,0.8333333333333334,1.0,0.16666666666666666,0.0,0.0,0.0,0.0,1.0,0.16666666666666666,1,1,3,5,57.0,9.5,4.166666666666667,3.1313823713426556,0.24204973302314076
817,18,2016,1.0,1.0,1.0,0.0,0.0,0.0,0.0,0.0,0.0,0.0,0.0,0,0,0,0,0.0,0.0,11.0,0.0,1.0
817,18,2017,2.0,2.0,1.0,0.0,0.0,0.0,0.0,0.0,0.0,0.0,0.0,0,0,0,1,4.0,2.0,9.5,1.5,0.4
817,18,2018,3.0,3.0,1.0,0.0,0.0,0.0,0.0,0.0,0.0,0.0,0.0,0,0,0,2,12.0,4.0,8.333333333333334,2.0548046676563234,0.32735317272092884
817,18,2019,4.0,4.0,1.0,0.0,0.0,0.0,0.0,0.0,0.0,0.0,0.0,0,0,1,3,24.0,6.0,7.25,2.5860201081971503,0.2788606783643341
817,18,2021,5.0,5.0,1.0,0.0,0.0,0.0,0.0,0.0,0.0,0.0,0.0,0,0,1,4,32.0,6.4,7.0,2.366431913239847,0.2970504159217057
817,18,2022,6.0,5.0,0.8333333333333334,1.0,0.16666666666666666,1.0,0.16666666666666666,0.0,0.0,0.0,0.0,0,0,1,4,32.0,5.333333333333333,5.833333333333333,3.387066905483597,0.22794272837509136
817,18,2023,7.0,5.0,0.7142857142857143,2.0,0.2857142857142857,1.0,0.14285714285714285,1.0,0.14285714285714285,0.0,0.0,0,0,1,4,32.0,4.571428571428571,5.0,3.7416573867739413,0.21089672205953397
817,20,2020,8.0,6.0,0.75,2.0,0.25,1.0,0.125,1.0,0.125,0.0,0.0,0,0,1,4,32.0,4.0,6.0,4.387482193696061,0.1856154626682773
817,21,2020,1.0,1.0,1.0,0.0,0.0,0.0,0.0,0.0,0.0,0.0,0.0,0,1,1,1,15.0,15.0,3.0,0.0,1.0
817,21,2021,1.0,1.0,1.0,0.0,0.0,0.0,0.0,0.0,0.0,0.0,0.0,0,1,1,1,15.0,15.0,3.0,0.0,1.0
817,21,2022,2.0,2.0,1.0,0.0,0.0,0.0,0.0,0.0,0.0,0.0,0.0,0,1,1,2,23.0,11.5,4.5,1.5,0.4
817,21,2024,3.0,3.0,1.0,0.0,0.0,0.0,0.0,0.0,0.0,0.0,0.0,0,1,1,2,23.0,7.666666666666667,9.0,6.48074069840786,0.13367660240019172
817,22,2015,4.0,4.0,1.0,0.0,0.0,0.0,0.0,0.0,0.0,0.0,0.0,0,1,1,2,23.0,5.75,10.0,5.873670062235365,0.14548268842493628
817,22,2016,1.0,1.0,1.0,0.0,0.0,0.0,0.0,0.0,0.0,0.0,0.0,0,0,0,0,0.0,0.0,15.0,0.0,1.0
817,22,2017,2.0,2.0,1.0,0.0,0.0,0.0,0.0,0.0,0.0,0.0,0.0,0,0,0,1,8.0,4.0,10.5,4.5,0.18181818181818182
817,22,2018,3.0,3.0,1.0,0.0,0.0,0.0,0.0,0.0,0.0,0.0,0.0,0,1,1,2,23.0,7.666666666666667,8.0,5.0990195135927845,0.1639607805437114
817,22,2019,4.0,4.0,1.0,0.0,0.0,0.0,0.0,0.0,0.0,0.0,0.0,0,1,2,3,35.0,8.75,7.0,4.743416490252569,0.17411239489546831
817,22,2022,5.0,5.0,1.0,0.0,0.0,0.0,0.0,0.0,0.0,0.0,0.0,0,1,2,3,35.0,7.0,5.6,5.083306010855535,0.16438429995392645
817,22,2024,6.0,6.0,1.0,0.0,0.0,0.0,0.0,0.0,0.0,0.0,0.0,0,1,2,3,35.0,5.833333333333333,6.5,5.0579969684978385,0.16507106312533587
817,24,2015,7.0,6.0,0.8571428571428571,1.0,0.14285714285714285,0.0,0.0,1.0,0.14285714285714285,0.0,0.0,0,1,2,3,35.0,5.0,5.571428571428571,5.205962045225315,0.16113537155280713
817,24,2016,1.0,1.0,1.0,0.0,0.0,0.0,0.0,0.0,0.0,0.0,0.0,0,0,0,1,8.0,8.0,6.0,0.0,1.0
817,24,2017,2.0,2.0,1.0,0.0,0.0,0.0,0.0,0.0,0.0,0.0,0.0,0,0,1,2,18.0,9.0,5.5,0.5,0.6666666666666666
817,24,2018,3.0,2.0,0.6666666666666666,1.0,0.3333333333333333,1.0,0.3333333333333333,0.0,0.0,0.0,0.0,0,0,1,2,18.0,6.0,3.6666666666666665,2.6246692913372702,0.275887238151612
817,24,2019,4.0,3.0,0.75,1.0,0.25,1.0,0.25,0.0,0.0,0.0,0.0,0,0,2,3,30.0,7.5,3.75,2.277608394786075,0.30510051218771933
817,24,2020,5.0,4.0,0.8,1.0,0.2,1.0,0.2,0.0,0.0,0.0,0.0,0,0,2,3,30.0,6.0,5.2,3.54400902933387,0.220069985236494
817,24,2021,6.0,5.0,0.8333333333333334,1.0,0.16666666666666666,1.0,0.16666666666666666,0.0,0.0,0.0,0.0,0,0,2,4,37.0,6.166666666666667,5.5,3.3040379335998344,0.23233995969073964
817,24,2022,7.0,6.0,0.8571428571428571,1.0,0.14285714285714285,1.0,0.14285714285714285,0.0,0.0,0.0,0.0,0,0,2,4,37.0,5.285714285714286,6.428571428571429,3.8119040183218087,0.20781794403886683
817,24,2023,8.0,7.0,0.875,1.0,0.125,1.0,0.125,0.0,0.0,0.0,0.0,0,0,2,5,39.0,4.875,6.75,3.665719574653795,0.21432921203246594
817,32,2015,9.0,8.0,0.8888888888888888,1.0,0.1111111111111111,1.0,0.1111111111111111,0.0,0.0,0.0,0.0,0,0,2,5,39.0,4.333333333333333,7.222222222222222,3.7051848890073478,0.21253149952434067
817,32,2016,1.0,1.0,1.0,0.0,0.0,0.0,0.0,0.0,0.0,0.0,0.0,0,0,1,1,10.0,10.0,5.0,0.0,1.0
817,32,2017,2.0,2.0,1.0,0.0,0.0,0.0,0.0,0.0,0.0,0.0,0.0,0,1,2,2,25.0,12.5,4.0,1.0,0.5
817,32,2018,3.0,2.0,0.6666666666666666,1.0,0.3333333333333333,1.0,0.3333333333333333,0.0,0.0,0.0,0.0,0,1,2,2,25.0,8.333333333333334,2.6666666666666665,2.0548046676563256,0.32735317272092856
817,32,2019,4.0,2.0,0.5,2.0,0.5,2.0,0.5,0.0,0.0,0.0,0.0,0,1,2,2,25.0,6.25,2.0,2.1213203435596424,0.32037724101704074
817,32,2021,5.0,3.0,0.6,2.0,0.4,2.0,0.4,0.0,0.0,0.0,0.0,0,1,2,3,29.0,5.8,3.2,3.059411708155671,0.2463411134157501
817,32,2022,6.0,4.0,0.6666666666666666,2.0,0.3333333333333333,2.0,0.3333333333333333,0.0,0.0,0.0,0.0,0,1,2,3,29.0,4.833333333333333,4.666666666666667,4.307615994440028,0.1884085060124067
817,32,2023,7.0,5.0,0.7142857142857143,2.0,0.2857142857142857,2.0,0.2857142857142857,0.0,0.0,0.0,0.0,0,1,2,4,35.0,5.0,5.0,4.070801956792859,0.19720746511513776
817,34,2018,8.0,6.0,0.75,2.0,0.25,2.0,0.25,0.0,0.0,0.0,0.0,0,1,2,5,41.0,5.125,5.25,3.8649062084350767,0.20555380867695616
817,34,2019,1.0,1.0,1.0,0.0,0.0,0.0,0.0,0.0,0.0,0.0,0.0,0,0,1,1,12.0,12.0,4.0,0.0,1.0
817,34,2021,2.0,2.0,1.0,0.0,0.0,0.0,0.0,0.0,0.0,0.0,0.0,0,0,1,1,12.0,6.0,7.5,3.5,0.2222222222222222
817,34,2022,3.0,3.0,1.0,0.0,0.0,0.0,0.0,0.0,0.0,0.0,0.0,0,0,1,2,20.0,6.666666666666667,7.0,2.9439202887759484,0.2535548202751238
817,39,2021,4.0,4.0,1.0,0.0,0.0,0.0,0.0,0.0,0.0,0.0,0.0,0,0,1,3,22.0,5.5,7.5,2.692582403567252,0.2708131845707603
817,39,2022,1.0,1.0,1.0,0.0,0.0,0.0,0.0,0.0,0.0,0.0,0.0,0,0,0,0,0.0,0.0,11.0,0.0,1.0
817,39,2024,2.0,2.0,1.0,0.0,0.0,0.0,0.0,0.0,0.0,0.0,0.0,0,0,0,0,0.0,0.0,14.0,3.0,0.25
817,69,2015,3.0,3.0,1.0,0.0,0.0,0.0,0.0,0.0,0.0,0.0,0.0,0,0,0,0,0.0,0.0,13.333333333333334,2.6246692913372645,0.27588723815161237
817,69,2016,1.0,1.0,1.0,0.0,0.0,0.0,0.0,0.0,0.0,0.0,0.0,0,0,0,1,1.0,1.0,10.0,0.0,1.0
817,69,2017,2.0,2.0,1.0,0.0,0.0,0.0,0.0,0.0,0.0,0.0,0.0,0,1,1,2,16.0,8.0,6.5,3.5,0.2222222222222222
817,69,2018,3.0,2.0,0.6666666666666666,1.0,0.3333333333333333,1.0,0.3333333333333333,0.0,0.0,0.0,0.0,0,1,1,2,16.0,5.333333333333333,4.333333333333333,4.189935029992179,0.19268063939550067
817,69,2019,4.0,2.0,0.5,2.0,0.5,1.0,0.25,0.0,0.0,0.0,0.0,0,1,1,2,16.0,4.0,3.25,4.085033659592048,0.19665553208554887
817,69,2021,5.0,3.0,0.6,2.0,0.4,1.0,0.2,0.0,0.0,0.0,0.0,0,1,1,3,24.0,4.8,3.8,3.8157568056677826,0.20765168183390728
817,69,2022,6.0,4.0,0.6666666666666666,2.0,0.3333333333333333,1.0,0.16666666666666666,0.0,0.0,0.0,0.0,0,1,2,4,34.0,5.666666666666667,4.0,3.511884584284246,0.2216368750839041
817,69,2023,7.0,5.0,0.7142857142857143,2.0,0.2857142857142857,1.0,0.14285714285714285,0.0,0.0,0.0,0.0,0,1,2,4,34.0,4.857142857142857,5.714285714285714,5.310751512983173,0.15845973303539046
817,70,2015,8.0,6.0,0.75,2.0,0.25,1.0,0.125,0.0,0.0,0.0,0.0,0,1,2,4,34.0,4.25,6.875,5.840323193111833,0.14619192277449616
817,70,2016,1.0,1.0,1.0,0.0,0.0,0.0,0.0,0.0,0.0,0.0,0.0,0,0,0,1,1.0,1.0,10.0,0.0,1.0
817,70,2017,2.0,2.0,1.0,0.0,0.0,0.0,0.0,0.0,0.0,0.0,0.0,0,0,1,2,11.0,5.5,7.5,2.5,0.2857142857142857
817,70,2018,3.0,3.0,1.0,0.0,0.0,0.0,0.0,0.0,0.0,0.0,0.0,0,1,2,3,26.0,8.666666666666666,6.0,2.9439202887759484,0.2535548202751238
817,70,2019,4.0,3.0,0.75,1.0,0.25,1.0,0.25,0.0,0.0,0.0,0.0,0,1,2,3,26.0,6.5,4.5,3.640054944640259,0.21551468935838852
817,70,2020,5.0,4.0,0.8,1.0,0.2,1.0,0.2,0.0,0.0,0.0,0.0,0,1,2,3,26.0,5.2,6.0,4.427188724235731,0.1842574582922436
817,70,2021,7.0,5.0,0.7142857142857143,2.0,0.2857142857142857,2.0,0.2857142857142857,0.0,0.0,0.0,0.0,0,1,2,4,30.0,4.285714285714286,5.428571428571429,4.403152859263554,0.1850771255315363
817,70,2022,9.0,7.0,0.7777777777777778,2.0,0.2222222222222222,2.0,0.2222222222222222,0.0,0.0,0.0,0.0,0,1,2,5,36.0,4.0,6.444444444444445,4.5487754423241595,0.18021994409295108
817,70,2024,10.0,8.0,0.8,2.0,0.2,2.0,0.2,0.0,0.0,0.0,0.0,0,1,2,6,38.0,3.8,6.7,4.382921400162225,0.18577272927854066
817,71,2015,11.0,9.0,0.8181818181818182,2.0,0.18181818181818182,2.0,0.18181818181818182,0.0,0.0,0.0,0.0,0,1,2,7,40.0,3.6363636363636362,6.909090909090909,4.230936828443672,0.19117034535045682
817,71,2016,1.0,0.0,0.0,1.0,1.0,1.0,1.0,0.0,0.0,0.0,0.0,0,0,0,0,0.0,0.0,15.0,0.0,1.0
817,71,2017,2.0,1.0,0.5,1.0,0.5,1.0,0.5,0.0,0.0,0.0,0.0,0,0,0,0,0.0,0.0,13.0,2.0,0.3333333333333333
817,71,2018,3.0,1.0,0.3333333333333333,2.0,0.6666666666666666,2.0,0.6666666666666666,0.0,0.0,0.0,0.0,0,0,0,0,0.0,0.0,8.666666666666666,6.342099196813483,0.13620082938051373
817,71,2019,4.0,2.0,0.5,2.0,0.5,2.0,0.5,0.0,0.0,0.0,0.0,0,0,0,1,8.0,2.0,8.0,5.612486080160912,0.1512290518085545
817,71,2020,5.0,2.0,0.4,3.0,0.6,2.0,0.4,1.0,0.2,0.0,0.0,0,0,0,1,8.0,1.6,6.4,5.9531504264548865,0.1438196987936959
817,71,2021,6.0,3.0,0.5,3.0,0.5,2.0,0.3333333333333333,1.0,0.16666666666666666,0.0,0.0,0,0,1,2,18.0,3.0,6.166666666666667,5.459446451386399,0.15481202724195797
817,73,2016,7.0,4.0,0.5714285714285714,3.0,0.42857142857142855,2.0,0.2857142857142857,1.0,0.14285714285714285,0.0,0.0,0,0,2,3,30.0,4.285714285714286,5.857142857142857,5.11101251999952,0.16363900363929845
817,73,2017,1.0,1.0,1.0,0.0,0.0,0.0,0.0,0.0,0.0,0.0,0.0,0,0,0,1,6.0,6.0,7.0,0.0,1.0
817,73,2018,2.0,2.0,1.0,0.0,0.0,0.0,0.0,0.0,0.0,0.0,0.0,1,1,1,2,31.0,15.5,4.0,3.0,0.25
817,73,2019,3.0,2.0,0.6666666666666666,1.0,0.3333333333333333,0.0,0.0,1.0,0.3333333333333333,0.0,0.0,1,1,1,2,31.0,10.333333333333334,2.6666666666666665,3.091206165165235,0.24442669462970273
817,73,2021,4.0,2.0,0.5,2.0,0.5,0.0,0.0,2.0,0.5,0.0,0.0,1,1,1,2,31.0,7.75,2.0,2.9154759474226504,0.2553967929896867
817,73,2022,5.0,3.0,0.6,2.0,0.4,0.0,0.0,2.0,0.4,0.0,0.0,1,1,1,3,33.0,6.6,3.4,3.8262252939417984,0.20720126788429608
817,73,2024,6.0,4.0,0.6666666666666666,2.0,0.3333333333333333,0.0,0.0,2.0,0.3333333333333333,0.0,0.0,1,1,1,4,37.0,6.166666666666667,4.166666666666667,3.8908725099762504,0.20446249579399808
817,75,2020,7.0,5.0,0.7142857142857143,2.0,0.2857142857142857,0.0,0.0,2.0,0.2857142857142857,0.0,0.0,1,1,1,4,37.0,5.285714285714286,5.428571428571429,4.746642207381757,0.17401466176465033
817,75,2021,1.0,1.0,1.0,0.0,0.0,0.0,0.0,0.0,0.0,0.0,0.0,0,0,0,1,2.0,2.0,9.0,0.0,1.0
817,76,2020,2.0,2.0,1.0,0.0,0.0,0.0,0.0,0.0,0.0,0.0,0.0,0,0,0,2,4.0,2.0,9.0,0.0,1.0
817,77,2021,1.0,1.0,1.0,0.0,0.0,0.0,0.0,0.0,0.0,0.0,0.0,0,0,1,1,12.0,12.0,4.0,0.0,1.0
817,77,2022,1.0,1.0,1.0,0.0,0.0,0.0,0.0,0.0,0.0,0.0,0.0,0,0,1,1,10.0,10.0,5.0,0.0,1.0
817,77,2024,2.0,1.0,0.5,1.0,0.5,1.0,0.5,0.0,0.0,0.0,0.0,0,0,1,1,10.0,5.0,2.5,2.5,0.2857142857142857
817,78,2021,3.0,2.0,0.6666666666666666,1.0,0.3333333333333333,1.0,0.3333333333333333,0.0,0.0,0.0,0.0,0,0,1,1,10.0,3.3333333333333335,7.0,6.683312551921141,0.1301521958455223
817,79,2022,1.0,1.0,1.0,0.0,0.0,0.0,0.0,0.0,0.0,0.0,0.0,0,0,0,0,0.0,0.0,12.0,0.0,1.0
817,79,2024,1.0,1.0,1.0,0.0,0.0,0.0,0.0,0.0,0.0,0.0,0.0,0,0,0,0,0.0,0.0,13.0,0.0,1.0
817,80,2023,2.0,2.0,1.0,0.0,0.0,0.0,0.0,0.0,0.0,0.0,0.0,0,0,0,0,0.0,0.0,14.0,1.0,0.5
821,1,2016,1.0,1.0,1.0,0.0,0.0,0.0,0.0,0.0,0.0,0.0,0.0,0,0,0,0,0.0,0.0,14.0,0.0,1.0
821,2,2016,1.0,0.0,0.0,1.0,1.0,0.0,0.0,1.0,1.0,0.0,0.0,0,0,0,0,0.0,0.0,0.0,0.0,1.0
821,3,2016,1.0,0.0,0.0,1.0,1.0,1.0,1.0,0.0,0.0,0.0,0.0,0,0,0,0,0.0,0.0,0.0,0.0,1.0
821,4,2016,1.0,0.0,0.0,1.0,1.0,0.0,0.0,0.0,0.0,1.0,1.0,0,0,0,0,0.0,0.0,0.0,0.0,1.0
821,6,2016,1.0,1.0,1.0,0.0,0.0,0.0,0.0,0.0,0.0,0.0,0.0,0,0,0,0,0.0,0.0,11.0,0.0,1.0
821,7,2016,1.0,1.0,1.0,0.0,0.0,0.0,0.0,0.0,0.0,0.0,0.0,0,0,0,0,0.0,0.0,11.0,0.0,1.0
821,9,2016,1.0,1.0,1.0,0.0,0.0,0.0,0.0,0.0,0.0,0.0,0.0,0,0,0,0,0.0,0.0,13.0,0.0,1.0
821,10,2016,1.0,1.0,1.0,0.0,0.0,0.0,0.0,0.0,0.0,0.0,0.0,0,0,0,0,0.0,0.0,16.0,0.0,1.0
821,11,2016,1.0,1.0,1.0,0.0,0.0,0.0,0.0,0.0,0.0,0.0,0.0,0,0,0,0,0.0,0.0,11.0,0.0,1.0
821,13,2016,1.0,1.0,1.0,0.0,0.0,0.0,0.0,0.0,0.0,0.0,0.0,0,0,0,0,0.0,0.0,13.0,0.0,1.0
821,14,2016,1.0,1.0,1.0,0.0,0.0,0.0,0.0,0.0,0.0,0.0,0.0,0,0,0,0,0.0,0.0,12.0,0.0,1.0
821,15,2016,1.0,1.0,1.0,0.0,0.0,0.0,0.0,0.0,0.0,0.0,0.0,0,0,0,0,0.0,0.0,13.0,0.0,1.0
821,17,2016,1.0,1.0,1.0,0.0,0.0,0.0,0.0,0.0,0.0,0.0,0.0,0,0,0,0,0.0,0.0,11.0,0.0,1.0
821,18,2016,1.0,1.0,1.0,0.0,0.0,0.0,0.0,0.0,0.0,0.0,0.0,0,0,0,0,0.0,0.0,14.0,0.0,1.0
821,22,2016,1.0,0.0,0.0,1.0,1.0,0.0,0.0,0.0,0.0,1.0,1.0,0,0,0,0,0.0,0.0,0.0,0.0,1.0
821,24,2016,1.0,1.0,1.0,0.0,0.0,0.0,0.0,0.0,0.0,0.0,0.0,0,0,0,0,0.0,0.0,20.0,0.0,1.0
821,32,2016,1.0,1.0,1.0,0.0,0.0,0.0,0.0,0.0,0.0,0.0,0.0,0,0,0,0,0.0,0.0,12.0,0.0,1.0
821,69,2016,1.0,1.0,1.0,0.0,0.0,0.0,0.0,0.0,0.0,0.0,0.0,0,0,0,0,0.0,0.0,19.0,0.0,1.0
821,70,2016,1.0,0.0,0.0,1.0,1.0,1.0,1.0,0.0,0.0,0.0,0.0,0,0,0,0,0.0,0.0,0.0,0.0,1.0
821,71,2016,1.0,1.0,1.0,0.0,0.0,0.0,0.0,0.0,0.0,0.0,0.0,0,0,0,0,0.0,0.0,11.0,0.0,1.0
821,73,2016,1.0,1.0,1.0,0.0,0.0,0.0,0.0,0.0,0.0,0.0,0.0,0,0,0,0,0.0,0.0,17.0,0.0,1.0
822,1,2015,1.0,1.0,1.0,0.0,0.0,0.0,0.0,0.0,0.0,0.0,0.0,0,0,0,0,0.0,0.0,16.0,0.0,1.0
822,1,2016,1.0,0.0,0.0,1.0,1.0,0.0,0.0,0.0,0.0,1.0,1.0,0,0,0,0,0.0,0.0,0.0,0.0,1.0
822,1,2017,2.0,1.0,0.5,1.0,0.5,0.0,0.0,0.0,0.0,1.0,0.5,0,0,0,1,4.0,2.0,4.0,4.0,0.2
822,1,2018,3.0,2.0,0.6666666666666666,1.0,0.3333333333333333,0.0,0.0,0.0,0.0,1.0,0.3333333333333333,0,1,1,2,19.0,6.333333333333333,3.6666666666666665,3.2998316455372216,0.23256724505432583
822,1,2019,4.0,3.0,0.75,1.0,0.25,0.0,0.0,0.0,0.0,1.0,0.25,0,1,1,3,23.0,5.75,4.75,3.418698582794336,0.22631097850707232
822,1,2022,5.0,4.0,0.8,1.0,0.2,0.0,0.0,0.0,0.0,1.0,0.2,1,2,2,4,49.0,9.8,4.0,3.4058772731852804,0.226969554074083
822,1,2023,6.0,5.0,0.8333333333333334,1.0,0.16666666666666666,0.0,0.0,0.0,0.0,1.0,0.16666666666666666,1,2,2,5,53.0,8.833333333333334,4.666666666666667,3.4480268109295324,0.2248187887588348
822,1,2024,7.0,6.0,0.8571428571428571,1.0,0.14285714285714285,0.0,0.0,0.0,0.0,1.0,0.14285714285714285,1,2,2,5,53.0,7.571428571428571,5.571428571428571,3.88613443106727,0.20466076283979187
822,2,2015,8.0,7.0,0.875,1.0,0.125,0.0,0.0,0.0,0.0,1.0,0.125,1,2,2,5,53.0,6.625,6.625,4.580870550452174,0.17918351464342386
822,2,2016,1.0,1.0,1.0,0.0,0.0,0.0,0.0,0.0,0.0,0.0,0.0,0,0,1,1,10.0,10.0,5.0,0.0,1.0
822,2,2017,2.0,2.0,1.0,0.0,0.0,0.0,0.0,0.0,0.0,0.0,0.0,0,0,2,2,20.0,10.0,5.0,0.0,1.0
822,3,2015,3.0,3.0,1.0,0.0,0.0,0.0,0.0,0.0,0.0,0.0,0.0,0,0,3,3,30.0,10.0,5.0,0.0,1.0
822,3,2016,1.0,1.0,1.0,0.0,0.0,0.0,0.0,0.0,0.0,0.0,0.0,0,0,1,1,12.0,12.0,4.0,0.0,1.0
822,3,2017,2.0,2.0,1.0,0.0,0.0,0.0,0.0,0.0,0.0,0.0,0.0,0,0,1,2,14.0,7.0,6.5,2.5,0.2857142857142857
822,3,2018,3.0,3.0,1.0,0.0,0.0,0.0,0.0,0.0,0.0,0.0,0.0,0,1,2,3,29.0,9.666666666666666,5.333333333333333,2.624669291337271,0.27588723815161187
822,3,2019,4.0,4.0,1.0,0.0,0.0,0.0,0.0,0.0,0.0,0.0,0.0,0,2,3,4,47.0,11.75,4.5,2.692582403567252,0.2708131845707603
822,3,2020,5.0,5.0,1.0,0.0,0.0,0.0,0.0,0.0,0.0,0.0,0.0,0,3,4,5,65.0,13.0,4.0,2.6076809620810595,0.27718637277259645
822,3,2021,7.0,7.0,1.0,0.0,0.0,0.0,0.0,0.0,0.0,0.0,0.0,0,3,4,7,73.0,10.428571428571429,5.142857142857143,2.849991049037142,0.25974086361839555
822,3,2022,8.0,8.0,1.0,0.0,0.0,0.0,0.0,0.0,0.0,0.0,0.0,0,4,5,8,89.0,11.125,4.875,2.7585095613392387,0.2660629123539274
822,3,2023,9.0,9.0,1.0,0.0,0.0,0.0,0.0,0.0,0.0,0.0,0.0,0,4,5,9,97.0,10.777777777777779,5.0,2.6246692913372702,0.275887238151612
822,3,2024,10.0,10.0,1.0,0.0,0.0,0.0,0.0,0.0,0.0,0.0,0.0,0,4,5,10,101.0,10.1,5.3,2.6476404589747458,0.27414982678448335
822,4,2015,11.0,11.0,1.0,0.0,0.0,0.0,0.0,0.0,0.0,0.0,0.0,0,4,5,10,101.0,9.181818181818182,6.545454545454546,4.67806557464313,0.1761163175828329
822,4,2016,1.0,1.0,1.0,0.0,0.0,0.0,0.0,0.0,0.0,0.0,0.0,0,0,1,1,12.0,12.0,4.0,0.0,1.0
822,4,2017,2.0,2.0,1.0,0.0,0.0,0.0,0.0,0.0,0.0,0.0,0.0,0,0,2,2,22.0,11.0,4.5,0.5,0.6666666666666666
822,4,2018,3.0,2.0,0.6666666666666666,1.0,0.3333333333333333,1.0,0.3333333333333333,0.0,0.0,0.0,0.0,0,0,2,2,22.0,7.333333333333333,3.0,2.1602468994692865,0.3164309725825328
822,4,2019,4.0,3.0,0.75,1.0,0.25,1.0,0.25,0.0,0.0,0.0,0.0,0,1,3,3,40.0,10.0,2.75,1.920286436967152,0.34243216259242865
822,4,2020,5.0,4.0,0.8,1.0,0.2,1.0,0.2,0.0,0.0,0.0,0.0,0,2,4,4,58.0,11.6,2.6,1.7435595774162693,0.3644899889295439
822,4,2021,6.0,5.0,0.8333333333333334,1.0,0.16666666666666666,1.0,0.16666666666666666,0.0,0.0,0.0,0.0,0,3,5,5,74.0,12.333333333333334,2.6666666666666665,1.5986105077709065,0.38482104070986844
822,4,2022,7.0,6.0,0.8571428571428571,1.0,0.14285714285714285,1.0,0.14285714285714285,0.0,0.0,0.0,0.0,0,4,6,6,89.0,12.714285714285714,2.7142857142857144,1.4846149779161801,0.4024768460659805
822,4,2023,8.0,7.0,0.875,1.0,0.125,1.0,0.125,0.0,0.0,0.0,0.0,0,4,6,7,97.0,12.125,3.125,1.7633419974582356,0.3618806506468672
822,4,2024,9.0,8.0,0.8888888888888888,1.0,0.1111111111111111,1.0,0.1111111111111111,0.0,0.0,0.0,0.0,0,4,6,7,97.0,10.777777777777779,4.888888888888889,5.258737584977436,0.15977663009873663
822,5,2020,10.0,9.0,0.9,1.0,0.1,1.0,0.1,0.0,0.0,0.0,0.0,0,4,6,7,97.0,9.7,6.0,6.0,0.14285714285714285
822,5,2021,1.0,1.0,1.0,0.0,0.0,0.0,0.0,0.0,0.0,0.0,0.0,0,0,0,0,0.0,0.0,14.0,0.0,1.0
822,6,2015,2.0,2.0,1.0,0.0,0.0,0.0,0.0,0.0,0.0,0.0,0.0,1,1,1,1,26.0,13.0,7.5,6.5,0.13333333333333333
822,6,2016,1.0,1.0,1.0,0.0,0.0,0.0,0.0,0.0,0.0,0.0,0.0,0,0,0,0,0.0,0.0,14.0,0.0,1.0
822,6,2017,2.0,2.0,1.0,0.0,0.0,0.0,0.0,0.0,0.0,0.0,0.0,0,0,0,0,0.0,0.0,13.0,1.0,0.5
822,6,2018,3.0,3.0,1.0,0.0,0.0,0.0,0.0,0.0,0.0,0.0,0.0,0,0,1,1,12.0,4.0,10.0,4.320493798938574,0.18795247918520225
822,6,2019,4.0,4.0,1.0,0.0,0.0,0.0,0.0,0.0,0.0,0.0,0.0,0,0,2,2,22.0,5.5,8.75,4.322904116447646,0.18786737054120964
822,6,2021,5.0,5.0,1.0,0.0,0.0,0.0,0.0,0.0,0.0,0.0,0.0,0,1,3,3,37.0,7.4,7.6,4.498888751680798,0.18185492472353412
822,6,2022,6.0,5.0,0.8333333333333334,1.0,0.16666666666666666,1.0,0.16666666666666666,0.0,0.0,0.0,0.0,0,1,3,3,37.0,6.166666666666667,6.333333333333333,4.988876515698589,0.16697622623854555
822,6,2023,7.0,6.0,0.8571428571428571,1.0,0.14285714285714285,1.0,0.14285714285714285,0.0,0.0,0.0,0.0,0,1,3,4,39.0,5.571428571428571,6.714285714285714,4.712120714991612,0.17506632823348314
822,6,2024,8.0,7.0,0.875,1.0,0.125,1.0,0.125,0.0,0.0,0.0,0.0,0,1,3,4,39.0,4.875,7.25,4.630064794363034,0.17761784926546953
822,7,2015,9.0,8.0,0.8888888888888888,1.0,0.1111111111111111,1.0,0.1111111111111111,0.0,0.0,0.0,0.0,0,1,3,4,39.0,4.333333333333333,7.888888888888889,4.724509250104288,0.17468746338068755
822,7,2016,1.0,1.0,1.0,0.0,0.0,0.0,0.0,0.0,0.0,0.0,0.0,0,1,1,1,15.0,15.0,3.0,0.0,1.0
822,7,2017,2.0,2.0,1.0,0.0,0.0,0.0,0.0,0.0,0.0,0.0,0.0,0,2,2,2,30.0,15.0,3.0,0.0,1.0
822,7,2018,3.0,3.0,1.0,0.0,0.0,0.0,0.0,0.0,0.0,0.0,0.0,0,3,3,3,48.0,16.0,2.6666666666666665,0.4714045207910318,0.6796227589829592
822,7,2019,4.0,4.0,1.0,0.0,0.0,0.0,0.0,0.0,0.0,0.0,0.0,0,4,4,4,66.0,16.5,2.5,0.5,0.6666666666666666
822,7,2022,5.0,5.0,1.0,0.0,0.0,0.0,0.0,0.0,0.0,0.0,0.0,0,4,5,5,79.0,15.8,2.8,0.7483314773547892,0.5719739151027535
822,7,2023,6.0,6.0,1.0,0.0,0.0,0.0,0.0,0.0,0.0,0.0,0.0,0,4,5,6,85.0,14.166666666666666,3.5,1.707825127659933,0.3693000666051825
822,7,2024,7.0,7.0,1.0,0.0,0.0,0.0,0.0,0.0,0.0,0.0,0.0,0,4,5,7,86.0,12.285714285714286,4.428571428571429,2.770102775666473,0.26524475843320255
822,9,2015,8.0,8.0,1.0,0.0,0.0,0.0,0.0,0.0,0.0,0.0,0.0,0,4,5,7,86.0,10.75,5.5,3.840572873934304,0.20658711810431302
822,9,2016,1.0,1.0,1.0,0.0,0.0,0.0,0.0,0.0,0.0,0.0,0.0,0,0,1,1,10.0,10.0,5.0,0.0,1.0
822,9,2017,2.0,2.0,1.0,0.0,0.0,0.0,0.0,0.0,0.0,0.0,0.0,0,0,1,1,10.0,5.0,9.5,4.5,0.18181818181818182
822,9,2018,3.0,3.0,1.0,0.0,0.0,0.0,0.0,0.0,0.0,0.0,0.0,0,1,2,2,28.0,9.333333333333334,7.0,5.0990195135927845,0.1639607805437114
822,9,2019,4.0,4.0,1.0,0.0,0.0,0.0,0.0,0.0,0.0,0.0,0.0,0,1,3,3,40.0,10.0,6.25,4.602988159880492,0.17847619367829065
822,9,2020,5.0,5.0,1.0,0.0,0.0,0.0,0.0,0.0,0.0,0.0,0.0,0,2,4,4,58.0,11.6,5.4,4.454211490264017,0.18334455893121115
822,9,2021,7.0,7.0,1.0,0.0,0.0,0.0,0.0,0.0,0.0,0.0,0.0,0,3,5,5,73.0,10.428571428571429,5.857142857142857,4.389226141639205,0.1855553976986827
822,9,2022,8.0,8.0,1.0,0.0,0.0,0.0,0.0,0.0,0.0,0.0,0.0,0,4,6,6,88.0,11.0,5.5,4.2130748865881795,0.1918253663634734
822,9,2023,9.0,8.0,0.8888888888888888,1.0,0.1111111111111111,1.0,0.1111111111111111,0.0,0.0,0.0,0.0,0,4,6,6,88.0,9.777777777777779,4.888888888888889,4.331908597692872,0.1875501017464369
822,9,2024,10.0,9.0,0.9,1.0,0.1,1.0,0.1,0.0,0.0,0.0,0.0,0,4,6,6,88.0,8.8,5.6,4.6303347611160905,0.17760933273562085
822,10,2016,11.0,10.0,0.9090909090909091,1.0,0.09090909090909091,1.0,0.09090909090909091,0.0,0.0,0.0,0.0,0,4,6,6,88.0,8.0,6.454545454545454,5.1762330347224585,0.1619109891705919
822,10,2018,1.0,1.0,1.0,0.0,0.0,0.0,0.0,0.0,0.0,0.0,0.0,0,0,0,1,2.0,2.0,9.0,0.0,1.0
822,10,2019,2.0,2.0,1.0,0.0,0.0,0.0,0.0,0.0,0.0,0.0,0.0,0,1,1,2,20.0,10.0,5.5,3.5,0.2222222222222222
822,11,2015,3.0,2.0,0.6666666666666666,1.0,0.3333333333333333,0.0,0.0,1.0,0.3333333333333333,0.0,0.0,0,1,1,2,20.0,6.666666666666667,3.6666666666666665,3.858612300930075,0.20582008566696544
822,11,2016,1.0,1.0,1.0,0.0,0.0,0.0,0.0,0.0,0.0,0.0,0.0,0,0,0,0,0.0,0.0,13.0,0.0,1.0
822,11,2017,2.0,2.0,1.0,0.0,0.0,0.0,0.0,0.0,0.0,0.0,0.0,0,0,0,1,2.0,1.0,11.0,2.0,0.3333333333333333
822,11,2018,3.0,3.0,1.0,0.0,0.0,0.0,0.0,0.0,0.0,0.0,0.0,0,1,1,2,17.0,5.666666666666667,8.333333333333334,4.109609335312649,0.19570967844625084
822,11,2019,4.0,4.0,1.0,0.0,0.0,0.0,0.0,0.0,0.0,0.0,0.0,0,1,2,3,27.0,6.75,7.5,3.840572873934304,0.20658711810431302
822,11,2020,5.0,5.0,1.0,0.0,0.0,0.0,0.0,0.0,0.0,0.0,0.0,0,1,2,4,31.0,6.2,7.6,3.44093010681705,0.2251780541344143
822,11,2021,6.0,6.0,1.0,0.0,0.0,0.0,0.0,0.0,0.0,0.0,0.0,0,2,3,5,46.0,7.666666666666667,6.833333333333333,3.5784850922639815,0.21841285487412546
822,11,2022,7.0,6.0,0.8571428571428571,1.0,0.14285714285714285,0.0,0.0,1.0,0.14285714285714285,0.0,0.0,0,2,3,5,46.0,6.571428571428571,5.857142857142857,4.085814184592884,0.1966253511639158
822,11,2023,8.0,7.0,0.875,1.0,0.125,0.0,0.0,1.0,0.125,0.0,0.0,0,2,3,5,46.0,5.75,7.625,6.040229714174784,0.14204081977419034
822,11,2024,9.0,8.0,0.8888888888888888,1.0,0.1111111111111111,0.0,0.0,1.0,0.1111111111111111,0.0,0.0,0,2,3,5,46.0,5.111111111111111,8.11111111111111,5.858411700650698,0.14580635337262185
822,13,2015,10.0,9.0,0.9,1.0,0.1,0.0,0.0,1.0,0.1,0.0,0.0,0,2,3,5,46.0,4.6,8.9,6.040695324215582,0.14203142643605474
822,13,2016,1.0,1.0,1.0,0.0,0.0,0.0,0.0,0.0,0.0,0.0,0.0,0,0,0,1,2.0,2.0,9.0,0.0,1.0
822,13,2017,2.0,2.0,1.0,0.0,0.0,0.0,0.0,0.0,0.0,0.0,0.0,0,0,0,2,6.0,3.0,8.5,0.5,0.6666666666666666
822,13,2018,3.0,3.0,1.0,0.0,0.0,0.0,0.0,0.0,0.0,0.0,0.0,0,0,1,3,16.0,5.333333333333333,7.333333333333333,1.699673171197596,0.3704152082810795
822,13,2019,4.0,4.0,1.0,0.0,0.0,0.0,0.0,0.0,0.0,0.0,0.0,0,0,2,4,28.0,7.0,6.5,2.0615528128088303,0.3266316347104093
822,13,2020,5.0,5.0,1.0,0.0,0.0,0.0,0.0,0.0,0.0,0.0,0.0,0,1,3,5,43.0,8.6,5.8,2.315167380558045,0.30164389462340485
822,13,2021,6.0,6.0,1.0,0.0,0.0,0.0,0.0,0.0,0.0,0.0,0.0,0,2,4,6,61.0,10.166666666666666,5.166666666666667,2.544056253745624,0.28216256413625634
822,13,2022,7.0,7.0,1.0,0.0,0.0,0.0,0.0,0.0,0.0,0.0,0.0,0,2,4,6,61.0,8.714285714285714,6.142857142857143,3.3563828927059225,0.2295482340806963
822,13,2023,8.0,7.0,0.875,1.0,0.125,0.0,0.0,1.0,0.125,0.0,0.0,0,2,4,6,61.0,7.625,5.375,3.739568825412898,0.21098965683083692
822,13,2024,9.0,8.0,0.8888888888888888,1.0,0.1111111111111111,0.0,0.0,1.0,0.1111111111111111,0.0,0.0,0,2,4,6,61.0,6.777777777777778,6.111111111111111,4.094561282819618,0.1962877556056296
822,14,2015,10.0,9.0,0.9,1.0,0.1,0.0,0.0,1.0,0.1,0.0,0.0,0,2,4,6,61.0,6.1,7.0,4.711687595755899,0.17507960357339142
822,14,2016,1.0,1.0,1.0,0.0,0.0,0.0,0.0,0.0,0.0,0.0,0.0,0,0,1,1,12.0,12.0,4.0,0.0,1.0
822,14,2017,2.0,2.0,1.0,0.0,0.0,0.0,0.0,0.0,0.0,0.0,0.0,0,0,1,2,20.0,10.0,5.0,1.0,0.5
822,14,2018,3.0,3.0,1.0,0.0,0.0,0.0,0.0,0.0,0.0,0.0,0.0,0,1,2,3,38.0,12.666666666666666,4.0,1.6329931618554525,0.37979589711327116
822,14,2019,4.0,4.0,1.0,0.0,0.0,0.0,0.0,0.0,0.0,0.0,0.0,0,2,3,4,53.0,13.25,3.75,1.479019945774904,0.40338521749465606
822,14,2020,5.0,5.0,1.0,0.0,0.0,0.0,0.0,0.0,0.0,0.0,0.0,0,3,4,5,71.0,14.2,3.4,1.496662954709577,0.40053464089481977
822,14,2021,6.0,6.0,1.0,0.0,0.0,0.0,0.0,0.0,0.0,0.0,0.0,0,3,5,6,81.0,13.5,3.6666666666666665,1.49071198499986,0.40149162409079436
822,14,2022,7.0,7.0,1.0,0.0,0.0,0.0,0.0,0.0,0.0,0.0,0.0,0,4,6,7,96.0,13.714285714285714,3.5714285714285716,1.3997084244475297,0.4167172935729572
822,14,2023,8.0,8.0,1.0,0.0,0.0,0.0,0.0,0.0,0.0,0.0,0.0,0,4,6,7,96.0,12.0,4.75,3.3819373146171707,0.22820956307709422
822,14,2024,9.0,9.0,1.0,0.0,0.0,0.0,0.0,0.0,0.0,0.0,0.0,0,4,6,8,97.0,10.777777777777779,5.333333333333333,3.590109871423003,0.21785970881128058
822,15,2015,10.0,10.0,1.0,0.0,0.0,0.0,0.0,0.0,0.0,0.0,0.0,0,4,6,8,97.0,9.7,6.4,4.673328578219168,0.17626336747692753
822,15,2016,1.0,1.0,1.0,0.0,0.0,0.0,0.0,0.0,0.0,0.0,0.0,0,0,1,1,10.0,10.0,5.0,0.0,1.0
822,15,2017,2.0,1.0,0.5,1.0,0.5,1.0,0.5,0.0,0.0,0.0,0.0,0,0,1,1,10.0,5.0,2.5,2.5,0.2857142857142857
822,15,2018,3.0,2.0,0.6666666666666666,1.0,0.3333333333333333,1.0,0.3333333333333333,0.0,0.0,0.0,0.0,0,1,2,2,25.0,8.333333333333334,2.6666666666666665,2.0548046676563256,0.32735317272092856
822,15,2019,4.0,3.0,0.75,1.0,0.25,1.0,0.25,0.0,0.0,0.0,0.0,0,1,3,3,37.0,9.25,3.0,1.8708286933869707,0.3483314773547883
822,15,2022,5.0,4.0,0.8,1.0,0.2,1.0,0.2,0.0,0.0,0.0,0.0,0,1,4,4,47.0,9.4,3.4,1.8547236990991411,0.3502965979914511
822,15,2023,6.0,5.0,0.8333333333333334,1.0,0.16666666666666666,1.0,0.16666666666666666,0.0,0.0,0.0,0.0,0,1,4,4,47.0,7.833333333333333,4.666666666666667,3.2998316455372207,0.23256724505432583
822,15,2024,7.0,5.0,0.7142857142857143,2.0,0.2857142857142857,2.0,0.2857142857142857,0.0,0.0,0.0,0.0,0,1,4,4,47.0,6.714285714285714,4.0,3.4641016151377544,0.2240092377397959
822,17,2015,8.0,6.0,0.75,2.0,0.25,2.0,0.25,0.0,0.0,0.0,0.0,0,1,4,4,47.0,5.875,5.5,5.123475382979799,0.16330595576157622
822,17,2016,1.0,1.0,1.0,0.0,0.0,0.0,0.0,0.0,0.0,0.0,0.0,0,0,0,1,8.0,8.0,6.0,0.0,1.0
822,17,2017,2.0,2.0,1.0,0.0,0.0,0.0,0.0,0.0,0.0,0.0,0.0,0,0,0,2,9.0,4.5,8.0,2.0,0.3333333333333333
822,17,2018,3.0,3.0,1.0,0.0,0.0,0.0,0.0,0.0,0.0,0.0,0.0,0,0,0,3,17.0,5.666666666666667,7.333333333333333,1.885618083164129,0.3465462064555276
822,17,2019,4.0,4.0,1.0,0.0,0.0,0.0,0.0,0.0,0.0,0.0,0.0,0,1,1,4,35.0,8.75,6.0,2.8284271247461903,0.2612038749637414
822,17,2024,5.0,5.0,1.0,0.0,0.0,0.0,0.0,0.0,0.0,0.0,0.0,0,2,2,5,53.0,10.6,5.2,2.9933259094191524,0.2504178278164766
822,18,2015,6.0,5.0,0.8333333333333334,1.0,0.16666666666666666,0.0,0.0,0.0,0.0,1.0,0.16666666666666666,0,2,2,5,53.0,8.833333333333334,4.333333333333333,3.3499585403736307,0.22988724851481157
822,18,2016,1.0,1.0,1.0,0.0,0.0,0.0,0.0,0.0,0.0,0.0,0.0,0,0,1,1,10.0,10.0,5.0,0.0,1.0
822,18,2017,2.0,2.0,1.0,0.0,0.0,0.0,0.0,0.0,0.0,0.0,0.0,0,0,1,1,10.0,5.0,8.0,3.0,0.25
822,18,2018,3.0,3.0,1.0,0.0,0.0,0.0,0.0,0.0,0.0,0.0,0.0,0,1,2,2,28.0,9.333333333333334,6.0,3.7416573867739413,0.21089672205953397
822,18,2019,4.0,4.0,1.0,0.0,0.0,0.0,0.0,0.0,0.0,0.0,0.0,0,1,3,3,38.0,9.5,5.75,3.2691742076555053,0.23423733756443926
822,18,2021,5.0,4.0,0.8,1.0,0.2,1.0,0.2,0.0,0.0,0.0,0.0,0,1,3,3,38.0,7.6,4.6,3.720215047547655,0.21185475448190458
822,18,2022,6.0,5.0,0.8333333333333334,1.0,0.16666666666666666,1.0,0.16666666666666666,0.0,0.0,0.0,0.0,0,2,4,4,53.0,8.833333333333334,4.333333333333333,3.4480268109295342,0.22481878875883468
822,18,2023,7.0,6.0,0.8571428571428571,1.0,0.14285714285714285,1.0,0.14285714285714285,0.0,0.0,0.0,0.0,0,2,4,5,55.0,7.857142857142857,5.0,3.5856858280031805,0.21806988910870204
822,18,2024,8.0,6.0,0.75,2.0,0.25,2.0,0.25,0.0,0.0,0.0,0.0,0,2,4,5,55.0,6.875,4.375,3.739568825412898,0.21098965683083692
822,20,2020,9.0,7.0,0.7777777777777778,2.0,0.2222222222222222,2.0,0.2222222222222222,0.0,0.0,0.0,0.0,0,2,4,5,55.0,6.111111111111111,5.333333333333333,4.447221354708778,0.1835798354578639
822,21,2020,1.0,0.0,0.0,1.0,1.0,1.0,1.0,0.0,0.0,0.0,0.0,0,0,0,0,0.0,0.0,0.0,0.0,1.0
822,21,2021,1.0,1.0,1.0,0.0,0.0,0.0,0.0,0.0,0.0,0.0,0.0,0,1,1,1,18.0,18.0,2.0,0.0,1.0
822,21,2022,2.0,1.0,0.5,1.0,0.5,0.0,0.0,1.0,0.5,0.0,0.0,0,1,1,1,18.0,9.0,1.0,1.0,0.5
822,21,2024,3.0,2.0,0.6666666666666666,1.0,0.3333333333333333,0.0,0.0,1.0,0.3333333333333333,0.0,0.0,0,1,2,2,28.0,9.333333333333334,2.3333333333333335,2.054804667656325,0.3273531727209286
822,22,2015,4.0,3.0,0.75,1.0,0.25,0.0,0.0,1.0,0.25,0.0,0.0,0,1,2,2,28.0,7.0,6.25,7.013380069552769,0.12479128549007043
822,22,2016,1.0,1.0,1.0,0.0,0.0,0.0,0.0,0.0,0.0,0.0,0.0,0,0,1,1,10.0,10.0,5.0,0.0,1.0
822,22,2017,2.0,2.0,1.0,0.0,0.0,0.0,0.0,0.0,0.0,0.0,0.0,0,0,1,2,11.0,5.5,7.5,2.5,0.2857142857142857
822,22,2018,3.0,3.0,1.0,0.0,0.0,0.0,0.0,0.0,0.0,0.0,0.0,0,0,2,3,23.0,7.666666666666667,6.333333333333333,2.624669291337271,0.27588723815161187
822,22,2019,4.0,4.0,1.0,0.0,0.0,0.0,0.0,0.0,0.0,0.0,0.0,0,1,3,4,41.0,10.25,5.25,2.947456530637899,0.2533276787821657
822,22,2022,5.0,5.0,1.0,0.0,0.0,0.0,0.0,0.0,0.0,0.0,0.0,1,2,4,5,66.0,13.2,4.4,3.1368774282716236,0.24172821586783086
822,22,2023,6.0,6.0,1.0,0.0,0.0,0.0,0.0,0.0,0.0,0.0,0.0,1,2,4,5,66.0,11.0,6.166666666666667,4.8790937227681495,0.17009424362929762
822,22,2024,7.0,6.0,0.8571428571428571,1.0,0.14285714285714285,0.0,0.0,1.0,0.14285714285714285,0.0,0.0,1,2,4,5,66.0,9.428571428571429,5.285714285714286,5.006118705124352,0.16649687578549047
822,24,2015,8.0,7.0,0.875,1.0,0.125,0.0,0.0,1.0,0.125,0.0,0.0,1,2,4,5,66.0,8.25,6.375,5.498579361980693,0.15387978576524014
822,24,2016,1.0,1.0,1.0,0.0,0.0,0.0,0.0,0.0,0.0,0.0,0.0,0,0,0,0,0.0,0.0,13.0,0.0,1.0
822,24,2017,2.0,1.0,0.5,1.0,0.5,1.0,0.5,0.0,0.0,0.0,0.0,0,0,0,0,0.0,0.0,6.5,6.5,0.13333333333333333
822,24,2018,3.0,2.0,0.6666666666666666,1.0,0.3333333333333333,1.0,0.3333333333333333,0.0,0.0,0.0,0.0,1,1,1,1,25.0,8.333333333333334,4.666666666666667,5.9066817155564495,0.14478732931150182
822,24,2019,4.0,3.0,0.75,1.0,0.25,1.0,0.25,0.0,0.0,0.0,0.0,1,1,2,2,35.0,8.75,4.75,5.11737237261468,0.16346887831720813
822,24,2020,5.0,4.0,0.8,1.0,0.2,1.0,0.2,0.0,0.0,0.0,0.0,1,1,3,3,47.0,9.4,4.6,4.586937976471886,0.17898892098163102
822,24,2021,6.0,5.0,0.8333333333333334,1.0,0.16666666666666666,1.0,0.16666666666666666,0.0,0.0,0.0,0.0,1,2,4,4,65.0,10.833333333333334,4.166666666666667,4.297932319409209,0.18875288314583707
822,24,2022,7.0,6.0,0.8571428571428571,1.0,0.14285714285714285,1.0,0.14285714285714285,0.0,0.0,0.0,0.0,1,2,4,5,73.0,10.428571428571429,4.428571428571429,4.030495994190252,0.19878755517446103
822,24,2023,8.0,7.0,0.875,1.0,0.125,1.0,0.125,0.0,0.0,0.0,0.0,1,2,4,5,73.0,9.125,5.75,5.141740950300783,0.16282028305850743
822,24,2024,9.0,8.0,0.8888888888888888,1.0,0.1111111111111111,1.0,0.1111111111111111,0.0,0.0,0.0,0.0,1,2,4,5,73.0,8.11111111111111,7.222222222222222,6.390579486465958,0.1353073871719066
822,32,2015,10.0,8.0,0.8,2.0,0.2,1.0,0.1,1.0,0.1,0.0,0.0,1,2,4,5,73.0,7.3,6.5,6.438167441127949,0.13444171671515323
822,32,2016,1.0,1.0,1.0,0.0,0.0,0.0,0.0,0.0,0.0,0.0,0.0,0,1,1,1,15.0,15.0,3.0,0.0,1.0
822,32,2017,2.0,2.0,1.0,0.0,0.0,0.0,0.0,0.0,0.0,0.0,0.0,0,1,1,2,19.0,9.5,5.5,2.5,0.2857142857142857
822,32,2018,3.0,3.0,1.0,0.0,0.0,0.0,0.0,0.0,0.0,0.0,0.0,0,2,2,3,37.0,12.333333333333334,4.333333333333333,2.624669291337271,0.27588723815161187
822,32,2019,4.0,4.0,1.0,0.0,0.0,0.0,0.0,0.0,0.0,0.0,0.0,0,2,3,4,47.0,11.75,4.5,2.29128784747792,0.30383243470068705
822,32,2021,5.0,5.0,1.0,0.0,0.0,0.0,0.0,0.0,0.0,0.0,0.0,0,3,4,5,62.0,12.4,4.2,2.135415650406262,0.3189369804511973
822,32,2022,6.0,6.0,1.0,0.0,0.0,0.0,0.0,0.0,0.0,0.0,0.0,0,3,4,5,62.0,10.333333333333334,6.0,4.47213595499958,0.1827439976315568
822,32,2023,7.0,7.0,1.0,0.0,0.0,0.0,0.0,0.0,0.0,0.0,0.0,0,3,4,6,63.0,9.0,6.571428571428571,4.370588154508102,0.18619934562671583
822,32,2024,8.0,8.0,1.0,0.0,0.0,0.0,0.0,0.0,0.0,0.0,0.0,0,3,4,6,63.0,7.875,7.625,4.948168853222372,0.1681189664712121
822,34,2018,9.0,9.0,1.0,0.0,0.0,0.0,0.0,0.0,0.0,0.0,0.0,0,3,4,6,63.0,7.0,8.333333333333334,5.0771820705759385,0.1645499490366971
822,34,2019,1.0,1.0,1.0,0.0,0.0,0.0,0.0,0.0,0.0,0.0,0.0,0,0,0,1,6.0,6.0,7.0,0.0,1.0
822,34,2021,2.0,2.0,1.0,0.0,0.0,0.0,0.0,0.0,0.0,0.0,0.0,0,1,1,2,24.0,12.0,4.5,2.5,0.2857142857142857
822,34,2022,3.0,3.0,1.0,0.0,0.0,0.0,0.0,0.0,0.0,0.0,0.0,0,1,2,3,36.0,12.0,4.333333333333333,2.054804667656326,0.3273531727209285
822,39,2021,4.0,4.0,1.0,0.0,0.0,0.0,0.0,0.0,0.0,0.0,0.0,0,1,2,3,36.0,9.0,6.75,4.548351349665063,0.18023371934806667
822,39,2022,1.0,1.0,1.0,0.0,0.0,0.0,0.0,0.0,0.0,0.0,0.0,0,1,1,1,15.0,15.0,3.0,0.0,1.0
822,39,2023,2.0,1.0,0.5,1.0,0.5,1.0,0.5,0.0,0.0,0.0,0.0,0,1,1,1,15.0,7.5,1.5,1.5,0.4
822,39,2024,3.0,2.0,0.6666666666666666,1.0,0.3333333333333333,1.0,0.3333333333333333,0.0,0.0,0.0,0.0,0,1,1,1,15.0,5.0,5.666666666666667,6.018490028422596,0.1424807894504838
822,69,2015,4.0,3.0,0.75,1.0,0.25,1.0,0.25,0.0,0.0,0.0,0.0,0,1,1,1,15.0,3.75,9.0,7.7781745930520225,0.11391890072356342
822,69,2016,1.0,0.0,0.0,1.0,1.0,0.0,0.0,0.0,0.0,1.0,1.0,0,0,0,0,0.0,0.0,0.0,0.0,1.0
822,69,2017,2.0,1.0,0.5,1.0,0.5,0.0,0.0,0.0,0.0,1.0,0.5,0,0,0,0,0.0,0.0,8.0,8.0,0.1111111111111111
822,69,2018,3.0,2.0,0.6666666666666666,1.0,0.3333333333333333,0.0,0.0,0.0,0.0,1.0,0.3333333333333333,0,0,1,1,10.0,3.3333333333333335,7.0,6.683312551921141,0.1301521958455223
822,69,2019,4.0,3.0,0.75,1.0,0.25,0.0,0.0,0.0,0.0,1.0,0.25,0,0,2,2,20.0,5.0,6.5,5.852349955359813,0.14593533700330263
822,69,2021,5.0,4.0,0.8,1.0,0.2,0.0,0.0,0.0,0.0,1.0,0.2,1,1,3,3,45.0,9.0,5.4,5.6780278266313555,0.14974480879101654
822,69,2022,6.0,5.0,0.8333333333333334,1.0,0.16666666666666666,0.0,0.0,0.0,0.0,1.0,0.16666666666666666,1,1,3,4,53.0,8.833333333333334,5.5,5.188127472091127,0.16159977384274446
822,69,2023,7.0,5.0,0.7142857142857143,2.0,0.2857142857142857,0.0,0.0,1.0,0.14285714285714285,1.0,0.14285714285714285,1,1,3,4,53.0,7.571428571428571,4.714285714285714,5.174505793221381,0.16195628176393323
822,69,2024,8.0,6.0,0.75,2.0,0.25,0.0,0.0,1.0,0.125,1.0,0.125,1,1,3,4,53.0,6.625,5.625,5.406882188470542,0.1560821583077558
822,70,2015,9.0,7.0,0.7777777777777778,2.0,0.2222222222222222,0.0,0.0,1.0,0.1111111111111111,1.0,0.1111111111111111,1,1,3,4,53.0,5.888888888888889,6.888888888888889,6.226189211609733,0.13838552668858725
822,70,2016,1.0,1.0,1.0,0.0,0.0,0.0,0.0,0.0,0.0,0.0,0.0,0,0,1,1,10.0,10.0,5.0,0.0,1.0
822,70,2017,2.0,2.0,1.0,0.0,0.0,0.0,0.0,0.0,0.0,0.0,0.0,0,0,1,2,12.0,6.0,7.0,2.0,0.3333333333333333
822,70,2018,3.0,3.0,1.0,0.0,0.0,0.0,0.0,0.0,0.0,0.0,0.0,1,1,2,3,37.0,12.333333333333334,5.0,3.2659863237109037,0.23441237831492118
822,70,2019,4.0,3.0,0.75,1.0,0.25,1.0,0.25,0.0,0.0,0.0,0.0,1,1,2,3,37.0,9.25,3.75,3.5619517121937516,0.21920442457272743
822,70,2020,5.0,4.0,0.8,1.0,0.2,1.0,0.2,0.0,0.0,0.0,0.0,1,2,3,4,52.0,10.4,3.6,3.1999999999999997,0.23809523809523814
822,70,2021,7.0,6.0,0.8571428571428571,1.0,0.14285714285714285,1.0,0.14285714285714285,0.0,0.0,0.0,0.0,2,4,5,6,95.0,13.571428571428571,3.0,2.8784916685156974,0.25783218979627226
822,70,2022,9.0,8.0,0.8888888888888888,1.0,0.1111111111111111,1.0,0.1111111111111111,0.0,0.0,0.0,0.0,2,6,7,8,128.0,14.222222222222221,2.888888888888889,2.5579698740491863,0.2810591532249089
822,70,2023,10.0,9.0,0.9,1.0,0.1,1.0,0.1,0.0,0.0,0.0,0.0,2,6,7,8,128.0,12.8,3.7,3.4365680554879163,0.22539945009138918
822,70,2024,11.0,10.0,0.9090909090909091,1.0,0.09090909090909091,1.0,0.09090909090909091,0.0,0.0,0.0,0.0,2,6,7,8,128.0,11.636363636363637,4.7272727272727275,4.614028196527098,0.17812521864756778
822,71,2015,12.0,11.0,0.9166666666666666,1.0,0.08333333333333333,1.0,0.08333333333333333,0.0,0.0,0.0,0.0,2,6,7,8,128.0,10.666666666666666,5.666666666666667,5.405758246742285,0.15610954417590772
822,71,2016,1.0,1.0,1.0,0.0,0.0,0.0,0.0,0.0,0.0,0.0,0.0,0,0,0,0,0.0,0.0,12.0,0.0,1.0
822,71,2017,2.0,2.0,1.0,0.0,0.0,0.0,0.0,0.0,0.0,0.0,0.0,0,0,1,1,12.0,6.0,8.0,4.0,0.2
822,71,2018,3.0,3.0,1.0,0.0,0.0,0.0,0.0,0.0,0.0,0.0,0.0,1,1,2,2,37.0,12.333333333333334,5.666666666666667,4.642796092394706,0.17721710719758033
822,71,2019,4.0,4.0,1.0,0.0,0.0,0.0,0.0,0.0,0.0,0.0,0.0,1,2,3,3,55.0,13.75,4.75,4.322904116447646,0.18786737054120964
822,71,2020,5.0,5.0,1.0,0.0,0.0,0.0,0.0,0.0,0.0,0.0,0.0,1,3,4,4,73.0,14.6,4.2,4.019950248448356,0.1992051615071475
822,71,2021,6.0,6.0,1.0,0.0,0.0,0.0,0.0,0.0,0.0,0.0,0.0,2,4,5,5,99.0,16.5,3.6666666666666665,3.858612300930075,0.20582008566696544
822,73,2016,7.0,7.0,1.0,0.0,0.0,0.0,0.0,0.0,0.0,0.0,0.0,2,4,6,6,109.0,15.571428571428571,3.857142857142857,3.6027200608338545,0.21726283301679536
822,73,2017,1.0,1.0,1.0,0.0,0.0,0.0,0.0,0.0,0.0,0.0,0.0,0,0,0,1,8.0,8.0,6.0,0.0,1.0
822,73,2018,2.0,2.0,1.0,0.0,0.0,0.0,0.0,0.0,0.0,0.0,0.0,0,1,1,2,26.0,13.0,4.0,2.0,0.3333333333333333
822,73,2019,3.0,3.0,1.0,0.0,0.0,0.0,0.0,0.0,0.0,0.0,0.0,0,1,1,2,26.0,8.666666666666666,2.6666666666666665,2.4944382578492945,0.286169028098801
822,73,2021,4.0,4.0,1.0,0.0,0.0,0.0,0.0,0.0,0.0,0.0,0.0,1,2,2,3,51.0,12.75,2.25,2.277608394786075,0.30510051218771933
822,73,2022,5.0,5.0,1.0,0.0,0.0,0.0,0.0,0.0,0.0,0.0,0.0,1,2,2,3,51.0,10.2,4.2,4.4,0.18518518518518517
822,73,2023,6.0,6.0,1.0,0.0,0.0,0.0,0.0,0.0,0.0,0.0,0.0,1,2,2,3,51.0,8.5,5.333333333333333,4.749268949591669,0.17393515745528362
822,73,2024,7.0,7.0,1.0,0.0,0.0,0.0,0.0,0.0,0.0,0.0,0.0,1,2,2,3,51.0,7.285714285714286,7.142857142857143,6.243363823832045,0.13805740320675455
822,75,2020,8.0,8.0,1.0,0.0,0.0,0.0,0.0,0.0,0.0,0.0,0.0,1,2,2,3,51.0,6.375,8.25,6.53356717268599,0.13273924252320216
822,75,2021,1.0,1.0,1.0,0.0,0.0,0.0,0.0,0.0,0.0,0.0,0.0,0,1,1,1,18.0,18.0,2.0,0.0,1.0
822,76,2020,2.0,2.0,1.0,0.0,0.0,0.0,0.0,0.0,0.0,0.0,0.0,0,2,2,2,34.0,17.0,2.5,0.5,0.6666666666666666
822,77,2021,1.0,1.0,1.0,0.0,0.0,0.0,0.0,0.0,0.0,0.0,0.0,0,1,1,1,18.0,18.0,2.0,0.0,1.0
822,77,2022,1.0,1.0,1.0,0.0,0.0,0.0,0.0,0.0,0.0,0.0,0.0,0,1,1,1,15.0,15.0,3.0,0.0,1.0
822,77,2023,2.0,1.0,0.5,1.0,0.5,1.0,0.5,0.0,0.0,0.0,0.0,0,1,1,1,15.0,7.5,1.5,1.5,0.4
822,77,2024,3.0,2.0,0.6666666666666666,1.0,0.3333333333333333,1.0,0.3333333333333333,0.0,0.0,0.0,0.0,0,1,1,1,15.0,5.0,7.0,7.874007874011811,0.11268865367232477
822,78,2021,4.0,3.0,0.75,1.0,0.25,1.0,0.25,0.0,0.0,0.0,0.0,0,1,1,1,15.0,3.75,9.5,8.077747210701755,0.11015948966072774
822,78,2023,1.0,0.0,0.0,1.0,1.0,0.0,0.0,1.0,1.0,0.0,0.0,0,0,0,0,0.0,0.0,0.0,0.0,1.0
822,78,2024,2.0,1.0,0.5,1.0,0.5,0.0,0.0,1.0,0.5,0.0,0.0,0,0,0,1,4.0,2.0,4.0,4.0,0.2
822,79,2022,3.0,2.0,0.6666666666666666,1.0,0.3333333333333333,0.0,0.0,1.0,0.3333333333333333,0.0,0.0,0,0,0,1,4.0,1.3333333333333333,6.333333333333333,4.642796092394707,0.1772171071975803
822,79,2023,1.0,1.0,1.0,0.0,0.0,0.0,0.0,0.0,0.0,0.0,0.0,0,0,0,1,6.0,6.0,7.0,0.0,1.0
822,79,2024,2.0,2.0,1.0,0.0,0.0,0.0,0.0,0.0,0.0,0.0,0.0,0,0,0,1,6.0,3.0,10.0,3.0,0.25
822,80,2023,3.0,3.0,1.0,0.0,0.0,0.0,0.0,0.0,0.0,0.0,0.0,0,0,0,1,6.0,2.0,12.0,3.7416573867739413,0.21089672205953397
822,80,2024,1.0,1.0,1.0,0.0,0.0,0.0,0.0,0.0,0.0,0.0,0.0,0,0,0,0,0.0,0.0,17.0,0.0,1.0
825,1,2015,2.0,2.0,1.0,0.0,0.0,0.0,0.0,0.0,0.0,0.0,0.0,0,0,0,0,0.0,0.0,17.5,0.5,0.6666666666666666
825,1,2016,1.0,0.0,0.0,1.0,1.0,0.0,0.0,0.0,0.0,1.0,1.0,0,0,0,0,0.0,0.0,0.0,0.0,1.0
825,1,2017,2.0,1.0,0.5,1.0,0.5,0.0,0.0,0.0,0.0,1.0,0.5,0,0,0,0,0.0,0.0,6.0,6.0,0.14285714285714285
825,1,2018,3.0,1.0,0.3333333333333333,2.0,0.6666666666666666,1.0,0.3333333333333333,0.0,0.0,1.0,0.3333333333333333,0,0,0,0,0.0,0.0,4.0,5.656854249492381,0.15022110482233483
825,1,2019,4.0,1.0,0.25,3.0,0.75,2.0,0.5,0.0,0.0,1.0,0.25,0,0,0,0,0.0,0.0,3.0,5.196152422706632,0.16139047779640892
825,1,2022,5.0,2.0,0.4,3.0,0.6,2.0,0.4,0.0,0.0,1.0,0.2,0,0,0,1,8.0,1.6,3.6,4.8,0.1724137931034483
825,1,2023,6.0,3.0,0.5,3.0,0.5,2.0,0.3333333333333333,0.0,0.0,1.0,0.16666666666666666,0,0,0,1,8.0,1.3333333333333333,5.333333333333333,5.849976258261415,0.14598590743930678
825,1,2024,7.0,3.0,0.42857142857142855,4.0,0.5714285714285714,2.0,0.2857142857142857,1.0,0.14285714285714285,1.0,0.14285714285714285,0,0,0,1,8.0,1.1428571428571428,7.0,6.782329983125268,0.12849622184722817
825,2,2016,8.0,4.0,0.5,4.0,0.5,2.0,0.25,1.0,0.125,1.0,0.125,0,0,0,2,9.0,1.125,7.375,6.4213997695206615,0.13474546999973683
825,2,2017,1.0,0.0,0.0,1.0,1.0,1.0,1.0,0.0,0.0,0.0,0.0,0,0,0,0,0.0,0.0,0.0,0.0,1.0
825,3,2016,2.0,1.0,0.5,1.0,0.5,1.0,0.5,0.0,0.0,0.0,0.0,0,0,0,0,0.0,0.0,6.0,6.0,0.14285714285714285
825,3,2017,1.0,1.0,1.0,0.0,0.0,0.0,0.0,0.0,0.0,0.0,0.0,0,0,0,0,0.0,0.0,11.0,0.0,1.0
825,3,2018,2.0,1.0,0.5,1.0,0.5,1.0,0.5,0.0,0.0,0.0,0.0,0,0,0,0,0.0,0.0,5.5,5.5,0.15384615384615385
825,3,2019,3.0,2.0,0.6666666666666666,1.0,0.3333333333333333,1.0,0.3333333333333333,0.0,0.0,0.0,0.0,0,0,1,1,10.0,3.3333333333333335,5.333333333333333,4.496912521077347,0.1819203045647175
825,3,2020,4.0,3.0,0.75,1.0,0.25,1.0,0.25,0.0,0.0,0.0,0.0,0,0,1,1,10.0,2.5,7.25,5.11737237261468,0.16346887831720813
825,3,2022,6.0,5.0,0.8333333333333334,1.0,0.16666666666666666,1.0,0.16666666666666666,0.0,0.0,0.0,0.0,0,0,1,1,10.0,1.6666666666666667,10.166666666666666,5.899623340142619,0.14493544802393943
825,3,2023,7.0,6.0,0.8571428571428571,1.0,0.14285714285714285,1.0,0.14285714285714285,0.0,0.0,0.0,0.0,0,0,2,2,20.0,2.857142857142857,9.428571428571429,5.7534373044577904,0.1480727450212535
825,3,2024,8.0,7.0,0.875,1.0,0.125,1.0,0.125,0.0,0.0,0.0,0.0,0,0,2,2,20.0,2.5,9.875,5.509934210133547,0.15361138342125974
825,4,2016,9.0,8.0,0.8888888888888888,1.0,0.1111111111111111,1.0,0.1111111111111111,0.0,0.0,0.0,0.0,0,0,2,2,20.0,2.2222222222222223,10.11111111111111,5.23756611084119,0.1603189420729268
825,4,2017,1.0,1.0,1.0,0.0,0.0,0.0,0.0,0.0,0.0,0.0,0.0,0,0,0,0,0.0,0.0,14.0,0.0,1.0
825,4,2018,2.0,2.0,1.0,0.0,0.0,0.0,0.0,0.0,0.0,0.0,0.0,0,0,0,0,0.0,0.0,14.0,0.0,1.0
825,4,2019,3.0,3.0,1.0,0.0,0.0,0.0,0.0,0.0,0.0,0.0,0.0,0,0,0,1,8.0,2.6666666666666665,11.333333333333334,3.7712361663282503,0.20958928989037223
825,4,2020,4.0,4.0,1.0,0.0,0.0,0.0,0.0,0.0,0.0,0.0,0.0,0,0,0,2,14.0,3.5,10.25,3.766629793329841,0.2097918326695614
825,4,2022,5.0,5.0,1.0,0.0,0.0,0.0,0.0,0.0,0.0,0.0,0.0,0,0,0,2,14.0,2.8,11.2,3.8678159211627463,0.20543093991137115
825,4,2023,6.0,6.0,1.0,0.0,0.0,0.0,0.0,0.0,0.0,0.0,0.0,0,0,0,2,14.0,2.3333333333333335,12.166666666666666,4.13991411612474,0.1945557800008445
825,4,2024,7.0,7.0,1.0,0.0,0.0,0.0,0.0,0.0,0.0,0.0,0.0,0,0,0,2,14.0,2.0,13.0,4.342481186734476,0.1871789464571306
825,5,2020,8.0,8.0,1.0,0.0,0.0,0.0,0.0,0.0,0.0,0.0,0.0,0,0,0,2,14.0,1.75,13.5,4.272001872658765,0.1896812679802183
825,6,2016,1.0,1.0,1.0,0.0,0.0,0.0,0.0,0.0,0.0,0.0,0.0,0,0,0,0,0.0,0.0,17.0,0.0,1.0
825,6,2017,1.0,0.0,0.0,1.0,1.0,0.0,0.0,0.0,0.0,1.0,1.0,0,0,0,0,0.0,0.0,0.0,0.0,1.0
825,6,2018,2.0,1.0,0.5,1.0,0.5,0.0,0.0,0.0,0.0,1.0,0.5,0,0,0,1,1.0,0.5,5.0,5.0,0.16666666666666666
825,6,2019,3.0,2.0,0.6666666666666666,1.0,0.3333333333333333,0.0,0.0,0.0,0.0,1.0,0.3333333333333333,0,0,0,1,1.0,0.3333333333333333,7.666666666666667,5.557777333511022,0.1524906914557591
825,6,2022,4.0,3.0,0.75,1.0,0.25,0.0,0.0,0.0,0.0,1.0,0.25,0,0,0,1,1.0,0.25,9.25,5.539629951540085,0.15291385099924495
825,6,2023,5.0,3.0,0.6,2.0,0.4,1.0,0.2,0.0,0.0,1.0,0.2,0,0,0,1,1.0,0.2,7.4,6.1838499334961226,0.13920112603373047
825,6,2024,6.0,3.0,0.5,3.0,0.5,1.0,0.16666666666666666,1.0,0.16666666666666666,1.0,0.16666666666666666,0,0,0,1,1.0,0.16666666666666666,6.166666666666667,6.2826922749902545,0.13731185696725573
825,7,2016,7.0,3.0,0.42857142857142855,4.0,0.5714285714285714,1.0,0.14285714285714285,2.0,0.2857142857142857,1.0,0.14285714285714285,0,0,0,1,1.0,0.14285714285714285,5.285714285714286,6.204014500173847,0.13881149183914995
825,7,2017,1.0,1.0,1.0,0.0,0.0,0.0,0.0,0.0,0.0,0.0,0.0,0,0,0,0,0.0,0.0,16.0,0.0,1.0
825,7,2018,2.0,2.0,1.0,0.0,0.0,0.0,0.0,0.0,0.0,0.0,0.0,0,0,0,0,0.0,0.0,14.0,2.0,0.3333333333333333
825,7,2019,3.0,3.0,1.0,0.0,0.0,0.0,0.0,0.0,0.0,0.0,0.0,0,0,0,0,0.0,0.0,13.666666666666666,1.699673171197594,0.37041520828107977
825,7,2022,4.0,4.0,1.0,0.0,0.0,0.0,0.0,0.0,0.0,0.0,0.0,0,0,0,0,0.0,0.0,14.5,2.0615528128088303,0.3266316347104093
825,7,2023,5.0,5.0,1.0,0.0,0.0,0.0,0.0,0.0,0.0,0.0,0.0,0,0,0,0,0.0,0.0,15.0,2.0976176963403046,0.32282873421773606
825,7,2024,6.0,6.0,1.0,0.0,0.0,0.0,0.0,0.0,0.0,0.0,0.0,0,0,0,0,0.0,0.0,15.333333333333334,2.0548046676563203,0.3273531727209292
825,9,2016,7.0,7.0,1.0,0.0,0.0,0.0,0.0,0.0,0.0,0.0,0.0,0,0,0,0,0.0,0.0,14.857142857142858,2.2314999074019024,0.30945382288560586
825,9,2017,1.0,1.0,1.0,0.0,0.0,0.0,0.0,0.0,0.0,0.0,0.0,0,0,0,0,0.0,0.0,17.0,0.0,1.0
825,9,2018,2.0,2.0,1.0,0.0,0.0,0.0,0.0,0.0,0.0,0.0,0.0,0,0,0,0,0.0,0.0,14.5,2.5,0.2857142857142857
825,9,2019,3.0,3.0,1.0,0.0,0.0,0.0,0.0,0.0,0.0,0.0,0.0,0,0,0,1,2.0,0.6666666666666666,12.666666666666666,3.2998316455372256,0.23256724505432558
825,9,2020,4.0,3.0,0.75,1.0,0.25,0.0,0.0,1.0,0.25,0.0,0.0,0,0,0,1,2.0,0.5,9.5,6.18465843842649,0.13918546143426822
825,9,2022,6.0,3.0,0.5,3.0,0.5,0.0,0.0,2.0,0.3333333333333333,1.0,0.16666666666666666,0,0,0,1,2.0,0.3333333333333333,6.333333333333333,6.7494855771055295,0.12904082342630863
825,9,2023,7.0,4.0,0.5714285714285714,3.0,0.42857142857142855,0.0,0.0,2.0,0.2857142857142857,1.0,0.14285714285714285,0,0,0,2,3.0,0.42857142857142855,6.857142857142857,6.379175303361745,0.1355164986451031
825,9,2024,8.0,4.0,0.5,4.0,0.5,1.0,0.125,2.0,0.25,1.0,0.125,0,0,0,2,3.0,0.375,6.0,6.383572667401852,0.13543579037488937
825,10,2016,9.0,5.0,0.5555555555555556,4.0,0.4444444444444444,1.0,0.1111111111111111,2.0,0.2222222222222222,1.0,0.1111111111111111,0,0,0,2,3.0,0.3333333333333333,6.666666666666667,6.306962642808167,0.1368557701583768
825,10,2018,1.0,1.0,1.0,0.0,0.0,0.0,0.0,0.0,0.0,0.0,0.0,0,0,0,0,0.0,0.0,16.0,0.0,1.0
825,10,2019,2.0,2.0,1.0,0.0,0.0,0.0,0.0,0.0,0.0,0.0,0.0,0,0,0,0,0.0,0.0,13.5,2.5,0.2857142857142857
825,11,2016,3.0,3.0,1.0,0.0,0.0,0.0,0.0,0.0,0.0,0.0,0.0,0,0,0,1,4.0,1.3333333333333333,11.666666666666666,3.2998316455372256,0.23256724505432558
825,11,2017,1.0,1.0,1.0,0.0,0.0,0.0,0.0,0.0,0.0,0.0,0.0,0,0,0,0,0.0,0.0,15.0,0.0,1.0
825,11,2018,2.0,2.0,1.0,0.0,0.0,0.0,0.0,0.0,0.0,0.0,0.0,0,0,0,0,0.0,0.0,14.0,1.0,0.5
825,11,2019,3.0,3.0,1.0,0.0,0.0,0.0,0.0,0.0,0.0,0.0,0.0,0,0,0,1,6.0,2.0,11.666666666666666,3.399346342395192,0.22730649559533364
825,11,2020,4.0,4.0,1.0,0.0,0.0,0.0,0.0,0.0,0.0,0.0,0.0,0,0,0,1,6.0,1.5,12.0,3.0,0.25
825,11,2022,5.0,5.0,1.0,0.0,0.0,0.0,0.0,0.0,0.0,0.0,0.0,0,0,0,2,7.0,1.4,11.6,2.8000000000000007,0.26315789473684204
825,11,2023,6.0,6.0,1.0,0.0,0.0,0.0,0.0,0.0,0.0,0.0,0.0,0,0,0,2,7.0,1.1666666666666667,12.333333333333334,3.0368111930481008,0.24772028023557965
825,11,2024,7.0,7.0,1.0,0.0,0.0,0.0,0.0,0.0,0.0,0.0,0.0,0,0,0,2,7.0,1.0,13.0,3.2513733362117283,0.23521810975346386
825,13,2016,8.0,8.0,1.0,0.0,0.0,0.0,0.0,0.0,0.0,0.0,0.0,0,0,0,2,7.0,0.875,13.25,3.112474899497183,0.24316257835938798
825,13,2017,1.0,0.0,0.0,1.0,1.0,0.0,0.0,1.0,1.0,0.0,0.0,0,0,0,0,0.0,0.0,0.0,0.0,1.0
825,13,2018,2.0,1.0,0.5,1.0,0.5,0.0,0.0,1.0,0.5,0.0,0.0,0,0,0,0,0.0,0.0,7.5,7.5,0.11764705882352941
825,13,2019,3.0,2.0,0.6666666666666666,1.0,0.3333333333333333,0.0,0.0,1.0,0.3333333333333333,0.0,0.0,0,0,0,1,4.0,1.3333333333333333,7.666666666666667,6.128258770283411,0.14028671408070126
825,13,2020,4.0,3.0,0.75,1.0,0.25,0.0,0.0,1.0,0.25,0.0,0.0,0,0,0,1,4.0,1.0,8.75,5.629165124598851,0.15084855803173447
825,13,2022,5.0,4.0,0.8,1.0,0.2,0.0,0.0,1.0,0.2,0.0,0.0,0,0,0,1,4.0,0.8,10.4,6.019966777316964,0.1424508166094485
825,13,2023,6.0,5.0,0.8333333333333334,1.0,0.16666666666666666,0.0,0.0,1.0,0.16666666666666666,0.0,0.0,0,0,0,1,4.0,0.6666666666666666,11.333333333333334,5.878397362849465,0.14538270286637484
825,13,2024,7.0,6.0,0.8571428571428571,1.0,0.14285714285714285,0.0,0.0,1.0,0.14285714285714285,0.0,0.0,0,0,0,1,4.0,0.5714285714285714,11.857142857142858,5.5915387973659785,0.15170964333845785
825,14,2016,8.0,7.0,0.875,1.0,0.125,0.0,0.0,1.0,0.125,0.0,0.0,0,0,0,1,4.0,0.5,12.125,5.278198082679353,0.159281371315578
825,14,2017,1.0,1.0,1.0,0.0,0.0,0.0,0.0,0.0,0.0,0.0,0.0,0,0,0,0,0.0,0.0,17.0,0.0,1.0
825,14,2018,2.0,2.0,1.0,0.0,0.0,0.0,0.0,0.0,0.0,0.0,0.0,0,0,0,0,0.0,0.0,14.0,3.0,0.25
825,14,2019,3.0,3.0,1.0,0.0,0.0,0.0,0.0,0.0,0.0,0.0,0.0,0,0,0,0,0.0,0.0,14.666666666666666,2.624669291337275,0.2758872381516116
825,14,2020,4.0,3.0,0.75,1.0,0.25,1.0,0.25,0.0,0.0,0.0,0.0,0,0,0,0,0.0,0.0,11.0,6.745368781616021,0.12910941082283192
825,14,2022,5.0,3.0,0.6,2.0,0.4,2.0,0.4,0.0,0.0,0.0,0.0,0,0,0,0,0.0,0.0,8.8,7.467261881037786,0.11810193354707431
825,14,2023,6.0,4.0,0.6666666666666666,2.0,0.3333333333333333,2.0,0.3333333333333333,0.0,0.0,0.0,0.0,0,0,0,0,0.0,0.0,10.0,7.325753658611969,0.12010924668250578
825,14,2024,7.0,5.0,0.7142857142857143,2.0,0.2857142857142857,2.0,0.2857142857142857,0.0,0.0,0.0,0.0,0,0,0,0,0.0,0.0,11.142857142857142,7.33735202194072,0.11994215877755703
825,15,2016,8.0,6.0,0.75,2.0,0.25,2.0,0.25,0.0,0.0,0.0,0.0,0,0,0,1,1.0,0.125,11.0,6.87386354243376,0.12700245497154075
825,15,2017,1.0,1.0,1.0,0.0,0.0,0.0,0.0,0.0,0.0,0.0,0.0,0,0,0,1,1.0,1.0,10.0,0.0,1.0
825,15,2018,2.0,1.0,0.5,1.0,0.5,1.0,0.5,0.0,0.0,0.0,0.0,0,0,0,1,1.0,0.5,5.0,5.0,0.16666666666666666
825,15,2019,3.0,2.0,0.6666666666666666,1.0,0.3333333333333333,1.0,0.3333333333333333,0.0,0.0,0.0,0.0,0,0,0,1,1.0,0.3333333333333333,9.333333333333334,7.363574011458173,0.11956610877478825
825,15,2022,4.0,3.0,0.75,1.0,0.25,1.0,0.25,0.0,0.0,0.0,0.0,0,0,0,1,1.0,0.25,11.25,7.189401922274203,0.12210903915707426
825,15,2023,5.0,4.0,0.8,1.0,0.2,1.0,0.2,0.0,0.0,0.0,0.0,0,0,0,1,1.0,0.2,11.4,6.437390775772433,0.13445575607745877
825,15,2024,6.0,5.0,0.8333333333333334,1.0,0.16666666666666666,1.0,0.16666666666666666,0.0,0.0,0.0,0.0,0,0,0,2,2.0,0.3333333333333333,11.166666666666666,5.899623340142621,0.1449354480239394
825,17,2016,7.0,6.0,0.8571428571428571,1.0,0.14285714285714285,1.0,0.14285714285714285,0.0,0.0,0.0,0.0,0,0,0,2,2.0,0.2857142857142857,12.285714285714286,6.111214181773552,0.14062296176693104
825,17,2017,1.0,1.0,1.0,0.0,0.0,0.0,0.0,0.0,0.0,0.0,0.0,0,0,0,0,0.0,0.0,17.0,0.0,1.0
825,17,2018,2.0,2.0,1.0,0.0,0.0,0.0,0.0,0.0,0.0,0.0,0.0,0,0,0,1,4.0,2.0,12.5,4.5,0.18181818181818182
825,17,2019,3.0,3.0,1.0,0.0,0.0,0.0,0.0,0.0,0.0,0.0,0.0,0,0,0,2,5.0,1.6666666666666667,11.666666666666666,3.8586123009300786,0.20582008566696527
825,17,2024,4.0,4.0,1.0,0.0,0.0,0.0,0.0,0.0,0.0,0.0,0.0,0,0,0,2,5.0,1.25,12.0,3.391164991562634,0.22772999919644132
825,18,2016,5.0,5.0,1.0,0.0,0.0,0.0,0.0,0.0,0.0,0.0,0.0,0,0,0,2,5.0,1.0,12.8,3.429285639896444,0.22577004088256994
825,18,2017,1.0,1.0,1.0,0.0,0.0,0.0,0.0,0.0,0.0,0.0,0.0,0,0,0,0,0.0,0.0,14.0,0.0,1.0
825,18,2018,2.0,1.0,0.5,1.0,0.5,0.0,0.0,1.0,0.5,0.0,0.0,0,0,0,0,0.0,0.0,7.0,7.0,0.125
825,18,2019,3.0,2.0,0.6666666666666666,1.0,0.3333333333333333,0.0,0.0,1.0,0.3333333333333333,0.0,0.0,0,0,0,1,2.0,0.6666666666666666,7.666666666666667,5.792715732327588,0.14721652420118875
825,18,2022,4.0,3.0,0.75,1.0,0.25,0.0,0.0,1.0,0.25,0.0,0.0,0,0,0,1,2.0,0.5,8.5,5.220153254455275,0.1607677430268676
825,18,2023,5.0,3.0,0.6,2.0,0.4,0.0,0.0,2.0,0.4,0.0,0.0,0,0,0,1,2.0,0.4,6.8,5.775811631277461,0.14758379577495243
825,20,2020,6.0,3.0,0.5,3.0,0.5,0.0,0.0,3.0,0.5,0.0,0.0,0,0,0,1,2.0,0.3333333333333333,5.666666666666667,5.849976258261414,0.1459859074393068
825,21,2020,1.0,1.0,1.0,0.0,0.0,0.0,0.0,0.0,0.0,0.0,0.0,0,0,0,0,0.0,0.0,13.0,0.0,1.0
825,21,2022,1.0,0.0,0.0,1.0,1.0,0.0,0.0,0.0,0.0,1.0,1.0,0,0,0,0,0.0,0.0,0.0,0.0,1.0
825,21,2024,2.0,1.0,0.5,1.0,0.5,0.0,0.0,0.0,0.0,1.0,0.5,0,0,0,1,2.0,1.0,4.5,4.5,0.18181818181818182
825,22,2016,3.0,2.0,0.6666666666666666,1.0,0.3333333333333333,0.0,0.0,0.0,0.0,1.0,0.3333333333333333,0,0,0,1,2.0,0.6666666666666666,7.0,5.0990195135927845,0.1639607805437114
825,22,2017,1.0,1.0,1.0,0.0,0.0,0.0,0.0,0.0,0.0,0.0,0.0,0,0,0,0,0.0,0.0,14.0,0.0,1.0
825,22,2018,2.0,2.0,1.0,0.0,0.0,0.0,0.0,0.0,0.0,0.0,0.0,0,0,0,1,4.0,2.0,11.0,3.0,0.25
825,22,2019,3.0,2.0,0.6666666666666666,1.0,0.3333333333333333,0.0,0.0,1.0,0.3333333333333333,0.0,0.0,0,0,0,1,4.0,1.3333333333333333,7.333333333333333,5.734883511361752,0.1484806676036786
825,22,2022,4.0,3.0,0.75,1.0,0.25,0.0,0.0,1.0,0.25,0.0,0.0,0,0,0,1,4.0,1.0,9.25,5.973901572674261,0.14339175705006876
825,22,2023,5.0,4.0,0.8,1.0,0.2,0.0,0.0,1.0,0.2,0.0,0.0,0,0,0,1,4.0,0.8,10.2,5.67097875150313,0.14990304080562036
825,22,2024,6.0,5.0,0.8333333333333334,1.0,0.16666666666666666,0.0,0.0,1.0,0.16666666666666666,0.0,0.0,0,0,0,1,4.0,0.6666666666666666,11.0,5.477225575051661,0.15438708879488486
825,24,2016,7.0,6.0,0.8571428571428571,1.0,0.14285714285714285,0.0,0.0,1.0,0.14285714285714285,0.0,0.0,0,0,0,1,4.0,0.5714285714285714,11.285714285714286,5.118992247762548,0.16342560335252213
825,24,2017,1.0,0.0,0.0,1.0,1.0,1.0,1.0,0.0,0.0,0.0,0.0,0,0,0,0,0.0,0.0,0.0,0.0,1.0
825,24,2018,2.0,1.0,0.5,1.0,0.5,1.0,0.5,0.0,0.0,0.0,0.0,0,0,0,0,0.0,0.0,6.5,6.5,0.13333333333333333
825,24,2019,3.0,2.0,0.6666666666666666,1.0,0.3333333333333333,1.0,0.3333333333333333,0.0,0.0,0.0,0.0,0,0,0,1,1.0,0.3333333333333333,7.666666666666667,5.557777333511022,0.1524906914557591
825,24,2020,4.0,3.0,0.75,1.0,0.25,1.0,0.25,0.0,0.0,0.0,0.0,0,0,0,1,1.0,0.25,9.25,5.539629951540085,0.15291385099924495
825,24,2022,5.0,4.0,0.8,1.0,0.2,1.0,0.2,0.0,0.0,0.0,0.0,0,0,0,1,1.0,0.2,11.0,6.066300355241242,0.14151676969947596
825,24,2023,6.0,5.0,0.8333333333333334,1.0,0.16666666666666666,1.0,0.16666666666666666,0.0,0.0,0.0,0.0,0,0,0,1,1.0,0.16666666666666666,12.0,5.972157622389639,0.14342762372277806
825,24,2024,7.0,6.0,0.8571428571428571,1.0,0.14285714285714285,1.0,0.14285714285714285,0.0,0.0,0.0,0.0,0,0,0,1,1.0,0.14285714285714285,13.142857142857142,6.1974319895668195,0.1389384438018407
825,32,2016,8.0,7.0,0.875,1.0,0.125,1.0,0.125,0.0,0.0,0.0,0.0,0,0,0,1,1.0,0.125,13.5,5.873670062235365,0.14548268842493628
825,32,2017,1.0,1.0,1.0,0.0,0.0,0.0,0.0,0.0,0.0,0.0,0.0,0,0,0,0,0.0,0.0,17.0,0.0,1.0
825,32,2018,2.0,2.0,1.0,0.0,0.0,0.0,0.0,0.0,0.0,0.0,0.0,0,0,0,1,4.0,2.0,12.5,4.5,0.18181818181818182
825,32,2019,3.0,3.0,1.0,0.0,0.0,0.0,0.0,0.0,0.0,0.0,0.0,0,0,0,1,4.0,1.3333333333333333,13.333333333333334,3.858612300930071,0.20582008566696558
825,32,2022,4.0,4.0,1.0,0.0,0.0,0.0,0.0,0.0,0.0,0.0,0.0,0,0,0,1,4.0,1.0,13.75,3.418698582794336,0.22631097850707232
825,32,2023,5.0,5.0,1.0,0.0,0.0,0.0,0.0,0.0,0.0,0.0,0.0,0,0,0,1,4.0,0.8,14.4,3.322649545167229,0.23133959613219426
825,32,2024,6.0,5.0,0.8333333333333334,1.0,0.16666666666666666,0.0,0.0,1.0,0.16666666666666666,0.0,0.0,0,0,0,1,4.0,0.6666666666666666,12.0,6.164414002968976,0.13957875683699938
825,34,2018,7.0,6.0,0.8571428571428571,1.0,0.14285714285714285,0.0,0.0,1.0,0.14285714285714285,0.0,0.0,0,0,0,2,10.0,1.4285714285714286,11.285714285714286,5.969309261650335,0.14348624267582002
825,34,2019,1.0,1.0,1.0,0.0,0.0,0.0,0.0,0.0,0.0,0.0,0.0,0,0,0,1,8.0,8.0,6.0,0.0,1.0
825,34,2022,2.0,2.0,1.0,0.0,0.0,0.0,0.0,0.0,0.0,0.0,0.0,0,0,0,1,8.0,4.0,11.5,5.5,0.15384615384615385
825,39,2022,3.0,2.0,0.6666666666666666,1.0,0.3333333333333333,0.0,0.0,1.0,0.3333333333333333,0.0,0.0,0,0,0,1,8.0,2.6666666666666665,7.666666666666667,7.0395706939809575,0.1243847511346193
825,39,2023,1.0,1.0,1.0,0.0,0.0,0.0,0.0,0.0,0.0,0.0,0.0,0,0,0,0,0.0,0.0,15.0,0.0,1.0
825,39,2024,2.0,2.0,1.0,0.0,0.0,0.0,0.0,0.0,0.0,0.0,0.0,0,0,0,0,0.0,0.0,15.5,0.5,0.6666666666666666
825,69,2016,3.0,3.0,1.0,0.0,0.0,0.0,0.0,0.0,0.0,0.0,0.0,0,0,0,0,0.0,0.0,16.333333333333332,1.2472191289246648,0.4449944320643613
825,69,2017,1.0,1.0,1.0,0.0,0.0,0.0,0.0,0.0,0.0,0.0,0.0,0,0,0,0,0.0,0.0,12.0,0.0,1.0
825,69,2018,2.0,2.0,1.0,0.0,0.0,0.0,0.0,0.0,0.0,0.0,0.0,0,0,0,0,0.0,0.0,14.0,2.0,0.3333333333333333
825,69,2019,3.0,3.0,1.0,0.0,0.0,0.0,0.0,0.0,0.0,0.0,0.0,0,0,0,0,0.0,0.0,9.333333333333334,6.798692684790379,0.12822661956538925
825,69,2022,4.0,4.0,1.0,0.0,0.0,0.0,0.0,0.0,0.0,0.0,0.0,0,0,0,0,0.0,0.0,11.5,6.98212002188447,0.12528000045831353
825,69,2023,5.0,5.0,1.0,0.0,0.0,0.0,0.0,0.0,0.0,0.0,0.0,0,0,0,1,2.0,0.4,11.0,6.324555320336759,0.1365270594958143
825,69,2024,6.0,6.0,1.0,0.0,0.0,0.0,0.0,0.0,0.0,0.0,0.0,0,0,0,1,2.0,0.3333333333333333,11.5,5.880759588125784,0.14533279170597865
825,70,2016,7.0,7.0,1.0,0.0,0.0,0.0,0.0,0.0,0.0,0.0,0.0,0,0,0,1,2.0,0.2857142857142857,11.428571428571429,5.447335989982176,0.15510282100293715
825,70,2017,1.0,1.0,1.0,0.0,0.0,0.0,0.0,0.0,0.0,0.0,0.0,0,0,0,0,0.0,0.0,14.0,0.0,1.0
825,70,2018,2.0,1.0,0.5,1.0,0.5,1.0,0.5,0.0,0.0,0.0,0.0,0,0,0,0,0.0,0.0,7.0,7.0,0.125
825,70,2019,3.0,2.0,0.6666666666666666,1.0,0.3333333333333333,1.0,0.3333333333333333,0.0,0.0,0.0,0.0,0,0,1,1,10.0,3.3333333333333335,6.333333333333333,5.79271573232759,0.14721652420118872
825,70,2020,4.0,3.0,0.75,1.0,0.25,1.0,0.25,0.0,0.0,0.0,0.0,0,0,1,1,10.0,2.5,9.5,7.433034373659253,0.11858127877712907
825,70,2022,6.0,4.0,0.6666666666666666,2.0,0.3333333333333333,2.0,0.3333333333333333,0.0,0.0,0.0,0.0,0,0,1,1,10.0,1.6666666666666667,8.333333333333334,7.180219742846004,0.12224610480354738
825,70,2023,7.0,5.0,0.7142857142857143,2.0,0.2857142857142857,2.0,0.2857142857142857,0.0,0.0,0.0,0.0,0,0,1,2,14.0,2.0,8.285714285714286,6.648615016125769,0.1307426243694675
825,70,2024,8.0,6.0,0.75,2.0,0.25,2.0,0.25,0.0,0.0,0.0,0.0,0,0,1,2,14.0,1.75,9.5,7.0,0.125
825,71,2016,9.0,7.0,0.7777777777777778,2.0,0.2222222222222222,2.0,0.2222222222222222,0.0,0.0,0.0,0.0,0,0,1,3,18.0,2.0,9.333333333333334,6.616477747093068,0.13129428499698087
825,71,2017,1.0,1.0,1.0,0.0,0.0,0.0,0.0,0.0,0.0,0.0,0.0,0,0,0,1,6.0,6.0,7.0,0.0,1.0
825,71,2018,2.0,2.0,1.0,0.0,0.0,0.0,0.0,0.0,0.0,0.0,0.0,0,0,0,1,6.0,3.0,10.0,3.0,0.25
825,71,2019,3.0,3.0,1.0,0.0,0.0,0.0,0.0,0.0,0.0,0.0,0.0,0,0,0,2,10.0,3.3333333333333335,9.333333333333334,2.624669291337267,0.2758872381516122
825,71,2020,4.0,4.0,1.0,0.0,0.0,0.0,0.0,0.0,0.0,0.0,0.0,0,0,0,3,12.0,3.0,9.25,2.277608394786075,0.30510051218771933
825,73,2016,5.0,5.0,1.0,0.0,0.0,0.0,0.0,0.0,0.0,0.0,0.0,0,0,0,3,12.0,2.4,9.8,2.3151673805580417,0.30164389462340513
825,73,2017,1.0,1.0,1.0,0.0,0.0,0.0,0.0,0.0,0.0,0.0,0.0,0,0,0,0,0.0,0.0,14.0,0.0,1.0
825,73,2018,2.0,2.0,1.0,0.0,0.0,0.0,0.0,0.0,0.0,0.0,0.0,0,0,0,1,6.0,3.0,10.5,3.5,0.2222222222222222
825,73,2019,3.0,3.0,1.0,0.0,0.0,0.0,0.0,0.0,0.0,0.0,0.0,0,0,0,1,6.0,2.0,11.333333333333334,3.0912061651652327,0.24442669462970287
825,73,2022,4.0,4.0,1.0,0.0,0.0,0.0,0.0,0.0,0.0,0.0,0.0,0,0,0,1,6.0,1.5,11.75,2.7726341266023544,0.2650667852863333
825,73,2023,5.0,4.0,0.8,1.0,0.2,1.0,0.2,0.0,0.0,0.0,0.0,0,0,0,1,6.0,1.2,9.4,5.314132102234567,0.15837489362094603
825,75,2020,6.0,5.0,0.8333333333333334,1.0,0.16666666666666666,1.0,0.16666666666666666,0.0,0.0,0.0,0.0,0,0,0,1,6.0,1.0,10.0,5.033222956847166,0.1657488886375548
825,76,2020,1.0,1.0,1.0,0.0,0.0,0.0,0.0,0.0,0.0,0.0,0.0,0,0,0,0,0.0,0.0,16.0,0.0,1.0
825,77,2022,1.0,0.0,0.0,1.0,1.0,0.0,0.0,1.0,1.0,0.0,0.0,0,0,0,0,0.0,0.0,0.0,0.0,1.0
825,77,2023,1.0,1.0,1.0,0.0,0.0,0.0,0.0,0.0,0.0,0.0,0.0,0,0,0,1,2.0,2.0,9.0,0.0,1.0
825,77,2024,2.0,2.0,1.0,0.0,0.0,0.0,0.0,0.0,0.0,0.0,0.0,0,0,0,2,3.0,1.5,9.5,0.5,0.6666666666666666
825,78,2023,3.0,3.0,1.0,0.0,0.0,0.0,0.0,0.0,0.0,0.0,0.0,0,0,0,2,3.0,1.0,10.333333333333334,1.2472191289246422,0.44499443206436584
825,78,2024,1.0,1.0,1.0,0.0,0.0,0.0,0.0,0.0,0.0,0.0,0.0,0,0,0,0,0.0,0.0,14.0,0.0,1.0
825,79,2022,2.0,2.0,1.0,0.0,0.0,0.0,0.0,0.0,0.0,0.0,0.0,0,0,0,1,2.0,1.0,11.5,2.5,0.2857142857142857
825,79,2023,1.0,1.0,1.0,0.0,0.0,0.0,0.0,0.0,0.0,0.0,0.0,0,0,0,0,0.0,0.0,16.0,0.0,1.0
825,79,2024,2.0,2.0,1.0,0.0,0.0,0.0,0.0,0.0,0.0,0.0,0.0,0,0,0,1,1.0,0.5,13.0,3.0,0.25
825,80,2023,3.0,3.0,1.0,0.0,0.0,0.0,0.0,0.0,0.0,0.0,0.0,0,0,0,1,1.0,0.3333333333333333,15.0,3.7416573867739413,0.21089672205953397
825,80,2024,1.0,1.0,1.0,0.0,0.0,0.0,0.0,0.0,0.0,0.0,0.0,0,0,0,0,0.0,0.0,13.0,0.0,1.0
826,1,2015,2.0,2.0,1.0,0.0,0.0,0.0,0.0,0.0,0.0,0.0,0.0,0,0,0,0,0.0,0.0,12.5,0.5,0.6666666666666666
826,1,2016,1.0,0.0,0.0,1.0,1.0,0.0,0.0,0.0,0.0,1.0,1.0,0,0,0,0,0.0,0.0,0.0,0.0,1.0
826,1,2017,2.0,0.0,0.0,2.0,1.0,0.0,0.0,0.0,0.0,2.0,1.0,0,0,0,0,0.0,0.0,0.0,0.0,1.0
826,1,2019,3.0,1.0,0.3333333333333333,2.0,0.6666666666666666,0.0,0.0,0.0,0.0,2.0,0.6666666666666666,0,0,0,1,2.0,0.6666666666666666,3.0,4.242640687119285,0.1907435698305462
826,2,2015,4.0,2.0,0.5,2.0,0.5,0.0,0.0,0.0,0.0,2.0,0.5,0,0,0,2,3.0,0.75,4.75,4.763139720814412,0.17351652891363287
826,2,2016,1.0,1.0,1.0,0.0,0.0,0.0,0.0,0.0,0.0,0.0,0.0,0,0,0,1,2.0,2.0,9.0,0.0,1.0
826,3,2015,2.0,2.0,1.0,0.0,0.0,0.0,0.0,0.0,0.0,0.0,0.0,0,0,0,1,2.0,1.0,11.5,2.5,0.2857142857142857
826,3,2016,1.0,1.0,1.0,0.0,0.0,0.0,0.0,0.0,0.0,0.0,0.0,0,0,0,1,2.0,2.0,9.0,0.0,1.0
826,3,2017,2.0,2.0,1.0,0.0,0.0,0.0,0.0,0.0,0.0,0.0,0.0,0,0,0,2,8.0,4.0,8.0,1.0,0.5
826,3,2019,3.0,3.0,1.0,0.0,0.0,0.0,0.0,0.0,0.0,0.0,0.0,0,0,0,2,8.0,2.6666666666666665,9.333333333333334,2.0548046676563203,0.3273531727209292
826,3,2020,4.0,4.0,1.0,0.0,0.0,0.0,0.0,0.0,0.0,0.0,0.0,0,0,0,2,8.0,2.0,10.0,2.1213203435596424,0.32037724101704074
826,4,2015,6.0,6.0,1.0,0.0,0.0,0.0,0.0,0.0,0.0,0.0,0.0,0,0,0,3,14.0,2.3333333333333335,9.666666666666666,2.134374745810953,0.3190428972593292
826,4,2016,1.0,1.0,1.0,0.0,0.0,0.0,0.0,0.0,0.0,0.0,0.0,0,0,0,1,1.0,1.0,10.0,0.0,1.0
826,4,2017,2.0,2.0,1.0,0.0,0.0,0.0,0.0,0.0,0.0,0.0,0.0,0,0,0,2,2.0,1.0,10.0,0.0,1.0
826,4,2019,3.0,3.0,1.0,0.0,0.0,0.0,0.0,0.0,0.0,0.0,0.0,0,0,0,3,4.0,1.3333333333333333,9.666666666666666,0.47140452079105344,0.6796227589829492
826,4,2020,4.0,4.0,1.0,0.0,0.0,0.0,0.0,0.0,0.0,0.0,0.0,0,0,0,4,6.0,1.5,9.5,0.5,0.6666666666666666
826,5,2020,5.0,5.0,1.0,0.0,0.0,0.0,0.0,0.0,0.0,0.0,0.0,0,0,0,4,6.0,1.2,10.0,1.0954451150103335,0.47722557505166086
826,6,2015,1.0,1.0,1.0,0.0,0.0,0.0,0.0,0.0,0.0,0.0,0.0,0,0,0,0,0.0,0.0,12.0,0.0,1.0
826,6,2016,1.0,1.0,1.0,0.0,0.0,0.0,0.0,0.0,0.0,0.0,0.0,0,0,1,1,12.0,12.0,4.0,0.0,1.0
826,6,2017,2.0,1.0,0.5,1.0,0.5,0.0,0.0,1.0,0.5,0.0,0.0,0,0,1,1,12.0,6.0,2.0,2.0,0.3333333333333333
826,6,2019,3.0,2.0,0.6666666666666666,1.0,0.3333333333333333,0.0,0.0,1.0,0.3333333333333333,0.0,0.0,0,0,1,1,12.0,4.0,6.0,5.8878405775518985,0.14518338349164053
826,7,2015,4.0,3.0,0.75,1.0,0.25,0.0,0.0,1.0,0.25,0.0,0.0,0,0,1,2,18.0,4.5,6.25,5.11737237261468,0.16346887831720813
826,7,2016,1.0,1.0,1.0,0.0,0.0,0.0,0.0,0.0,0.0,0.0,0.0,0,0,0,1,2.0,2.0,9.0,0.0,1.0
826,7,2017,2.0,2.0,1.0,0.0,0.0,0.0,0.0,0.0,0.0,0.0,0.0,0,0,0,1,2.0,1.0,10.5,1.5,0.4
826,7,2019,3.0,2.0,0.6666666666666666,1.0,0.3333333333333333,1.0,0.3333333333333333,0.0,0.0,0.0,0.0,0,0,0,1,2.0,0.6666666666666666,7.0,5.0990195135927845,0.1639607805437114
826,9,2015,4.0,3.0,0.75,1.0,0.25,1.0,0.25,0.0,0.0,0.0,0.0,0,0,0,2,3.0,0.75,7.75,4.602988159880492,0.17847619367829065
826,9,2016,1.0,1.0,1.0,0.0,0.0,0.0,0.0,0.0,0.0,0.0,0.0,0,0,0,1,8.0,8.0,6.0,0.0,1.0
826,9,2017,2.0,2.0,1.0,0.0,0.0,0.0,0.0,0.0,0.0,0.0,0.0,0,0,0,2,9.0,4.5,8.0,2.0,0.3333333333333333
826,9,2019,3.0,3.0,1.0,0.0,0.0,0.0,0.0,0.0,0.0,0.0,0.0,0,0,0,2,9.0,3.0,10.333333333333334,3.681787005729085,0.2135936553235557
826,9,2020,4.0,4.0,1.0,0.0,0.0,0.0,0.0,0.0,0.0,0.0,0.0,0,0,0,3,11.0,2.75,10.0,3.24037034920393,0.23582845781094
826,10,2016,6.0,5.0,0.8333333333333334,1.0,0.16666666666666666,0.0,0.0,1.0,0.16666666666666666,0.0,0.0,0,0,0,4,12.0,2.0,8.333333333333334,4.5704364002673605,0.17951914861679485
826,10,2019,1.0,1.0,1.0,0.0,0.0,0.0,0.0,0.0,0.0,0.0,0.0,0,0,0,0,0.0,0.0,15.0,0.0,1.0
826,11,2015,2.0,2.0,1.0,0.0,0.0,0.0,0.0,0.0,0.0,0.0,0.0,0,1,1,1,15.0,7.5,9.0,6.0,0.14285714285714285
826,11,2016,1.0,1.0,1.0,0.0,0.0,0.0,0.0,0.0,0.0,0.0,0.0,0,1,1,1,18.0,18.0,2.0,0.0,1.0
826,11,2017,2.0,2.0,1.0,0.0,0.0,0.0,0.0,0.0,0.0,0.0,0.0,0,1,1,1,18.0,9.0,9.0,7.0,0.125
826,11,2019,3.0,3.0,1.0,0.0,0.0,0.0,0.0,0.0,0.0,0.0,0.0,0,1,1,1,18.0,6.0,9.666666666666666,5.79271573232759,0.14721652420118872
826,11,2020,4.0,4.0,1.0,0.0,0.0,0.0,0.0,0.0,0.0,0.0,0.0,0,1,1,1,18.0,4.5,11.0,5.522680508593631,0.15331120368114
826,13,2015,5.0,5.0,1.0,0.0,0.0,0.0,0.0,0.0,0.0,0.0,0.0,0,1,1,1,18.0,3.6,11.2,4.955804677345548,0.1679034243355495
826,13,2016,1.0,1.0,1.0,0.0,0.0,0.0,0.0,0.0,0.0,0.0,0.0,0,0,1,1,12.0,12.0,4.0,0.0,1.0
826,13,2017,2.0,2.0,1.0,0.0,0.0,0.0,0.0,0.0,0.0,0.0,0.0,0,0,1,1,12.0,6.0,9.0,5.0,0.16666666666666666
826,13,2019,3.0,3.0,1.0,0.0,0.0,0.0,0.0,0.0,0.0,0.0,0.0,0,0,1,1,12.0,4.0,10.0,4.320493798938574,0.18795247918520225
826,13,2020,4.0,4.0,1.0,0.0,0.0,0.0,0.0,0.0,0.0,0.0,0.0,0,0,1,2,18.0,4.5,9.25,3.960744879438715,0.2015826300894444
826,14,2015,5.0,5.0,1.0,0.0,0.0,0.0,0.0,0.0,0.0,0.0,0.0,0,0,1,2,18.0,3.6,9.6,3.6110940170535586,0.2168682738416576
826,14,2016,1.0,1.0,1.0,0.0,0.0,0.0,0.0,0.0,0.0,0.0,0.0,0,0,0,1,1.0,1.0,10.0,0.0,1.0
826,14,2017,2.0,1.0,0.5,1.0,0.5,0.0,0.0,0.0,0.0,0.0,0.0,0,0,0,1,1.0,0.5,5.0,5.0,0.16666666666666666
826,14,2019,3.0,2.0,0.6666666666666666,1.0,0.3333333333333333,0.0,0.0,0.0,0.0,0.0,0.0,0,0,0,1,1.0,0.3333333333333333,7.333333333333333,5.2493385826745405,0.16001693407561032
826,14,2020,4.0,2.0,0.5,2.0,0.5,1.0,0.25,0.0,0.0,0.0,0.0,0,0,0,1,1.0,0.25,5.5,5.545268253204709,0.15278212615814146
826,15,2015,5.0,3.0,0.6,2.0,0.4,1.0,0.2,0.0,0.0,0.0,0.0,0,0,0,2,3.0,0.6,6.2,5.15363949069005,0.16250545738223984
826,15,2016,1.0,1.0,1.0,0.0,0.0,0.0,0.0,0.0,0.0,0.0,0.0,0,0,0,1,8.0,8.0,6.0,0.0,1.0
826,15,2017,2.0,2.0,1.0,0.0,0.0,0.0,0.0,0.0,0.0,0.0,0.0,0,0,0,2,10.0,5.0,7.5,1.5,0.4
826,15,2019,3.0,2.0,0.6666666666666666,1.0,0.3333333333333333,0.0,0.0,1.0,0.3333333333333333,0.0,0.0,0,0,0,2,10.0,3.3333333333333335,5.0,3.7416573867739413,0.21089672205953397
826,17,2015,4.0,3.0,0.75,1.0,0.25,0.0,0.0,1.0,0.25,0.0,0.0,0,0,0,2,10.0,2.5,7.5,5.408326913195984,0.1560469703786189
826,17,2016,1.0,0.0,0.0,1.0,1.0,1.0,1.0,0.0,0.0,0.0,0.0,0,0,0,0,0.0,0.0,0.0,0.0,1.0
826,17,2017,2.0,1.0,0.5,1.0,0.5,1.0,0.5,0.0,0.0,0.0,0.0,0,1,1,1,15.0,7.5,1.5,1.5,0.4
826,17,2019,3.0,1.0,0.3333333333333333,2.0,0.6666666666666666,2.0,0.6666666666666666,0.0,0.0,0.0,0.0,0,1,1,1,15.0,5.0,1.0,1.4142135623730951,0.4142135623730951
826,18,2015,4.0,1.0,0.25,3.0,0.75,2.0,0.5,1.0,0.25,0.0,0.0,0,1,1,1,15.0,3.75,0.75,1.299038105676658,0.4349645173478661
826,18,2016,1.0,1.0,1.0,0.0,0.0,0.0,0.0,0.0,0.0,0.0,0.0,0,0,0,1,6.0,6.0,7.0,0.0,1.0
826,18,2019,2.0,2.0,1.0,0.0,0.0,0.0,0.0,0.0,0.0,0.0,0.0,0,0,0,1,6.0,3.0,10.0,3.0,0.25
826,20,2020,3.0,3.0,1.0,0.0,0.0,0.0,0.0,0.0,0.0,0.0,0.0,0,0,0,2,7.0,2.3333333333333335,10.0,2.449489742783178,0.28989794855663564
826,21,2020,1.0,1.0,1.0,0.0,0.0,0.0,0.0,0.0,0.0,0.0,0.0,0,0,0,0,0.0,0.0,15.0,0.0,1.0
826,22,2015,1.0,1.0,1.0,0.0,0.0,0.0,0.0,0.0,0.0,0.0,0.0,0,0,1,1,12.0,12.0,4.0,0.0,1.0
826,22,2016,1.0,1.0,1.0,0.0,0.0,0.0,0.0,0.0,0.0,0.0,0.0,0,0,0,0,0.0,0.0,13.0,0.0,1.0
826,22,2019,2.0,2.0,1.0,0.0,0.0,0.0,0.0,0.0,0.0,0.0,0.0,0,0,0,0,0.0,0.0,13.0,0.0,1.0
826,24,2015,3.0,3.0,1.0,0.0,0.0,0.0,0.0,0.0,0.0,0.0,0.0,0,0,0,1,1.0,0.3333333333333333,12.0,1.4142135623730951,0.4142135623730951
826,24,2016,1.0,1.0,1.0,0.0,0.0,0.0,0.0,0.0,0.0,0.0,0.0,0,0,0,1,1.0,1.0,10.0,0.0,1.0
826,24,2019,2.0,1.0,0.5,1.0,0.5,1.0,0.5,0.0,0.0,0.0,0.0,0,0,0,1,1.0,0.5,5.0,5.0,0.16666666666666666
826,24,2020,3.0,2.0,0.6666666666666666,1.0,0.3333333333333333,1.0,0.3333333333333333,0.0,0.0,0.0,0.0,0,0,0,2,3.0,1.0,6.333333333333333,4.4969125210773475,0.18192030456471747
826,32,2015,4.0,3.0,0.75,1.0,0.25,1.0,0.25,0.0,0.0,0.0,0.0,0,0,0,2,3.0,0.75,7.5,4.387482193696061,0.1856154626682773
826,32,2016,1.0,1.0,1.0,0.0,0.0,0.0,0.0,0.0,0.0,0.0,0.0,0,0,1,1,12.0,12.0,4.0,0.0,1.0
826,32,2019,2.0,2.0,1.0,0.0,0.0,0.0,0.0,0.0,0.0,0.0,0.0,0,0,1,1,12.0,6.0,11.0,7.0,0.125
826,34,2019,3.0,3.0,1.0,0.0,0.0,0.0,0.0,0.0,0.0,0.0,0.0,0,0,1,1,12.0,4.0,11.0,5.715476066494081,0.1489097705208658
826,69,2015,1.0,1.0,1.0,0.0,0.0,0.0,0.0,0.0,0.0,0.0,0.0,0,0,0,0,0.0,0.0,14.0,0.0,1.0
826,69,2016,1.0,0.0,0.0,1.0,1.0,0.0,0.0,1.0,1.0,0.0,0.0,0,0,0,0,0.0,0.0,0.0,0.0,1.0
826,69,2017,2.0,1.0,0.5,1.0,0.5,0.0,0.0,1.0,0.5,0.0,0.0,0,0,0,0,0.0,0.0,5.5,5.5,0.15384615384615385
826,69,2019,3.0,2.0,0.6666666666666666,1.0,0.3333333333333333,0.0,0.0,1.0,0.3333333333333333,0.0,0.0,0,0,0,1,1.0,0.3333333333333333,7.0,4.966554808583781,0.16760090740494843
826,70,2015,4.0,3.0,0.75,1.0,0.25,0.0,0.0,1.0,0.25,0.0,0.0,0,0,0,1,1.0,0.25,8.25,4.815340071064556,0.1719589891184025
826,70,2016,1.0,1.0,1.0,0.0,0.0,0.0,0.0,0.0,0.0,0.0,0.0,0,0,0,0,0.0,0.0,12.0,0.0,1.0
826,70,2017,2.0,1.0,0.5,1.0,0.5,0.0,0.0,0.0,0.0,1.0,0.5,0,0,0,0,0.0,0.0,6.0,6.0,0.14285714285714285
826,70,2019,3.0,2.0,0.6666666666666666,1.0,0.3333333333333333,0.0,0.0,0.0,0.0,1.0,0.3333333333333333,0,0,0,0,0.0,0.0,9.333333333333334,6.798692684790379,0.12822661956538925
826,70,2020,4.0,3.0,0.75,1.0,0.25,0.0,0.0,0.0,0.0,1.0,0.25,0,0,0,0,0.0,0.0,11.25,6.7592529172978875,0.12887838696051215
826,71,2015,6.0,5.0,0.8333333333333334,1.0,0.16666666666666666,0.0,0.0,0.0,0.0,1.0,0.16666666666666666,0,0,0,1,1.0,0.16666666666666666,11.166666666666666,5.550275268448906,0.15266533985476283
826,71,2016,1.0,1.0,1.0,0.0,0.0,0.0,0.0,0.0,0.0,0.0,0.0,0,0,1,1,10.0,10.0,5.0,0.0,1.0
826,71,2017,2.0,2.0,1.0,0.0,0.0,0.0,0.0,0.0,0.0,0.0,0.0,0,0,1,1,10.0,5.0,10.0,5.0,0.16666666666666666
826,71,2019,3.0,3.0,1.0,0.0,0.0,0.0,0.0,0.0,0.0,0.0,0.0,0,0,1,1,10.0,3.3333333333333335,10.666666666666666,4.1899350299921805,0.19268063939550062
826,71,2020,4.0,4.0,1.0,0.0,0.0,0.0,0.0,0.0,0.0,0.0,0.0,0,0,1,1,10.0,2.5,11.0,3.6742346141747673,0.21393876913398135
826,73,2016,5.0,5.0,1.0,0.0,0.0,0.0,0.0,0.0,0.0,0.0,0.0,0,0,1,2,14.0,2.8,10.4,3.4985711369071795,0.22229280577466023
826,73,2017,1.0,0.0,0.0,1.0,1.0,1.0,1.0,0.0,0.0,0.0,0.0,0,0,0,0,0.0,0.0,0.0,0.0,1.0
826,73,2019,2.0,0.0,0.0,2.0,1.0,1.0,0.5,0.0,0.0,0.0,0.0,0,0,0,0,0.0,0.0,0.0,0.0,1.0
826,75,2020,3.0,0.0,0.0,3.0,1.0,1.0,0.3333333333333333,1.0,0.3333333333333333,0.0,0.0,0,0,0,0,0.0,0.0,0.0,0.0,1.0
826,76,2020,1.0,1.0,1.0,0.0,0.0,0.0,0.0,0.0,0.0,0.0,0.0,0,0,0,0,0.0,0.0,19.0,0.0,1.0
828,1,2015,1.0,1.0,1.0,0.0,0.0,0.0,0.0,0.0,0.0,0.0,0.0,0,0,0,1,6.0,6.0,7.0,0.0,1.0
828,1,2016,1.0,1.0,1.0,0.0,0.0,0.0,0.0,0.0,0.0,0.0,0.0,0,0,0,1,4.0,4.0,8.0,0.0,1.0
828,1,2017,2.0,1.0,0.5,1.0,0.5,1.0,0.5,0.0,0.0,0.0,0.0,0,0,0,1,4.0,2.0,4.0,4.0,0.2
828,1,2018,3.0,1.0,0.3333333333333333,2.0,0.6666666666666666,2.0,0.6666666666666666,0.0,0.0,0.0,0.0,0,0,0,1,4.0,1.3333333333333333,2.6666666666666665,3.7712361663282534,0.20958928989037212
828,2,2015,4.0,1.0,0.25,3.0,0.75,3.0,0.75,0.0,0.0,0.0,0.0,0,0,0,1,4.0,1.0,2.0,3.4641016151377544,0.2240092377397959
828,2,2016,1.0,0.0,0.0,1.0,1.0,0.0,0.0,1.0,1.0,0.0,0.0,0,0,0,0,0.0,0.0,0.0,0.0,1.0
828,2,2017,2.0,1.0,0.5,1.0,0.5,0.0,0.0,1.0,0.5,0.0,0.0,0,0,0,0,0.0,0.0,6.0,6.0,0.14285714285714285
828,3,2015,3.0,2.0,0.6666666666666666,1.0,0.3333333333333333,0.0,0.0,1.0,0.3333333333333333,0.0,0.0,0,0,0,0,0.0,0.0,10.0,7.483314773547883,0.11787845042814334
828,3,2016,1.0,1.0,1.0,0.0,0.0,0.0,0.0,0.0,0.0,0.0,0.0,0,0,0,0,0.0,0.0,14.0,0.0,1.0
828,3,2017,2.0,2.0,1.0,0.0,0.0,0.0,0.0,0.0,0.0,0.0,0.0,0,0,0,0,0.0,0.0,13.0,1.0,0.5
828,3,2018,3.0,2.0,0.6666666666666666,1.0,0.3333333333333333,1.0,0.3333333333333333,0.0,0.0,0.0,0.0,0,0,0,0,0.0,0.0,8.666666666666666,6.18241233033047,0.13922898797902752
828,4,2015,4.0,3.0,0.75,1.0,0.25,1.0,0.25,0.0,0.0,0.0,0.0,0,0,0,1,2.0,0.5,8.75,5.356071321407137,0.15732988971222167
828,4,2016,1.0,1.0,1.0,0.0,0.0,0.0,0.0,0.0,0.0,0.0,0.0,0,0,0,0,0.0,0.0,14.0,0.0,1.0
828,4,2017,2.0,2.0,1.0,0.0,0.0,0.0,0.0,0.0,0.0,0.0,0.0,0,0,0,0,0.0,0.0,13.0,1.0,0.5
828,4,2018,3.0,3.0,1.0,0.0,0.0,0.0,0.0,0.0,0.0,0.0,0.0,0,0,0,0,0.0,0.0,12.333333333333334,1.2472191289246422,0.44499443206436584
828,6,2015,4.0,4.0,1.0,0.0,0.0,0.0,0.0,0.0,0.0,0.0,0.0,0,0,0,0,0.0,0.0,12.5,1.118033988749895,0.4721359549995794
828,6,2016,1.0,1.0,1.0,0.0,0.0,0.0,0.0,0.0,0.0,0.0,0.0,0,0,0,0,0.0,0.0,13.0,0.0,1.0
828,6,2017,2.0,1.0,0.5,1.0,0.5,0.0,0.0,1.0,0.5,0.0,0.0,0,0,0,0,0.0,0.0,6.5,6.5,0.13333333333333333
828,6,2018,3.0,1.0,0.3333333333333333,2.0,0.6666666666666666,0.0,0.0,2.0,0.6666666666666666,0.0,0.0,0,0,0,0,0.0,0.0,4.333333333333333,6.128258770283412,0.14028671408070123
828,7,2015,4.0,2.0,0.5,2.0,0.5,0.0,0.0,2.0,0.5,0.0,0.0,0,0,0,0,0.0,0.0,6.0,6.041522986797286,0.14201473202245876
828,7,2016,1.0,1.0,1.0,0.0,0.0,0.0,0.0,0.0,0.0,0.0,0.0,0,0,0,0,0.0,0.0,14.0,0.0,1.0
828,7,2017,2.0,2.0,1.0,0.0,0.0,0.0,0.0,0.0,0.0,0.0,0.0,0,0,0,0,0.0,0.0,14.5,0.5,0.6666666666666666
828,7,2018,3.0,3.0,1.0,0.0,0.0,0.0,0.0,0.0,0.0,0.0,0.0,0,0,0,0,0.0,0.0,14.0,0.8164965809277203,0.5505102572168237
828,9,2015,4.0,4.0,1.0,0.0,0.0,0.0,0.0,0.0,0.0,0.0,0.0,0,0,0,0,0.0,0.0,14.25,0.82915619758885,0.5467001677156801
828,9,2016,1.0,1.0,1.0,0.0,0.0,0.0,0.0,0.0,0.0,0.0,0.0,0,0,0,0,0.0,0.0,11.0,0.0,1.0
828,9,2017,2.0,1.0,0.5,1.0,0.5,1.0,0.5,0.0,0.0,0.0,0.0,0,0,0,0,0.0,0.0,5.5,5.5,0.15384615384615385
828,9,2018,3.0,2.0,0.6666666666666666,1.0,0.3333333333333333,1.0,0.3333333333333333,0.0,0.0,0.0,0.0,0,0,0,0,0.0,0.0,8.333333333333334,6.018490028422596,0.1424807894504838
828,10,2016,4.0,2.0,0.5,2.0,0.5,1.0,0.25,1.0,0.25,0.0,0.0,0,0,0,0,0.0,0.0,6.25,6.339361166552983,0.13625164061379225
828,10,2018,1.0,1.0,1.0,0.0,0.0,0.0,0.0,0.0,0.0,0.0,0.0,0,0,0,0,0.0,0.0,18.0,0.0,1.0
828,11,2015,2.0,2.0,1.0,0.0,0.0,0.0,0.0,0.0,0.0,0.0,0.0,0,0,0,1,2.0,1.0,13.5,4.5,0.18181818181818182
828,11,2016,1.0,1.0,1.0,0.0,0.0,0.0,0.0,0.0,0.0,0.0,0.0,0,0,0,1,1.0,1.0,10.0,0.0,1.0
828,11,2017,2.0,2.0,1.0,0.0,0.0,0.0,0.0,0.0,0.0,0.0,0.0,0,0,0,1,1.0,0.5,15.0,5.0,0.16666666666666666
828,11,2018,3.0,3.0,1.0,0.0,0.0,0.0,0.0,0.0,0.0,0.0,0.0,0,0,0,1,1.0,0.3333333333333333,15.333333333333334,4.109609335312647,0.19570967844625092
828,13,2015,4.0,4.0,1.0,0.0,0.0,0.0,0.0,0.0,0.0,0.0,0.0,0,0,0,1,1.0,0.25,15.25,3.5619517121937516,0.21920442457272743
828,13,2016,1.0,1.0,1.0,0.0,0.0,0.0,0.0,0.0,0.0,0.0,0.0,0,0,0,1,1.0,1.0,10.0,0.0,1.0
828,13,2017,2.0,1.0,0.5,1.0,0.5,1.0,0.5,0.0,0.0,0.0,0.0,0,0,0,1,1.0,0.5,5.0,5.0,0.16666666666666666
828,13,2018,3.0,2.0,0.6666666666666666,1.0,0.3333333333333333,1.0,0.3333333333333333,0.0,0.0,0.0,0.0,0,0,0,1,1.0,0.3333333333333333,8.666666666666666,6.599663291074445,0.13158477707485636
828,14,2015,4.0,3.0,0.75,1.0,0.25,1.0,0.25,0.0,0.0,0.0,0.0,0,0,0,2,2.0,0.5,9.0,5.744562646538029,0.1482675827043134
828,14,2016,1.0,1.0,1.0,0.0,0.0,0.0,0.0,0.0,0.0,0.0,0.0,0,0,0,1,2.0,2.0,9.0,0.0,1.0
828,14,2017,2.0,2.0,1.0,0.0,0.0,0.0,0.0,0.0,0.0,0.0,0.0,0,0,0,1,2.0,1.0,12.5,3.5,0.2222222222222222
828,14,2018,3.0,3.0,1.0,0.0,0.0,0.0,0.0,0.0,0.0,0.0,0.0,0,0,0,1,2.0,0.6666666666666666,14.333333333333334,3.8586123009300746,0.20582008566696544
828,15,2015,4.0,4.0,1.0,0.0,0.0,0.0,0.0,0.0,0.0,0.0,0.0,0,0,0,1,2.0,0.5,14.5,3.3541019662496847,0.22966848451216434
828,15,2016,1.0,1.0,1.0,0.0,0.0,0.0,0.0,0.0,0.0,0.0,0.0,0,0,0,0,0.0,0.0,11.0,0.0,1.0
828,15,2017,2.0,2.0,1.0,0.0,0.0,0.0,0.0,0.0,0.0,0.0,0.0,0,0,0,0,0.0,0.0,14.0,3.0,0.25
828,15,2018,3.0,2.0,0.6666666666666666,1.0,0.3333333333333333,0.0,0.0,1.0,0.3333333333333333,0.0,0.0,0,0,0,0,0.0,0.0,9.333333333333334,7.039570693980957,0.12438475113461933
828,17,2015,4.0,3.0,0.75,1.0,0.25,0.0,0.0,1.0,0.25,0.0,0.0,0,0,0,0,0.0,0.0,9.75,6.139014578904337,0.14007535479125963
828,17,2016,1.0,1.0,1.0,0.0,0.0,0.0,0.0,0.0,0.0,0.0,0.0,0,0,0,1,1.0,1.0,10.0,0.0,1.0
828,17,2017,2.0,2.0,1.0,0.0,0.0,0.0,0.0,0.0,0.0,0.0,0.0,0,0,0,1,1.0,0.5,13.0,3.0,0.25
828,17,2018,3.0,3.0,1.0,0.0,0.0,0.0,0.0,0.0,0.0,0.0,0.0,0,0,0,1,1.0,0.3333333333333333,13.666666666666666,2.62466929133727,0.275887238151612
828,18,2015,4.0,4.0,1.0,0.0,0.0,0.0,0.0,0.0,0.0,0.0,0.0,0,0,0,1,1.0,0.25,14.25,2.48746859276655,0.286740933545359
828,18,2016,1.0,1.0,1.0,0.0,0.0,0.0,0.0,0.0,0.0,0.0,0.0,0,0,0,0,0.0,0.0,16.0,0.0,1.0
828,18,2017,2.0,1.0,0.5,1.0,0.5,0.0,0.0,1.0,0.5,0.0,0.0,0,0,0,0,0.0,0.0,8.0,8.0,0.1111111111111111
828,18,2018,3.0,2.0,0.6666666666666666,1.0,0.3333333333333333,0.0,0.0,1.0,0.3333333333333333,0.0,0.0,0,0,0,0,0.0,0.0,9.666666666666666,6.944222218666553,0.125877646983527
828,22,2015,4.0,2.0,0.5,2.0,0.5,0.0,0.0,2.0,0.5,0.0,0.0,0,0,0,0,0.0,0.0,7.25,7.327175444876422,0.12008873916728678
828,22,2016,1.0,1.0,1.0,0.0,0.0,0.0,0.0,0.0,0.0,0.0,0.0,0,0,0,0,0.0,0.0,14.0,0.0,1.0
828,22,2017,2.0,2.0,1.0,0.0,0.0,0.0,0.0,0.0,0.0,0.0,0.0,0,0,0,0,0.0,0.0,14.5,0.5,0.6666666666666666
828,22,2018,3.0,2.0,0.6666666666666666,1.0,0.3333333333333333,0.0,0.0,1.0,0.3333333333333333,0.0,0.0,0,0,0,0,0.0,0.0,9.666666666666666,6.847546194724714,0.12742836743952154
828,24,2015,4.0,3.0,0.75,1.0,0.25,0.0,0.0,1.0,0.25,0.0,0.0,0,0,0,0,0.0,0.0,10.25,6.015604707757983,0.14253938778708297
828,24,2016,1.0,1.0,1.0,0.0,0.0,0.0,0.0,0.0,0.0,0.0,0.0,0,0,0,0,0.0,0.0,14.0,0.0,1.0
828,24,2017,2.0,2.0,1.0,0.0,0.0,0.0,0.0,0.0,0.0,0.0,0.0,0,0,0,0,0.0,0.0,14.5,0.5,0.6666666666666666
828,24,2018,3.0,3.0,1.0,0.0,0.0,0.0,0.0,0.0,0.0,0.0,0.0,0,0,0,0,0.0,0.0,15.333333333333334,1.2472191289246306,0.4449944320643682
828,32,2015,4.0,3.0,0.75,1.0,0.25,1.0,0.25,0.0,0.0,0.0,0.0,0,0,0,0,0.0,0.0,11.5,6.726812023536855,0.12941948075789503
828,32,2016,1.0,1.0,1.0,0.0,0.0,0.0,0.0,0.0,0.0,0.0,0.0,0,0,0,0,0.0,0.0,12.0,0.0,1.0
828,32,2017,2.0,2.0,1.0,0.0,0.0,0.0,0.0,0.0,0.0,0.0,0.0,0,0,0,0,0.0,0.0,11.5,0.5,0.6666666666666666
828,32,2018,3.0,2.0,0.6666666666666666,1.0,0.3333333333333333,1.0,0.3333333333333333,0.0,0.0,0.0,0.0,0,0,0,0,0.0,0.0,7.666666666666667,5.436502143433362,0.1553638882914408
828,34,2018,4.0,3.0,0.75,1.0,0.25,1.0,0.25,0.0,0.0,0.0,0.0,0,0,0,1,2.0,0.5,8.0,4.743416490252569,0.17411239489546831
828,69,2015,1.0,1.0,1.0,0.0,0.0,0.0,0.0,0.0,0.0,0.0,0.0,0,0,0,0,0.0,0.0,13.0,0.0,1.0
828,69,2016,1.0,0.0,0.0,1.0,1.0,0.0,0.0,0.0,0.0,1.0,1.0,0,0,0,0,0.0,0.0,0.0,0.0,1.0
828,69,2017,2.0,1.0,0.5,1.0,0.5,0.0,0.0,0.0,0.0,1.0,0.5,0,0,0,0,0.0,0.0,7.0,7.0,0.125
828,69,2018,3.0,2.0,0.6666666666666666,1.0,0.3333333333333333,0.0,0.0,0.0,0.0,1.0,0.3333333333333333,0,0,0,0,0.0,0.0,9.666666666666666,6.847546194724714,0.12742836743952154
828,70,2015,4.0,3.0,0.75,1.0,0.25,0.0,0.0,0.0,0.0,1.0,0.25,0,0,0,1,1.0,0.25,9.75,5.931905258852336,0.144260482891476
828,70,2016,1.0,1.0,1.0,0.0,0.0,0.0,0.0,0.0,0.0,0.0,0.0,0,0,0,0,0.0,0.0,13.0,0.0,1.0
828,70,2017,2.0,2.0,1.0,0.0,0.0,0.0,0.0,0.0,0.0,0.0,0.0,0,0,0,0,0.0,0.0,14.0,1.0,0.5
828,70,2018,3.0,3.0,1.0,0.0,0.0,0.0,0.0,0.0,0.0,0.0,0.0,0,0,0,0,0.0,0.0,14.333333333333334,0.9428090415820617,0.5147186257614301
828,71,2015,4.0,4.0,1.0,0.0,0.0,0.0,0.0,0.0,0.0,0.0,0.0,0,0,0,1,1.0,0.25,13.25,2.0463381929681126,0.32826296249979997
828,71,2016,1.0,0.0,0.0,1.0,1.0,0.0,0.0,1.0,1.0,0.0,0.0,0,0,0,0,0.0,0.0,0.0,0.0,1.0
828,71,2017,2.0,1.0,0.5,1.0,0.5,0.0,0.0,1.0,0.5,0.0,0.0,0,0,0,0,0.0,0.0,7.0,7.0,0.125
828,71,2018,3.0,2.0,0.6666666666666666,1.0,0.3333333333333333,0.0,0.0,1.0,0.3333333333333333,0.0,0.0,0,0,0,0,0.0,0.0,9.666666666666666,6.847546194724714,0.12742836743952154
828,73,2016,4.0,3.0,0.75,1.0,0.25,0.0,0.0,1.0,0.25,0.0,0.0,0,0,0,0,0.0,0.0,10.5,6.103277807866851,0.1407800774583959
828,73,2017,1.0,1.0,1.0,0.0,0.0,0.0,0.0,0.0,0.0,0.0,0.0,0,0,0,0,0.0,0.0,17.0,0.0,1.0
828,73,2018,2.0,2.0,1.0,0.0,0.0,0.0,0.0,0.0,0.0,0.0,0.0,0,0,0,0,0.0,0.0,14.0,3.0,0.25
829,2,2015,3.0,3.0,1.0,0.0,0.0,0.0,0.0,0.0,0.0,0.0,0.0,0,0,0,0,0.0,0.0,13.0,2.8284271247461903,0.2612038749637414
829,3,2015,1.0,0.0,0.0,1.0,1.0,1.0,1.0,0.0,0.0,0.0,0.0,0,0,0,0,0.0,0.0,0.0,0.0,1.0
829,4,2015,1.0,1.0,1.0,0.0,0.0,0.0,0.0,0.0,0.0,0.0,0.0,0,0,0,0,0.0,0.0,16.0,0.0,1.0
829,6,2015,1.0,1.0,1.0,0.0,0.0,0.0,0.0,0.0,0.0,0.0,0.0,0,0,0,0,0.0,0.0,17.0,0.0,1.0
829,7,2015,1.0,1.0,1.0,0.0,0.0,0.0,0.0,0.0,0.0,0.0,0.0,0,0,0,0,0.0,0.0,17.0,0.0,1.0
829,9,2015,1.0,1.0,1.0,0.0,0.0,0.0,0.0,0.0,0.0,0.0,0.0,0,0,0,0,0.0,0.0,17.0,0.0,1.0
829,11,2015,1.0,1.0,1.0,0.0,0.0,0.0,0.0,0.0,0.0,0.0,0.0,0,0,0,0,0.0,0.0,13.0,0.0,1.0
829,13,2015,1.0,1.0,1.0,0.0,0.0,0.0,0.0,0.0,0.0,0.0,0.0,0,0,0,0,0.0,0.0,16.0,0.0,1.0
829,14,2015,1.0,1.0,1.0,0.0,0.0,0.0,0.0,0.0,0.0,0.0,0.0,0,0,0,0,0.0,0.0,16.0,0.0,1.0
829,15,2015,1.0,1.0,1.0,0.0,0.0,0.0,0.0,0.0,0.0,0.0,0.0,0,0,0,0,0.0,0.0,15.0,0.0,1.0
829,17,2015,1.0,1.0,1.0,0.0,0.0,0.0,0.0,0.0,0.0,0.0,0.0,0,0,0,0,0.0,0.0,15.0,0.0,1.0
829,18,2015,1.0,1.0,1.0,0.0,0.0,0.0,0.0,0.0,0.0,0.0,0.0,0,0,0,0,0.0,0.0,15.0,0.0,1.0
829,22,2015,1.0,1.0,1.0,0.0,0.0,0.0,0.0,0.0,0.0,0.0,0.0,0,0,0,0,0.0,0.0,17.0,0.0,1.0
829,24,2015,1.0,1.0,1.0,0.0,0.0,0.0,0.0,0.0,0.0,0.0,0.0,0,0,0,0,0.0,0.0,19.0,0.0,1.0
829,32,2015,1.0,1.0,1.0,0.0,0.0,0.0,0.0,0.0,0.0,0.0,0.0,0,0,0,0,0.0,0.0,18.0,0.0,1.0
829,69,2015,1.0,1.0,1.0,0.0,0.0,0.0,0.0,0.0,0.0,0.0,0.0,0,0,0,0,0.0,0.0,16.0,0.0,1.0
829,70,2015,1.0,0.0,0.0,1.0,1.0,0.0,0.0,0.0,0.0,1.0,1.0,0,0,0,0,0.0,0.0,0.0,0.0,1.0
829,71,2015,1.0,0.0,0.0,1.0,1.0,1.0,1.0,0.0,0.0,0.0,0.0,0,0,0,0,0.0,0.0,0.0,0.0,1.0
830,1,2015,1.0,1.0,1.0,0.0,0.0,0.0,0.0,0.0,0.0,0.0,0.0,0,0,0,0,0.0,0.0,14.0,0.0,1.0
830,1,2016,1.0,0.0,0.0,1.0,1.0,1.0,1.0,0.0,0.0,0.0,0.0,0,0,0,0,0.0,0.0,0.0,0.0,1.0
830,1,2017,2.0,1.0,0.5,1.0,0.5,1.0,0.5,0.0,0.0,0.0,0.0,0,0,0,1,1.0,0.5,5.0,5.0,0.16666666666666666
830,1,2018,3.0,2.0,0.6666666666666666,1.0,0.3333333333333333,1.0,0.3333333333333333,0.0,0.0,0.0,0.0,0,0,1,2,11.0,3.6666666666666665,5.0,4.0824829046386295,0.19675422795565728
830,1,2019,4.0,3.0,0.75,1.0,0.25,1.0,0.25,0.0,0.0,0.0,0.0,0,0,1,3,19.0,4.75,5.25,3.5619517121937516,0.21920442457272743
830,1,2022,5.0,4.0,0.8,1.0,0.2,1.0,0.2,0.0,0.0,0.0,0.0,0,1,2,4,34.0,6.8,4.8,3.3105890714493698,0.23198685456318976
830,1,2023,6.0,4.0,0.6666666666666666,2.0,0.3333333333333333,2.0,0.3333333333333333,0.0,0.0,0.0,0.0,0,1,2,4,34.0,5.666666666666667,4.0,3.511884584284246,0.2216368750839041
830,1,2024,7.0,5.0,0.7142857142857143,2.0,0.2857142857142857,2.0,0.2857142857142857,0.0,0.0,0.0,0.0,1,2,3,5,59.0,8.428571428571429,3.5714285714285716,3.416645926600399,0.22641615755911967
830,1,2025,8.0,5.0,0.625,3.0,0.375,3.0,0.375,0.0,0.0,0.0,0.0,1,2,3,5,59.0,7.375,3.125,3.4072532926097527,0.22689869031962323
830,2,2015,9.0,6.0,0.6666666666666666,3.0,0.3333333333333333,3.0,0.3333333333333333,0.0,0.0,0.0,0.0,1,3,4,6,77.0,8.555555555555555,3.0,3.231786571610886,0.23630681346468205
830,2,2016,1.0,1.0,1.0,0.0,0.0,0.0,0.0,0.0,0.0,0.0,0.0,0,0,0,1,6.0,6.0,7.0,0.0,1.0
830,2,2017,2.0,2.0,1.0,0.0,0.0,0.0,0.0,0.0,0.0,0.0,0.0,0,1,1,2,24.0,12.0,4.5,2.5,0.2857142857142857
830,3,2015,3.0,3.0,1.0,0.0,0.0,0.0,0.0,0.0,0.0,0.0,0.0,1,2,2,3,49.0,16.333333333333332,3.3333333333333335,2.6246692913372702,0.275887238151612
830,3,2016,1.0,0.0,0.0,1.0,1.0,1.0,1.0,0.0,0.0,0.0,0.0,0,0,0,0,0.0,0.0,0.0,0.0,1.0
830,3,2017,2.0,1.0,0.5,1.0,0.5,1.0,0.5,0.0,0.0,0.0,0.0,0,0,0,1,8.0,4.0,3.0,3.0,0.25
830,3,2018,3.0,1.0,0.3333333333333333,2.0,0.6666666666666666,2.0,0.6666666666666666,0.0,0.0,0.0,0.0,0,0,0,1,8.0,2.6666666666666665,2.0,2.8284271247461903,0.2612038749637414
830,3,2019,4.0,1.0,0.25,3.0,0.75,3.0,0.75,0.0,0.0,0.0,0.0,0,0,0,1,8.0,2.0,1.5,2.598076211353316,0.27792629762666365
830,3,2020,5.0,2.0,0.4,3.0,0.6,3.0,0.6,0.0,0.0,0.0,0.0,0,0,1,2,20.0,4.0,2.0,2.5298221281347035,0.28330039409901914
830,3,2021,7.0,3.0,0.42857142857142855,4.0,0.5714285714285714,3.0,0.42857142857142855,1.0,0.14285714285714285,0.0,0.0,0,1,2,3,39.0,5.571428571428571,1.7142857142857142,2.249716535431946,0.30771914691540375
830,3,2022,8.0,4.0,0.5,4.0,0.5,3.0,0.375,1.0,0.125,0.0,0.0,0,2,3,4,57.0,7.125,1.75,2.1065374432940898,0.3219018016855533
830,3,2023,9.0,5.0,0.5555555555555556,4.0,0.4444444444444444,3.0,0.3333333333333333,1.0,0.1111111111111111,0.0,0.0,0,2,3,4,57.0,6.333333333333333,3.6666666666666665,5.773502691896258,0.14763410387308012
830,3,2024,10.0,6.0,0.6,4.0,0.4,3.0,0.3,1.0,0.1,0.0,0.0,1,3,4,5,82.0,8.2,3.4,5.535341001239219,0.15301420382048647
830,3,2025,11.0,7.0,0.6363636363636364,4.0,0.36363636363636365,3.0,0.2727272727272727,1.0,0.09090909090909091,0.0,0.0,2,4,5,6,108.0,9.818181818181818,3.1818181818181817,5.3226476975652535,0.1581615879665545
830,4,2015,12.0,8.0,0.6666666666666666,4.0,0.3333333333333333,3.0,0.25,1.0,0.08333333333333333,0.0,0.0,2,4,5,7,116.0,9.666666666666666,3.4166666666666665,5.155229276073848,0.16246348513565956
830,4,2016,1.0,1.0,1.0,0.0,0.0,0.0,0.0,0.0,0.0,0.0,0.0,0,0,0,0,0.0,0.0,11.0,0.0,1.0
830,4,2017,2.0,2.0,1.0,0.0,0.0,0.0,0.0,0.0,0.0,0.0,0.0,1,1,1,1,25.0,12.5,6.0,5.0,0.16666666666666666
830,4,2018,3.0,2.0,0.6666666666666666,1.0,0.3333333333333333,0.0,0.0,1.0,0.3333333333333333,0.0,0.0,1,1,1,1,25.0,8.333333333333334,4.0,4.96655480858378,0.16760090740494846
830,4,2019,4.0,3.0,0.75,1.0,0.25,0.0,0.0,1.0,0.25,0.0,0.0,1,2,2,2,40.0,10.0,3.75,4.322904116447646,0.18786737054120964
830,4,2020,5.0,4.0,0.8,1.0,0.2,0.0,0.0,1.0,0.2,0.0,0.0,1,3,3,3,55.0,11.0,3.6,3.878143885933063,0.20499600327158568
830,4,2021,6.0,5.0,0.8333333333333334,1.0,0.16666666666666666,0.0,0.0,1.0,0.16666666666666666,0.0,0.0,1,4,4,4,73.0,12.166666666666666,3.3333333333333335,3.5901098714230026,0.21785970881128058
830,4,2022,7.0,6.0,0.8571428571428571,1.0,0.14285714285714285,0.0,0.0,1.0,0.14285714285714285,0.0,0.0,1,5,5,5,92.0,13.142857142857142,3.142857142857143,3.356382892705923,0.22954823408069627
830,4,2023,8.0,7.0,0.875,1.0,0.125,0.0,0.0,1.0,0.125,0.0,0.0,2,6,6,6,117.0,14.625,2.875,3.2185982973959333,0.23704556099055044
830,4,2024,9.0,8.0,0.8888888888888888,1.0,0.1111111111111111,0.0,0.0,1.0,0.1111111111111111,0.0,0.0,3,7,7,7,143.0,15.88888888888889,2.6666666666666665,3.091206165165235,0.24442669462970273
830,4,2025,10.0,9.0,0.9,1.0,0.1,0.0,0.0,1.0,0.1,0.0,0.0,4,8,8,8,168.0,16.8,2.5,2.9748949561287032,0.25157897530301954
830,5,2020,11.0,10.0,0.9090909090909091,1.0,0.09090909090909091,0.0,0.0,1.0,0.09090909090909091,0.0,0.0,4,8,8,9,169.0,15.363636363636363,3.1818181818181817,3.5628941713209863,0.21915914821896776
830,5,2021,1.0,1.0,1.0,0.0,0.0,0.0,0.0,0.0,0.0,0.0,0.0,0,0,0,1,8.0,8.0,6.0,0.0,1.0
830,6,2015,2.0,2.0,1.0,0.0,0.0,0.0,0.0,0.0,0.0,0.0,0.0,0,1,1,2,26.0,13.0,4.0,2.0,0.3333333333333333
830,6,2016,1.0,0.0,0.0,1.0,1.0,0.0,0.0,1.0,1.0,0.0,0.0,0,0,0,0,0.0,0.0,0.0,0.0,1.0
830,6,2017,2.0,0.0,0.0,2.0,1.0,0.0,0.0,2.0,1.0,0.0,0.0,0,0,0,0,0.0,0.0,0.0,0.0,1.0
830,6,2018,3.0,1.0,0.3333333333333333,2.0,0.6666666666666666,0.0,0.0,2.0,0.6666666666666666,0.0,0.0,0,0,1,1,10.0,3.3333333333333335,1.6666666666666667,2.3570226039551585,0.29788301062430306
830,6,2019,4.0,2.0,0.5,2.0,0.5,0.0,0.0,2.0,0.5,0.0,0.0,0,0,1,2,12.0,3.0,3.5,3.774917217635375,0.20942771453851886
830,6,2021,5.0,3.0,0.6,2.0,0.4,0.0,0.0,2.0,0.4,0.0,0.0,0,0,2,3,24.0,4.8,3.6,3.3823069050575523,0.22819031657639394
830,6,2022,6.0,4.0,0.6666666666666666,2.0,0.3333333333333333,0.0,0.0,2.0,0.3333333333333333,0.0,0.0,1,1,3,4,49.0,8.166666666666666,3.1666666666666665,3.2360813064912666,0.2360672347028903
830,6,2023,7.0,5.0,0.7142857142857143,2.0,0.2857142857142857,0.0,0.0,2.0,0.2857142857142857,0.0,0.0,1,2,4,5,64.0,9.142857142857142,3.142857142857143,2.996596709057576,0.250212886812842
830,6,2024,8.0,6.0,0.75,2.0,0.25,0.0,0.0,2.0,0.25,0.0,0.0,2,3,5,6,89.0,11.125,2.875,2.8912583765550943,0.2569862762198005
830,6,2025,9.0,7.0,0.7777777777777778,2.0,0.2222222222222222,0.0,0.0,2.0,0.2222222222222222,0.0,0.0,2,3,5,7,97.0,10.777777777777779,3.2222222222222223,2.8974232912011773,0.2565797772742827
830,7,2015,10.0,8.0,0.8,2.0,0.2,0.0,0.0,2.0,0.2,0.0,0.0,2,3,6,8,109.0,10.9,3.3,2.7586228448267445,0.2660548933172079
830,7,2016,1.0,1.0,1.0,0.0,0.0,0.0,0.0,0.0,0.0,0.0,0.0,0,0,0,0,0.0,0.0,15.0,0.0,1.0
830,7,2017,2.0,2.0,1.0,0.0,0.0,0.0,0.0,0.0,0.0,0.0,0.0,0,0,1,1,12.0,6.0,9.5,5.5,0.15384615384615385
830,7,2018,3.0,2.0,0.6666666666666666,1.0,0.3333333333333333,1.0,0.3333333333333333,0.0,0.0,0.0,0.0,0,0,1,1,12.0,4.0,6.333333333333333,6.342099196813483,0.13620082938051373
830,7,2019,4.0,3.0,0.75,1.0,0.25,1.0,0.25,0.0,0.0,0.0,0.0,0,1,2,2,27.0,6.75,5.5,5.678908345800274,0.14972506706560876
830,7,2022,5.0,4.0,0.8,1.0,0.2,1.0,0.2,0.0,0.0,0.0,0.0,0,1,3,3,37.0,7.4,5.4,5.083306010855534,0.16438429995392648
830,7,2023,6.0,5.0,0.8333333333333334,1.0,0.16666666666666666,1.0,0.16666666666666666,0.0,0.0,0.0,0.0,1,2,4,4,62.0,10.333333333333334,4.666666666666667,4.9216076867444665,0.16887305828086221
830,7,2024,7.0,6.0,0.8571428571428571,1.0,0.14285714285714285,1.0,0.14285714285714285,0.0,0.0,0.0,0.0,2,3,5,5,87.0,12.428571428571429,4.142857142857143,4.733726150223111,0.17440665525351048
830,7,2025,8.0,7.0,0.875,1.0,0.125,1.0,0.125,0.0,0.0,0.0,0.0,3,4,6,6,112.0,14.0,3.75,4.548351349665063,0.18023371934806667
830,9,2015,9.0,8.0,0.8888888888888888,1.0,0.1111111111111111,1.0,0.1111111111111111,0.0,0.0,0.0,0.0,3,5,7,7,130.0,14.444444444444445,3.5555555555555554,4.323350324076382,0.18785162334276828
830,9,2016,1.0,0.0,0.0,1.0,1.0,0.0,0.0,1.0,1.0,0.0,0.0,0,0,0,0,0.0,0.0,0.0,0.0,1.0
830,9,2017,2.0,1.0,0.5,1.0,0.5,0.0,0.0,1.0,0.5,0.0,0.0,0,1,1,1,18.0,9.0,1.0,1.0,0.5
830,9,2018,3.0,2.0,0.6666666666666666,1.0,0.3333333333333333,0.0,0.0,1.0,0.3333333333333333,0.0,0.0,0,1,2,2,30.0,10.0,2.0,1.632993161855452,0.3797958971132712
830,9,2019,4.0,2.0,0.5,2.0,0.5,1.0,0.25,1.0,0.25,0.0,0.0,0,1,2,2,30.0,7.5,1.5,1.6583123951777,0.3761785115301142
830,9,2020,5.0,3.0,0.6,2.0,0.4,1.0,0.2,1.0,0.2,0.0,0.0,0,1,3,3,40.0,8.0,2.2,2.0396078054371136,0.328989811847188
830,9,2021,7.0,5.0,0.7142857142857143,2.0,0.2857142857142857,1.0,0.14285714285714285,1.0,0.14285714285714285,0.0,0.0,1,3,5,5,84.0,12.0,2.0,1.7728105208558367,0.3606449097327238
830,9,2022,8.0,5.0,0.625,3.0,0.375,1.0,0.125,2.0,0.25,0.0,0.0,1,3,5,5,84.0,10.5,1.75,1.7853571071357126,0.35902039183346857
830,9,2023,9.0,6.0,0.6666666666666666,3.0,0.3333333333333333,1.0,0.1111111111111111,2.0,0.2222222222222222,0.0,0.0,1,3,5,6,90.0,10.0,2.3333333333333335,2.357022603955158,0.2978830106243031
830,9,2024,10.0,7.0,0.7,3.0,0.3,1.0,0.1,2.0,0.2,0.0,0.0,2,4,6,7,116.0,11.6,2.2,2.2715633383201093,0.3056642640192571
830,9,2025,11.0,8.0,0.7272727272727273,3.0,0.2727272727272727,1.0,0.09090909090909091,2.0,0.18181818181818182,0.0,0.0,2,5,7,8,134.0,12.181818181818182,2.1818181818181817,2.1666136886932703,0.3157947568945988
830,10,2016,12.0,9.0,0.75,3.0,0.25,1.0,0.08333333333333333,2.0,0.16666666666666666,0.0,0.0,2,5,8,9,144.0,12.0,2.4166666666666665,2.2157893000513886,0.3109656469047956
830,10,2018,1.0,1.0,1.0,0.0,0.0,0.0,0.0,0.0,0.0,0.0,0.0,0,1,1,1,15.0,15.0,3.0,0.0,1.0
830,10,2019,2.0,2.0,1.0,0.0,0.0,0.0,0.0,0.0,0.0,0.0,0.0,0,1,2,2,27.0,13.5,3.5,0.5,0.6666666666666666
830,11,2015,3.0,3.0,1.0,0.0,0.0,0.0,0.0,0.0,0.0,0.0,0.0,1,2,3,3,53.0,17.666666666666668,2.6666666666666665,1.247219128924647,0.4449944320643648
830,11,2016,1.0,1.0,1.0,0.0,0.0,0.0,0.0,0.0,0.0,0.0,0.0,0,0,1,1,12.0,12.0,4.0,0.0,1.0
830,11,2017,2.0,2.0,1.0,0.0,0.0,0.0,0.0,0.0,0.0,0.0,0.0,0,0,2,2,22.0,11.0,4.5,0.5,0.6666666666666666
830,11,2018,3.0,3.0,1.0,0.0,0.0,0.0,0.0,0.0,0.0,0.0,0.0,0,0,3,3,32.0,10.666666666666666,4.666666666666667,0.47140452079102707,0.6796227589829613
830,11,2019,4.0,3.0,0.75,1.0,0.25,1.0,0.25,0.0,0.0,0.0,0.0,0,0,3,3,32.0,8.0,3.5,2.0615528128088303,0.3266316347104093
830,11,2020,5.0,4.0,0.8,1.0,0.2,1.0,0.2,0.0,0.0,0.0,0.0,0,1,4,4,51.0,10.2,3.2,1.939071942966531,0.3402434575965695
830,11,2021,6.0,5.0,0.8333333333333334,1.0,0.16666666666666666,1.0,0.16666666666666666,0.0,0.0,0.0,0.0,0,2,5,5,69.0,11.5,3.0,1.8257418583505538,0.35388936786452296
830,11,2022,7.0,6.0,0.8571428571428571,1.0,0.14285714285714285,1.0,0.14285714285714285,0.0,0.0,0.0,0.0,0,2,5,6,71.0,10.142857142857142,3.857142857142857,2.6954231805876008,0.27060500276479627
830,11,2023,8.0,7.0,0.875,1.0,0.125,1.0,0.125,0.0,0.0,0.0,0.0,1,3,6,7,96.0,12.0,3.5,2.692582403567252,0.2708131845707603
830,11,2024,9.0,8.0,0.8888888888888888,1.0,0.1111111111111111,1.0,0.1111111111111111,0.0,0.0,0.0,0.0,2,4,7,8,122.0,13.555555555555555,3.2222222222222223,2.6573912762447547,0.2734189274456725
830,11,2025,10.0,9.0,0.9,1.0,0.1,1.0,0.1,0.0,0.0,0.0,0.0,2,4,8,9,132.0,13.2,3.4,2.5768197453450252,0.27957796903280585
830,13,2015,11.0,10.0,0.9090909090909091,1.0,0.09090909090909091,1.0,0.09090909090909091,0.0,0.0,0.0,0.0,2,4,8,10,134.0,12.181818181818182,3.909090909090909,2.937362622073366,0.2539771151363784
830,13,2016,1.0,1.0,1.0,0.0,0.0,0.0,0.0,0.0,0.0,0.0,0.0,0,0,0,1,4.0,4.0,8.0,0.0,1.0
830,13,2017,2.0,2.0,1.0,0.0,0.0,0.0,0.0,0.0,0.0,0.0,0.0,0,0,0,1,4.0,2.0,9.5,1.5,0.4
830,13,2018,3.0,2.0,0.6666666666666666,1.0,0.3333333333333333,1.0,0.3333333333333333,0.0,0.0,0.0,0.0,0,0,0,1,4.0,1.3333333333333333,6.333333333333333,4.642796092394707,0.1772171071975803
830,13,2019,4.0,3.0,0.75,1.0,0.25,1.0,0.25,0.0,0.0,0.0,0.0,0,1,1,2,19.0,4.75,5.5,4.272001872658765,0.1896812679802183
830,13,2020,5.0,3.0,0.6,2.0,0.4,1.0,0.2,1.0,0.2,0.0,0.0,0,1,1,2,19.0,3.8,4.4,4.40908153700972,0.18487426990291328
830,13,2021,6.0,4.0,0.6666666666666666,2.0,0.3333333333333333,1.0,0.16666666666666666,1.0,0.16666666666666666,0.0,0.0,0,2,2,3,34.0,5.666666666666667,4.166666666666667,4.058598553961973,0.19768320995086366
830,13,2022,7.0,5.0,0.7142857142857143,2.0,0.2857142857142857,1.0,0.14285714285714285,1.0,0.14285714285714285,0.0,0.0,1,3,3,4,46.5,6.642857142857143,3.7142857142857144,3.917516914514882,0.2033546640273531
830,13,2023,8.0,6.0,0.75,2.0,0.25,1.0,0.125,1.0,0.125,0.0,0.0,2,4,4,5,72.5,9.0625,3.375,3.7728470681966426,0.2095185506075385
830,13,2024,9.0,7.0,0.7777777777777778,2.0,0.2222222222222222,1.0,0.1111111111111111,1.0,0.1111111111111111,0.0,0.0,3,5,5,6,97.5,10.833333333333334,3.111111111111111,3.634539385288028,0.21577117311256855
830,13,2025,10.0,8.0,0.8,2.0,0.2,1.0,0.1,1.0,0.1,0.0,0.0,3,5,6,7,109.5,10.95,3.2,3.458323293158116,0.22429957054362376
830,14,2015,11.0,9.0,0.8181818181818182,2.0,0.18181818181818182,1.0,0.09090909090909091,1.0,0.09090909090909091,0.0,0.0,3,5,7,8,121.5,11.045454545454545,3.272727272727273,3.3053925386723346,0.23226685860062662
830,14,2016,1.0,1.0,1.0,0.0,0.0,0.0,0.0,0.0,0.0,0.0,0.0,0,0,0,0,0.0,0.0,12.0,0.0,1.0
830,14,2017,2.0,2.0,1.0,0.0,0.0,0.0,0.0,0.0,0.0,0.0,0.0,0,0,0,1,6.0,3.0,9.5,2.5,0.2857142857142857
830,14,2018,3.0,3.0,1.0,0.0,0.0,0.0,0.0,0.0,0.0,0.0,0.0,0,0,0,2,7.0,2.3333333333333335,9.666666666666666,2.0548046676563305,0.32735317272092807
830,14,2019,4.0,4.0,1.0,0.0,0.0,0.0,0.0,0.0,0.0,0.0,0.0,0,0,1,3,17.0,4.25,8.5,2.692582403567252,0.2708131845707603
830,14,2020,5.0,5.0,1.0,0.0,0.0,0.0,0.0,0.0,0.0,0.0,0.0,0,0,1,4,21.0,4.2,8.4,2.416609194718915,0.292687850148536
830,14,2021,6.0,5.0,0.8333333333333334,1.0,0.16666666666666666,1.0,0.16666666666666666,0.0,0.0,0.0,0.0,0,0,1,4,21.0,3.5,7.0,3.829708431025352,0.2070518364164892
830,14,2022,7.0,5.0,0.7142857142857143,2.0,0.2857142857142857,1.0,0.14285714285714285,1.0,0.14285714285714285,0.0,0.0,0,0,1,4,21.0,3.0,6.0,4.309458036856673,0.18834314030891638
830,14,2023,8.0,6.0,0.75,2.0,0.25,1.0,0.125,1.0,0.125,0.0,0.0,1,1,2,5,46.0,5.75,5.375,4.357106264483344,0.18666794172626763
830,14,2024,9.0,7.0,0.7777777777777778,2.0,0.2222222222222222,1.0,0.1111111111111111,1.0,0.1111111111111111,0.0,0.0,2,2,3,6,71.0,7.888888888888889,4.888888888888889,4.331908597692872,0.1875501017464369
830,14,2025,10.0,8.0,0.8,2.0,0.2,1.0,0.1,1.0,0.1,0.0,0.0,2,2,3,7,79.0,7.9,5.0,4.123105625617661,0.1951941016011038
830,15,2015,11.0,9.0,0.8181818181818182,2.0,0.18181818181818182,1.0,0.09090909090909091,1.0,0.09090909090909091,0.0,0.0,3,3,4,8,104.0,9.454545454545455,4.636363636363637,4.09595648220684,0.19623401484915015
830,15,2016,1.0,1.0,1.0,0.0,0.0,0.0,0.0,0.0,0.0,0.0,0.0,0,0,0,1,4.0,4.0,8.0,0.0,1.0
830,15,2017,2.0,2.0,1.0,0.0,0.0,0.0,0.0,0.0,0.0,0.0,0.0,0,0,0,2,12.0,6.0,7.0,1.0,0.5
830,15,2018,3.0,2.0,0.6666666666666666,1.0,0.3333333333333333,0.0,0.0,1.0,0.3333333333333333,0.0,0.0,0,0,0,2,12.0,4.0,4.666666666666667,3.3993463423951895,0.2273064955953338
830,15,2019,4.0,3.0,0.75,1.0,0.25,0.0,0.0,1.0,0.25,0.0,0.0,0,1,1,3,30.0,7.5,4.0,3.1622776601683795,0.2402530733520421
830,15,2022,5.0,4.0,0.8,1.0,0.2,0.0,0.0,1.0,0.2,0.0,0.0,0,2,2,4,45.0,9.0,3.8,2.8565713714171403,0.2592976775722262
830,15,2023,6.0,5.0,0.8333333333333334,1.0,0.16666666666666666,0.0,0.0,1.0,0.16666666666666666,0.0,0.0,0,2,2,5,51.0,8.5,4.333333333333333,2.867441755680876,0.25856885847889044
830,15,2024,7.0,6.0,0.8571428571428571,1.0,0.14285714285714285,0.0,0.0,1.0,0.14285714285714285,0.0,0.0,0,2,3,6,61.0,8.714285714285714,4.428571428571429,2.664965443739661,0.27285386870649975
830,15,2025,8.0,7.0,0.875,1.0,0.125,0.0,0.0,1.0,0.125,0.0,0.0,0,3,4,7,79.0,9.875,4.125,2.6190408549696205,0.2763163059148152
830,17,2015,9.0,8.0,0.8888888888888888,1.0,0.1111111111111111,0.0,0.0,1.0,0.1111111111111111,0.0,0.0,0,4,5,8,97.0,10.777777777777779,3.888888888888889,2.5579698740491867,0.2810591532249088
830,17,2016,1.0,1.0,1.0,0.0,0.0,0.0,0.0,0.0,0.0,0.0,0.0,0,0,0,0,0.0,0.0,17.0,0.0,1.0
830,17,2017,2.0,2.0,1.0,0.0,0.0,0.0,0.0,0.0,0.0,0.0,0.0,0,0,0,1,4.0,2.0,12.5,4.5,0.18181818181818182
830,17,2018,3.0,3.0,1.0,0.0,0.0,0.0,0.0,0.0,0.0,0.0,0.0,0,1,1,2,19.0,6.333333333333333,9.333333333333334,5.792715732327588,0.14721652420118875
830,17,2019,4.0,4.0,1.0,0.0,0.0,0.0,0.0,0.0,0.0,0.0,0.0,0,1,2,3,29.0,7.25,8.25,5.356071321407137,0.15732988971222167
830,17,2024,5.0,5.0,1.0,0.0,0.0,0.0,0.0,0.0,0.0,0.0,0.0,0,1,3,4,41.0,8.2,7.4,5.083306010855533,0.1643842999539265
830,17,2025,6.0,6.0,1.0,0.0,0.0,0.0,0.0,0.0,0.0,0.0,0.0,1,2,4,5,66.0,11.0,6.333333333333333,5.217491947499509,0.16083655731989654
830,18,2015,7.0,7.0,1.0,0.0,0.0,0.0,0.0,0.0,0.0,0.0,0.0,1,2,5,6,78.0,11.142857142857142,6.0,4.898979485566356,0.16952084719853724
830,18,2016,1.0,1.0,1.0,0.0,0.0,0.0,0.0,0.0,0.0,0.0,0.0,0,0,0,1,2.0,2.0,9.0,0.0,1.0
830,18,2017,2.0,2.0,1.0,0.0,0.0,0.0,0.0,0.0,0.0,0.0,0.0,0,1,1,2,17.0,8.5,6.0,3.0,0.25
830,18,2018,3.0,3.0,1.0,0.0,0.0,0.0,0.0,0.0,0.0,0.0,0.0,0,1,2,3,27.0,9.0,5.666666666666667,2.494438257849294,0.28616902809880107
830,18,2019,4.0,4.0,1.0,0.0,0.0,0.0,0.0,0.0,0.0,0.0,0.0,0,2,3,4,45.0,11.25,4.75,2.680951323690902,0.2716689007985296
830,18,2021,5.0,5.0,1.0,0.0,0.0,0.0,0.0,0.0,0.0,0.0,0.0,1,3,4,5,70.0,14.0,4.0,2.8284271247461903,0.2612038749637414
830,18,2022,6.0,6.0,1.0,0.0,0.0,0.0,0.0,0.0,0.0,0.0,0.0,1,4,5,6,88.0,14.666666666666666,3.6666666666666665,2.6874192494328506,0.27119237937313656
830,18,2023,7.0,7.0,1.0,0.0,0.0,0.0,0.0,0.0,0.0,0.0,0.0,1,4,5,7,96.0,13.714285714285714,4.0,2.618614682831909,0.27634884828837464
830,18,2024,8.0,8.0,1.0,0.0,0.0,0.0,0.0,0.0,0.0,0.0,0.0,2,5,6,8,121.0,15.125,3.625,2.6427968139832467,0.27451435011730496
830,18,2025,9.0,9.0,1.0,0.0,0.0,0.0,0.0,0.0,0.0,0.0,0.0,3,6,7,9,147.0,16.333333333333332,3.3333333333333335,2.6246692913372702,0.275887238151612
830,20,2020,10.0,10.0,1.0,0.0,0.0,0.0,0.0,0.0,0.0,0.0,0.0,3,7,8,10,162.0,16.2,3.3,2.491987158875423,0.2863698961373171
830,21,2020,1.0,1.0,1.0,0.0,0.0,0.0,0.0,0.0,0.0,0.0,0.0,0,1,1,1,19.0,19.0,2.0,0.0,1.0
830,21,2021,1.0,0.0,0.0,1.0,1.0,1.0,1.0,0.0,0.0,0.0,0.0,0,0,0,0,0.0,0.0,0.0,0.0,1.0
830,21,2022,2.0,1.0,0.5,1.0,0.5,1.0,0.5,0.0,0.0,0.0,0.0,1,1,1,1,25.0,12.5,0.5,0.5,0.6666666666666666
830,21,2024,3.0,2.0,0.6666666666666666,1.0,0.3333333333333333,1.0,0.3333333333333333,0.0,0.0,0.0,0.0,2,2,2,2,51.0,17.0,0.6666666666666666,0.4714045207910317,0.6796227589829592
830,21,2025,4.0,3.0,0.75,1.0,0.25,1.0,0.25,0.0,0.0,0.0,0.0,3,3,3,3,76.0,19.0,0.75,0.4330127018922193,0.6978305207480379
830,22,2015,5.0,4.0,0.8,1.0,0.2,1.0,0.2,0.0,0.0,0.0,0.0,4,4,4,4,101.0,20.2,0.8,0.3999999999999999,0.7142857142857143
830,22,2016,1.0,1.0,1.0,0.0,0.0,0.0,0.0,0.0,0.0,0.0,0.0,0,0,0,1,2.0,2.0,9.0,0.0,1.0
830,22,2017,2.0,2.0,1.0,0.0,0.0,0.0,0.0,0.0,0.0,0.0,0.0,0,1,1,2,20.0,10.0,5.5,3.5,0.2222222222222222
830,22,2018,3.0,3.0,1.0,0.0,0.0,0.0,0.0,0.0,0.0,0.0,0.0,0,2,2,3,38.0,12.666666666666666,4.333333333333333,3.2998316455372225,0.23256724505432574
830,22,2019,4.0,4.0,1.0,0.0,0.0,0.0,0.0,0.0,0.0,0.0,0.0,0,3,3,4,53.0,13.25,4.0,2.9154759474226504,0.2553967929896867
830,22,2022,5.0,4.0,0.8,1.0,0.2,1.0,0.2,0.0,0.0,0.0,0.0,0,3,3,4,53.0,10.6,3.2,3.059411708155671,0.2463411134157501
830,22,2023,6.0,5.0,0.8333333333333334,1.0,0.16666666666666666,1.0,0.16666666666666666,0.0,0.0,0.0,0.0,1,4,4,5,78.0,13.0,2.8333333333333335,2.91070819942883,0.25570816051835643
830,22,2024,7.0,6.0,0.8571428571428571,1.0,0.14285714285714285,1.0,0.14285714285714285,0.0,0.0,0.0,0.0,2,5,5,6,104.0,14.857142857142858,2.5714285714285716,2.770102775666474,0.2652447584332025
830,22,2025,8.0,7.0,0.875,1.0,0.125,1.0,0.125,0.0,0.0,0.0,0.0,3,6,6,7,130.0,16.25,2.375,2.6427968139832467,0.27451435011730496
830,24,2015,9.0,8.0,0.8888888888888888,1.0,0.1111111111111111,1.0,0.1111111111111111,0.0,0.0,0.0,0.0,4,7,7,8,155.0,17.22222222222222,2.2222222222222223,2.528845928164676,0.28337876471702234
830,24,2016,1.0,1.0,1.0,0.0,0.0,0.0,0.0,0.0,0.0,0.0,0.0,0,0,0,0,0.0,0.0,16.0,0.0,1.0
830,24,2017,2.0,2.0,1.0,0.0,0.0,0.0,0.0,0.0,0.0,0.0,0.0,0,0,1,1,12.0,6.0,10.0,6.0,0.14285714285714285
830,24,2018,3.0,3.0,1.0,0.0,0.0,0.0,0.0,0.0,0.0,0.0,0.0,0,0,2,2,22.0,7.333333333333333,8.333333333333334,5.436502143433362,0.1553638882914408
830,24,2019,4.0,4.0,1.0,0.0,0.0,0.0,0.0,0.0,0.0,0.0,0.0,0,1,3,3,37.0,9.25,7.0,5.244044240850758,0.16015261286229274
830,24,2020,5.0,5.0,1.0,0.0,0.0,0.0,0.0,0.0,0.0,0.0,0.0,0,2,4,4,55.0,11.0,6.0,5.0990195135927845,0.1639607805437114
830,24,2021,6.0,6.0,1.0,0.0,0.0,0.0,0.0,0.0,0.0,0.0,0.0,1,3,5,5,80.0,13.333333333333334,5.166666666666667,5.013869652163774,0.16628228708618628
830,24,2022,7.0,7.0,1.0,0.0,0.0,0.0,0.0,0.0,0.0,0.0,0.0,2,4,6,6,106.0,15.142857142857142,4.571428571428571,4.865538961693257,0.1704873169423669
830,24,2023,8.0,8.0,1.0,0.0,0.0,0.0,0.0,0.0,0.0,0.0,0.0,3,5,7,7,131.0,16.375,4.125,4.702060718451007,0.17537519317606548
830,24,2024,9.0,9.0,1.0,0.0,0.0,0.0,0.0,0.0,0.0,0.0,0.0,4,6,8,8,157.0,17.444444444444443,3.7777777777777777,4.540625942600566,0.18048502287642915
830,32,2015,10.0,10.0,1.0,0.0,0.0,0.0,0.0,0.0,0.0,0.0,0.0,4,6,8,9,165.0,16.5,4.0,4.358898943540674,0.18660549686337075
830,32,2016,1.0,1.0,1.0,0.0,0.0,0.0,0.0,0.0,0.0,0.0,0.0,0,0,0,1,2.0,2.0,9.0,0.0,1.0
830,32,2017,2.0,2.0,1.0,0.0,0.0,0.0,0.0,0.0,0.0,0.0,0.0,0,0,1,2,14.0,7.0,6.5,2.5,0.2857142857142857
830,32,2018,3.0,3.0,1.0,0.0,0.0,0.0,0.0,0.0,0.0,0.0,0.0,1,1,2,3,39.0,13.0,4.666666666666667,3.2998316455372207,0.23256724505432583
830,32,2019,4.0,4.0,1.0,0.0,0.0,0.0,0.0,0.0,0.0,0.0,0.0,2,2,3,4,64.0,16.0,3.75,3.2691742076555053,0.23423733756443926
830,32,2021,5.0,5.0,1.0,0.0,0.0,0.0,0.0,0.0,0.0,0.0,0.0,2,2,3,5,72.0,14.4,4.2,3.059411708155671,0.2463411134157501
830,32,2022,6.0,6.0,1.0,0.0,0.0,0.0,0.0,0.0,0.0,0.0,0.0,3,3,4,6,97.0,16.166666666666668,3.6666666666666665,3.0368111930481,0.24772028023557965
830,32,2023,7.0,7.0,1.0,0.0,0.0,0.0,0.0,0.0,0.0,0.0,0.0,4,4,5,7,122.0,17.428571428571427,3.2857142857142856,2.9623487647611033,0.2523755629220316
830,32,2024,8.0,8.0,1.0,0.0,0.0,0.0,0.0,0.0,0.0,0.0,0.0,5,5,6,8,147.0,18.375,3.0,2.8722813232690143,0.25824569976124334
830,32,2025,9.0,9.0,1.0,0.0,0.0,0.0,0.0,0.0,0.0,0.0,0.0,5,5,6,9,155.0,17.22222222222222,3.3333333333333335,2.867441755680875,0.2585688584788905
830,34,2018,10.0,10.0,1.0,0.0,0.0,0.0,0.0,0.0,0.0,0.0,0.0,5,6,7,10,170.0,17.0,3.3,2.7221315177632404,0.26866326330159745
830,34,2019,1.0,1.0,1.0,0.0,0.0,0.0,0.0,0.0,0.0,0.0,0.0,0,1,1,1,18.0,18.0,2.0,0.0,1.0
830,34,2021,2.0,2.0,1.0,0.0,0.0,0.0,0.0,0.0,0.0,0.0,0.0,0,1,2,2,30.0,15.0,3.0,1.0,0.5
830,34,2022,3.0,3.0,1.0,0.0,0.0,0.0,0.0,0.0,0.0,0.0,0.0,1,2,3,3,56.0,18.666666666666668,2.3333333333333335,1.2472191289246466,0.444994432064365
830,39,2021,4.0,4.0,1.0,0.0,0.0,0.0,0.0,0.0,0.0,0.0,0.0,2,3,4,4,81.0,20.25,2.0,1.224744871391589,0.4494897427831781
830,39,2022,1.0,1.0,1.0,0.0,0.0,0.0,0.0,0.0,0.0,0.0,0.0,1,1,1,1,25.0,25.0,1.0,0.0,1.0
830,39,2023,2.0,2.0,1.0,0.0,0.0,0.0,0.0,0.0,0.0,0.0,0.0,2,2,2,2,51.0,25.5,1.0,0.0,1.0
830,39,2024,3.0,3.0,1.0,0.0,0.0,0.0,0.0,0.0,0.0,0.0,0.0,3,3,3,3,76.0,25.333333333333332,1.0,0.0,1.0
830,39,2025,4.0,4.0,1.0,0.0,0.0,0.0,0.0,0.0,0.0,0.0,0.0,3,4,4,4,94.0,23.5,1.25,0.4330127018922193,0.6978305207480379
830,69,2015,5.0,5.0,1.0,0.0,0.0,0.0,0.0,0.0,0.0,0.0,0.0,3,5,5,5,112.0,22.4,1.4,0.48989794855663604,0.6711869097939004
830,69,2016,1.0,1.0,1.0,0.0,0.0,0.0,0.0,0.0,0.0,0.0,0.0,0,0,1,1,12.0,12.0,4.0,0.0,1.0
830,69,2017,2.0,1.0,0.5,1.0,0.5,1.0,0.5,0.0,0.0,0.0,0.0,0,0,1,1,12.0,6.0,2.0,2.0,0.3333333333333333
830,69,2018,3.0,2.0,0.6666666666666666,1.0,0.3333333333333333,1.0,0.3333333333333333,0.0,0.0,0.0,0.0,0,0,2,2,24.0,8.0,2.6666666666666665,1.8856180831641267,0.34654620645552786
830,69,2019,4.0,3.0,0.75,1.0,0.25,1.0,0.25,0.0,0.0,0.0,0.0,0,1,3,3,42.0,10.5,2.5,1.6583123951777,0.3761785115301142
830,69,2021,5.0,4.0,0.8,1.0,0.2,1.0,0.2,0.0,0.0,0.0,0.0,0,2,4,4,57.0,11.4,2.6,1.4966629547095762,0.4005346408948199
830,69,2022,6.0,5.0,0.8333333333333334,1.0,0.16666666666666666,1.0,0.16666666666666666,0.0,0.0,0.0,0.0,1,3,5,5,82.0,13.666666666666666,2.3333333333333335,1.4907119849998596,0.4014916240907944
830,69,2023,7.0,6.0,0.8571428571428571,1.0,0.14285714285714285,1.0,0.14285714285714285,0.0,0.0,0.0,0.0,2,4,6,6,107.0,15.285714285714286,2.142857142857143,1.4568627181693672,0.407023148914527
830,69,2024,8.0,7.0,0.875,1.0,0.125,1.0,0.125,0.0,0.0,0.0,0.0,3,5,7,7,132.0,16.5,2.0,1.4142135623730951,0.4142135623730951
830,69,2025,9.0,8.0,0.8888888888888888,1.0,0.1111111111111111,1.0,0.1111111111111111,0.0,0.0,0.0,0.0,3,6,8,8,147.0,16.333333333333332,2.111111111111111,1.3698697784375502,0.42196411342875456
830,70,2015,10.0,9.0,0.9,1.0,0.1,1.0,0.1,0.0,0.0,0.0,0.0,4,7,9,9,172.0,17.2,2.0,1.3416407864998738,0.42705098312484224
830,70,2016,1.0,1.0,1.0,0.0,0.0,0.0,0.0,0.0,0.0,0.0,0.0,0,0,0,1,4.0,4.0,8.0,0.0,1.0
830,70,2017,2.0,2.0,1.0,0.0,0.0,0.0,0.0,0.0,0.0,0.0,0.0,0,1,1,2,22.0,11.0,5.0,3.0,0.25
830,70,2018,3.0,2.0,0.6666666666666666,1.0,0.3333333333333333,0.0,0.0,1.0,0.3333333333333333,0.0,0.0,0,1,1,2,22.0,7.333333333333333,3.3333333333333335,3.39934634239519,0.22730649559533378
830,70,2019,4.0,3.0,0.75,1.0,0.25,0.0,0.0,1.0,0.25,0.0,0.0,1,2,2,3,47.0,11.75,2.75,3.112474899497183,0.24316257835938798
830,70,2020,5.0,4.0,0.8,1.0,0.2,0.0,0.0,1.0,0.2,0.0,0.0,2,3,3,4,73.0,14.6,2.4,2.870540018881465,0.2583618810609758
830,70,2021,7.0,5.0,0.7142857142857143,2.0,0.2857142857142857,1.0,0.14285714285714285,1.0,0.14285714285714285,0.0,0.0,2,4,4,5,88.0,12.571428571428571,2.142857142857143,2.587252896610691,0.27876484564130405
830,70,2022,9.0,7.0,0.7777777777777778,2.0,0.2222222222222222,1.0,0.1111111111111111,1.0,0.1111111111111111,0.0,0.0,4,6,6,7,139.0,15.444444444444445,1.8888888888888888,2.3306863292670035,0.3002384196953406
830,70,2023,10.0,8.0,0.8,2.0,0.2,1.0,0.1,1.0,0.1,0.0,0.0,4,7,7,8,158.0,15.8,1.9,2.2113344387495983,0.31139702795619484
830,70,2024,11.0,9.0,0.8181818181818182,2.0,0.18181818181818182,1.0,0.09090909090909091,1.0,0.09090909090909091,0.0,0.0,5,8,8,9,184.0,16.727272727272727,1.8181818181818181,2.1242402628268953,0.3200778160048336
830,70,2025,12.0,10.0,0.8333333333333334,2.0,0.16666666666666666,1.0,0.08333333333333333,1.0,0.08333333333333333,0.0,0.0,5,8,9,10,194.0,16.166666666666668,2.0833333333333335,2.215789300051388,0.31096564690479567
830,71,2015,13.0,10.0,0.7692307692307693,3.0,0.23076923076923078,1.0,0.07692307692307693,2.0,0.15384615384615385,0.0,0.0,5,8,9,10,194.0,14.923076923076923,3.3076923076923075,4.745599020057594,0.17404625636231327
830,71,2016,1.0,1.0,1.0,0.0,0.0,0.0,0.0,0.0,0.0,0.0,0.0,0,0,0,1,1.0,1.0,10.0,0.0,1.0
830,71,2017,2.0,1.0,0.5,1.0,0.5,1.0,0.5,0.0,0.0,0.0,0.0,0,0,0,1,1.0,0.5,5.0,5.0,0.16666666666666666
830,71,2018,3.0,2.0,0.6666666666666666,1.0,0.3333333333333333,1.0,0.3333333333333333,0.0,0.0,0.0,0.0,0,0,1,2,11.0,3.6666666666666665,5.0,4.0824829046386295,0.19675422795565728
830,71,2019,4.0,3.0,0.75,1.0,0.25,1.0,0.25,0.0,0.0,0.0,0.0,0,0,2,3,21.0,5.25,5.0,3.5355339059327378,0.2204812092115424
830,71,2020,5.0,4.0,0.8,1.0,0.2,1.0,0.2,0.0,0.0,0.0,0.0,0,0,3,4,33.0,6.6,4.8,3.187475490101846,0.23880736791504859
830,71,2021,6.0,5.0,0.8333333333333334,1.0,0.16666666666666666,1.0,0.16666666666666666,0.0,0.0,0.0,0.0,0,1,4,5,51.0,8.5,4.333333333333333,3.091206165165235,0.24442669462970273
830,73,2016,7.0,6.0,0.8571428571428571,1.0,0.14285714285714285,1.0,0.14285714285714285,0.0,0.0,0.0,0.0,0,2,5,6,69.0,9.857142857142858,4.0,2.9760952365713798,0.2515030301090847
830,73,2017,1.0,1.0,1.0,0.0,0.0,0.0,0.0,0.0,0.0,0.0,0.0,0,0,0,1,4.0,4.0,8.0,0.0,1.0
830,73,2018,2.0,1.0,0.5,1.0,0.5,1.0,0.5,0.0,0.0,0.0,0.0,0,0,0,1,4.0,2.0,4.0,4.0,0.2
830,73,2019,3.0,1.0,0.3333333333333333,2.0,0.6666666666666666,1.0,0.3333333333333333,1.0,0.3333333333333333,0.0,0.0,0,0,0,1,4.0,1.3333333333333333,2.6666666666666665,3.7712361663282534,0.20958928989037212
830,73,2021,4.0,2.0,0.5,2.0,0.5,1.0,0.25,1.0,0.25,0.0,0.0,0,0,1,2,16.0,4.0,3.0,3.3166247903554,0.23166247903554
830,73,2022,5.0,2.0,0.4,3.0,0.6,1.0,0.2,2.0,0.4,0.0,0.0,0,0,1,2,16.0,3.2,2.4,3.2,0.23809523809523808
830,73,2023,6.0,3.0,0.5,3.0,0.5,1.0,0.16666666666666666,2.0,0.3333333333333333,0.0,0.0,1,1,2,3,41.0,6.833333333333333,2.1666666666666665,2.967415635794143,0.2520532487138403
830,73,2024,7.0,4.0,0.5714285714285714,3.0,0.42857142857142855,1.0,0.14285714285714285,2.0,0.2857142857142857,0.0,0.0,1,2,3,4,59.0,8.428571428571429,2.142857142857143,2.747912008810192,0.2668152287591882
830,73,2025,8.0,5.0,0.625,3.0,0.375,1.0,0.125,2.0,0.25,0.0,0.0,1,2,4,5,69.0,8.625,2.5,2.7386127875258306,0.2674788903885893
830,75,2020,9.0,6.0,0.6666666666666666,3.0,0.3333333333333333,1.0,0.1111111111111111,2.0,0.2222222222222222,0.0,0.0,2,3,5,6,94.0,10.444444444444445,2.3333333333333335,2.6246692913372702,0.275887238151612
830,75,2021,1.0,1.0,1.0,0.0,0.0,0.0,0.0,0.0,0.0,0.0,0.0,0,1,1,1,15.0,15.0,3.0,0.0,1.0
830,76,2020,2.0,2.0,1.0,0.0,0.0,0.0,0.0,0.0,0.0,0.0,0.0,0,2,2,2,33.0,16.5,2.5,0.5,0.6666666666666666
830,77,2021,1.0,0.0,0.0,1.0,1.0,0.0,0.0,1.0,1.0,0.0,0.0,0,0,0,0,0.0,0.0,0.0,0.0,1.0
830,77,2022,1.0,1.0,1.0,0.0,0.0,0.0,0.0,0.0,0.0,0.0,0.0,0,1,1,1,18.0,18.0,2.0,0.0,1.0
830,77,2023,2.0,2.0,1.0,0.0,0.0,0.0,0.0,0.0,0.0,0.0,0.0,1,2,2,2,43.0,21.5,1.5,0.5,0.6666666666666666
830,77,2024,3.0,3.0,1.0,0.0,0.0,0.0,0.0,0.0,0.0,0.0,0.0,1,3,3,3,62.0,20.666666666666668,1.6666666666666667,0.4714045207910313,0.6796227589829594
830,77,2025,4.0,4.0,1.0,0.0,0.0,0.0,0.0,0.0,0.0,0.0,0.0,2,4,4,4,87.0,21.75,1.5,0.5,0.6666666666666666
830,78,2021,5.0,5.0,1.0,0.0,0.0,0.0,0.0,0.0,0.0,0.0,0.0,2,5,5,5,105.0,21.0,1.6,0.48989794855663493,0.6711869097939007
830,78,2023,1.0,1.0,1.0,0.0,0.0,0.0,0.0,0.0,0.0,0.0,0.0,0,1,1,1,19.0,19.0,2.0,0.0,1.0
830,78,2024,2.0,2.0,1.0,0.0,0.0,0.0,0.0,0.0,0.0,0.0,0.0,1,2,2,2,45.0,22.5,1.5,0.5,0.6666666666666666
830,78,2025,3.0,3.0,1.0,0.0,0.0,0.0,0.0,0.0,0.0,0.0,0.0,2,3,3,3,70.0,23.333333333333332,1.3333333333333333,0.4714045207910318,0.6796227589829592
830,79,2022,4.0,4.0,1.0,0.0,0.0,0.0,0.0,0.0,0.0,0.0,0.0,3,4,4,4,95.0,23.75,1.25,0.4330127018922193,0.6978305207480379
830,79,2023,1.0,1.0,1.0,0.0,0.0,0.0,0.0,0.0,0.0,0.0,0.0,1,1,1,1,26.0,26.0,1.0,0.0,1.0
830,79,2024,2.0,2.0,1.0,0.0,0.0,0.0,0.0,0.0,0.0,0.0,0.0,2,2,2,2,52.0,26.0,1.0,0.0,1.0
830,79,2025,3.0,3.0,1.0,0.0,0.0,0.0,0.0,0.0,0.0,0.0,0.0,2,3,3,3,70.0,23.333333333333332,1.3333333333333333,0.4714045207910318,0.6796227589829592
830,80,2023,4.0,4.0,1.0,0.0,0.0,0.0,0.0,0.0,0.0,0.0,0.0,2,3,4,4,82.0,20.5,2.0,1.224744871391589,0.4494897427831781
830,80,2024,1.0,1.0,1.0,0.0,0.0,0.0,0.0,0.0,0.0,0.0,0.0,1,1,1,1,25.0,25.0,1.0,0.0,1.0
830,80,2025,2.0,2.0,1.0,0.0,0.0,0.0,0.0,0.0,0.0,0.0,0.0,1,1,2,2,35.0,17.5,3.0,2.0,0.3333333333333333
831,1,2015,3.0,3.0,1.0,0.0,0.0,0.0,0.0,0.0,0.0,0.0,0.0,2,2,3,3,60.0,20.0,2.3333333333333335,1.8856180831641265,0.3465462064555279
831,1,2016,1.0,1.0,1.0,0.0,0.0,0.0,0.0,0.0,0.0,0.0,0.0,0,0,1,1,10.0,10.0,5.0,0.0,1.0
831,2,2015,2.0,2.0,1.0,0.0,0.0,0.0,0.0,0.0,0.0,0.0,0.0,0,0,1,1,10.0,5.0,10.0,5.0,0.16666666666666666
831,2,2016,1.0,1.0,1.0,0.0,0.0,0.0,0.0,0.0,0.0,0.0,0.0,0,0,0,0,0.0,0.0,12.0,0.0,1.0
831,3,2015,2.0,1.0,0.5,1.0,0.5,1.0,0.5,0.0,0.0,0.0,0.0,0,0,0,0,0.0,0.0,6.0,6.0,0.14285714285714285
831,3,2016,1.0,1.0,1.0,0.0,0.0,0.0,0.0,0.0,0.0,0.0,0.0,0,0,0,0,0.0,0.0,12.0,0.0,1.0
831,4,2015,2.0,2.0,1.0,0.0,0.0,0.0,0.0,0.0,0.0,0.0,0.0,0,0,0,0,0.0,0.0,13.0,1.0,0.5
831,4,2016,1.0,1.0,1.0,0.0,0.0,0.0,0.0,0.0,0.0,0.0,0.0,0,0,0,0,0.0,0.0,12.0,0.0,1.0
831,6,2015,2.0,2.0,1.0,0.0,0.0,0.0,0.0,0.0,0.0,0.0,0.0,0,0,0,0,0.0,0.0,13.5,1.5,0.4
831,6,2016,1.0,1.0,1.0,0.0,0.0,0.0,0.0,0.0,0.0,0.0,0.0,0,0,0,1,2.0,2.0,9.0,0.0,1.0
831,7,2015,2.0,1.0,0.5,1.0,0.5,0.0,0.0,0.0,0.0,1.0,0.5,0,0,0,1,2.0,1.0,4.5,4.5,0.18181818181818182
831,7,2016,1.0,1.0,1.0,0.0,0.0,0.0,0.0,0.0,0.0,0.0,0.0,0,0,0,0,0.0,0.0,16.0,0.0,1.0
831,9,2015,2.0,2.0,1.0,0.0,0.0,0.0,0.0,0.0,0.0,0.0,0.0,0,0,0,0,0.0,0.0,17.0,1.0,0.5
831,9,2016,1.0,0.0,0.0,1.0,1.0,1.0,1.0,0.0,0.0,0.0,0.0,0,0,0,0,0.0,0.0,0.0,0.0,1.0
831,10,2016,2.0,1.0,0.5,1.0,0.5,1.0,0.5,0.0,0.0,0.0,0.0,0,0,0,0,0.0,0.0,7.5,7.5,0.11764705882352941
831,11,2015,1.0,0.0,0.0,1.0,1.0,1.0,1.0,0.0,0.0,0.0,0.0,0,0,0,0,0.0,0.0,0.0,0.0,1.0
831,11,2016,1.0,1.0,1.0,0.0,0.0,0.0,0.0,0.0,0.0,0.0,0.0,0,0,0,0,0.0,0.0,11.0,0.0,1.0
831,13,2015,2.0,2.0,1.0,0.0,0.0,0.0,0.0,0.0,0.0,0.0,0.0,0,0,0,0,0.0,0.0,14.0,3.0,0.25
831,13,2016,1.0,1.0,1.0,0.0,0.0,0.0,0.0,0.0,0.0,0.0,0.0,0,0,0,0,0.0,0.0,11.0,0.0,1.0
831,14,2015,2.0,2.0,1.0,0.0,0.0,0.0,0.0,0.0,0.0,0.0,0.0,0,0,0,0,0.0,0.0,14.0,3.0,0.25
831,14,2016,1.0,1.0,1.0,0.0,0.0,0.0,0.0,0.0,0.0,0.0,0.0,0,0,0,0,0.0,0.0,13.0,0.0,1.0
831,15,2015,2.0,1.0,0.5,1.0,0.5,0.0,0.0,1.0,0.5,0.0,0.0,0,0,0,0,0.0,0.0,6.5,6.5,0.13333333333333333
831,15,2016,1.0,1.0,1.0,0.0,0.0,0.0,0.0,0.0,0.0,0.0,0.0,0,0,0,1,1.0,1.0,10.0,0.0,1.0
831,17,2015,2.0,2.0,1.0,0.0,0.0,0.0,0.0,0.0,0.0,0.0,0.0,0,0,0,1,1.0,0.5,11.5,1.5,0.4
831,17,2016,1.0,1.0,1.0,0.0,0.0,0.0,0.0,0.0,0.0,0.0,0.0,0,0,0,1,4.0,4.0,8.0,0.0,1.0
831,18,2015,2.0,2.0,1.0,0.0,0.0,0.0,0.0,0.0,0.0,0.0,0.0,0,0,0,1,4.0,2.0,14.0,6.0,0.14285714285714285
831,18,2016,1.0,1.0,1.0,0.0,0.0,0.0,0.0,0.0,0.0,0.0,0.0,0,0,0,0,0.0,0.0,13.0,0.0,1.0
831,22,2015,2.0,2.0,1.0,0.0,0.0,0.0,0.0,0.0,0.0,0.0,0.0,0,0,0,1,2.0,1.0,11.0,2.0,0.3333333333333333
831,22,2016,1.0,1.0,1.0,0.0,0.0,0.0,0.0,0.0,0.0,0.0,0.0,0,0,0,0,0.0,0.0,0.0,0.0,1.0
831,24,2015,2.0,2.0,1.0,0.0,0.0,0.0,0.0,0.0,0.0,0.0,0.0,0,0,0,0,0.0,0.0,9.5,9.5,0.09523809523809523
831,24,2016,1.0,1.0,1.0,0.0,0.0,0.0,0.0,0.0,0.0,0.0,0.0,0,0,0,0,0.0,0.0,15.0,0.0,1.0
831,32,2015,2.0,2.0,1.0,0.0,0.0,0.0,0.0,0.0,0.0,0.0,0.0,0,0,0,0,0.0,0.0,15.5,0.5,0.6666666666666666
831,32,2016,1.0,0.0,0.0,1.0,1.0,1.0,1.0,0.0,0.0,0.0,0.0,0,0,0,0,0.0,0.0,0.0,0.0,1.0
831,69,2015,2.0,1.0,0.5,1.0,0.5,1.0,0.5,0.0,0.0,0.0,0.0,0,0,0,0,0.0,0.0,7.5,7.5,0.11764705882352941
831,69,2016,1.0,1.0,1.0,0.0,0.0,0.0,0.0,0.0,0.0,0.0,0.0,0,0,0,1,2.0,2.0,9.0,0.0,1.0
831,70,2015,2.0,2.0,1.0,0.0,0.0,0.0,0.0,0.0,0.0,0.0,0.0,0,0,0,1,2.0,1.0,12.0,3.0,0.25
831,70,2016,1.0,1.0,1.0,0.0,0.0,0.0,0.0,0.0,0.0,0.0,0.0,0,0,0,0,0.0,0.0,11.0,0.0,1.0
831,71,2015,2.0,2.0,1.0,0.0,0.0,0.0,0.0,0.0,0.0,0.0,0.0,0,0,0,0,0.0,0.0,12.0,1.0,0.5
831,71,2016,1.0,1.0,1.0,0.0,0.0,0.0,0.0,0.0,0.0,0.0,0.0,0,0,0,1,8.0,8.0,6.0,0.0,1.0
831,73,2016,2.0,2.0,1.0,0.0,0.0,0.0,0.0,0.0,0.0,0.0,0.0,0,0,0,1,8.0,4.0,11.0,5.0,0.16666666666666666
832,1,2015,1.0,1.0,1.0,0.0,0.0,0.0,0.0,0.0,0.0,0.0,0.0,0,0,0,0,0.0,0.0,12.0,0.0,1.0
832,1,2016,1.0,1.0,1.0,0.0,0.0,0.0,0.0,0.0,0.0,0.0,0.0,0,0,0,1,2.0,2.0,9.0,0.0,1.0
832,1,2017,2.0,2.0,1.0,0.0,0.0,0.0,0.0,0.0,0.0,0.0,0.0,0,0,0,2,4.0,2.0,9.0,0.0,1.0
832,1,2018,3.0,3.0,1.0,0.0,0.0,0.0,0.0,0.0,0.0,0.0,0.0,0,0,0,3,8.0,2.6666666666666665,8.666666666666666,0.4714045207910384,0.6796227589829561
832,1,2019,4.0,4.0,1.0,0.0,0.0,0.0,0.0,0.0,0.0,0.0,0.0,0,0,0,4,9.0,2.25,9.0,0.7071067811865476,0.585786437626905
832,1,2022,5.0,4.0,0.8,1.0,0.2,1.0,0.2,0.0,0.0,0.0,0.0,0,0,0,4,9.0,1.8,7.2,3.655133376499413,0.21481661622163536
832,1,2023,6.0,4.0,0.6666666666666666,2.0,0.3333333333333333,1.0,0.16666666666666666,1.0,0.16666666666666666,0.0,0.0,0,0,0,4,9.0,1.5,6.0,4.281744192888377,0.18933139574356014
832,1,2024,7.0,5.0,0.7142857142857143,2.0,0.2857142857142857,1.0,0.14285714285714285,1.0,0.14285714285714285,0.0,0.0,0,0,0,4,9.0,1.2857142857142858,6.857142857142857,4.485805276602166,0.1822886430667088
832,1,2025,8.0,6.0,0.75,2.0,0.25,1.0,0.125,1.0,0.125,0.0,0.0,1,1,1,5,34.0,4.25,6.125,4.621620386834038,0.17788465445692894
832,2,2015,9.0,6.0,0.6666666666666666,3.0,0.3333333333333333,1.0,0.1111111111111111,2.0,0.2222222222222222,0.0,0.0,1,1,1,5,34.0,3.7777777777777777,7.444444444444445,5.7370358415224825,0.14843323139780312
832,2,2016,1.0,1.0,1.0,0.0,0.0,0.0,0.0,0.0,0.0,0.0,0.0,0,0,0,1,4.0,4.0,8.0,0.0,1.0
832,2,2017,2.0,2.0,1.0,0.0,0.0,0.0,0.0,0.0,0.0,0.0,0.0,0,0,0,1,4.0,2.0,9.5,1.5,0.4
832,3,2015,3.0,2.0,0.6666666666666666,1.0,0.3333333333333333,1.0,0.3333333333333333,0.0,0.0,0.0,0.0,0,0,0,1,4.0,1.3333333333333333,6.333333333333333,4.642796092394707,0.1772171071975803
832,3,2016,1.0,0.0,0.0,1.0,1.0,1.0,1.0,0.0,0.0,0.0,0.0,0,0,0,0,0.0,0.0,0.0,0.0,1.0
832,3,2017,2.0,0.0,0.0,2.0,1.0,1.0,0.5,0.0,0.0,1.0,0.5,0,0,0,0,0.0,0.0,0.0,0.0,1.0
832,3,2018,3.0,0.0,0.0,3.0,1.0,1.0,0.3333333333333333,1.0,0.3333333333333333,1.0,0.3333333333333333,0,0,0,0,0.0,0.0,0.0,0.0,1.0
832,3,2019,4.0,1.0,0.25,3.0,0.75,1.0,0.25,1.0,0.25,1.0,0.25,0,0,0,0,0.0,0.0,2.75,4.763139720814412,0.17351652891363287
832,3,2020,5.0,2.0,0.4,3.0,0.6,1.0,0.2,1.0,0.2,1.0,0.2,0,0,0,0,0.0,0.0,2.2,4.4,0.18518518518518517
832,3,2021,7.0,4.0,0.5714285714285714,3.0,0.42857142857142855,1.0,0.14285714285714285,1.0,0.14285714285714285,1.0,0.14285714285714285,0,0,2,2,22.0,3.142857142857143,2.857142857142857,3.8703477668983046,0.2053241468292218
832,3,2022,8.0,5.0,0.625,3.0,0.375,1.0,0.125,1.0,0.125,1.0,0.125,0,0,2,3,26.0,3.25,3.5,4.0,0.2
832,3,2023,9.0,6.0,0.6666666666666666,3.0,0.3333333333333333,1.0,0.1111111111111111,1.0,0.1111111111111111,1.0,0.1111111111111111,0,1,3,4,44.0,4.888888888888889,3.3333333333333335,3.80058475033046,0.20830795663614993
832,3,2024,10.0,7.0,0.7,3.0,0.3,1.0,0.1,1.0,0.1,1.0,0.1,0,1,4,5,56.0,5.6,3.4,3.611094017053558,0.2168682738416576
832,3,2025,11.0,8.0,0.7272727272727273,3.0,0.2727272727272727,1.0,0.09090909090909091,1.0,0.09090909090909091,1.0,0.09090909090909091,0,2,5,6,71.0,6.454545454545454,3.3636363636363638,3.4449627857266214,0.22497376203263963
832,4,2015,12.0,8.0,0.6666666666666666,4.0,0.3333333333333333,1.0,0.08333333333333333,2.0,0.16666666666666666,1.0,0.08333333333333333,0,2,5,6,71.0,5.916666666666667,4.666666666666667,5.436502143433363,0.15536388829144077
832,4,2016,1.0,1.0,1.0,0.0,0.0,0.0,0.0,0.0,0.0,0.0,0.0,0,0,0,1,2.0,2.0,9.0,0.0,1.0
832,4,2017,2.0,2.0,1.0,0.0,0.0,0.0,0.0,0.0,0.0,0.0,0.0,0,0,0,2,10.0,5.0,7.5,1.5,0.4
832,4,2018,3.0,3.0,1.0,0.0,0.0,0.0,0.0,0.0,0.0,0.0,0.0,0,0,0,3,16.0,5.333333333333333,7.333333333333333,1.2472191289246506,0.4449944320643641
832,4,2019,4.0,4.0,1.0,0.0,0.0,0.0,0.0,0.0,0.0,0.0,0.0,0,0,0,4,22.0,5.5,7.25,1.0897247358851685,0.4785319247208981
832,4,2020,5.0,5.0,1.0,0.0,0.0,0.0,0.0,0.0,0.0,0.0,0.0,0,0,0,5,26.0,5.2,7.4,1.019803902718553,0.4950975679639252
832,4,2021,6.0,6.0,1.0,0.0,0.0,0.0,0.0,0.0,0.0,0.0,0.0,0,0,0,6,34.0,5.666666666666667,7.166666666666667,1.0671873729054733,0.48374908491941876
832,4,2022,7.0,7.0,1.0,0.0,0.0,0.0,0.0,0.0,0.0,0.0,0.0,0,0,0,7,40.0,5.714285714285714,7.142857142857143,0.9897433186107858,0.502577388071436
832,4,2023,8.0,8.0,1.0,0.0,0.0,0.0,0.0,0.0,0.0,0.0,0.0,0,0,1,8,52.0,6.5,6.75,1.3919410907075054,0.4180704967546725
832,4,2024,9.0,9.0,1.0,0.0,0.0,0.0,0.0,0.0,0.0,0.0,0.0,0,0,2,9,62.0,6.888888888888889,6.555555555555555,1.4229164972073016,0.41272573823844877
832,4,2025,10.0,10.0,1.0,0.0,0.0,0.0,0.0,0.0,0.0,0.0,0.0,0,0,2,10,70.0,7.0,6.5,1.360147050873545,0.423702412792405
832,5,2020,11.0,11.0,1.0,0.0,0.0,0.0,0.0,0.0,0.0,0.0,0.0,0,0,2,10,70.0,6.363636363636363,7.181818181818182,2.5160640914723715,0.2844089225862901
832,5,2021,1.0,1.0,1.0,0.0,0.0,0.0,0.0,0.0,0.0,0.0,0.0,0,0,1,1,10.0,10.0,5.0,0.0,1.0
832,6,2015,2.0,2.0,1.0,0.0,0.0,0.0,0.0,0.0,0.0,0.0,0.0,0,0,1,2,14.0,7.0,6.5,1.5,0.4
832,6,2016,1.0,1.0,1.0,0.0,0.0,0.0,0.0,0.0,0.0,0.0,0.0,0,0,0,1,1.0,1.0,10.0,0.0,1.0
832,6,2017,2.0,2.0,1.0,0.0,0.0,0.0,0.0,0.0,0.0,0.0,0.0,0,0,0,2,5.0,2.5,9.0,1.0,0.5
832,6,2018,3.0,3.0,1.0,0.0,0.0,0.0,0.0,0.0,0.0,0.0,0.0,0,0,0,3,13.0,4.333333333333333,8.0,1.6329931618554536,0.37979589711327105
832,6,2019,4.0,4.0,1.0,0.0,0.0,0.0,0.0,0.0,0.0,0.0,0.0,0,0,0,4,14.0,3.5,8.5,1.6583123951777,0.3761785115301142
832,6,2021,5.0,5.0,1.0,0.0,0.0,0.0,0.0,0.0,0.0,0.0,0.0,0,0,0,5,22.0,4.4,8.0,1.7888543819998326,0.35857017363628707
832,6,2022,6.0,6.0,1.0,0.0,0.0,0.0,0.0,0.0,0.0,0.0,0.0,0,1,1,6,40.0,6.666666666666667,7.0,2.7688746209726913,0.26533119314590375
832,6,2023,7.0,7.0,1.0,0.0,0.0,0.0,0.0,0.0,0.0,0.0,0.0,0,2,2,7,58.0,8.285714285714286,6.285714285714286,3.1036515689143482,0.2436854063281395
832,6,2024,8.0,8.0,1.0,0.0,0.0,0.0,0.0,0.0,0.0,0.0,0.0,0,2,2,8,62.0,7.75,6.5,2.958039891549808,0.252650308587072
832,6,2025,9.0,9.0,1.0,0.0,0.0,0.0,0.0,0.0,0.0,0.0,0.0,0,3,3,9,77.0,8.555555555555555,6.111111111111111,2.997941680718232,0.25012871118729013
832,7,2015,10.0,10.0,1.0,0.0,0.0,0.0,0.0,0.0,0.0,0.0,0.0,0,3,3,10,78.0,7.8,6.5,3.07408522978788,0.24545387334767804
832,7,2016,1.0,1.0,1.0,0.0,0.0,0.0,0.0,0.0,0.0,0.0,0.0,0,0,0,0,0.0,0.0,12.0,0.0,1.0
832,7,2017,2.0,2.0,1.0,0.0,0.0,0.0,0.0,0.0,0.0,0.0,0.0,0,0,0,1,2.0,1.0,10.5,1.5,0.4
832,7,2018,3.0,2.0,0.6666666666666666,1.0,0.3333333333333333,0.0,0.0,1.0,0.3333333333333333,0.0,0.0,0,0,0,1,2.0,0.6666666666666666,7.0,5.0990195135927845,0.1639607805437114
832,7,2019,4.0,3.0,0.75,1.0,0.25,0.0,0.0,1.0,0.25,0.0,0.0,0,0,0,2,6.0,1.5,7.25,4.437059837324712,0.18392293443878058
832,7,2022,5.0,4.0,0.8,1.0,0.2,0.0,0.0,1.0,0.2,0.0,0.0,0,0,0,2,6.0,1.2,8.0,4.242640687119285,0.1907435698305462
832,7,2023,6.0,5.0,0.8333333333333334,1.0,0.16666666666666666,0.0,0.0,1.0,0.16666666666666666,0.0,0.0,0,1,1,3,25.0,4.166666666666667,7.0,4.47213595499958,0.1827439976315568
832,7,2024,7.0,6.0,0.8571428571428571,1.0,0.14285714285714285,0.0,0.0,1.0,0.14285714285714285,0.0,0.0,0,1,2,4,35.0,5.0,6.714285714285714,4.199125273342591,0.19234004710894106
832,7,2025,8.0,6.0,0.75,2.0,0.25,0.0,0.0,2.0,0.25,0.0,0.0,0,1,2,4,35.0,4.375,5.875,4.512136411945011,0.18141786147254294
832,9,2015,9.0,7.0,0.7777777777777778,2.0,0.2222222222222222,0.0,0.0,2.0,0.2222222222222222,0.0,0.0,0,1,2,5,36.0,4.0,6.333333333333333,4.447221354708778,0.1835798354578639
832,9,2016,1.0,0.0,0.0,1.0,1.0,1.0,1.0,0.0,0.0,0.0,0.0,0,0,0,0,0.0,0.0,0.0,0.0,1.0
832,9,2017,2.0,1.0,0.5,1.0,0.5,1.0,0.5,0.0,0.0,0.0,0.0,0,0,0,1,4.0,2.0,4.0,4.0,0.2
832,9,2018,3.0,1.0,0.3333333333333333,2.0,0.6666666666666666,1.0,0.3333333333333333,1.0,0.3333333333333333,0.0,0.0,0,0,0,1,4.0,1.3333333333333333,2.6666666666666665,3.7712361663282534,0.20958928989037212
832,9,2019,4.0,1.0,0.25,3.0,0.75,1.0,0.25,2.0,0.5,0.0,0.0,0,0,0,1,4.0,1.0,2.0,3.4641016151377544,0.2240092377397959
832,9,2020,5.0,2.0,0.4,3.0,0.6,1.0,0.2,2.0,0.4,0.0,0.0,0,0,0,2,12.0,2.4,2.8,3.4871191548325386,0.2228601393219121
832,9,2021,7.0,4.0,0.5714285714285714,3.0,0.42857142857142855,1.0,0.14285714285714285,2.0,0.2857142857142857,0.0,0.0,0,0,0,2,12.0,1.7142857142857142,5.714285714285714,5.469768491164756,0.15456503603886595
832,9,2022,8.0,5.0,0.625,3.0,0.375,1.0,0.125,2.0,0.25,0.0,0.0,0,0,0,3,20.0,2.5,5.75,5.11737237261468,0.16346887831720813
832,9,2023,9.0,6.0,0.6666666666666666,3.0,0.3333333333333333,1.0,0.1111111111111111,2.0,0.2222222222222222,0.0,0.0,1,1,1,4,45.0,5.0,5.222222222222222,5.050363634383783,0.16527932210835589
832,9,2024,10.0,7.0,0.7,3.0,0.3,1.0,0.1,2.0,0.2,0.0,0.0,1,1,1,5,46.0,4.6,5.7,5.000999900019995,0.16663889629404394
832,9,2025,11.0,8.0,0.7272727272727273,3.0,0.2727272727272727,1.0,0.09090909090909091,2.0,0.18181818181818182,0.0,0.0,1,1,2,6,57.0,5.181818181818182,5.636363636363637,4.772510817602432,0.1732348420986316
832,10,2016,12.0,9.0,0.75,3.0,0.25,1.0,0.08333333333333333,2.0,0.16666666666666666,0.0,0.0,1,1,2,6,57.0,4.75,6.166666666666667,4.896143607189461,0.1696023819332776
832,10,2018,1.0,1.0,1.0,0.0,0.0,0.0,0.0,0.0,0.0,0.0,0.0,0,0,0,0,0.0,0.0,14.0,0.0,1.0
832,10,2019,2.0,2.0,1.0,0.0,0.0,0.0,0.0,0.0,0.0,0.0,0.0,0,0,0,0,0.0,0.0,13.0,1.0,0.5
832,11,2015,3.0,3.0,1.0,0.0,0.0,0.0,0.0,0.0,0.0,0.0,0.0,0,0,1,1,10.0,3.3333333333333335,10.333333333333334,3.8586123009300746,0.20582008566696544
832,11,2016,1.0,0.0,0.0,1.0,1.0,1.0,1.0,0.0,0.0,0.0,0.0,0,0,0,0,0.0,0.0,0.0,0.0,1.0
832,11,2017,2.0,1.0,0.5,1.0,0.5,1.0,0.5,0.0,0.0,0.0,0.0,0,0,0,1,4.0,2.0,4.0,4.0,0.2
832,11,2018,3.0,2.0,0.6666666666666666,1.0,0.3333333333333333,1.0,0.3333333333333333,0.0,0.0,0.0,0.0,0,0,0,2,10.0,3.3333333333333335,5.0,3.5590260840104366,0.2193450929151803
832,11,2019,4.0,3.0,0.75,1.0,0.25,1.0,0.25,0.0,0.0,0.0,0.0,0,0,0,3,12.0,3.0,6.0,3.5355339059327378,0.2204812092115424
832,11,2020,5.0,4.0,0.8,1.0,0.2,1.0,0.2,0.0,0.0,0.0,0.0,0,0,1,4,22.0,4.4,5.8,3.187475490101845,0.2388073679150487
832,11,2021,6.0,5.0,0.8333333333333334,1.0,0.16666666666666666,1.0,0.16666666666666666,0.0,0.0,0.0,0.0,0,0,1,5,24.0,4.0,6.333333333333333,3.144660377352202,0.2412742924521226
832,11,2022,7.0,6.0,0.8571428571428571,1.0,0.14285714285714285,1.0,0.14285714285714285,0.0,0.0,0.0,0.0,0,1,2,6,39.0,5.571428571428571,5.857142857142857,3.1363569143000225,0.2417586346436513
832,11,2023,8.0,7.0,0.875,1.0,0.125,1.0,0.125,0.0,0.0,0.0,0.0,0,1,3,7,51.0,6.375,5.625,2.9973947020704497,0.25016293724561406
832,11,2024,9.0,8.0,0.8888888888888888,1.0,0.1111111111111111,1.0,0.1111111111111111,0.0,0.0,0.0,0.0,0,1,3,8,55.0,6.111111111111111,5.888888888888889,2.922876986214644,0.25491495234596784
832,11,2025,10.0,9.0,0.9,1.0,0.1,1.0,0.1,0.0,0.0,0.0,0.0,0,1,3,9,63.0,6.3,5.9,2.773084924772409,0.26503511581052464
832,13,2015,11.0,10.0,0.9090909090909091,1.0,0.09090909090909091,1.0,0.09090909090909091,0.0,0.0,0.0,0.0,0,1,3,9,63.0,5.7272727272727275,6.636363636363637,3.523240431832017,0.22108044333937316
832,13,2016,1.0,0.0,0.0,1.0,1.0,1.0,1.0,0.0,0.0,0.0,0.0,0,0,0,0,0.0,0.0,0.0,0.0,1.0
832,13,2017,2.0,0.0,0.0,2.0,1.0,2.0,1.0,0.0,0.0,0.0,0.0,0,0,0,0,0.0,0.0,0.0,0.0,1.0
832,13,2018,3.0,1.0,0.3333333333333333,2.0,0.6666666666666666,2.0,0.6666666666666666,0.0,0.0,0.0,0.0,0,0,0,1,1.0,0.3333333333333333,3.3333333333333335,4.714045207910317,0.1750073658177636
832,13,2019,4.0,2.0,0.5,2.0,0.5,2.0,0.5,0.0,0.0,0.0,0.0,0,0,0,1,1.0,0.25,5.25,5.261891294962297,0.1596961609353554
832,13,2020,5.0,2.0,0.4,3.0,0.6,3.0,0.6,0.0,0.0,0.0,0.0,0,0,0,1,1.0,0.2,4.2,5.1536394906900505,0.16250545738223982
832,13,2021,6.0,2.0,0.3333333333333333,4.0,0.6666666666666666,4.0,0.6666666666666666,0.0,0.0,0.0,0.0,0,0,0,1,1.0,0.16666666666666666,3.5,4.958158260214506,0.16783709937305324
832,13,2022,7.0,3.0,0.42857142857142855,4.0,0.5714285714285714,4.0,0.5714285714285714,0.0,0.0,0.0,0.0,0,0,0,2,1.5,0.21428571428571427,4.428571428571429,5.122977450583173,0.16331923611849275
832,13,2023,8.0,4.0,0.5,4.0,0.5,4.0,0.5,0.0,0.0,0.0,0.0,0,1,1,3,16.5,2.0625,4.25,4.815340071064556,0.1719589891184025
832,13,2024,9.0,4.0,0.4444444444444444,5.0,0.5555555555555556,4.0,0.4444444444444444,1.0,0.1111111111111111,0.0,0.0,0,1,1,3,16.5,1.8333333333333333,3.7777777777777777,4.732342097565968,0.17444876509108098
832,13,2025,10.0,5.0,0.5,5.0,0.5,4.0,0.4,1.0,0.1,0.0,0.0,0,1,1,4,24.5,2.45,4.0,4.538722287164087,0.18054705546755545
832,14,2015,11.0,6.0,0.5454545454545454,5.0,0.45454545454545453,4.0,0.36363636363636365,1.0,0.09090909090909091,0.0,0.0,0,1,1,4,24.5,2.227272727272727,5.2727272727272725,5.909790168416366,0.14472219497646294
832,14,2016,1.0,1.0,1.0,0.0,0.0,0.0,0.0,0.0,0.0,0.0,0.0,0,0,0,0,0.0,0.0,11.0,0.0,1.0
832,14,2017,2.0,2.0,1.0,0.0,0.0,0.0,0.0,0.0,0.0,0.0,0.0,0,0,0,0,0.0,0.0,13.0,2.0,0.3333333333333333
832,14,2018,3.0,3.0,1.0,0.0,0.0,0.0,0.0,0.0,0.0,0.0,0.0,0,0,0,0,0.0,0.0,13.333333333333334,1.6996731711975857,0.37041520828108093
832,14,2019,4.0,4.0,1.0,0.0,0.0,0.0,0.0,0.0,0.0,0.0,0.0,0,0,0,1,4.0,1.0,12.0,2.7386127875258306,0.2674788903885893
832,14,2020,5.0,4.0,0.8,1.0,0.2,1.0,0.2,0.0,0.0,0.0,0.0,0,0,0,1,4.0,0.8,9.6,5.388877434122993,0.15652201976187557
832,14,2021,6.0,5.0,0.8333333333333334,1.0,0.16666666666666666,1.0,0.16666666666666666,0.0,0.0,0.0,0.0,0,1,1,2,22.0,3.6666666666666665,8.333333333333334,5.676462121975466,0.14977992561487263
832,14,2022,7.0,6.0,0.8571428571428571,1.0,0.14285714285714285,1.0,0.14285714285714285,0.0,0.0,0.0,0.0,0,1,1,3,30.0,4.285714285714286,8.0,5.31843156256751,0.1582671253296993
832,14,2023,8.0,7.0,0.875,1.0,0.125,1.0,0.125,0.0,0.0,0.0,0.0,0,1,2,4,42.0,5.25,7.5,5.1478150704935,0.16265941452915686
832,14,2024,9.0,8.0,0.8888888888888888,1.0,0.1111111111111111,1.0,0.1111111111111111,0.0,0.0,0.0,0.0,0,2,3,5,57.0,6.333333333333333,7.0,5.055250296034367,0.16514593965750818
832,14,2025,10.0,9.0,0.9,1.0,0.1,1.0,0.1,0.0,0.0,0.0,0.0,0,2,4,6,69.0,6.9,6.7,4.879549159502341,0.17008106793083475
832,15,2015,11.0,10.0,0.9090909090909091,1.0,0.09090909090909091,1.0,0.09090909090909091,0.0,0.0,0.0,0.0,0,2,4,6,69.0,6.2727272727272725,7.090909090909091,4.813891743590446,0.17200182667701974
832,15,2016,1.0,1.0,1.0,0.0,0.0,0.0,0.0,0.0,0.0,0.0,0.0,0,0,0,1,2.0,2.0,9.0,0.0,1.0
832,15,2017,2.0,2.0,1.0,0.0,0.0,0.0,0.0,0.0,0.0,0.0,0.0,0,0,0,1,2.0,1.0,11.5,2.5,0.2857142857142857
832,15,2018,3.0,3.0,1.0,0.0,0.0,0.0,0.0,0.0,0.0,0.0,0.0,0,0,1,2,14.0,4.666666666666667,9.0,4.08248290463863,0.19675422795565722
832,15,2019,4.0,4.0,1.0,0.0,0.0,0.0,0.0,0.0,0.0,0.0,0.0,0,0,1,3,18.0,4.5,8.75,3.5619517121937516,0.21920442457272743
832,15,2022,5.0,5.0,1.0,0.0,0.0,0.0,0.0,0.0,0.0,0.0,0.0,0,0,1,3,18.0,3.6,9.4,3.4409301068170492,0.22517805413441436
832,15,2023,6.0,6.0,1.0,0.0,0.0,0.0,0.0,0.0,0.0,0.0,0.0,0,1,2,4,33.0,5.5,8.333333333333334,3.9440531887330756,0.20226319617250157
832,15,2024,7.0,7.0,1.0,0.0,0.0,0.0,0.0,0.0,0.0,0.0,0.0,1,2,3,5,58.0,8.285714285714286,7.285714285714286,4.462999814803803,0.18304961264874467
832,15,2025,8.0,8.0,1.0,0.0,0.0,0.0,0.0,0.0,0.0,0.0,0.0,1,2,3,6,64.0,8.0,7.25,4.175823272122517,0.19320597853216828
832,17,2015,9.0,9.0,1.0,0.0,0.0,0.0,0.0,0.0,0.0,0.0,0.0,1,2,3,7,65.0,7.222222222222222,7.555555555555555,4.030746032714901,0.1987776750201676
832,17,2016,1.0,1.0,1.0,0.0,0.0,0.0,0.0,0.0,0.0,0.0,0.0,0,0,0,0,0.0,0.0,13.0,0.0,1.0
832,17,2017,2.0,2.0,1.0,0.0,0.0,0.0,0.0,0.0,0.0,0.0,0.0,0,0,0,1,2.0,1.0,11.0,2.0,0.3333333333333333
832,17,2018,3.0,3.0,1.0,0.0,0.0,0.0,0.0,0.0,0.0,0.0,0.0,0,0,0,2,8.0,2.6666666666666665,9.666666666666666,2.4944382578492985,0.2861690280988007
832,17,2019,4.0,4.0,1.0,0.0,0.0,0.0,0.0,0.0,0.0,0.0,0.0,0,0,0,3,10.0,2.5,9.5,2.179449471770337,0.31451985913875646
832,17,2024,5.0,5.0,1.0,0.0,0.0,0.0,0.0,0.0,0.0,0.0,0.0,0,0,0,3,10.0,2.0,10.4,2.6532998322843184,0.2737251377954173
832,17,2025,6.0,6.0,1.0,0.0,0.0,0.0,0.0,0.0,0.0,0.0,0.0,0,0,1,4,20.0,3.3333333333333335,9.5,3.1490739379485313,0.2410176379007698
832,18,2015,7.0,7.0,1.0,0.0,0.0,0.0,0.0,0.0,0.0,0.0,0.0,0,0,1,5,21.0,3.0,9.571428571428571,2.9207211857515545,0.25505511680711673
832,18,2016,1.0,0.0,0.0,1.0,1.0,0.0,0.0,0.0,0.0,1.0,1.0,0,0,0,0,0.0,0.0,0.0,0.0,1.0
832,18,2017,2.0,1.0,0.5,1.0,0.5,0.0,0.0,0.0,0.0,1.0,0.5,0,0,0,1,8.0,4.0,3.0,3.0,0.25
832,18,2018,3.0,2.0,0.6666666666666666,1.0,0.3333333333333333,0.0,0.0,0.0,0.0,1.0,0.3333333333333333,0,0,0,1,8.0,2.6666666666666665,5.666666666666667,4.496912521077347,0.1819203045647175
832,18,2019,4.0,3.0,0.75,1.0,0.25,0.0,0.0,0.0,0.0,1.0,0.25,0,0,0,1,8.0,2.0,7.25,4.763139720814412,0.17351652891363287
832,18,2021,5.0,4.0,0.8,1.0,0.2,0.0,0.0,0.0,0.0,1.0,0.2,0,1,1,2,23.0,4.6,6.4,4.586937976471885,0.17898892098163105
832,18,2022,6.0,5.0,0.8333333333333334,1.0,0.16666666666666666,0.0,0.0,0.0,0.0,1.0,0.16666666666666666,0,1,1,3,31.0,5.166666666666667,6.333333333333333,4.189935029992179,0.19268063939550067
832,18,2023,7.0,6.0,0.8571428571428571,1.0,0.14285714285714285,0.0,0.0,0.0,0.0,1.0,0.14285714285714285,0,2,2,4,46.0,6.571428571428571,5.857142857142857,4.050699108216523,0.19799239245378744
832,18,2024,8.0,7.0,0.875,1.0,0.125,0.0,0.0,0.0,0.0,1.0,0.125,0,2,2,5,54.0,6.75,5.875,3.7893765978060294,0.20879544123928176
832,18,2025,9.0,7.0,0.7777777777777778,2.0,0.2222222222222222,0.0,0.0,1.0,0.1111111111111111,1.0,0.1111111111111111,0,2,2,5,54.0,6.0,5.222222222222222,4.0215469046341905,0.19914182203040637
832,20,2020,10.0,8.0,0.8,2.0,0.2,0.0,0.0,1.0,0.1,1.0,0.1,0,2,2,5,54.0,5.4,6.0,4.47213595499958,0.1827439976315568
832,21,2020,1.0,1.0,1.0,0.0,0.0,0.0,0.0,0.0,0.0,0.0,0.0,0,0,1,1,10.0,10.0,5.0,0.0,1.0
832,21,2021,1.0,1.0,1.0,0.0,0.0,0.0,0.0,0.0,0.0,0.0,0.0,0,0,0,1,6.0,6.0,7.0,0.0,1.0
832,21,2022,2.0,2.0,1.0,0.0,0.0,0.0,0.0,0.0,0.0,0.0,0.0,0,0,1,2,16.0,8.0,6.0,1.0,0.5
832,21,2024,3.0,2.0,0.6666666666666666,1.0,0.3333333333333333,0.0,0.0,1.0,0.3333333333333333,0.0,0.0,0,0,1,2,16.0,5.333333333333333,4.0,2.9439202887759492,0.25355482027512377
832,21,2025,4.0,3.0,0.75,1.0,0.25,0.0,0.0,1.0,0.25,0.0,0.0,0,0,2,3,26.0,6.5,4.25,2.5860201081971503,0.2788606783643341
832,22,2015,5.0,4.0,0.8,1.0,0.2,0.0,0.0,1.0,0.2,0.0,0.0,0,0,2,4,30.0,6.0,5.0,2.7568097504180447,0.2661832955178855
832,22,2016,1.0,1.0,1.0,0.0,0.0,0.0,0.0,0.0,0.0,0.0,0.0,0,0,0,1,1.0,1.0,10.0,0.0,1.0
832,22,2017,2.0,2.0,1.0,0.0,0.0,0.0,0.0,0.0,0.0,0.0,0.0,0,0,0,1,1.0,0.5,13.5,3.5,0.2222222222222222
832,22,2018,3.0,2.0,0.6666666666666666,1.0,0.3333333333333333,0.0,0.0,1.0,0.3333333333333333,0.0,0.0,0,0,0,1,1.0,0.3333333333333333,9.0,6.976149845485449,0.12537377298221225
832,22,2019,4.0,3.0,0.75,1.0,0.25,0.0,0.0,1.0,0.25,0.0,0.0,0,0,0,2,2.0,0.5,9.25,6.057020719792859,0.1417028572971729
832,22,2022,5.0,4.0,0.8,1.0,0.2,0.0,0.0,1.0,0.2,0.0,0.0,0,0,1,3,12.0,2.4,8.4,5.6780278266313555,0.14974480879101654
832,22,2023,6.0,4.0,0.6666666666666666,2.0,0.3333333333333333,0.0,0.0,2.0,0.3333333333333333,0.0,0.0,0,0,1,3,12.0,2.0,7.0,6.0553007081949835,0.1417374030335042
832,22,2024,7.0,5.0,0.7142857142857143,2.0,0.2857142857142857,0.0,0.0,2.0,0.2857142857142857,0.0,0.0,0,0,1,4,20.0,2.857142857142857,6.857142857142857,5.617029500382143,0.1511252141073647
832,22,2025,8.0,6.0,0.75,2.0,0.25,0.0,0.0,2.0,0.25,0.0,0.0,0,1,2,5,35.0,4.375,6.375,5.406882188470542,0.1560821583077558
832,24,2015,9.0,7.0,0.7777777777777778,2.0,0.2222222222222222,0.0,0.0,2.0,0.2222222222222222,0.0,0.0,0,1,2,5,35.0,3.888888888888889,7.222222222222222,5.632796380282922,0.15076597300237715
832,24,2016,1.0,1.0,1.0,0.0,0.0,0.0,0.0,0.0,0.0,0.0,0.0,0,0,0,0,0.0,0.0,11.0,0.0,1.0
832,24,2017,2.0,1.0,0.5,1.0,0.5,0.0,0.0,1.0,0.5,0.0,0.0,0,0,0,0,0.0,0.0,5.5,5.5,0.15384615384615385
832,24,2018,3.0,1.0,0.3333333333333333,2.0,0.6666666666666666,1.0,0.3333333333333333,1.0,0.3333333333333333,0.0,0.0,0,0,0,0,0.0,0.0,3.6666666666666665,5.185449728701349,0.16166973200992332
832,24,2019,4.0,2.0,0.5,2.0,0.5,1.0,0.25,1.0,0.25,0.0,0.0,0,0,0,1,8.0,2.0,4.25,4.602988159880492,0.17847619367829065
832,24,2020,5.0,3.0,0.6,2.0,0.4,1.0,0.2,1.0,0.2,0.0,0.0,0,0,0,2,9.0,1.8,5.4,4.715930449020638,0.17494964449249711
832,24,2021,6.0,4.0,0.6666666666666666,2.0,0.3333333333333333,1.0,0.16666666666666666,1.0,0.16666666666666666,0.0,0.0,0,0,0,3,17.0,2.8333333333333335,5.5,4.310839052125854,0.1882941641019443
832,24,2022,7.0,5.0,0.7142857142857143,2.0,0.2857142857142857,1.0,0.14285714285714285,1.0,0.14285714285714285,0.0,0.0,0,1,1,4,32.0,4.571428571428571,5.142857142857143,4.085814184592883,0.19662535116391586
832,24,2023,8.0,6.0,0.75,2.0,0.25,1.0,0.125,1.0,0.125,0.0,0.0,0,1,2,5,44.0,5.5,5.0,3.840572873934304,0.20658711810431302
832,24,2024,9.0,7.0,0.7777777777777778,2.0,0.2222222222222222,1.0,0.1111111111111111,1.0,0.1111111111111111,0.0,0.0,0,1,2,5,44.0,4.888888888888889,6.444444444444445,5.45916377623922,0.15481880234692538
832,32,2015,10.0,8.0,0.8,2.0,0.2,1.0,0.1,1.0,0.1,0.0,0.0,0,2,3,6,62.0,6.2,6.0,5.347896782848374,0.15753249213218753
832,32,2016,1.0,1.0,1.0,0.0,0.0,0.0,0.0,0.0,0.0,0.0,0.0,0,0,0,0,0.0,0.0,13.0,0.0,1.0
832,32,2017,2.0,2.0,1.0,0.0,0.0,0.0,0.0,0.0,0.0,0.0,0.0,0,0,0,0,0.0,0.0,14.5,1.5,0.4
832,32,2018,3.0,2.0,0.6666666666666666,1.0,0.3333333333333333,1.0,0.3333333333333333,0.0,0.0,0.0,0.0,0,0,0,0,0.0,0.0,9.666666666666666,6.944222218666553,0.125877646983527
832,32,2019,4.0,2.0,0.5,2.0,0.5,2.0,0.5,0.0,0.0,0.0,0.0,0,0,0,0,0.0,0.0,7.25,7.327175444876422,0.12008873916728678
832,32,2021,5.0,3.0,0.6,2.0,0.4,2.0,0.4,0.0,0.0,0.0,0.0,0,0,0,0,0.0,0.0,8.4,6.945502141674135,0.12585736963747113
832,32,2022,6.0,4.0,0.6666666666666666,2.0,0.3333333333333333,2.0,0.3333333333333333,0.0,0.0,0.0,0.0,0,0,0,1,8.0,1.3333333333333333,8.0,6.4031242374328485,0.13507810593582123
832,32,2023,7.0,5.0,0.7142857142857143,2.0,0.2857142857142857,2.0,0.2857142857142857,0.0,0.0,0.0,0.0,0,0,1,2,18.0,2.5714285714285716,7.571428571428571,6.020373573058708,0.1424425622929222
832,32,2024,8.0,6.0,0.75,2.0,0.25,2.0,0.25,0.0,0.0,0.0,0.0,0,0,2,3,30.0,3.75,7.125,5.754074643241952,0.14805877234427492
832,32,2025,9.0,7.0,0.7777777777777778,2.0,0.2222222222222222,2.0,0.2222222222222222,0.0,0.0,0.0,0.0,1,1,3,4,55.0,6.111111111111111,6.444444444444445,5.756370598661609,0.14800845889035352
832,34,2018,10.0,8.0,0.8,2.0,0.2,2.0,0.2,0.0,0.0,0.0,0.0,1,1,3,4,55.0,5.5,7.5,6.312685640834651,0.1367486651437491
832,34,2019,1.0,1.0,1.0,0.0,0.0,0.0,0.0,0.0,0.0,0.0,0.0,0,0,0,1,4.0,4.0,8.0,0.0,1.0
832,34,2021,2.0,2.0,1.0,0.0,0.0,0.0,0.0,0.0,0.0,0.0,0.0,0,0,0,2,12.0,6.0,7.0,1.0,0.5
832,34,2022,3.0,3.0,1.0,0.0,0.0,0.0,0.0,0.0,0.0,0.0,0.0,0,0,0,2,12.0,4.0,8.333333333333334,2.0548046676563234,0.32735317272092884
832,39,2021,4.0,4.0,1.0,0.0,0.0,0.0,0.0,0.0,0.0,0.0,0.0,0,0,1,3,23.0,5.75,7.5,2.29128784747792,0.30383243470068705
832,39,2022,1.0,1.0,1.0,0.0,0.0,0.0,0.0,0.0,0.0,0.0,0.0,0,0,0,1,6.0,6.0,7.0,0.0,1.0
832,39,2023,2.0,2.0,1.0,0.0,0.0,0.0,0.0,0.0,0.0,0.0,0.0,0,0,0,2,10.0,5.0,7.5,0.5,0.6666666666666666
832,39,2024,3.0,3.0,1.0,0.0,0.0,0.0,0.0,0.0,0.0,0.0,0.0,0,0,1,3,20.0,6.666666666666667,6.666666666666667,1.2472191289246448,0.44499443206436534
832,39,2025,4.0,4.0,1.0,0.0,0.0,0.0,0.0,0.0,0.0,0.0,0.0,0,0,2,4,30.0,7.5,6.25,1.299038105676658,0.4349645173478661
832,69,2015,5.0,5.0,1.0,0.0,0.0,0.0,0.0,0.0,0.0,0.0,0.0,0,0,2,4,30.0,6.0,7.6,2.939387691339815,0.25384655645809073
832,69,2016,1.0,1.0,1.0,0.0,0.0,0.0,0.0,0.0,0.0,0.0,0.0,0,0,0,1,6.0,6.0,7.0,0.0,1.0
832,69,2017,2.0,2.0,1.0,0.0,0.0,0.0,0.0,0.0,0.0,0.0,0.0,0,0,0,2,14.0,7.0,6.5,0.5,0.6666666666666666
832,69,2018,3.0,3.0,1.0,0.0,0.0,0.0,0.0,0.0,0.0,0.0,0.0,0,0,0,3,20.0,6.666666666666667,6.666666666666667,0.4714045207910233,0.6796227589829631
832,69,2019,4.0,4.0,1.0,0.0,0.0,0.0,0.0,0.0,0.0,0.0,0.0,0,0,0,4,26.0,6.5,6.75,0.4330127018922193,0.6978305207480379
832,69,2021,5.0,5.0,1.0,0.0,0.0,0.0,0.0,0.0,0.0,0.0,0.0,0,0,0,5,30.0,6.0,7.0,0.6324555320336748,0.6125741132772073
832,69,2022,6.0,6.0,1.0,0.0,0.0,0.0,0.0,0.0,0.0,0.0,0.0,0,0,0,6,36.0,6.0,7.0,0.5773502691896278,0.6339745962155605
832,69,2023,7.0,6.0,0.8571428571428571,1.0,0.14285714285714285,0.0,0.0,1.0,0.14285714285714285,0.0,0.0,0,0,0,6,36.0,5.142857142857143,6.0,2.5071326821120348,0.2851332101293039
832,69,2024,8.0,7.0,0.875,1.0,0.125,0.0,0.0,1.0,0.125,0.0,0.0,0,1,1,7,51.0,6.375,5.625,2.54644359843292,0.2819726219364869
832,69,2025,9.0,8.0,0.8888888888888888,1.0,0.1111111111111111,0.0,0.0,1.0,0.1111111111111111,0.0,0.0,0,2,2,8,69.0,7.666666666666667,5.222222222222222,2.6573912762447556,0.2734189274456724
832,70,2015,10.0,8.0,0.8,2.0,0.2,0.0,0.0,2.0,0.2,0.0,0.0,0,2,2,8,69.0,6.9,6.7,5.1000000000000005,0.16393442622950818
832,70,2016,1.0,0.0,0.0,1.0,1.0,1.0,1.0,0.0,0.0,0.0,0.0,0,0,0,0,0.0,0.0,0.0,0.0,1.0
832,70,2017,2.0,1.0,0.5,1.0,0.5,1.0,0.5,0.0,0.0,0.0,0.0,0,0,0,1,4.0,2.0,4.0,4.0,0.2
832,70,2018,3.0,1.0,0.3333333333333333,2.0,0.6666666666666666,2.0,0.6666666666666666,0.0,0.0,0.0,0.0,0,0,0,1,4.0,1.3333333333333333,2.6666666666666665,3.7712361663282534,0.20958928989037212
832,70,2019,4.0,2.0,0.5,2.0,0.5,2.0,0.5,0.0,0.0,0.0,0.0,0,0,0,1,4.0,1.0,5.0,5.196152422706632,0.16139047779640892
832,70,2020,5.0,3.0,0.6,2.0,0.4,2.0,0.4,0.0,0.0,0.0,0.0,0,0,0,2,8.0,1.6,5.6,4.800000000000001,0.17241379310344826
832,70,2021,7.0,5.0,0.7142857142857143,2.0,0.2857142857142857,2.0,0.2857142857142857,0.0,0.0,0.0,0.0,0,0,1,4,21.0,3.0,6.0,4.242640687119285,0.1907435698305462
832,70,2022,9.0,7.0,0.7777777777777778,2.0,0.2222222222222222,2.0,0.2222222222222222,0.0,0.0,0.0,0.0,0,0,2,6,39.0,4.333333333333333,5.888888888888889,3.7548322774923992,0.21031236048716725
832,70,2023,10.0,7.0,0.7,3.0,0.3,3.0,0.3,0.0,0.0,0.0,0.0,0,0,2,6,39.0,3.9,5.3,3.9761790704142084,0.20095739840744153
832,70,2024,11.0,8.0,0.7272727272727273,3.0,0.2727272727272727,3.0,0.2727272727272727,0.0,0.0,0.0,0.0,0,0,2,7,47.0,4.2727272727272725,5.363636363636363,3.796475094149291,0.20848643647077278
832,70,2025,12.0,9.0,0.75,3.0,0.25,3.0,0.25,0.0,0.0,0.0,0.0,0,1,3,8,62.0,5.166666666666667,5.166666666666667,3.6930866343600566,0.2130793820592572
832,71,2015,13.0,9.0,0.6923076923076923,4.0,0.3076923076923077,4.0,0.3076923076923077,0.0,0.0,0.0,0.0,0,1,3,8,62.0,4.769230769230769,6.3076923076923075,5.311592769732944,0.15843861232547676
832,71,2016,1.0,0.0,0.0,1.0,1.0,1.0,1.0,0.0,0.0,0.0,0.0,0,0,0,0,0.0,0.0,0.0,0.0,1.0
832,71,2017,2.0,1.0,0.5,1.0,0.5,1.0,0.5,0.0,0.0,0.0,0.0,0,0,0,0,0.0,0.0,6.0,6.0,0.14285714285714285
832,71,2018,3.0,2.0,0.6666666666666666,1.0,0.3333333333333333,1.0,0.3333333333333333,0.0,0.0,0.0,0.0,0,0,0,1,1.0,0.3333333333333333,7.333333333333333,5.2493385826745405,0.16001693407561032
832,71,2019,4.0,3.0,0.75,1.0,0.25,1.0,0.25,0.0,0.0,0.0,0.0,0,0,0,1,1.0,0.25,9.75,6.179603547154137,0.1392834567301953
832,71,2020,5.0,4.0,0.8,1.0,0.2,1.0,0.2,0.0,0.0,0.0,0.0,0,0,0,2,9.0,1.8,9.0,5.727128425310541,0.1486518372739164
832,71,2021,6.0,4.0,0.6666666666666666,2.0,0.3333333333333333,1.0,0.16666666666666666,1.0,0.16666666666666666,0.0,0.0,0,0,0,2,9.0,1.5,7.5,6.211548384528074,0.1386664758632747
832,73,2016,7.0,5.0,0.7142857142857143,2.0,0.2857142857142857,1.0,0.14285714285714285,1.0,0.14285714285714285,0.0,0.0,0,1,1,3,24.0,3.4285714285714284,6.857142857142857,5.962467644202631,0.14362723837325983
832,73,2017,1.0,0.0,0.0,1.0,1.0,1.0,1.0,0.0,0.0,0.0,0.0,0,0,0,0,0.0,0.0,0.0,0.0,1.0
832,73,2018,2.0,1.0,0.5,1.0,0.5,1.0,0.5,0.0,0.0,0.0,0.0,0,0,0,1,4.0,2.0,4.0,4.0,0.2
832,73,2019,3.0,2.0,0.6666666666666666,1.0,0.3333333333333333,1.0,0.3333333333333333,0.0,0.0,0.0,0.0,0,0,1,2,14.0,4.666666666666667,4.333333333333333,3.2998316455372225,0.23256724505432574
832,73,2021,4.0,3.0,0.75,1.0,0.25,1.0,0.25,0.0,0.0,0.0,0.0,0,0,1,3,20.0,5.0,5.0,3.082207001484488,0.2449655295864104
832,73,2022,5.0,4.0,0.8,1.0,0.2,1.0,0.2,0.0,0.0,0.0,0.0,0,0,1,4,24.0,4.8,5.6,3.0066592756745822,0.24958448702420163
832,73,2023,6.0,4.0,0.6666666666666666,2.0,0.3333333333333333,2.0,0.3333333333333333,0.0,0.0,0.0,0.0,0,0,1,4,24.0,4.0,4.666666666666667,3.4480268109295324,0.2248187887588348
832,73,2024,7.0,5.0,0.7142857142857143,2.0,0.2857142857142857,2.0,0.2857142857142857,0.0,0.0,0.0,0.0,0,0,2,5,34.0,4.857142857142857,4.714285714285714,3.1943828249996997,0.2384140985032933
832,73,2025,8.0,6.0,0.75,2.0,0.25,2.0,0.25,0.0,0.0,0.0,0.0,0,0,2,5,34.0,4.25,6.375,5.31360282670807,0.15838817034384198
832,75,2020,9.0,7.0,0.7777777777777778,2.0,0.2222222222222222,2.0,0.2222222222222222,0.0,0.0,0.0,0.0,0,1,3,6,49.0,5.444444444444445,6.0,5.120763831912406,0.1633783017057782
832,75,2021,1.0,1.0,1.0,0.0,0.0,0.0,0.0,0.0,0.0,0.0,0.0,0,0,0,1,8.0,8.0,6.0,0.0,1.0
832,76,2020,2.0,2.0,1.0,0.0,0.0,0.0,0.0,0.0,0.0,0.0,0.0,0,0,0,1,8.0,4.0,8.5,2.5,0.2857142857142857
832,77,2021,1.0,0.0,0.0,1.0,1.0,0.0,0.0,1.0,1.0,0.0,0.0,0,0,0,0,0.0,0.0,0.0,0.0,1.0
832,77,2022,1.0,1.0,1.0,0.0,0.0,0.0,0.0,0.0,0.0,0.0,0.0,0,0,0,1,4.0,4.0,8.0,0.0,1.0
832,77,2023,2.0,2.0,1.0,0.0,0.0,0.0,0.0,0.0,0.0,0.0,0.0,0,1,1,2,19.0,9.5,5.5,2.5,0.2857142857142857
832,77,2025,3.0,3.0,1.0,0.0,0.0,0.0,0.0,0.0,0.0,0.0,0.0,0,1,1,3,27.0,9.0,5.666666666666667,2.054804667656325,0.3273531727209286
832,78,2021,4.0,4.0,1.0,0.0,0.0,0.0,0.0,0.0,0.0,0.0,0.0,0,1,1,4,31.0,7.75,6.25,2.0463381929681126,0.32826296249979997
832,78,2023,1.0,1.0,1.0,0.0,0.0,0.0,0.0,0.0,0.0,0.0,0.0,0,0,0,1,6.0,6.0,7.0,0.0,1.0
832,78,2024,2.0,1.0,0.5,1.0,0.5,1.0,0.5,0.0,0.0,0.0,0.0,0,0,0,1,6.0,3.0,3.5,3.5,0.2222222222222222
832,78,2025,3.0,2.0,0.6666666666666666,1.0,0.3333333333333333,1.0,0.3333333333333333,0.0,0.0,0.0,0.0,0,0,0,2,14.0,4.666666666666667,4.333333333333333,3.091206165165235,0.24442669462970273
832,79,2022,4.0,3.0,0.75,1.0,0.25,1.0,0.25,0.0,0.0,0.0,0.0,0,1,1,3,29.0,7.25,4.0,2.7386127875258306,0.2674788903885893
832,79,2023,1.0,1.0,1.0,0.0,0.0,0.0,0.0,0.0,0.0,0.0,0.0,0,1,1,1,15.0,15.0,3.0,0.0,1.0
832,79,2024,2.0,2.0,1.0,0.0,0.0,0.0,0.0,0.0,0.0,0.0,0.0,0,1,2,2,25.0,12.5,4.0,1.0,0.5
832,79,2025,3.0,3.0,1.0,0.0,0.0,0.0,0.0,0.0,0.0,0.0,0.0,0,1,3,3,35.0,11.666666666666666,4.333333333333333,0.9428090415820655,0.5147186257614291
832,80,2023,4.0,4.0,1.0,0.0,0.0,0.0,0.0,0.0,0.0,0.0,0.0,0,1,3,4,37.0,9.25,5.5,2.179449471770337,0.31451985913875646
832,80,2024,1.0,1.0,1.0,0.0,0.0,0.0,0.0,0.0,0.0,0.0,0.0,0,0,0,1,8.0,8.0,6.0,0.0,1.0
832,80,2025,2.0,2.0,1.0,0.0,0.0,0.0,0.0,0.0,0.0,0.0,0.0,0,1,1,2,23.0,11.5,4.5,1.5,0.4
833,2,2015,3.0,3.0,1.0,0.0,0.0,0.0,0.0,0.0,0.0,0.0,0.0,0,1,2,3,33.0,11.0,4.666666666666667,1.2472191289246448,0.44499443206436534
833,3,2015,1.0,1.0,1.0,0.0,0.0,0.0,0.0,0.0,0.0,0.0,0.0,0,0,0,0,0.0,0.0,15.0,0.0,1.0
833,4,2015,1.0,1.0,1.0,0.0,0.0,0.0,0.0,0.0,0.0,0.0,0.0,0,0,0,0,0.0,0.0,17.0,0.0,1.0
833,6,2015,1.0,1.0,1.0,0.0,0.0,0.0,0.0,0.0,0.0,0.0,0.0,0,0,0,0,0.0,0.0,18.0,0.0,1.0
833,7,2015,1.0,1.0,1.0,0.0,0.0,0.0,0.0,0.0,0.0,0.0,0.0,0,0,0,0,0.0,0.0,16.0,0.0,1.0
833,9,2015,1.0,0.0,0.0,1.0,1.0,0.0,0.0,0.0,0.0,1.0,1.0,0,0,0,0,0.0,0.0,0.0,0.0,1.0
833,11,2015,1.0,1.0,1.0,0.0,0.0,0.0,0.0,0.0,0.0,0.0,0.0,0,0,0,0,0.0,0.0,12.0,0.0,1.0
833,13,2015,1.0,1.0,1.0,0.0,0.0,0.0,0.0,0.0,0.0,0.0,0.0,0,0,0,0,0.0,0.0,15.0,0.0,1.0
833,14,2015,1.0,1.0,1.0,0.0,0.0,0.0,0.0,0.0,0.0,0.0,0.0,0,0,0,0,0.0,0.0,15.0,0.0,1.0
833,17,2015,1.0,1.0,1.0,0.0,0.0,0.0,0.0,0.0,0.0,0.0,0.0,0,0,0,0,0.0,0.0,16.0,0.0,1.0
833,24,2015,1.0,1.0,1.0,0.0,0.0,0.0,0.0,0.0,0.0,0.0,0.0,0,0,0,0,0.0,0.0,16.0,0.0,1.0
833,70,2015,1.0,1.0,1.0,0.0,0.0,0.0,0.0,0.0,0.0,0.0,0.0,0,0,0,0,0.0,0.0,19.0,0.0,1.0
833,71,2015,1.0,1.0,1.0,0.0,0.0,0.0,0.0,0.0,0.0,0.0,0.0,0,0,0,0,0.0,0.0,14.0,0.0,1.0
834,15,2015,1.0,1.0,1.0,0.0,0.0,0.0,0.0,0.0,0.0,0.0,0.0,0,0,0,0,0.0,0.0,13.0,0.0,1.0
834,18,2015,1.0,1.0,1.0,0.0,0.0,0.0,0.0,0.0,0.0,0.0,0.0,0,0,0,0,0.0,0.0,14.0,0.0,1.0
834,22,2015,1.0,1.0,1.0,0.0,0.0,0.0,0.0,0.0,0.0,0.0,0.0,0,0,0,0,0.0,0.0,18.0,0.0,1.0
834,32,2015,1.0,1.0,1.0,0.0,0.0,0.0,0.0,0.0,0.0,0.0,0.0,0,0,0,0,0.0,0.0,18.0,0.0,1.0
834,69,2015,1.0,1.0,1.0,0.0,0.0,0.0,0.0,0.0,0.0,0.0,0.0,0,0,0,0,0.0,0.0,15.0,0.0,1.0
835,1,2016,1.0,1.0,1.0,0.0,0.0,0.0,0.0,0.0,0.0,0.0,0.0,0,0,0,0,0.0,0.0,12.0,0.0,1.0
835,1,2017,1.0,1.0,1.0,0.0,0.0,0.0,0.0,0.0,0.0,0.0,0.0,0,0,0,0,0.0,0.0,11.0,0.0,1.0
835,2,2016,2.0,1.0,0.5,1.0,0.5,1.0,0.5,0.0,0.0,0.0,0.0,0,0,0,0,0.0,0.0,5.5,5.5,0.15384615384615385
835,2,2017,1.0,1.0,1.0,0.0,0.0,0.0,0.0,0.0,0.0,0.0,0.0,0,0,0,1,1.0,1.0,10.0,0.0,1.0
835,3,2016,2.0,2.0,1.0,0.0,0.0,0.0,0.0,0.0,0.0,0.0,0.0,0,0,0,1,1.0,0.5,12.5,2.5,0.2857142857142857
835,3,2017,1.0,0.0,0.0,1.0,1.0,1.0,1.0,0.0,0.0,0.0,0.0,0,0,0,0,0.0,0.0,0.0,0.0,1.0
835,4,2016,2.0,1.0,0.5,1.0,0.5,1.0,0.5,0.0,0.0,0.0,0.0,0,0,0,0,0.0,0.0,6.5,6.5,0.13333333333333333
835,4,2017,1.0,1.0,1.0,0.0,0.0,0.0,0.0,0.0,0.0,0.0,0.0,0,0,0,0,0.0,0.0,13.0,0.0,1.0
835,6,2016,2.0,2.0,1.0,0.0,0.0,0.0,0.0,0.0,0.0,0.0,0.0,0,0,0,0,0.0,0.0,14.0,1.0,0.5
835,6,2017,1.0,0.0,0.0,1.0,1.0,0.0,0.0,1.0,1.0,0.0,0.0,0,0,0,0,0.0,0.0,0.0,0.0,1.0
835,7,2016,2.0,1.0,0.5,1.0,0.5,0.0,0.0,1.0,0.5,0.0,0.0,0,0,0,0,0.0,0.0,5.5,5.5,0.15384615384615385
835,7,2017,1.0,0.0,0.0,1.0,1.0,0.0,0.0,0.0,0.0,1.0,1.0,0,0,0,0,0.0,0.0,0.0,0.0,1.0
835,9,2016,2.0,1.0,0.5,1.0,0.5,0.0,0.0,0.0,0.0,1.0,0.5,0,0,0,0,0.0,0.0,5.5,5.5,0.15384615384615385
835,9,2017,1.0,0.0,0.0,1.0,1.0,1.0,1.0,0.0,0.0,0.0,0.0,0,0,0,0,0.0,0.0,0.0,0.0,1.0
835,10,2016,2.0,0.0,0.0,2.0,1.0,2.0,1.0,0.0,0.0,0.0,0.0,0,0,0,0,0.0,0.0,0.0,0.0,1.0
835,11,2016,1.0,1.0,1.0,0.0,0.0,0.0,0.0,0.0,0.0,0.0,0.0,0,0,0,0,0.0,0.0,19.0,0.0,1.0
835,11,2017,1.0,1.0,1.0,0.0,0.0,0.0,0.0,0.0,0.0,0.0,0.0,0,0,0,0,0.0,0.0,12.0,0.0,1.0
835,13,2016,2.0,2.0,1.0,0.0,0.0,0.0,0.0,0.0,0.0,0.0,0.0,0,0,0,0,0.0,0.0,12.0,0.0,1.0
835,13,2017,1.0,1.0,1.0,0.0,0.0,0.0,0.0,0.0,0.0,0.0,0.0,0,0,0,0,0.0,0.0,15.0,0.0,1.0
835,14,2016,2.0,2.0,1.0,0.0,0.0,0.0,0.0,0.0,0.0,0.0,0.0,0,0,0,0,0.0,0.0,14.0,1.0,0.5
835,14,2017,1.0,0.0,0.0,1.0,1.0,0.0,0.0,1.0,1.0,0.0,0.0,0,0,0,0,0.0,0.0,0.0,0.0,1.0
835,15,2016,2.0,0.0,0.0,2.0,1.0,1.0,0.5,1.0,0.5,0.0,0.0,0,0,0,0,0.0,0.0,0.0,0.0,1.0
835,15,2017,1.0,1.0,1.0,0.0,0.0,0.0,0.0,0.0,0.0,0.0,0.0,0,0,0,0,0.0,0.0,15.0,0.0,1.0
835,17,2016,2.0,2.0,1.0,0.0,0.0,0.0,0.0,0.0,0.0,0.0,0.0,0,0,0,1,8.0,4.0,10.5,4.5,0.18181818181818182
835,17,2017,1.0,1.0,1.0,0.0,0.0,0.0,0.0,0.0,0.0,0.0,0.0,0,0,0,0,0.0,0.0,22.0,0.0,1.0
835,18,2016,2.0,2.0,1.0,0.0,0.0,0.0,0.0,0.0,0.0,0.0,0.0,0,0,0,0,0.0,0.0,17.5,4.5,0.18181818181818182
835,22,2016,1.0,0.0,0.0,1.0,1.0,0.0,0.0,1.0,1.0,0.0,0.0,0,0,0,0,0.0,0.0,0.0,0.0,1.0
835,22,2017,1.0,1.0,1.0,0.0,0.0,0.0,0.0,0.0,0.0,0.0,0.0,0,0,0,0,0.0,0.0,12.0,0.0,1.0
835,24,2016,2.0,2.0,1.0,0.0,0.0,0.0,0.0,0.0,0.0,0.0,0.0,0,0,0,0,0.0,0.0,12.0,0.0,1.0
835,32,2016,1.0,1.0,1.0,0.0,0.0,0.0,0.0,0.0,0.0,0.0,0.0,0,0,0,0,0.0,0.0,17.0,0.0,1.0
835,69,2016,1.0,1.0,1.0,0.0,0.0,0.0,0.0,0.0,0.0,0.0,0.0,0,0,0,0,0.0,0.0,14.0,0.0,1.0
835,70,2016,1.0,1.0,1.0,0.0,0.0,0.0,0.0,0.0,0.0,0.0,0.0,0,0,0,0,0.0,0.0,13.0,0.0,1.0
835,70,2017,1.0,1.0,1.0,0.0,0.0,0.0,0.0,0.0,0.0,0.0,0.0,0,0,0,0,0.0,0.0,12.0,0.0,1.0
835,71,2016,2.0,2.0,1.0,0.0,0.0,0.0,0.0,0.0,0.0,0.0,0.0,0,0,0,0,0.0,0.0,11.5,0.5,0.6666666666666666
835,71,2017,1.0,1.0,1.0,0.0,0.0,0.0,0.0,0.0,0.0,0.0,0.0,0,0,0,0,0.0,0.0,13.0,0.0,1.0
835,73,2016,2.0,1.0,0.5,1.0,0.5,0.0,0.0,1.0,0.5,0.0,0.0,0,0,0,0,0.0,0.0,6.5,6.5,0.13333333333333333
835,73,2017,1.0,1.0,1.0,0.0,0.0,0.0,0.0,0.0,0.0,0.0,0.0,0,0,0,0,0.0,0.0,15.0,0.0,1.0
836,1,2016,2.0,1.0,0.5,1.0,0.5,1.0,0.5,0.0,0.0,0.0,0.0,0,0,0,0,0.0,0.0,7.5,7.5,0.11764705882352941
836,2,2016,1.0,1.0,1.0,0.0,0.0,0.0,0.0,0.0,0.0,0.0,0.0,0,0,0,0,0.0,0.0,16.0,0.0,1.0
836,2,2017,1.0,1.0,1.0,0.0,0.0,0.0,0.0,0.0,0.0,0.0,0.0,0,0,0,0,0.0,0.0,15.0,0.0,1.0
836,3,2016,2.0,2.0,1.0,0.0,0.0,0.0,0.0,0.0,0.0,0.0,0.0,0,0,0,0,0.0,0.0,16.0,1.0,0.5
836,3,2017,1.0,1.0,1.0,0.0,0.0,0.0,0.0,0.0,0.0,0.0,0.0,0,0,0,0,0.0,0.0,13.0,0.0,1.0
836,4,2016,2.0,2.0,1.0,0.0,0.0,0.0,0.0,0.0,0.0,0.0,0.0,0,0,0,0,0.0,0.0,12.0,1.0,0.5
836,4,2017,1.0,1.0,1.0,0.0,0.0,0.0,0.0,0.0,0.0,0.0,0.0,0,0,0,0,0.0,0.0,16.0,0.0,1.0
836,6,2016,2.0,2.0,1.0,0.0,0.0,0.0,0.0,0.0,0.0,0.0,0.0,0,0,0,1,4.0,2.0,12.0,4.0,0.2
836,6,2017,1.0,1.0,1.0,0.0,0.0,0.0,0.0,0.0,0.0,0.0,0.0,0,0,0,0,0.0,0.0,14.0,0.0,1.0
836,7,2016,2.0,1.0,0.5,1.0,0.5,0.0,0.0,1.0,0.5,0.0,0.0,0,0,0,0,0.0,0.0,7.0,7.0,0.125
836,7,2017,1.0,1.0,1.0,0.0,0.0,0.0,0.0,0.0,0.0,0.0,0.0,0,0,0,0,0.0,0.0,17.0,0.0,1.0
836,9,2016,2.0,2.0,1.0,0.0,0.0,0.0,0.0,0.0,0.0,0.0,0.0,0,0,0,0,0.0,0.0,16.0,1.0,0.5
836,9,2017,1.0,0.0,0.0,1.0,1.0,0.0,0.0,1.0,1.0,0.0,0.0,0,0,0,0,0.0,0.0,0.0,0.0,1.0
836,10,2016,2.0,1.0,0.5,1.0,0.5,0.0,0.0,1.0,0.5,0.0,0.0,0,0,0,0,0.0,0.0,8.5,8.5,0.10526315789473684
836,11,2016,1.0,1.0,1.0,0.0,0.0,0.0,0.0,0.0,0.0,0.0,0.0,0,0,0,0,0.0,0.0,17.0,0.0,1.0
836,11,2017,1.0,1.0,1.0,0.0,0.0,0.0,0.0,0.0,0.0,0.0,0.0,0,0,0,0,0.0,0.0,19.0,0.0,1.0
836,13,2016,2.0,2.0,1.0,0.0,0.0,0.0,0.0,0.0,0.0,0.0,0.0,0,0,0,0,0.0,0.0,17.0,2.0,0.3333333333333333
836,13,2017,1.0,0.0,0.0,1.0,1.0,0.0,0.0,1.0,1.0,0.0,0.0,0,0,0,0,0.0,0.0,0.0,0.0,1.0
836,14,2016,2.0,0.0,0.0,2.0,1.0,0.0,0.0,2.0,1.0,0.0,0.0,0,0,0,0,0.0,0.0,0.0,0.0,1.0
836,14,2017,1.0,0.0,0.0,1.0,1.0,1.0,1.0,0.0,0.0,0.0,0.0,0,0,0,0,0.0,0.0,0.0,0.0,1.0
836,15,2016,2.0,1.0,0.5,1.0,0.5,1.0,0.5,0.0,0.0,0.0,0.0,0,0,0,0,0.0,0.0,8.0,8.0,0.1111111111111111
836,15,2017,1.0,1.0,1.0,0.0,0.0,0.0,0.0,0.0,0.0,0.0,0.0,0,0,0,0,0.0,0.0,16.0,0.0,1.0
836,17,2016,2.0,2.0,1.0,0.0,0.0,0.0,0.0,0.0,0.0,0.0,0.0,0,0,0,0,0.0,0.0,14.0,2.0,0.3333333333333333
836,18,2016,1.0,1.0,1.0,0.0,0.0,0.0,0.0,0.0,0.0,0.0,0.0,0,0,0,0,0.0,0.0,18.0,0.0,1.0
836,18,2017,1.0,1.0,1.0,0.0,0.0,0.0,0.0,0.0,0.0,0.0,0.0,0,0,0,0,0.0,0.0,15.0,0.0,1.0
836,22,2016,2.0,2.0,1.0,0.0,0.0,0.0,0.0,0.0,0.0,0.0,0.0,0,0,0,0,0.0,0.0,14.5,0.5,0.6666666666666666
836,22,2017,1.0,1.0,1.0,0.0,0.0,0.0,0.0,0.0,0.0,0.0,0.0,0,0,0,0,0.0,0.0,22.0,0.0,1.0
836,24,2016,2.0,2.0,1.0,0.0,0.0,0.0,0.0,0.0,0.0,0.0,0.0,0,0,0,0,0.0,0.0,18.5,3.5,0.2222222222222222
836,24,2017,1.0,1.0,1.0,0.0,0.0,0.0,0.0,0.0,0.0,0.0,0.0,0,0,0,0,0.0,0.0,14.0,0.0,1.0
836,32,2016,2.0,2.0,1.0,0.0,0.0,0.0,0.0,0.0,0.0,0.0,0.0,0,0,0,0,0.0,0.0,14.0,0.0,1.0
836,32,2017,1.0,0.0,0.0,1.0,1.0,0.0,0.0,1.0,1.0,0.0,0.0,0,0,0,0,0.0,0.0,0.0,0.0,1.0
836,69,2016,2.0,1.0,0.5,1.0,0.5,0.0,0.0,1.0,0.5,0.0,0.0,0,0,0,0,0.0,0.0,7.0,7.0,0.125
836,69,2017,1.0,1.0,1.0,0.0,0.0,0.0,0.0,0.0,0.0,0.0,0.0,0,0,0,0,0.0,0.0,17.0,0.0,1.0
836,70,2016,2.0,1.0,0.5,1.0,0.5,0.0,0.0,1.0,0.5,0.0,0.0,0,0,0,0,0.0,0.0,8.5,8.5,0.10526315789473684
836,70,2017,1.0,1.0,1.0,0.0,0.0,0.0,0.0,0.0,0.0,0.0,0.0,0,0,0,1,1.0,1.0,10.0,0.0,1.0
836,71,2016,2.0,2.0,1.0,0.0,0.0,0.0,0.0,0.0,0.0,0.0,0.0,0,0,0,1,1.0,0.5,12.0,2.0,0.3333333333333333
836,71,2017,1.0,1.0,1.0,0.0,0.0,0.0,0.0,0.0,0.0,0.0,0.0,0,0,0,0,0.0,0.0,18.0,0.0,1.0
836,73,2016,2.0,2.0,1.0,0.0,0.0,0.0,0.0,0.0,0.0,0.0,0.0,0,0,0,0,0.0,0.0,17.0,1.0,0.5
836,73,2017,1.0,0.0,0.0,1.0,1.0,1.0,1.0,0.0,0.0,0.0,0.0,0,0,0,0,0.0,0.0,0.0,0.0,1.0
837,1,2016,2.0,1.0,0.5,1.0,0.5,1.0,0.5,0.0,0.0,0.0,0.0,0,0,0,1,1.0,0.5,5.0,5.0,0.16666666666666666
837,3,2016,1.0,0.0,0.0,1.0,1.0,1.0,1.0,0.0,0.0,0.0,0.0,0,0,0,0,0.0,0.0,0.0,0.0,1.0
837,4,2016,1.0,1.0,1.0,0.0,0.0,0.0,0.0,0.0,0.0,0.0,0.0,0,0,0,0,0.0,0.0,17.0,0.0,1.0
837,6,2016,1.0,1.0,1.0,0.0,0.0,0.0,0.0,0.0,0.0,0.0,0.0,0,0,0,0,0.0,0.0,17.0,0.0,1.0
837,7,2016,1.0,1.0,1.0,0.0,0.0,0.0,0.0,0.0,0.0,0.0,0.0,0,0,0,0,0.0,0.0,15.0,0.0,1.0
837,9,2016,1.0,1.0,1.0,0.0,0.0,0.0,0.0,0.0,0.0,0.0,0.0,0,0,0,0,0.0,0.0,19.0,0.0,1.0
837,10,2016,1.0,0.0,0.0,1.0,1.0,0.0,0.0,1.0,1.0,0.0,0.0,0,0,0,0,0.0,0.0,0.0,0.0,1.0
837,11,2016,1.0,1.0,1.0,0.0,0.0,0.0,0.0,0.0,0.0,0.0,0.0,0,0,0,0,0.0,0.0,20.0,0.0,1.0
837,17,2016,1.0,1.0,1.0,0.0,0.0,0.0,0.0,0.0,0.0,0.0,0.0,0,0,0,0,0.0,0.0,21.0,0.0,1.0
837,70,2016,1.0,1.0,1.0,0.0,0.0,0.0,0.0,0.0,0.0,0.0,0.0,0,0,0,0,0.0,0.0,21.0,0.0,1.0
837,71,2016,1.0,1.0,1.0,0.0,0.0,0.0,0.0,0.0,0.0,0.0,0.0,0,0,0,0,0.0,0.0,16.0,0.0,1.0
837,73,2016,1.0,0.0,0.0,1.0,1.0,0.0,0.0,1.0,1.0,0.0,0.0,0,0,0,0,0.0,0.0,0.0,0.0,1.0
838,1,2017,1.0,1.0,1.0,0.0,0.0,0.0,0.0,0.0,0.0,0.0,0.0,0,0,0,0,0.0,0.0,18.0,0.0,1.0
838,1,2018,1.0,1.0,1.0,0.0,0.0,0.0,0.0,0.0,0.0,0.0,0.0,0,0,0,0,0.0,0.0,13.0,0.0,1.0
838,2,2017,2.0,2.0,1.0,0.0,0.0,0.0,0.0,0.0,0.0,0.0,0.0,0,0,0,1,2.0,1.0,11.0,2.0,0.3333333333333333
838,3,2016,1.0,1.0,1.0,0.0,0.0,0.0,0.0,0.0,0.0,0.0,0.0,0,0,0,1,6.0,6.0,7.0,0.0,1.0
838,3,2017,1.0,1.0,1.0,0.0,0.0,0.0,0.0,0.0,0.0,0.0,0.0,0,0,0,1,1.0,1.0,10.0,0.0,1.0
838,3,2018,2.0,1.0,0.5,1.0,0.5,1.0,0.5,0.0,0.0,0.0,0.0,0,0,0,1,1.0,0.5,5.0,5.0,0.16666666666666666
838,4,2017,3.0,2.0,0.6666666666666666,1.0,0.3333333333333333,1.0,0.3333333333333333,0.0,0.0,0.0,0.0,0,0,0,2,5.0,1.6666666666666667,6.0,4.320493798938573,0.1879524791852023
838,4,2018,1.0,0.0,0.0,1.0,1.0,0.0,0.0,1.0,1.0,0.0,0.0,0,0,0,0,0.0,0.0,0.0,0.0,1.0
838,6,2017,2.0,0.0,0.0,2.0,1.0,1.0,0.5,1.0,0.5,0.0,0.0,0,0,0,0,0.0,0.0,0.0,0.0,1.0
838,6,2018,1.0,0.0,0.0,1.0,1.0,0.0,0.0,1.0,1.0,0.0,0.0,0,0,0,0,0.0,0.0,0.0,0.0,1.0
838,7,2017,2.0,1.0,0.5,1.0,0.5,0.0,0.0,1.0,0.5,0.0,0.0,0,0,0,0,0.0,0.0,7.0,7.0,0.125
838,7,2018,1.0,1.0,1.0,0.0,0.0,0.0,0.0,0.0,0.0,0.0,0.0,0,0,0,0,0.0,0.0,14.0,0.0,1.0
838,9,2017,2.0,2.0,1.0,0.0,0.0,0.0,0.0,0.0,0.0,0.0,0.0,0,0,0,0,0.0,0.0,15.0,1.0,0.5
838,9,2018,1.0,1.0,1.0,0.0,0.0,0.0,0.0,0.0,0.0,0.0,0.0,0,0,0,0,0.0,0.0,11.0,0.0,1.0
838,10,2018,2.0,2.0,1.0,0.0,0.0,0.0,0.0,0.0,0.0,0.0,0.0,0,0,0,0,0.0,0.0,11.0,0.0,1.0
838,11,2017,1.0,1.0,1.0,0.0,0.0,0.0,0.0,0.0,0.0,0.0,0.0,0,0,0,0,0.0,0.0,13.0,0.0,1.0
838,11,2018,1.0,1.0,1.0,0.0,0.0,0.0,0.0,0.0,0.0,0.0,0.0,0,0,0,1,1.0,1.0,10.0,0.0,1.0
838,13,2017,2.0,1.0,0.5,1.0,0.5,1.0,0.5,0.0,0.0,0.0,0.0,0,0,0,1,1.0,0.5,5.0,5.0,0.16666666666666666
838,13,2018,1.0,1.0,1.0,0.0,0.0,0.0,0.0,0.0,0.0,0.0,0.0,0,0,0,0,0.0,0.0,14.0,0.0,1.0
838,14,2017,2.0,2.0,1.0,0.0,0.0,0.0,0.0,0.0,0.0,0.0,0.0,0,0,0,0,0.0,0.0,14.5,0.5,0.6666666666666666
838,14,2018,1.0,0.0,0.0,1.0,1.0,1.0,1.0,0.0,0.0,0.0,0.0,0,0,0,0,0.0,0.0,0.0,0.0,1.0
838,15,2017,2.0,1.0,0.5,1.0,0.5,1.0,0.5,0.0,0.0,0.0,0.0,0,0,0,0,0.0,0.0,6.0,6.0,0.14285714285714285
838,15,2018,1.0,1.0,1.0,0.0,0.0,0.0,0.0,0.0,0.0,0.0,0.0,0,0,0,1,6.0,6.0,7.0,0.0,1.0
838,17,2017,2.0,2.0,1.0,0.0,0.0,0.0,0.0,0.0,0.0,0.0,0.0,0,0,0,1,6.0,3.0,9.5,2.5,0.2857142857142857
838,17,2018,1.0,0.0,0.0,1.0,1.0,1.0,1.0,0.0,0.0,0.0,0.0,0,0,0,0,0.0,0.0,0.0,0.0,1.0
838,18,2017,2.0,1.0,0.5,1.0,0.5,1.0,0.5,0.0,0.0,0.0,0.0,0,0,0,0,0.0,0.0,6.5,6.5,0.13333333333333333
838,18,2018,1.0,0.0,0.0,1.0,1.0,0.0,0.0,1.0,1.0,0.0,0.0,0,0,0,0,0.0,0.0,0.0,0.0,1.0
838,22,2017,2.0,1.0,0.5,1.0,0.5,0.0,0.0,1.0,0.5,0.0,0.0,0,0,0,0,0.0,0.0,7.0,7.0,0.125
838,22,2018,1.0,1.0,1.0,0.0,0.0,0.0,0.0,0.0,0.0,0.0,0.0,0,0,0,0,0.0,0.0,14.0,0.0,1.0
838,24,2017,2.0,2.0,1.0,0.0,0.0,0.0,0.0,0.0,0.0,0.0,0.0,0,0,0,0,0.0,0.0,14.5,0.5,0.6666666666666666
838,24,2018,1.0,1.0,1.0,0.0,0.0,0.0,0.0,0.0,0.0,0.0,0.0,0,0,0,0,0.0,0.0,12.0,0.0,1.0
838,32,2017,2.0,2.0,1.0,0.0,0.0,0.0,0.0,0.0,0.0,0.0,0.0,0,0,0,0,0.0,0.0,13.0,1.0,0.5
838,32,2018,1.0,1.0,1.0,0.0,0.0,0.0,0.0,0.0,0.0,0.0,0.0,0,0,0,0,0.0,0.0,12.0,0.0,1.0
838,34,2018,2.0,2.0,1.0,0.0,0.0,0.0,0.0,0.0,0.0,0.0,0.0,0,0,0,1,4.0,2.0,10.0,2.0,0.3333333333333333
838,69,2017,1.0,1.0,1.0,0.0,0.0,0.0,0.0,0.0,0.0,0.0,0.0,0,0,0,0,0.0,0.0,12.0,0.0,1.0
838,69,2018,1.0,1.0,1.0,0.0,0.0,0.0,0.0,0.0,0.0,0.0,0.0,0,0,0,0,0.0,0.0,12.0,0.0,1.0
838,70,2017,2.0,2.0,1.0,0.0,0.0,0.0,0.0,0.0,0.0,0.0,0.0,0,0,0,0,0.0,0.0,11.5,0.5,0.6666666666666666
838,70,2018,1.0,1.0,1.0,0.0,0.0,0.0,0.0,0.0,0.0,0.0,0.0,0,0,0,0,0.0,0.0,12.0,0.0,1.0
838,71,2017,2.0,2.0,1.0,0.0,0.0,0.0,0.0,0.0,0.0,0.0,0.0,0,0,0,0,0.0,0.0,13.5,1.5,0.4
838,71,2018,1.0,1.0,1.0,0.0,0.0,0.0,0.0,0.0,0.0,0.0,0.0,0,0,0,0,0.0,0.0,14.0,0.0,1.0
838,73,2017,2.0,2.0,1.0,0.0,0.0,0.0,0.0,0.0,0.0,0.0,0.0,0,0,0,0,0.0,0.0,15.0,1.0,0.5
838,73,2018,1.0,1.0,1.0,0.0,0.0,0.0,0.0,0.0,0.0,0.0,0.0,0,0,0,0,0.0,0.0,12.0,0.0,1.0
839,1,2017,2.0,2.0,1.0,0.0,0.0,0.0,0.0,0.0,0.0,0.0,0.0,0,0,0,1,2.0,1.0,10.5,1.5,0.4
839,1,2018,1.0,1.0,1.0,0.0,0.0,0.0,0.0,0.0,0.0,0.0,0.0,0,0,0,1,1.0,1.0,10.0,0.0,1.0
839,1,2022,2.0,2.0,1.0,0.0,0.0,0.0,0.0,0.0,0.0,0.0,0.0,0,0,0,1,1.0,0.5,11.0,1.0,0.5
839,1,2023,3.0,3.0,1.0,0.0,0.0,0.0,0.0,0.0,0.0,0.0,0.0,0,0,0,2,7.0,2.3333333333333335,9.666666666666666,2.0548046676563305,0.32735317272092807
839,1,2024,4.0,4.0,1.0,0.0,0.0,0.0,0.0,0.0,0.0,0.0,0.0,0,0,0,2,7.0,1.75,10.75,2.5860201081971503,0.2788606783643341
839,1,2025,5.0,5.0,1.0,0.0,0.0,0.0,0.0,0.0,0.0,0.0,0.0,0,0,0,2,7.0,1.4,11.8,3.1240998703626603,0.24247715415098886
839,2,2016,6.0,6.0,1.0,0.0,0.0,0.0,0.0,0.0,0.0,0.0,0.0,0,0,0,2,7.0,1.1666666666666667,12.0,2.8867513459481304,0.257284274447472
839,2,2017,1.0,1.0,1.0,0.0,0.0,0.0,0.0,0.0,0.0,0.0,0.0,0,0,0,0,0.0,0.0,16.0,0.0,1.0
839,3,2017,2.0,2.0,1.0,0.0,0.0,0.0,0.0,0.0,0.0,0.0,0.0,0,0,0,1,1.0,0.5,13.0,3.0,0.25
839,3,2018,1.0,1.0,1.0,0.0,0.0,0.0,0.0,0.0,0.0,0.0,0.0,0,0,0,1,1.0,1.0,10.0,0.0,1.0
839,3,2020,2.0,2.0,1.0,0.0,0.0,0.0,0.0,0.0,0.0,0.0,0.0,0,0,0,2,2.0,1.0,10.0,0.0,1.0
839,3,2021,4.0,4.0,1.0,0.0,0.0,0.0,0.0,0.0,0.0,0.0,0.0,0,1,1,4,22.0,5.5,7.75,3.344772040064913,0.23016167264440865
839,3,2022,5.0,5.0,1.0,0.0,0.0,0.0,0.0,0.0,0.0,0.0,0.0,0,1,1,4,22.0,4.4,8.8,3.655133376499411,0.21481661622163548
839,3,2023,6.0,6.0,1.0,0.0,0.0,0.0,0.0,0.0,0.0,0.0,0.0,0,1,1,5,28.0,4.666666666666667,8.5,3.4034296427770223,0.22709571427814393
839,3,2024,7.0,6.0,0.8571428571428571,1.0,0.14285714285714285,1.0,0.14285714285714285,0.0,0.0,0.0,0.0,0,1,1,5,28.0,4.0,7.285714285714286,4.333071682315173,0.18750919911991204
839,3,2025,8.0,7.0,0.875,1.0,0.125,1.0,0.125,0.0,0.0,0.0,0.0,0,1,1,5,28.0,3.5,8.5,5.172040216394301,0.16202097927744855
839,4,2017,9.0,8.0,0.8888888888888888,1.0,0.1111111111111111,1.0,0.1111111111111111,0.0,0.0,0.0,0.0,0,1,1,6,32.0,3.5555555555555554,8.444444444444445,4.878777422244477,0.17010339534477678
839,4,2018,1.0,1.0,1.0,0.0,0.0,0.0,0.0,0.0,0.0,0.0,0.0,0,0,1,1,10.0,10.0,5.0,0.0,1.0
839,4,2020,2.0,1.0,0.5,1.0,0.5,1.0,0.5,0.0,0.0,0.0,0.0,0,0,1,1,10.0,5.0,2.5,2.5,0.2857142857142857
839,4,2021,3.0,2.0,0.6666666666666666,1.0,0.3333333333333333,1.0,0.3333333333333333,0.0,0.0,0.0,0.0,0,0,1,1,10.0,3.3333333333333335,6.0,5.354126134736338,0.15737805306275915
839,4,2022,4.0,3.0,0.75,1.0,0.25,1.0,0.25,0.0,0.0,0.0,0.0,0,0,1,2,12.0,3.0,6.75,4.815340071064556,0.1719589891184025
839,4,2023,5.0,4.0,0.8,1.0,0.2,1.0,0.2,0.0,0.0,0.0,0.0,0,0,1,3,18.0,3.6,6.8,4.308131845707604,0.18839019622480654
839,4,2024,6.0,5.0,0.8333333333333334,1.0,0.16666666666666666,1.0,0.16666666666666666,0.0,0.0,0.0,0.0,0,0,1,4,22.0,3.6666666666666665,7.0,3.9581140290126395,0.20168959288722538
839,4,2025,7.0,6.0,0.8571428571428571,1.0,0.14285714285714285,1.0,0.14285714285714285,0.0,0.0,0.0,0.0,0,0,1,5,23.0,3.2857142857142856,7.428571428571429,3.8119040183218087,0.20781794403886683
839,5,2020,8.0,7.0,0.875,1.0,0.125,1.0,0.125,0.0,0.0,0.0,0.0,0,0,1,5,23.0,2.875,8.5,4.55521678957215,0.18001097668719743
839,5,2021,1.0,1.0,1.0,0.0,0.0,0.0,0.0,0.0,0.0,0.0,0.0,0,0,0,0,0.0,0.0,11.0,0.0,1.0
839,6,2017,2.0,2.0,1.0,0.0,0.0,0.0,0.0,0.0,0.0,0.0,0.0,0,0,0,1,1.0,0.5,10.5,0.5,0.6666666666666666
839,6,2018,1.0,1.0,1.0,0.0,0.0,0.0,0.0,0.0,0.0,0.0,0.0,0,0,0,0,0.0,0.0,12.0,0.0,1.0
839,6,2021,2.0,2.0,1.0,0.0,0.0,0.0,0.0,0.0,0.0,0.0,0.0,0,0,0,1,8.0,4.0,9.0,3.0,0.25
839,6,2022,3.0,3.0,1.0,0.0,0.0,0.0,0.0,0.0,0.0,0.0,0.0,0,0,0,2,10.0,3.3333333333333335,9.0,2.449489742783178,0.28989794855663564
839,6,2023,4.0,4.0,1.0,0.0,0.0,0.0,0.0,0.0,0.0,0.0,0.0,0,0,0,2,10.0,2.5,9.75,2.48746859276655,0.286740933545359
839,6,2024,5.0,5.0,1.0,0.0,0.0,0.0,0.0,0.0,0.0,0.0,0.0,0,1,1,3,25.0,5.0,8.4,3.4985711369071795,0.22229280577466023
839,6,2025,6.0,5.0,0.8333333333333334,1.0,0.16666666666666666,0.0,0.0,1.0,0.16666666666666666,0.0,0.0,0,1,1,3,25.0,4.166666666666667,7.0,4.47213595499958,0.1827439976315568
839,7,2017,7.0,6.0,0.8571428571428571,1.0,0.14285714285714285,0.0,0.0,1.0,0.14285714285714285,0.0,0.0,0,1,1,4,31.0,4.428571428571429,7.0,4.140393356054124,0.1945376415254768
839,7,2018,1.0,1.0,1.0,0.0,0.0,0.0,0.0,0.0,0.0,0.0,0.0,0,0,0,1,8.0,8.0,6.0,0.0,1.0
839,7,2022,2.0,2.0,1.0,0.0,0.0,0.0,0.0,0.0,0.0,0.0,0.0,0,0,0,2,10.0,5.0,7.5,1.5,0.4
839,7,2023,3.0,3.0,1.0,0.0,0.0,0.0,0.0,0.0,0.0,0.0,0.0,0,0,0,3,18.0,6.0,7.0,1.4142135623730951,0.4142135623730951
839,7,2024,4.0,4.0,1.0,0.0,0.0,0.0,0.0,0.0,0.0,0.0,0.0,0,0,0,4,22.0,5.5,7.25,1.299038105676658,0.4349645173478661
839,7,2025,5.0,5.0,1.0,0.0,0.0,0.0,0.0,0.0,0.0,0.0,0.0,0,0,0,5,23.0,4.6,7.8,1.6000000000000008,0.3846153846153845
839,9,2017,6.0,6.0,1.0,0.0,0.0,0.0,0.0,0.0,0.0,0.0,0.0,0,0,0,6,25.0,4.166666666666667,8.0,1.5275252316519452,0.3956439237389602
839,9,2018,1.0,1.0,1.0,0.0,0.0,0.0,0.0,0.0,0.0,0.0,0.0,0,0,0,1,4.0,4.0,8.0,0.0,1.0
839,9,2020,2.0,2.0,1.0,0.0,0.0,0.0,0.0,0.0,0.0,0.0,0.0,0,0,0,2,10.0,5.0,7.5,0.5,0.6666666666666666
839,9,2021,4.0,4.0,1.0,0.0,0.0,0.0,0.0,0.0,0.0,0.0,0.0,0,0,0,4,22.0,5.5,7.25,0.82915619758885,0.5467001677156801
839,9,2022,5.0,5.0,1.0,0.0,0.0,0.0,0.0,0.0,0.0,0.0,0.0,0,0,0,5,24.0,4.8,7.6,1.0198039027185566,0.4950975679639243
839,9,2023,6.0,5.0,0.8333333333333334,1.0,0.16666666666666666,1.0,0.16666666666666666,0.0,0.0,0.0,0.0,0,0,0,5,24.0,4.0,6.333333333333333,2.98142396999972,0.2511664187323588
839,9,2024,7.0,5.0,0.7142857142857143,2.0,0.2857142857142857,2.0,0.2857142857142857,0.0,0.0,0.0,0.0,0,0,0,5,24.0,3.4285714285714284,5.428571428571429,3.5398604838182472,0.2202710862072463
839,9,2025,8.0,6.0,0.75,2.0,0.25,2.0,0.25,0.0,0.0,0.0,0.0,0,0,0,5,24.0,3.0,6.75,4.815340071064556,0.1719589891184025
839,10,2018,9.0,7.0,0.7777777777777778,2.0,0.2222222222222222,2.0,0.2222222222222222,0.0,0.0,0.0,0.0,0,0,0,5,24.0,2.6666666666666665,7.444444444444445,4.94662873101157,0.16816250773905164
839,11,2017,1.0,1.0,1.0,0.0,0.0,0.0,0.0,0.0,0.0,0.0,0.0,0,0,0,1,4.0,4.0,8.0,0.0,1.0
839,11,2018,1.0,1.0,1.0,0.0,0.0,0.0,0.0,0.0,0.0,0.0,0.0,0,0,0,1,2.0,2.0,9.0,0.0,1.0
839,11,2020,2.0,2.0,1.0,0.0,0.0,0.0,0.0,0.0,0.0,0.0,0.0,0,0,0,1,2.0,1.0,11.0,2.0,0.3333333333333333
839,11,2021,3.0,3.0,1.0,0.0,0.0,0.0,0.0,0.0,0.0,0.0,0.0,0,0,0,1,2.0,0.6666666666666666,12.0,2.1602468994692847,0.31643097258253294
839,11,2022,4.0,4.0,1.0,0.0,0.0,0.0,0.0,0.0,0.0,0.0,0.0,1,1,1,2,27.0,6.75,9.25,5.11737237261468,0.16346887831720813
839,11,2023,5.0,5.0,1.0,0.0,0.0,0.0,0.0,0.0,0.0,0.0,0.0,1,1,1,3,29.0,5.8,9.2,4.57820925690384,0.17926900084688568
839,11,2024,6.0,5.0,0.8333333333333334,1.0,0.16666666666666666,0.0,0.0,1.0,0.16666666666666666,0.0,0.0,1,1,1,3,29.0,4.833333333333333,7.666666666666667,5.405758246742284,0.15610954417590775
839,11,2025,7.0,6.0,0.8571428571428571,1.0,0.14285714285714285,0.0,0.0,1.0,0.14285714285714285,0.0,0.0,1,1,1,3,29.0,4.142857142857143,9.142857142857142,6.174337938564088,0.13938568388655323
839,13,2016,8.0,7.0,0.875,1.0,0.125,0.0,0.0,1.0,0.125,0.0,0.0,1,1,1,3,29.0,3.625,10.0,6.2048368229954285,0.13879564861321142
839,13,2017,1.0,1.0,1.0,0.0,0.0,0.0,0.0,0.0,0.0,0.0,0.0,0,0,0,0,0.0,0.0,16.0,0.0,1.0
839,13,2018,2.0,2.0,1.0,0.0,0.0,0.0,0.0,0.0,0.0,0.0,0.0,0,0,0,1,2.0,1.0,12.5,3.5,0.2222222222222222
839,13,2020,3.0,3.0,1.0,0.0,0.0,0.0,0.0,0.0,0.0,0.0,0.0,0,0,0,2,10.0,3.3333333333333335,10.333333333333334,4.189935029992177,0.19268063939550076
839,13,2021,4.0,4.0,1.0,0.0,0.0,0.0,0.0,0.0,0.0,0.0,0.0,0,0,1,3,20.0,5.0,9.0,4.301162633521313,0.1886378647726465
839,13,2022,5.0,5.0,1.0,0.0,0.0,0.0,0.0,0.0,0.0,0.0,0.0,0,0,1,4,23.0,4.6,8.6,3.9293765408777017,0.20286541141812323
839,13,2023,6.0,6.0,1.0,0.0,0.0,0.0,0.0,0.0,0.0,0.0,0.0,0,0,1,5,29.0,4.833333333333333,8.333333333333334,3.636237371545237,0.2156921485809741
839,13,2024,7.0,7.0,1.0,0.0,0.0,0.0,0.0,0.0,0.0,0.0,0.0,0,0,1,6,33.0,4.714285714285714,8.285714285714286,3.368521749300455,0.22891038602706582
839,13,2025,8.0,8.0,1.0,0.0,0.0,0.0,0.0,0.0,0.0,0.0,0.0,0,0,1,7,35.0,4.375,8.375,3.1598061649411346,0.240395816619535
839,14,2016,9.0,9.0,1.0,0.0,0.0,0.0,0.0,0.0,0.0,0.0,0.0,0,0,1,7,35.0,3.888888888888889,9.11111111111111,3.6345393852880297,0.21577117311256847
839,14,2017,1.0,1.0,1.0,0.0,0.0,0.0,0.0,0.0,0.0,0.0,0.0,0,0,0,0,0.0,0.0,18.0,0.0,1.0
839,14,2018,2.0,2.0,1.0,0.0,0.0,0.0,0.0,0.0,0.0,0.0,0.0,0,0,0,1,8.0,4.0,12.0,6.0,0.14285714285714285
839,14,2020,3.0,3.0,1.0,0.0,0.0,0.0,0.0,0.0,0.0,0.0,0.0,0,0,0,2,16.0,5.333333333333333,10.0,5.656854249492381,0.15022110482233483
839,14,2021,4.0,4.0,1.0,0.0,0.0,0.0,0.0,0.0,0.0,0.0,0.0,0,0,0,3,20.0,5.0,9.5,4.9749371855331,0.16736577623297264
839,14,2022,5.0,5.0,1.0,0.0,0.0,0.0,0.0,0.0,0.0,0.0,0.0,0,0,0,4,21.0,4.2,9.6,4.454211490264018,0.18334455893121113
839,14,2023,6.0,6.0,1.0,0.0,0.0,0.0,0.0,0.0,0.0,0.0,0.0,0,0,0,4,21.0,3.5,9.833333333333334,4.099457958749613,0.1960992733128052
839,14,2024,7.0,6.0,0.8571428571428571,1.0,0.14285714285714285,1.0,0.14285714285714285,0.0,0.0,0.0,0.0,0,0,0,4,21.0,3.0,8.428571428571429,5.122977450583174,0.16331923611849272
839,14,2025,8.0,7.0,0.875,1.0,0.125,1.0,0.125,0.0,0.0,0.0,0.0,0,0,0,4,21.0,2.625,9.125,5.134138194478212,0.16302208530289933
839,15,2016,9.0,8.0,0.8888888888888888,1.0,0.1111111111111111,1.0,0.1111111111111111,0.0,0.0,0.0,0.0,0,0,0,4,21.0,2.3333333333333335,9.777777777777779,5.180685878611006,0.16179434121714845
839,15,2017,1.0,1.0,1.0,0.0,0.0,0.0,0.0,0.0,0.0,0.0,0.0,0,0,0,0,0.0,0.0,18.0,0.0,1.0
839,15,2018,2.0,2.0,1.0,0.0,0.0,0.0,0.0,0.0,0.0,0.0,0.0,0,0,0,1,1.0,0.5,14.0,4.0,0.2
839,15,2022,3.0,2.0,0.6666666666666666,1.0,0.3333333333333333,0.0,0.0,1.0,0.3333333333333333,0.0,0.0,0,0,0,1,1.0,0.3333333333333333,9.333333333333334,7.363574011458173,0.11956610877478825
839,15,2023,4.0,2.0,0.5,2.0,0.5,1.0,0.25,1.0,0.25,0.0,0.0,0,0,0,1,1.0,0.25,7.0,7.54983443527075,0.11696132920126338
839,15,2024,5.0,2.0,0.4,3.0,0.6,2.0,0.4,1.0,0.2,0.0,0.0,0,0,0,1,1.0,0.2,5.6,7.310266752998826,0.12033308072080141
839,15,2025,6.0,3.0,0.5,3.0,0.5,2.0,0.3333333333333333,1.0,0.16666666666666666,0.0,0.0,0,0,0,1,1.0,0.16666666666666666,6.833333333333333,7.22072634081149,0.12164375245476025
839,17,2017,7.0,4.0,0.5714285714285714,3.0,0.42857142857142855,2.0,0.2857142857142857,1.0,0.14285714285714285,0.0,0.0,0,0,0,1,1.0,0.14285714285714285,8.428571428571429,7.743331561638659,0.11437287868476784
839,17,2018,1.0,1.0,1.0,0.0,0.0,0.0,0.0,0.0,0.0,0.0,0.0,0,0,0,1,1.0,1.0,10.0,0.0,1.0
839,17,2024,2.0,2.0,1.0,0.0,0.0,0.0,0.0,0.0,0.0,0.0,0.0,0,0,0,1,1.0,0.5,10.5,0.5,0.6666666666666666
839,17,2025,3.0,3.0,1.0,0.0,0.0,0.0,0.0,0.0,0.0,0.0,0.0,0,0,0,1,1.0,0.3333333333333333,10.666666666666666,0.4714045207910384,0.6796227589829561
839,18,2016,4.0,4.0,1.0,0.0,0.0,0.0,0.0,0.0,0.0,0.0,0.0,0,0,1,2,11.0,2.75,9.25,2.48746859276655,0.286740933545359
839,18,2017,1.0,1.0,1.0,0.0,0.0,0.0,0.0,0.0,0.0,0.0,0.0,0,0,0,0,0.0,0.0,12.0,0.0,1.0
839,18,2018,2.0,1.0,0.5,1.0,0.5,0.0,0.0,1.0,0.5,0.0,0.0,0,0,0,0,0.0,0.0,6.0,6.0,0.14285714285714285
839,18,2021,3.0,2.0,0.6666666666666666,1.0,0.3333333333333333,0.0,0.0,1.0,0.3333333333333333,0.0,0.0,0,0,0,0,0.0,0.0,9.0,6.48074069840786,0.13367660240019172
839,18,2022,4.0,3.0,0.75,1.0,0.25,0.0,0.0,1.0,0.25,0.0,0.0,0,0,0,1,4.0,1.0,8.75,5.629165124598851,0.15084855803173447
839,18,2023,5.0,4.0,0.8,1.0,0.2,0.0,0.0,1.0,0.2,0.0,0.0,0,0,0,2,8.0,1.6,8.6,5.043808085167398,0.16545859595611276
839,18,2024,6.0,5.0,0.8333333333333334,1.0,0.16666666666666666,0.0,0.0,1.0,0.16666666666666666,0.0,0.0,0,0,0,3,9.0,1.5,8.833333333333334,4.6338129248192805,0.1774996815379839
839,18,2025,7.0,6.0,0.8571428571428571,1.0,0.14285714285714285,0.0,0.0,1.0,0.14285714285714285,0.0,0.0,0,1,1,4,27.0,3.857142857142857,7.857142857142857,4.911460982191739,0.16916291979470005
839,20,2020,8.0,7.0,0.875,1.0,0.125,0.0,0.0,1.0,0.125,0.0,0.0,0,1,1,4,27.0,3.375,8.375,4.794202227691277,0.17258631312881428
839,21,2020,1.0,0.0,0.0,1.0,1.0,1.0,1.0,0.0,0.0,0.0,0.0,0,0,0,0,0.0,0.0,0.0,0.0,1.0
839,21,2021,1.0,0.0,0.0,1.0,1.0,1.0,1.0,0.0,0.0,0.0,0.0,0,0,0,0,0.0,0.0,0.0,0.0,1.0
839,21,2022,2.0,1.0,0.5,1.0,0.5,1.0,0.5,0.0,0.0,0.0,0.0,0,0,0,1,2.0,1.0,4.5,4.5,0.18181818181818182
839,21,2024,3.0,2.0,0.6666666666666666,1.0,0.3333333333333333,1.0,0.3333333333333333,0.0,0.0,0.0,0.0,0,0,0,1,2.0,0.6666666666666666,7.666666666666667,5.792715732327588,0.14721652420118875
839,21,2025,4.0,3.0,0.75,1.0,0.25,1.0,0.25,0.0,0.0,0.0,0.0,0,0,0,1,2.0,0.5,9.25,5.717298313014636,0.14886937476969264
839,22,2016,5.0,3.0,0.6,2.0,0.4,2.0,0.4,0.0,0.0,0.0,0.0,0,0,0,1,2.0,0.4,11.4,6.681317235396025,0.1301860044774525
839,22,2017,1.0,1.0,1.0,0.0,0.0,0.0,0.0,0.0,0.0,0.0,0.0,0,0,0,0,0.0,0.0,21.0,0.0,1.0
839,22,2018,2.0,2.0,1.0,0.0,0.0,0.0,0.0,0.0,0.0,0.0,0.0,0,0,0,1,8.0,4.0,13.5,7.5,0.11764705882352941
839,22,2022,3.0,3.0,1.0,0.0,0.0,0.0,0.0,0.0,0.0,0.0,0.0,0,0,0,2,10.0,3.3333333333333335,12.0,6.48074069840786,0.13367660240019172
839,22,2023,4.0,4.0,1.0,0.0,0.0,0.0,0.0,0.0,0.0,0.0,0.0,0,0,1,3,22.0,5.5,10.0,6.59545297913646,0.131657717156152
839,22,2024,5.0,5.0,1.0,0.0,0.0,0.0,0.0,0.0,0.0,0.0,0.0,0,0,1,4,24.0,4.8,9.8,5.912698199637791,0.14466131329911056
839,22,2025,6.0,6.0,1.0,0.0,0.0,0.0,0.0,0.0,0.0,0.0,0.0,0,0,1,4,24.0,4.0,10.666666666666666,5.734883511361751,0.14848066760367862
839,24,2016,7.0,7.0,1.0,0.0,0.0,0.0,0.0,0.0,0.0,0.0,0.0,0,0,1,4,24.0,3.4285714285714284,11.714285714285714,5.8970764115858,0.14498896928562177
839,24,2017,1.0,1.0,1.0,0.0,0.0,0.0,0.0,0.0,0.0,0.0,0.0,0,0,0,0,0.0,0.0,13.0,0.0,1.0
839,24,2018,2.0,2.0,1.0,0.0,0.0,0.0,0.0,0.0,0.0,0.0,0.0,0,0,0,1,4.0,2.0,10.5,2.5,0.2857142857142857
839,24,2020,3.0,2.0,0.6666666666666666,1.0,0.3333333333333333,1.0,0.3333333333333333,0.0,0.0,0.0,0.0,0,0,0,1,4.0,1.3333333333333333,7.0,5.354126134736338,0.15737805306275915
839,24,2021,4.0,3.0,0.75,1.0,0.25,1.0,0.25,0.0,0.0,0.0,0.0,0,0,0,2,6.0,1.5,7.5,4.716990566028302,0.17491720310721423
839,24,2022,5.0,4.0,0.8,1.0,0.2,1.0,0.2,0.0,0.0,0.0,0.0,0,0,0,3,8.0,1.6,7.8,4.261455150532504,0.19006148895877056
839,24,2023,6.0,5.0,0.8333333333333334,1.0,0.16666666666666666,1.0,0.16666666666666666,0.0,0.0,0.0,0.0,0,0,0,4,14.0,2.3333333333333335,7.666666666666667,3.9015666369065407,0.20401640415749125
839,32,2016,7.0,6.0,0.8571428571428571,1.0,0.14285714285714285,1.0,0.14285714285714285,0.0,0.0,0.0,0.0,0,0,0,4,14.0,2.0,8.285714285714286,3.917516914514881,0.20335466402735317
839,32,2017,1.0,1.0,1.0,0.0,0.0,0.0,0.0,0.0,0.0,0.0,0.0,0,0,0,0,0.0,0.0,21.0,0.0,1.0
839,32,2018,2.0,2.0,1.0,0.0,0.0,0.0,0.0,0.0,0.0,0.0,0.0,0,0,1,1,10.0,5.0,13.0,8.0,0.1111111111111111
839,32,2021,3.0,3.0,1.0,0.0,0.0,0.0,0.0,0.0,0.0,0.0,0.0,0,0,1,1,10.0,3.3333333333333335,12.333333333333334,6.599663291074442,0.13158477707485638
839,32,2022,4.0,4.0,1.0,0.0,0.0,0.0,0.0,0.0,0.0,0.0,0.0,0,0,1,1,10.0,2.5,12.5,5.722761571129799,0.148748395941096
839,32,2023,5.0,5.0,1.0,0.0,0.0,0.0,0.0,0.0,0.0,0.0,0.0,0,0,1,2,14.0,2.8,11.6,5.4258639865002145,0.1556210965717375
839,32,2024,6.0,6.0,1.0,0.0,0.0,0.0,0.0,0.0,0.0,0.0,0.0,0,0,1,3,15.0,2.5,11.333333333333334,4.988876515698588,0.16697622623854558
839,32,2025,7.0,7.0,1.0,0.0,0.0,0.0,0.0,0.0,0.0,0.0,0.0,0,0,1,3,15.0,2.142857142857143,11.571428571428571,4.655477353371523,0.17681973377611498
839,34,2018,8.0,8.0,1.0,0.0,0.0,0.0,0.0,0.0,0.0,0.0,0.0,0,0,1,4,17.0,2.125,11.25,4.437059837324712,0.18392293443878058
839,34,2021,1.0,0.0,0.0,1.0,1.0,0.0,0.0,1.0,1.0,0.0,0.0,0,0,0,0,0.0,0.0,0.0,0.0,1.0
839,34,2022,2.0,1.0,0.5,1.0,0.5,0.0,0.0,1.0,0.5,0.0,0.0,0,0,0,0,0.0,0.0,7.0,7.0,0.125
839,39,2021,3.0,2.0,0.6666666666666666,1.0,0.3333333333333333,0.0,0.0,1.0,0.3333333333333333,0.0,0.0,0,0,0,1,4.0,1.3333333333333333,7.333333333333333,5.734883511361752,0.1484806676036786
839,39,2022,1.0,1.0,1.0,0.0,0.0,0.0,0.0,0.0,0.0,0.0,0.0,0,0,0,1,2.0,2.0,9.0,0.0,1.0
839,39,2023,2.0,2.0,1.0,0.0,0.0,0.0,0.0,0.0,0.0,0.0,0.0,0,0,0,2,4.0,2.0,9.0,0.0,1.0
839,39,2024,3.0,3.0,1.0,0.0,0.0,0.0,0.0,0.0,0.0,0.0,0.0,0,0,0,3,5.0,1.6666666666666667,9.333333333333334,0.47140452079100825,0.6796227589829701
839,39,2025,4.0,4.0,1.0,0.0,0.0,0.0,0.0,0.0,0.0,0.0,0.0,0,0,0,3,5.0,1.25,10.75,2.48746859276655,0.286740933545359
839,69,2016,5.0,5.0,1.0,0.0,0.0,0.0,0.0,0.0,0.0,0.0,0.0,0,0,0,4,6.0,1.2,10.6,2.244994432064366,0.30816693862979316
839,69,2017,1.0,1.0,1.0,0.0,0.0,0.0,0.0,0.0,0.0,0.0,0.0,0,0,0,0,0.0,0.0,18.0,0.0,1.0
839,69,2018,2.0,2.0,1.0,0.0,0.0,0.0,0.0,0.0,0.0,0.0,0.0,0,0,0,1,8.0,4.0,12.0,6.0,0.14285714285714285
839,69,2021,3.0,3.0,1.0,0.0,0.0,0.0,0.0,0.0,0.0,0.0,0.0,0,0,0,1,8.0,2.6666666666666665,8.0,7.483314773547883,0.11787845042814334
839,69,2022,4.0,3.0,0.75,1.0,0.25,1.0,0.25,0.0,0.0,0.0,0.0,0,0,0,1,8.0,2.0,6.0,7.3484692283495345,0.11978243827074593
839,69,2023,5.0,4.0,0.8,1.0,0.2,1.0,0.2,0.0,0.0,0.0,0.0,0,0,0,1,8.0,1.6,7.0,6.870225614927067,0.12706116049625688
839,69,2024,6.0,4.0,0.6666666666666666,2.0,0.3333333333333333,1.0,0.16666666666666666,1.0,0.16666666666666666,0.0,0.0,0,0,0,1,8.0,1.3333333333333333,5.833333333333333,6.792561290771611,0.12832751167247874
839,69,2025,7.0,5.0,0.7142857142857143,2.0,0.2857142857142857,1.0,0.14285714285714285,1.0,0.14285714285714285,0.0,0.0,0,0,0,1,8.0,1.1428571428571428,7.571428571428571,7.594305062858293,0.11635612102270665
839,70,2017,8.0,6.0,0.75,2.0,0.25,1.0,0.125,1.0,0.125,0.0,0.0,0,0,0,1,8.0,1.0,8.5,7.516648189186454,0.11741708448984602
839,70,2018,1.0,1.0,1.0,0.0,0.0,0.0,0.0,0.0,0.0,0.0,0.0,0,0,0,1,4.0,4.0,8.0,0.0,1.0
839,70,2020,2.0,2.0,1.0,0.0,0.0,0.0,0.0,0.0,0.0,0.0,0.0,0,0,0,2,12.0,6.0,7.0,1.0,0.5
839,70,2021,4.0,3.0,0.75,1.0,0.25,1.0,0.25,0.0,0.0,0.0,0.0,0,0,0,3,16.0,4.0,5.5,3.278719262151,0.23371479611805132
839,70,2022,6.0,4.0,0.6666666666666666,2.0,0.3333333333333333,1.0,0.16666666666666666,1.0,0.16666666666666666,0.0,0.0,0,0,0,3,16.0,2.6666666666666665,6.0,4.898979485566356,0.16952084719853724
839,70,2023,7.0,5.0,0.7142857142857143,2.0,0.2857142857142857,1.0,0.14285714285714285,1.0,0.14285714285714285,0.0,0.0,0,0,1,4,26.0,3.7142857142857144,5.857142857142857,4.549052379454475,0.18021094983758465
839,70,2024,8.0,6.0,0.75,2.0,0.25,1.0,0.125,1.0,0.125,0.0,0.0,0,0,1,4,26.0,3.25,6.875,5.035809269620922,0.16567786610374535
839,70,2025,9.0,7.0,0.7777777777777778,2.0,0.2222222222222222,1.0,0.1111111111111111,1.0,0.1111111111111111,0.0,0.0,0,0,1,4,26.0,2.888888888888889,7.444444444444445,5.013561854523768,0.1662907980646676
839,71,2017,10.0,8.0,0.8,2.0,0.2,1.0,0.1,1.0,0.1,0.0,0.0,0,0,1,5,27.0,2.7,7.7,4.817675788178361,0.17188994994049359
839,71,2018,1.0,1.0,1.0,0.0,0.0,0.0,0.0,0.0,0.0,0.0,0.0,0,0,0,1,6.0,6.0,7.0,0.0,1.0
839,71,2020,2.0,2.0,1.0,0.0,0.0,0.0,0.0,0.0,0.0,0.0,0.0,0,0,0,2,8.0,4.0,8.0,1.0,0.5
839,71,2021,3.0,3.0,1.0,0.0,0.0,0.0,0.0,0.0,0.0,0.0,0.0,0,0,0,3,14.0,4.666666666666667,7.666666666666667,0.9428090415820579,0.5147186257614311
839,73,2017,4.0,4.0,1.0,0.0,0.0,0.0,0.0,0.0,0.0,0.0,0.0,0,0,0,3,14.0,3.5,9.25,2.8613807855648994,0.2589747179916381
839,73,2018,1.0,1.0,1.0,0.0,0.0,0.0,0.0,0.0,0.0,0.0,0.0,0,0,0,1,8.0,8.0,6.0,0.0,1.0
839,73,2021,2.0,1.0,0.5,1.0,0.5,0.0,0.0,1.0,0.5,0.0,0.0,0,0,0,1,8.0,4.0,3.0,3.0,0.25
839,73,2022,3.0,1.0,0.3333333333333333,2.0,0.6666666666666666,1.0,0.3333333333333333,1.0,0.3333333333333333,0.0,0.0,0,0,0,1,8.0,2.6666666666666665,2.0,2.8284271247461903,0.2612038749637414
839,73,2023,4.0,2.0,0.5,2.0,0.5,1.0,0.25,1.0,0.25,0.0,0.0,0,0,0,2,9.0,2.25,4.0,4.242640687119285,0.1907435698305462
839,73,2024,5.0,3.0,0.6,2.0,0.4,1.0,0.2,1.0,0.2,0.0,0.0,0,0,0,2,9.0,1.8,6.2,5.81033561853358,0.14683564159137913
839,73,2025,6.0,4.0,0.6666666666666666,2.0,0.3333333333333333,1.0,0.16666666666666666,1.0,0.16666666666666666,0.0,0.0,0,0,0,2,9.0,1.5,7.666666666666667,6.236095644623235,0.13819607273199155
839,75,2020,7.0,5.0,0.7142857142857143,2.0,0.2857142857142857,1.0,0.14285714285714285,1.0,0.14285714285714285,0.0,0.0,0,0,0,2,9.0,1.2857142857142858,8.571428571428571,6.184245949118104,0.13919345288043128
839,75,2021,1.0,1.0,1.0,0.0,0.0,0.0,0.0,0.0,0.0,0.0,0.0,0,0,0,1,4.0,4.0,8.0,0.0,1.0
839,76,2020,2.0,2.0,1.0,0.0,0.0,0.0,0.0,0.0,0.0,0.0,0.0,0,0,0,2,10.0,5.0,7.5,0.5,0.6666666666666666
839,77,2021,1.0,0.0,0.0,1.0,1.0,1.0,1.0,0.0,0.0,0.0,0.0,0,0,0,0,0.0,0.0,0.0,0.0,1.0
839,77,2022,1.0,1.0,1.0,0.0,0.0,0.0,0.0,0.0,0.0,0.0,0.0,0,0,1,1,12.0,12.0,4.0,0.0,1.0
839,77,2023,2.0,2.0,1.0,0.0,0.0,0.0,0.0,0.0,0.0,0.0,0.0,0,0,1,2,20.0,10.0,5.0,1.0,0.5
839,77,2024,3.0,3.0,1.0,0.0,0.0,0.0,0.0,0.0,0.0,0.0,0.0,0,0,1,3,24.0,8.0,6.0,1.6329931618554514,0.37979589711327133
839,77,2025,4.0,4.0,1.0,0.0,0.0,0.0,0.0,0.0,0.0,0.0,0.0,0,0,1,3,24.0,6.0,7.75,3.344772040064913,0.23016167264440865
839,78,2021,5.0,5.0,1.0,0.0,0.0,0.0,0.0,0.0,0.0,0.0,0.0,0,0,1,3,24.0,4.8,9.0,3.898717737923586,0.20413505196644968
839,78,2023,1.0,1.0,1.0,0.0,0.0,0.0,0.0,0.0,0.0,0.0,0.0,0,0,1,1,10.0,10.0,5.0,0.0,1.0
839,78,2024,2.0,2.0,1.0,0.0,0.0,0.0,0.0,0.0,0.0,0.0,0.0,0,0,1,2,16.0,8.0,6.0,1.0,0.5
839,78,2025,3.0,2.0,0.6666666666666666,1.0,0.3333333333333333,0.0,0.0,1.0,0.3333333333333333,0.0,0.0,0,0,1,2,16.0,5.333333333333333,4.0,2.9439202887759492,0.25355482027512377
839,79,2022,4.0,3.0,0.75,1.0,0.25,0.0,0.0,1.0,0.25,0.0,0.0,0,0,1,2,16.0,4.0,6.75,5.402545696243577,0.15618787392438413
839,79,2023,1.0,1.0,1.0,0.0,0.0,0.0,0.0,0.0,0.0,0.0,0.0,0,0,0,1,4.0,4.0,8.0,0.0,1.0
839,79,2024,2.0,2.0,1.0,0.0,0.0,0.0,0.0,0.0,0.0,0.0,0.0,0,0,0,2,6.0,3.0,8.5,0.5,0.6666666666666666
839,79,2025,3.0,3.0,1.0,0.0,0.0,0.0,0.0,0.0,0.0,0.0,0.0,0,0,0,3,7.0,2.3333333333333335,9.0,0.8164965809277289,0.550510257216821
839,80,2023,4.0,4.0,1.0,0.0,0.0,0.0,0.0,0.0,0.0,0.0,0.0,0,0,0,3,7.0,1.75,9.75,1.479019945774904,0.40338521749465606
839,80,2024,1.0,1.0,1.0,0.0,0.0,0.0,0.0,0.0,0.0,0.0,0.0,0,0,1,1,12.0,12.0,4.0,0.0,1.0
839,80,2025,2.0,2.0,1.0,0.0,0.0,0.0,0.0,0.0,0.0,0.0,0.0,0,0,1,1,12.0,6.0,10.5,6.5,0.13333333333333333
840,1,2017,3.0,3.0,1.0,0.0,0.0,0.0,0.0,0.0,0.0,0.0,0.0,0,0,1,2,14.0,4.666666666666667,10.0,5.354126134736336,0.15737805306275918
840,1,2018,1.0,0.0,0.0,1.0,1.0,1.0,1.0,0.0,0.0,0.0,0.0,0,0,0,0,0.0,0.0,0.0,0.0,1.0
840,1,2019,2.0,1.0,0.5,1.0,0.5,1.0,0.5,0.0,0.0,0.0,0.0,0,0,0,0,0.0,0.0,7.0,7.0,0.125
840,1,2022,3.0,2.0,0.6666666666666666,1.0,0.3333333333333333,1.0,0.3333333333333333,0.0,0.0,0.0,0.0,0,0,0,1,2.0,0.6666666666666666,7.666666666666667,5.792715732327588,0.14721652420118875
840,1,2023,4.0,3.0,0.75,1.0,0.25,1.0,0.25,0.0,0.0,0.0,0.0,0,0,0,1,2.0,0.5,8.75,5.356071321407137,0.15732988971222167
840,1,2024,5.0,4.0,0.8,1.0,0.2,1.0,0.2,0.0,0.0,0.0,0.0,0,0,1,2,14.0,2.8,7.8,5.153639490690051,0.16250545738223982
840,1,2025,6.0,5.0,0.8333333333333334,1.0,0.16666666666666666,1.0,0.16666666666666666,0.0,0.0,0.0,0.0,0,0,1,3,22.0,3.6666666666666665,7.5,4.752192476461084,0.17384675566615063
840,2,2017,7.0,6.0,0.8571428571428571,1.0,0.14285714285714285,1.0,0.14285714285714285,0.0,0.0,0.0,0.0,0,0,1,4,30.0,4.285714285714286,7.285714285714286,4.43087497693452,0.18413239197129413
840,3,2017,1.0,1.0,1.0,0.0,0.0,0.0,0.0,0.0,0.0,0.0,0.0,0,0,0,1,4.0,4.0,8.0,0.0,1.0
840,3,2018,1.0,0.0,0.0,1.0,1.0,0.0,0.0,1.0,1.0,0.0,0.0,0,0,0,0,0.0,0.0,0.0,0.0,1.0
840,3,2019,2.0,1.0,0.5,1.0,0.5,0.0,0.0,1.0,0.5,0.0,0.0,0,0,0,0,0.0,0.0,7.0,7.0,0.125
840,3,2020,3.0,2.0,0.6666666666666666,1.0,0.3333333333333333,0.0,0.0,1.0,0.3333333333333333,0.0,0.0,0,0,0,0,0.0,0.0,9.333333333333334,6.5996632910744415,0.1315847770748564
840,3,2021,5.0,3.0,0.6,2.0,0.4,0.0,0.0,2.0,0.4,0.0,0.0,0,1,1,1,15.0,3.0,6.2,6.4621977685614045,0.13400877744262524
840,3,2022,6.0,4.0,0.6666666666666666,2.0,0.3333333333333333,0.0,0.0,2.0,0.3333333333333333,0.0,0.0,0,1,1,2,16.0,2.6666666666666665,6.833333333333333,6.066758241067099,0.14150760021599343
840,3,2023,7.0,5.0,0.7142857142857143,2.0,0.2857142857142857,0.0,0.0,2.0,0.2857142857142857,0.0,0.0,0,1,1,2,16.0,2.2857142857142856,7.571428571428571,5.900536122303824,0.14491627639884572
840,3,2024,8.0,6.0,0.75,2.0,0.25,0.0,0.0,2.0,0.25,0.0,0.0,0,1,1,3,24.0,3.0,7.375,5.543859215384171,0.15281502353367682
840,3,2025,9.0,7.0,0.7777777777777778,2.0,0.2222222222222222,0.0,0.0,2.0,0.2222222222222222,0.0,0.0,0,1,1,4,25.0,2.7777777777777777,7.666666666666667,5.29150262212918,0.15894454156034007
840,4,2017,10.0,8.0,0.8,2.0,0.2,0.0,0.0,2.0,0.2,0.0,0.0,0,1,1,4,25.0,2.5,8.6,5.748043145279966,0.14819110940324487
840,4,2018,1.0,1.0,1.0,0.0,0.0,0.0,0.0,0.0,0.0,0.0,0.0,0,0,0,0,0.0,0.0,16.0,0.0,1.0
840,4,2019,2.0,2.0,1.0,0.0,0.0,0.0,0.0,0.0,0.0,0.0,0.0,0,0,0,0,0.0,0.0,13.5,2.5,0.2857142857142857
840,4,2020,3.0,2.0,0.6666666666666666,1.0,0.3333333333333333,0.0,0.0,1.0,0.3333333333333333,0.0,0.0,0,0,0,0,0.0,0.0,9.0,6.683312551921141,0.1301521958455223
840,4,2021,4.0,3.0,0.75,1.0,0.25,0.0,0.0,1.0,0.25,0.0,0.0,0,0,1,1,12.0,3.0,7.75,6.179603547154137,0.1392834567301953
840,4,2022,5.0,4.0,0.8,1.0,0.2,0.0,0.0,1.0,0.2,0.0,0.0,0,0,1,1,12.0,2.4,8.4,5.6780278266313555,0.14974480879101654
840,4,2023,6.0,5.0,0.8333333333333334,1.0,0.16666666666666666,0.0,0.0,1.0,0.16666666666666666,0.0,0.0,0,0,1,1,12.0,2.0,9.5,5.7373048260195025,0.1484273052538747
840,4,2024,7.0,6.0,0.8571428571428571,1.0,0.14285714285714285,0.0,0.0,1.0,0.14285714285714285,0.0,0.0,0,0,1,2,20.0,2.857142857142857,9.0,5.451081150953975,0.15501277640138222
840,5,2020,8.0,7.0,0.875,1.0,0.125,0.0,0.0,1.0,0.125,0.0,0.0,0,0,1,2,20.0,2.5,9.625,5.360445410597892,0.15722169367789582
840,5,2021,1.0,1.0,1.0,0.0,0.0,0.0,0.0,0.0,0.0,0.0,0.0,0,0,0,1,2.0,2.0,9.0,0.0,1.0
840,6,2017,2.0,2.0,1.0,0.0,0.0,0.0,0.0,0.0,0.0,0.0,0.0,0,0,0,2,4.0,2.0,9.0,0.0,1.0
840,6,2018,1.0,1.0,1.0,0.0,0.0,0.0,0.0,0.0,0.0,0.0,0.0,0,0,0,0,0.0,0.0,15.0,0.0,1.0
840,6,2019,2.0,2.0,1.0,0.0,0.0,0.0,0.0,0.0,0.0,0.0,0.0,0,0,0,0,0.0,0.0,16.0,1.0,0.5
840,6,2021,3.0,3.0,1.0,0.0,0.0,0.0,0.0,0.0,0.0,0.0,0.0,0,0,0,0,0.0,0.0,16.0,0.8164965809277376,0.5505102572168185
840,6,2022,4.0,4.0,1.0,0.0,0.0,0.0,0.0,0.0,0.0,0.0,0.0,0,0,0,1,4.0,1.0,14.0,3.5355339059327378,0.2204812092115424
840,6,2023,5.0,5.0,1.0,0.0,0.0,0.0,0.0,0.0,0.0,0.0,0.0,0,0,0,1,4.0,0.8,14.0,3.1622776601683795,0.2402530733520421
840,6,2024,6.0,5.0,0.8333333333333334,1.0,0.16666666666666666,0.0,0.0,1.0,0.16666666666666666,0.0,0.0,0,0,0,1,4.0,0.6666666666666666,11.666666666666666,5.96284793999944,0.14361939376204164
840,6,2025,7.0,6.0,0.8571428571428571,1.0,0.14285714285714285,0.0,0.0,1.0,0.14285714285714285,0.0,0.0,0,0,0,1,4.0,0.5714285714285714,12.0,5.5805785670356025,0.15196232212914323
840,7,2017,8.0,7.0,0.875,1.0,0.125,0.0,0.0,1.0,0.125,0.0,0.0,0,0,0,1,4.0,0.5,12.375,5.31360282670807,0.15838817034384198
840,7,2018,1.0,1.0,1.0,0.0,0.0,0.0,0.0,0.0,0.0,0.0,0.0,0,0,0,1,2.0,2.0,9.0,0.0,1.0
840,7,2019,2.0,1.0,0.5,1.0,0.5,0.0,0.0,1.0,0.5,0.0,0.0,0,0,0,1,2.0,1.0,4.5,4.5,0.18181818181818182
840,7,2022,3.0,2.0,0.6666666666666666,1.0,0.3333333333333333,0.0,0.0,1.0,0.3333333333333333,0.0,0.0,0,0,0,2,4.0,1.3333333333333333,6.0,4.242640687119285,0.1907435698305462
840,7,2023,4.0,3.0,0.75,1.0,0.25,0.0,0.0,1.0,0.25,0.0,0.0,0,0,0,3,5.0,1.25,7.0,4.06201920231798,0.1975496259559987
840,7,2024,5.0,4.0,0.8,1.0,0.2,0.0,0.0,1.0,0.2,0.0,0.0,0,0,0,4,7.0,1.4,7.4,3.7202150475476534,0.21185475448190466
840,7,2025,6.0,5.0,0.8333333333333334,1.0,0.16666666666666666,0.0,0.0,1.0,0.16666666666666666,0.0,0.0,0,0,0,5,13.0,2.1666666666666665,7.333333333333333,3.39934634239519,0.22730649559533378
840,9,2017,7.0,6.0,0.8571428571428571,1.0,0.14285714285714285,0.0,0.0,1.0,0.14285714285714285,0.0,0.0,0,0,0,5,13.0,1.8571428571428572,8.714285714285714,4.620274751084639,0.17792724453675743
840,9,2018,1.0,1.0,1.0,0.0,0.0,0.0,0.0,0.0,0.0,0.0,0.0,0,0,0,0,0.0,0.0,16.0,0.0,1.0
840,9,2019,2.0,2.0,1.0,0.0,0.0,0.0,0.0,0.0,0.0,0.0,0.0,0,0,0,0,0.0,0.0,14.0,2.0,0.3333333333333333
840,9,2020,3.0,3.0,1.0,0.0,0.0,0.0,0.0,0.0,0.0,0.0,0.0,0,0,0,0,0.0,0.0,13.666666666666666,1.699673171197594,0.37041520828107977
840,9,2021,5.0,5.0,1.0,0.0,0.0,0.0,0.0,0.0,0.0,0.0,0.0,0,0,0,2,10.0,2.0,11.2,3.42928563989645,0.22577004088256958
840,9,2022,6.0,6.0,1.0,0.0,0.0,0.0,0.0,0.0,0.0,0.0,0.0,0,0,0,3,14.0,2.3333333333333335,10.666666666666666,3.349958540373631,0.22988724851481157
840,9,2023,7.0,7.0,1.0,0.0,0.0,0.0,0.0,0.0,0.0,0.0,0.0,0,0,0,3,14.0,2.0,10.714285714285714,3.1036515689143496,0.2436854063281394
840,9,2024,8.0,8.0,1.0,0.0,0.0,0.0,0.0,0.0,0.0,0.0,0.0,0,0,0,3,14.0,1.75,11.125,3.0998991919093113,0.2439084360838401
840,9,2025,9.0,9.0,1.0,0.0,0.0,0.0,0.0,0.0,0.0,0.0,0.0,0,0,0,4,20.0,2.2222222222222223,10.666666666666666,3.197221015541814,0.23825288120332908
840,10,2018,10.0,10.0,1.0,0.0,0.0,0.0,0.0,0.0,0.0,0.0,0.0,0,0,0,5,26.0,2.6,10.3,3.226453160980333,0.2366050117938722
840,10,2019,1.0,0.0,0.0,1.0,1.0,1.0,1.0,0.0,0.0,0.0,0.0,0,0,0,0,0.0,0.0,0.0,0.0,1.0
840,11,2017,2.0,1.0,0.5,1.0,0.5,1.0,0.5,0.0,0.0,0.0,0.0,0,0,1,1,12.0,6.0,2.0,2.0,0.3333333333333333
840,11,2018,1.0,1.0,1.0,0.0,0.0,0.0,0.0,0.0,0.0,0.0,0.0,0,0,0,0,0.0,0.0,14.0,0.0,1.0
840,11,2019,2.0,2.0,1.0,0.0,0.0,0.0,0.0,0.0,0.0,0.0,0.0,0,0,0,0,0.0,0.0,15.5,1.5,0.4
840,11,2020,3.0,3.0,1.0,0.0,0.0,0.0,0.0,0.0,0.0,0.0,0.0,0,0,0,0,0.0,0.0,16.0,1.4142135623730951,0.4142135623730951
840,11,2021,4.0,4.0,1.0,0.0,0.0,0.0,0.0,0.0,0.0,0.0,0.0,0,0,1,1,12.0,3.0,13.0,5.338539126015656,0.15776505912784203
840,11,2022,5.0,4.0,0.8,1.0,0.2,0.0,0.0,1.0,0.2,0.0,0.0,0,0,1,1,12.0,2.4,10.4,7.059745037889115,0.12407340372418339
840,11,2023,6.0,5.0,0.8333333333333334,1.0,0.16666666666666666,0.0,0.0,1.0,0.16666666666666666,0.0,0.0,0,0,1,1,12.0,2.0,10.5,6.4485140407177015,0.13425496609571336
840,11,2024,7.0,6.0,0.8571428571428571,1.0,0.14285714285714285,0.0,0.0,1.0,0.14285714285714285,0.0,0.0,0,0,1,2,13.0,1.8571428571428572,10.428571428571429,5.972727131533391,0.1434159090318636
840,11,2025,8.0,7.0,0.875,1.0,0.125,0.0,0.0,1.0,0.125,0.0,0.0,0,0,1,3,14.0,1.75,10.375,5.588772226527039,0.15177334496006745
840,13,2017,9.0,8.0,0.8888888888888888,1.0,0.1111111111111111,0.0,0.0,1.0,0.1111111111111111,0.0,0.0,0,0,1,4,20.0,2.2222222222222223,10.0,5.374838498865699,0.15686671908283387
840,13,2018,1.0,1.0,1.0,0.0,0.0,0.0,0.0,0.0,0.0,0.0,0.0,0,0,0,0,0.0,0.0,11.0,0.0,1.0
840,13,2019,2.0,2.0,1.0,0.0,0.0,0.0,0.0,0.0,0.0,0.0,0.0,0,0,0,0,0.0,0.0,12.0,1.0,0.5
840,13,2020,3.0,3.0,1.0,0.0,0.0,0.0,0.0,0.0,0.0,0.0,0.0,0,0,0,1,1.0,0.3333333333333333,11.333333333333334,1.2472191289246422,0.44499443206436584
840,13,2021,4.0,4.0,1.0,0.0,0.0,0.0,0.0,0.0,0.0,0.0,0.0,0,0,0,2,3.0,0.75,10.75,1.479019945774904,0.40338521749465606
840,13,2022,5.0,5.0,1.0,0.0,0.0,0.0,0.0,0.0,0.0,0.0,0.0,0,0,0,2,3.0,0.6,12.6,3.9293765408777,0.2028654114181233
840,13,2023,6.0,6.0,1.0,0.0,0.0,0.0,0.0,0.0,0.0,0.0,0.0,0,0,0,2,3.0,0.5,12.333333333333334,3.636237371545239,0.21569214858097402
840,13,2024,7.0,7.0,1.0,0.0,0.0,0.0,0.0,0.0,0.0,0.0,0.0,0,0,0,3,5.0,0.7142857142857143,11.857142857142858,3.5628468323828337,0.21916142196642066
840,13,2025,8.0,8.0,1.0,0.0,0.0,0.0,0.0,0.0,0.0,0.0,0.0,0,0,0,3,5.0,0.625,11.75,3.344772040064913,0.23016167264440865
840,14,2017,9.0,9.0,1.0,0.0,0.0,0.0,0.0,0.0,0.0,0.0,0.0,0,0,0,3,5.0,0.5555555555555556,12.0,3.231786571610888,0.23630681346468194
840,14,2018,1.0,1.0,1.0,0.0,0.0,0.0,0.0,0.0,0.0,0.0,0.0,0,0,0,1,6.0,6.0,7.0,0.0,1.0
840,14,2019,2.0,2.0,1.0,0.0,0.0,0.0,0.0,0.0,0.0,0.0,0.0,0,0,0,2,8.0,4.0,8.0,1.0,0.5
840,14,2020,3.0,3.0,1.0,0.0,0.0,0.0,0.0,0.0,0.0,0.0,0.0,0,0,0,2,8.0,2.6666666666666665,9.333333333333334,2.0548046676563203,0.3273531727209292
840,14,2021,4.0,4.0,1.0,0.0,0.0,0.0,0.0,0.0,0.0,0.0,0.0,0,1,1,3,23.0,5.75,7.75,3.2691742076555053,0.23423733756443926
840,14,2022,5.0,5.0,1.0,0.0,0.0,0.0,0.0,0.0,0.0,0.0,0.0,0,1,1,4,29.0,5.8,7.6,2.939387691339815,0.25384655645809073
840,14,2023,6.0,5.0,0.8333333333333334,1.0,0.16666666666666666,1.0,0.16666666666666666,0.0,0.0,0.0,0.0,0,1,1,4,29.0,4.833333333333333,6.333333333333333,3.9015666369065425,0.20401640415749117
840,14,2024,7.0,6.0,0.8571428571428571,1.0,0.14285714285714285,1.0,0.14285714285714285,0.0,0.0,0.0,0.0,0,1,1,4,29.0,4.142857142857143,7.714285714285714,4.948716593053935,0.16810348658526744
840,14,2025,8.0,7.0,0.875,1.0,0.125,1.0,0.125,0.0,0.0,0.0,0.0,0,1,1,4,29.0,3.625,9.125,5.946374946133148,0.14395998024216528
840,15,2017,9.0,8.0,0.8888888888888888,1.0,0.1111111111111111,1.0,0.1111111111111111,0.0,0.0,0.0,0.0,0,1,1,4,29.0,3.2222222222222223,10.11111111111111,6.261779023824611,0.1377073024005794
840,15,2018,1.0,1.0,1.0,0.0,0.0,0.0,0.0,0.0,0.0,0.0,0.0,0,0,0,1,4.0,4.0,8.0,0.0,1.0
840,15,2019,2.0,2.0,1.0,0.0,0.0,0.0,0.0,0.0,0.0,0.0,0.0,0,0,0,1,4.0,2.0,11.0,3.0,0.25
840,15,2022,3.0,3.0,1.0,0.0,0.0,0.0,0.0,0.0,0.0,0.0,0.0,0,0,0,1,4.0,1.3333333333333333,11.666666666666666,2.624669291337275,0.2758872381516116
840,15,2023,4.0,4.0,1.0,0.0,0.0,0.0,0.0,0.0,0.0,0.0,0.0,0,0,0,2,12.0,3.0,10.25,3.344772040064913,0.23016167264440865
840,15,2024,5.0,4.0,0.8,1.0,0.2,0.0,0.0,0.0,0.0,1.0,0.2,0,0,0,2,12.0,2.4,8.2,5.075431016179809,0.16459737545152697
840,15,2025,6.0,5.0,0.8333333333333334,1.0,0.16666666666666666,0.0,0.0,0.0,0.0,1.0,0.16666666666666666,0,0,0,2,12.0,2.0,9.166666666666666,5.112620550059323,0.16359595558247025
840,17,2017,7.0,6.0,0.8571428571428571,1.0,0.14285714285714285,0.0,0.0,0.0,0.0,1.0,0.14285714285714285,0,0,0,2,12.0,1.7142857142857142,9.714285714285714,4.919764387920734,0.1689256420475953
840,17,2018,1.0,0.0,0.0,1.0,1.0,0.0,0.0,1.0,1.0,0.0,0.0,0,0,0,0,0.0,0.0,0.0,0.0,1.0
840,17,2019,2.0,1.0,0.5,1.0,0.5,0.0,0.0,1.0,0.5,0.0,0.0,0,0,0,0,0.0,0.0,7.0,7.0,0.125
840,17,2024,3.0,2.0,0.6666666666666666,1.0,0.3333333333333333,0.0,0.0,1.0,0.3333333333333333,0.0,0.0,0,0,0,0,0.0,0.0,8.666666666666666,6.18241233033047,0.13922898797902752
840,17,2025,4.0,3.0,0.75,1.0,0.25,0.0,0.0,1.0,0.25,0.0,0.0,0,0,0,0,0.0,0.0,10.25,6.015604707757983,0.14253938778708297
840,18,2017,5.0,4.0,0.8,1.0,0.2,0.0,0.0,1.0,0.2,0.0,0.0,0,0,0,1,2.0,0.4,10.0,5.4037024344425175,0.15615966079583402
840,18,2018,1.0,1.0,1.0,0.0,0.0,0.0,0.0,0.0,0.0,0.0,0.0,0,0,0,0,0.0,0.0,16.0,0.0,1.0
840,18,2019,2.0,2.0,1.0,0.0,0.0,0.0,0.0,0.0,0.0,0.0,0.0,0,0,0,0,0.0,0.0,17.0,1.0,0.5
840,18,2021,3.0,3.0,1.0,0.0,0.0,0.0,0.0,0.0,0.0,0.0,0.0,0,0,0,0,0.0,0.0,17.666666666666668,1.2472191289246422,0.44499443206436584
840,18,2022,4.0,3.0,0.75,1.0,0.25,0.0,0.0,1.0,0.25,0.0,0.0,0,0,0,0,0.0,0.0,13.25,7.725768570181222,0.11460308532790155
840,18,2023,5.0,4.0,0.8,1.0,0.2,0.0,0.0,1.0,0.2,0.0,0.0,0,0,0,1,1.0,0.2,12.6,7.031358332498778,0.12451193915150245
840,18,2024,6.0,5.0,0.8333333333333334,1.0,0.16666666666666666,0.0,0.0,1.0,0.16666666666666666,0.0,0.0,0,0,1,2,11.0,1.8333333333333333,11.333333333333334,7.015855059949728,0.12475275469941836
840,18,2025,7.0,5.0,0.7142857142857143,2.0,0.2857142857142857,0.0,0.0,1.0,0.14285714285714285,1.0,0.14285714285714285,0,0,1,2,11.0,1.5714285714285714,9.714285714285714,7.610411772495545,0.11613846427116588
840,21,2020,8.0,6.0,0.75,2.0,0.25,0.0,0.0,1.0,0.125,1.0,0.125,0,0,1,2,11.0,1.375,10.5,7.416198487095663,0.11881849050177154
840,21,2021,1.0,1.0,1.0,0.0,0.0,0.0,0.0,0.0,0.0,0.0,0.0,0,0,0,0,0.0,0.0,13.0,0.0,1.0
840,21,2022,2.0,2.0,1.0,0.0,0.0,0.0,0.0,0.0,0.0,0.0,0.0,0,0,0,1,4.0,2.0,10.5,2.5,0.2857142857142857
840,21,2024,3.0,3.0,1.0,0.0,0.0,0.0,0.0,0.0,0.0,0.0,0.0,0,0,0,2,5.0,1.6666666666666667,10.333333333333334,2.0548046676563234,0.32735317272092884
840,21,2025,4.0,4.0,1.0,0.0,0.0,0.0,0.0,0.0,0.0,0.0,0.0,0,0,0,3,7.0,1.75,10.0,1.8708286933869707,0.3483314773547883
840,22,2017,5.0,5.0,1.0,0.0,0.0,0.0,0.0,0.0,0.0,0.0,0.0,0,0,0,3,7.0,1.4,11.0,2.607680962081059,0.2771863727725965
840,22,2018,1.0,0.0,0.0,1.0,1.0,1.0,1.0,0.0,0.0,0.0,0.0,0,0,0,0,0.0,0.0,0.0,0.0,1.0
840,22,2019,2.0,1.0,0.5,1.0,0.5,1.0,0.5,0.0,0.0,0.0,0.0,0,0,0,0,0.0,0.0,8.5,8.5,0.10526315789473684
840,22,2022,3.0,2.0,0.6666666666666666,1.0,0.3333333333333333,1.0,0.3333333333333333,0.0,0.0,0.0,0.0,0,0,0,1,2.0,0.6666666666666666,8.666666666666666,6.944222218666553,0.125877646983527
840,22,2023,4.0,3.0,0.75,1.0,0.25,1.0,0.25,0.0,0.0,0.0,0.0,0,0,0,1,2.0,0.5,9.5,6.18465843842649,0.13918546143426822
840,22,2024,5.0,3.0,0.6,2.0,0.4,2.0,0.4,0.0,0.0,0.0,0.0,0,0,0,1,2.0,0.4,7.6,6.711184694225007,0.1296817596327204
840,22,2025,6.0,4.0,0.6666666666666666,2.0,0.3333333333333333,2.0,0.3333333333333333,0.0,0.0,0.0,0.0,0,0,0,1,2.0,0.3333333333333333,8.333333333333334,6.342099196813482,0.13620082938051373
840,24,2017,7.0,5.0,0.7142857142857143,2.0,0.2857142857142857,2.0,0.2857142857142857,0.0,0.0,0.0,0.0,0,0,0,1,2.0,0.2857142857142857,10.0,7.151423434733616,0.12267796023685273
840,24,2018,1.0,1.0,1.0,0.0,0.0,0.0,0.0,0.0,0.0,0.0,0.0,0,0,0,0,0.0,0.0,18.0,0.0,1.0
840,24,2019,2.0,2.0,1.0,0.0,0.0,0.0,0.0,0.0,0.0,0.0,0.0,0,0,0,0,0.0,0.0,15.5,2.5,0.2857142857142857
840,24,2020,3.0,2.0,0.6666666666666666,1.0,0.3333333333333333,1.0,0.3333333333333333,0.0,0.0,0.0,0.0,0,0,0,0,0.0,0.0,10.333333333333334,7.586537784494028,0.1164613753643345
840,24,2021,4.0,3.0,0.75,1.0,0.25,1.0,0.25,0.0,0.0,0.0,0.0,0,0,0,1,1.0,0.25,10.25,6.5717197140474575,0.13207039322186567
840,24,2022,5.0,4.0,0.8,1.0,0.2,1.0,0.2,0.0,0.0,0.0,0.0,0,0,0,1,1.0,0.2,10.8,5.979966555090421,0.14326716211422386
840,24,2023,6.0,5.0,0.8333333333333334,1.0,0.16666666666666666,1.0,0.16666666666666666,0.0,0.0,0.0,0.0,0,0,0,2,5.0,0.8333333333333334,10.333333333333334,5.55777733351102,0.15249069145575916
840,24,2024,7.0,6.0,0.8571428571428571,1.0,0.14285714285714285,1.0,0.14285714285714285,0.0,0.0,0.0,0.0,0,0,0,3,6.0,0.8571428571428571,10.285714285714286,5.146823867043375,0.16268564410338318
840,32,2017,8.0,7.0,0.875,1.0,0.125,1.0,0.125,0.0,0.0,0.0,0.0,0,0,0,3,6.0,0.75,10.75,4.968651728587948,0.16754202548128538
840,32,2018,1.0,1.0,1.0,0.0,0.0,0.0,0.0,0.0,0.0,0.0,0.0,0,0,0,1,8.0,8.0,6.0,0.0,1.0
840,32,2019,2.0,2.0,1.0,0.0,0.0,0.0,0.0,0.0,0.0,0.0,0.0,0,0,0,1,8.0,4.0,9.0,3.0,0.25
840,32,2021,3.0,3.0,1.0,0.0,0.0,0.0,0.0,0.0,0.0,0.0,0.0,0,0,0,1,8.0,2.6666666666666665,10.0,2.8284271247461903,0.2612038749637414
840,32,2022,4.0,4.0,1.0,0.0,0.0,0.0,0.0,0.0,0.0,0.0,0.0,0,0,0,1,8.0,2.0,11.0,3.0,0.25
840,32,2023,5.0,5.0,1.0,0.0,0.0,0.0,0.0,0.0,0.0,0.0,0.0,0,0,0,1,8.0,1.6,11.8,3.1240998703626603,0.24247715415098886
840,32,2024,6.0,6.0,1.0,0.0,0.0,0.0,0.0,0.0,0.0,0.0,0.0,0,0,0,1,8.0,1.3333333333333333,12.666666666666666,3.4480268109295373,0.22481878875883451
840,32,2025,7.0,7.0,1.0,0.0,0.0,0.0,0.0,0.0,0.0,0.0,0.0,0,0,0,1,8.0,1.1428571428571428,12.428571428571429,3.245090483314441,0.2355662391486246
840,34,2018,8.0,8.0,1.0,0.0,0.0,0.0,0.0,0.0,0.0,0.0,0.0,0,0,0,1,8.0,1.0,12.625,3.07967124868873,0.24511778990069746
840,34,2019,1.0,1.0,1.0,0.0,0.0,0.0,0.0,0.0,0.0,0.0,0.0,0,0,0,0,0.0,0.0,17.0,0.0,1.0
840,34,2021,2.0,2.0,1.0,0.0,0.0,0.0,0.0,0.0,0.0,0.0,0.0,0,0,0,0,0.0,0.0,15.0,2.0,0.3333333333333333
840,34,2022,3.0,3.0,1.0,0.0,0.0,0.0,0.0,0.0,0.0,0.0,0.0,0,0,0,1,1.0,0.3333333333333333,13.333333333333334,2.8674417556808716,0.2585688584788907
840,39,2021,4.0,4.0,1.0,0.0,0.0,0.0,0.0,0.0,0.0,0.0,0.0,0,0,0,2,2.0,0.5,12.5,2.8722813232690143,0.25824569976124334
840,39,2022,1.0,1.0,1.0,0.0,0.0,0.0,0.0,0.0,0.0,0.0,0.0,0,0,0,0,0.0,0.0,12.0,0.0,1.0
840,39,2023,2.0,2.0,1.0,0.0,0.0,0.0,0.0,0.0,0.0,0.0,0.0,0,0,0,1,1.0,0.5,11.0,1.0,0.5
840,39,2024,3.0,3.0,1.0,0.0,0.0,0.0,0.0,0.0,0.0,0.0,0.0,0,0,0,1,1.0,0.3333333333333333,11.0,0.8164965809277289,0.550510257216821
840,39,2025,4.0,4.0,1.0,0.0,0.0,0.0,0.0,0.0,0.0,0.0,0.0,0,0,0,1,1.0,0.25,11.5,1.118033988749895,0.4721359549995794
840,69,2017,5.0,5.0,1.0,0.0,0.0,0.0,0.0,0.0,0.0,0.0,0.0,0,0,0,2,7.0,1.4,10.6,2.0591260281973987,0.32689074944364216
840,69,2018,1.0,1.0,1.0,0.0,0.0,0.0,0.0,0.0,0.0,0.0,0.0,0,0,0,0,0.0,0.0,11.0,0.0,1.0
840,69,2019,2.0,2.0,1.0,0.0,0.0,0.0,0.0,0.0,0.0,0.0,0.0,0,0,0,0,0.0,0.0,12.5,1.5,0.4
840,69,2021,3.0,3.0,1.0,0.0,0.0,0.0,0.0,0.0,0.0,0.0,0.0,0,0,0,0,0.0,0.0,12.666666666666666,1.2472191289246535,0.44499443206436357
840,69,2022,4.0,4.0,1.0,0.0,0.0,0.0,0.0,0.0,0.0,0.0,0.0,0,0,0,0,0.0,0.0,12.5,1.118033988749895,0.4721359549995794
840,69,2023,5.0,4.0,0.8,1.0,0.2,0.0,0.0,1.0,0.2,0.0,0.0,0,0,0,0,0.0,0.0,10.0,5.0990195135927845,0.1639607805437114
840,69,2024,6.0,5.0,0.8333333333333334,1.0,0.16666666666666666,0.0,0.0,1.0,0.16666666666666666,0.0,0.0,0,0,0,1,6.0,1.0,9.5,4.787135538781691,0.1727970588037273
840,69,2025,7.0,6.0,0.8571428571428571,1.0,0.14285714285714285,0.0,0.0,1.0,0.14285714285714285,0.0,0.0,0,0,0,1,6.0,0.8571428571428571,10.285714285714286,4.831867007225073,0.17147167429591667
840,70,2017,8.0,7.0,0.875,1.0,0.125,0.0,0.0,1.0,0.125,0.0,0.0,0,0,0,1,6.0,0.75,10.5,4.55521678957215,0.18001097668719743
840,70,2018,1.0,1.0,1.0,0.0,0.0,0.0,0.0,0.0,0.0,0.0,0.0,0,0,0,1,1.0,1.0,10.0,0.0,1.0
840,70,2019,2.0,2.0,1.0,0.0,0.0,0.0,0.0,0.0,0.0,0.0,0.0,0,0,0,1,1.0,0.5,12.0,2.0,0.3333333333333333
840,70,2020,3.0,3.0,1.0,0.0,0.0,0.0,0.0,0.0,0.0,0.0,0.0,0,0,0,1,1.0,0.3333333333333333,12.666666666666666,1.885618083164131,0.34654620645552736
840,70,2021,5.0,4.0,0.8,1.0,0.2,1.0,0.2,0.0,0.0,0.0,0.0,0,0,0,2,7.0,1.4,9.0,5.215361924162119,0.16089167649473737
840,70,2022,7.0,6.0,0.8571428571428571,1.0,0.14285714285714285,1.0,0.14285714285714285,0.0,0.0,0.0,0.0,0,0,0,3,11.0,1.5714285714285714,9.428571428571429,4.65547735337152,0.17681973377611507
840,70,2023,8.0,7.0,0.875,1.0,0.125,1.0,0.125,0.0,0.0,0.0,0.0,0,0,0,3,11.0,1.375,9.875,4.512136411945011,0.18141786147254294
840,70,2024,9.0,8.0,0.8888888888888888,1.0,0.1111111111111111,1.0,0.1111111111111111,0.0,0.0,0.0,0.0,0,0,0,4,13.0,1.4444444444444444,9.777777777777779,4.262961354055749,0.19000709538354846
840,70,2025,10.0,9.0,0.9,1.0,0.1,1.0,0.1,0.0,0.0,0.0,0.0,0,0,0,4,13.0,1.3,10.1,4.158124577258359,0.1938689120477813
840,71,2017,11.0,10.0,0.9090909090909091,1.0,0.09090909090909091,1.0,0.09090909090909091,0.0,0.0,0.0,0.0,0,0,0,4,13.0,1.1818181818181819,10.454545454545455,4.1200978885907835,0.19530876591799542
840,71,2018,1.0,1.0,1.0,0.0,0.0,0.0,0.0,0.0,0.0,0.0,0.0,0,0,0,0,0.0,0.0,11.0,0.0,1.0
840,71,2019,2.0,2.0,1.0,0.0,0.0,0.0,0.0,0.0,0.0,0.0,0.0,0,0,0,0,0.0,0.0,13.0,2.0,0.3333333333333333
840,71,2020,3.0,3.0,1.0,0.0,0.0,0.0,0.0,0.0,0.0,0.0,0.0,0,0,0,0,0.0,0.0,12.333333333333334,1.8856180831641234,0.34654620645552825
840,71,2021,4.0,3.0,0.75,1.0,0.25,0.0,0.0,1.0,0.25,0.0,0.0,0,0,0,0,0.0,0.0,9.25,5.584576975922169,0.15187004475104493
840,73,2017,5.0,4.0,0.8,1.0,0.2,0.0,0.0,1.0,0.2,0.0,0.0,0,0,0,0,0.0,0.0,9.6,5.043808085167396,0.16545859595611281
840,73,2018,1.0,1.0,1.0,0.0,0.0,0.0,0.0,0.0,0.0,0.0,0.0,0,1,1,1,15.0,15.0,3.0,0.0,1.0
840,73,2019,2.0,2.0,1.0,0.0,0.0,0.0,0.0,0.0,0.0,0.0,0.0,0,1,1,2,19.0,9.5,5.5,2.5,0.2857142857142857
840,73,2021,3.0,3.0,1.0,0.0,0.0,0.0,0.0,0.0,0.0,0.0,0.0,0,1,1,3,21.0,7.0,6.666666666666667,2.62466929133727,0.275887238151612
840,73,2022,4.0,3.0,0.75,1.0,0.25,0.0,0.0,1.0,0.25,0.0,0.0,0,1,1,3,21.0,5.25,5.0,3.6742346141747673,0.21393876913398135
840,73,2023,5.0,4.0,0.8,1.0,0.2,0.0,0.0,1.0,0.2,0.0,0.0,0,1,1,3,21.0,4.2,7.2,5.491812087098392,0.15404019503080907
840,73,2024,6.0,5.0,0.8333333333333334,1.0,0.16666666666666666,0.0,0.0,1.0,0.16666666666666666,0.0,0.0,0,1,1,4,27.0,4.5,7.166666666666667,5.013869652163774,0.16628228708618628
840,73,2025,7.0,5.0,0.7142857142857143,2.0,0.2857142857142857,0.0,0.0,1.0,0.14285714285714285,1.0,0.14285714285714285,0,1,1,4,27.0,3.857142857142857,8.857142857142858,6.220440302022068,0.1384957091494756
840,75,2020,8.0,6.0,0.75,2.0,0.25,0.0,0.0,1.0,0.125,1.0,0.125,0,1,1,4,27.0,3.375,9.875,6.41165930161608,0.13492255368267594
840,75,2021,1.0,0.0,0.0,1.0,1.0,0.0,0.0,1.0,1.0,0.0,0.0,0,0,0,0,0.0,0.0,0.0,0.0,1.0
840,76,2020,2.0,1.0,0.5,1.0,0.5,0.0,0.0,1.0,0.5,0.0,0.0,0,0,0,0,0.0,0.0,7.0,7.0,0.125
840,77,2021,1.0,0.0,0.0,1.0,1.0,1.0,1.0,0.0,0.0,0.0,0.0,0,0,0,0,0.0,0.0,0.0,0.0,1.0
840,77,2022,1.0,1.0,1.0,0.0,0.0,0.0,0.0,0.0,0.0,0.0,0.0,0,0,0,0,0.0,0.0,11.0,0.0,1.0
840,77,2023,2.0,2.0,1.0,0.0,0.0,0.0,0.0,0.0,0.0,0.0,0.0,0,0,0,0,0.0,0.0,12.0,1.0,0.5
840,77,2024,3.0,2.0,0.6666666666666666,1.0,0.3333333333333333,1.0,0.3333333333333333,0.0,0.0,0.0,0.0,0,0,0,0,0.0,0.0,8.0,5.715476066494083,0.14890977052086574
840,77,2025,4.0,2.0,0.5,2.0,0.5,1.0,0.25,1.0,0.25,0.0,0.0,0,0,0,0,0.0,0.0,6.0,6.041522986797286,0.14201473202245876
840,78,2021,5.0,3.0,0.6,2.0,0.4,1.0,0.2,1.0,0.2,0.0,0.0,0,0,0,0,0.0,0.0,8.0,6.723094525588644,0.12948177659702817
840,78,2023,1.0,1.0,1.0,0.0,0.0,0.0,0.0,0.0,0.0,0.0,0.0,0,0,0,1,8.0,8.0,6.0,0.0,1.0
840,78,2024,2.0,2.0,1.0,0.0,0.0,0.0,0.0,0.0,0.0,0.0,0.0,0,0,0,1,8.0,4.0,8.5,2.5,0.2857142857142857
840,78,2025,3.0,2.0,0.6666666666666666,1.0,0.3333333333333333,0.0,0.0,1.0,0.3333333333333333,0.0,0.0,0,0,0,1,8.0,2.6666666666666665,5.666666666666667,4.496912521077347,0.1819203045647175
840,79,2022,4.0,3.0,0.75,1.0,0.25,0.0,0.0,1.0,0.25,0.0,0.0,0,0,0,1,8.0,2.0,8.5,6.264982043070834,0.13764658936132898
840,79,2023,1.0,1.0,1.0,0.0,0.0,0.0,0.0,0.0,0.0,0.0,0.0,0,0,0,1,1.0,1.0,10.0,0.0,1.0
840,79,2024,2.0,2.0,1.0,0.0,0.0,0.0,0.0,0.0,0.0,0.0,0.0,0,0,0,1,1.0,0.5,11.0,1.0,0.5
840,79,2025,3.0,3.0,1.0,0.0,0.0,0.0,0.0,0.0,0.0,0.0,0.0,0,0,0,1,1.0,0.3333333333333333,13.0,2.9439202887759475,0.2535548202751239
840,80,2023,4.0,4.0,1.0,0.0,0.0,0.0,0.0,0.0,0.0,0.0,0.0,0,0,0,1,1.0,0.25,13.75,2.8613807855648994,0.2589747179916381
840,80,2024,1.0,1.0,1.0,0.0,0.0,0.0,0.0,0.0,0.0,0.0,0.0,0,0,1,1,10.0,10.0,5.0,0.0,1.0
840,80,2025,2.0,2.0,1.0,0.0,0.0,0.0,0.0,0.0,0.0,0.0,0.0,0,0,1,1,10.0,5.0,10.0,5.0,0.16666666666666666
841,1,2017,3.0,2.0,0.6666666666666666,1.0,0.3333333333333333,0.0,0.0,1.0,0.3333333333333333,0.0,0.0,0,0,1,1,10.0,3.3333333333333335,12.666666666666666,5.557777333511025,0.15249069145575905
841,1,2019,1.0,1.0,1.0,0.0,0.0,0.0,0.0,0.0,0.0,0.0,0.0,0,0,0,0,0.0,0.0,12.0,0.0,1.0
841,3,2019,2.0,2.0,1.0,0.0,0.0,0.0,0.0,0.0,0.0,0.0,0.0,0,0,0,0,0.0,0.0,13.5,1.5,0.4
841,3,2020,1.0,1.0,1.0,0.0,0.0,0.0,0.0,0.0,0.0,0.0,0.0,0,0,0,0,0.0,0.0,11.0,0.0,1.0
841,3,2021,3.0,3.0,1.0,0.0,0.0,0.0,0.0,0.0,0.0,0.0,0.0,0,0,0,0,0.0,0.0,13.333333333333334,2.0548046676563203,0.3273531727209292
841,4,2019,4.0,4.0,1.0,0.0,0.0,0.0,0.0,0.0,0.0,0.0,0.0,0,0,0,0,0.0,0.0,13.0,1.8708286933869707,0.3483314773547883
841,4,2020,1.0,1.0,1.0,0.0,0.0,0.0,0.0,0.0,0.0,0.0,0.0,0,0,0,0,0.0,0.0,16.0,0.0,1.0
841,4,2021,2.0,2.0,1.0,0.0,0.0,0.0,0.0,0.0,0.0,0.0,0.0,0,0,0,0,0.0,0.0,16.0,0.0,1.0
841,5,2020,3.0,3.0,1.0,0.0,0.0,0.0,0.0,0.0,0.0,0.0,0.0,0,0,0,0,0.0,0.0,15.666666666666666,0.4714045207910384,0.6796227589829561
841,5,2021,1.0,0.0,0.0,1.0,1.0,1.0,1.0,0.0,0.0,0.0,0.0,0,0,0,0,0.0,0.0,0.0,0.0,1.0
841,6,2019,2.0,1.0,0.5,1.0,0.5,1.0,0.5,0.0,0.0,0.0,0.0,0,0,0,0,0.0,0.0,5.5,5.5,0.15384615384615385
841,6,2021,1.0,1.0,1.0,0.0,0.0,0.0,0.0,0.0,0.0,0.0,0.0,0,0,0,0,0.0,0.0,19.0,0.0,1.0
841,7,2019,2.0,2.0,1.0,0.0,0.0,0.0,0.0,0.0,0.0,0.0,0.0,0,0,0,1,1.0,0.5,14.5,4.5,0.18181818181818182
841,9,2019,1.0,1.0,1.0,0.0,0.0,0.0,0.0,0.0,0.0,0.0,0.0,0,0,0,0,0.0,0.0,13.0,0.0,1.0
841,9,2020,1.0,0.0,0.0,1.0,1.0,0.0,0.0,1.0,1.0,0.0,0.0,0,0,0,0,0.0,0.0,0.0,0.0,1.0
841,9,2021,3.0,2.0,0.6666666666666666,1.0,0.3333333333333333,0.0,0.0,1.0,0.3333333333333333,0.0,0.0,0,0,0,0,0.0,0.0,10.333333333333334,7.4087035902976215,0.11892439652098684
841,10,2019,4.0,3.0,0.75,1.0,0.25,0.0,0.0,1.0,0.25,0.0,0.0,0,0,0,0,0.0,0.0,11.0,6.519202405202649,0.13299282904102766
841,11,2019,1.0,1.0,1.0,0.0,0.0,0.0,0.0,0.0,0.0,0.0,0.0,0,0,0,0,0.0,0.0,13.0,0.0,1.0
841,11,2020,1.0,1.0,1.0,0.0,0.0,0.0,0.0,0.0,0.0,0.0,0.0,0,0,0,0,0.0,0.0,18.0,0.0,1.0
841,11,2021,2.0,2.0,1.0,0.0,0.0,0.0,0.0,0.0,0.0,0.0,0.0,0,0,0,0,0.0,0.0,17.5,0.5,0.6666666666666666
841,13,2019,3.0,3.0,1.0,0.0,0.0,0.0,0.0,0.0,0.0,0.0,0.0,0,0,0,0,0.0,0.0,16.0,2.160246899469291,0.31643097258253233
841,13,2020,1.0,1.0,1.0,0.0,0.0,0.0,0.0,0.0,0.0,0.0,0.0,0,0,0,0,0.0,0.0,18.0,0.0,1.0
841,13,2021,2.0,1.0,0.5,1.0,0.5,0.0,0.0,1.0,0.5,0.0,0.0,0,0,0,0,0.0,0.0,9.0,9.0,0.1
841,14,2019,3.0,2.0,0.6666666666666666,1.0,0.3333333333333333,0.0,0.0,1.0,0.3333333333333333,0.0,0.0,0,0,0,0,0.0,0.0,10.333333333333334,7.586537784494028,0.1164613753643345
841,14,2020,1.0,1.0,1.0,0.0,0.0,0.0,0.0,0.0,0.0,0.0,0.0,0,0,0,1,2.0,2.0,9.0,0.0,1.0
841,14,2021,2.0,2.0,1.0,0.0,0.0,0.0,0.0,0.0,0.0,0.0,0.0,0,0,0,1,2.0,1.0,12.5,3.5,0.2222222222222222
841,15,2019,3.0,3.0,1.0,0.0,0.0,0.0,0.0,0.0,0.0,0.0,0.0,0,0,0,1,2.0,0.6666666666666666,12.666666666666666,2.867441755680877,0.2585688584788904
841,17,2017,1.0,1.0,1.0,0.0,0.0,0.0,0.0,0.0,0.0,0.0,0.0,0,0,0,1,1.0,1.0,10.0,0.0,1.0
841,17,2019,1.0,0.0,0.0,1.0,1.0,0.0,0.0,1.0,1.0,0.0,0.0,0,0,0,0,0.0,0.0,0.0,0.0,1.0
841,18,2019,2.0,1.0,0.5,1.0,0.5,0.0,0.0,1.0,0.5,0.0,0.0,0,0,0,0,0.0,0.0,7.5,7.5,0.11764705882352941
841,18,2021,1.0,1.0,1.0,0.0,0.0,0.0,0.0,0.0,0.0,0.0,0.0,0,0,1,1,10.0,10.0,5.0,0.0,1.0
841,20,2020,2.0,2.0,1.0,0.0,0.0,0.0,0.0,0.0,0.0,0.0,0.0,0,0,1,1,10.0,5.0,9.5,4.5,0.18181818181818182
841,21,2020,1.0,1.0,1.0,0.0,0.0,0.0,0.0,0.0,0.0,0.0,0.0,0,0,0,1,1.0,1.0,10.0,0.0,1.0
841,21,2021,1.0,1.0,1.0,0.0,0.0,0.0,0.0,0.0,0.0,0.0,0.0,0,0,0,1,1.0,1.0,10.0,0.0,1.0
841,22,2019,2.0,2.0,1.0,0.0,0.0,0.0,0.0,0.0,0.0,0.0,0.0,0,0,0,1,1.0,0.5,12.0,2.0,0.3333333333333333
841,24,2019,1.0,1.0,1.0,0.0,0.0,0.0,0.0,0.0,0.0,0.0,0.0,0,0,0,0,0.0,0.0,14.0,0.0,1.0
841,24,2020,1.0,1.0,1.0,0.0,0.0,0.0,0.0,0.0,0.0,0.0,0.0,0,0,0,0,0.0,0.0,16.0,0.0,1.0
841,24,2021,2.0,2.0,1.0,0.0,0.0,0.0,0.0,0.0,0.0,0.0,0.0,0,0,0,0,0.0,0.0,16.0,0.0,1.0
841,32,2019,3.0,2.0,0.6666666666666666,1.0,0.3333333333333333,1.0,0.3333333333333333,0.0,0.0,0.0,0.0,0,0,0,0,0.0,0.0,10.666666666666666,7.542472332656507,0.11706212921254187
841,32,2021,1.0,1.0,1.0,0.0,0.0,0.0,0.0,0.0,0.0,0.0,0.0,0,0,0,0,0.0,0.0,14.0,0.0,1.0
841,34,2019,2.0,2.0,1.0,0.0,0.0,0.0,0.0,0.0,0.0,0.0,0.0,0,0,0,0,0.0,0.0,12.5,1.5,0.4
841,34,2021,1.0,1.0,1.0,0.0,0.0,0.0,0.0,0.0,0.0,0.0,0.0,0,0,0,0,0.0,0.0,16.0,0.0,1.0
841,39,2021,2.0,2.0,1.0,0.0,0.0,0.0,0.0,0.0,0.0,0.0,0.0,0,0,0,0,0.0,0.0,15.5,0.5,0.6666666666666666
841,69,2019,1.0,1.0,1.0,0.0,0.0,0.0,0.0,0.0,0.0,0.0,0.0,0,0,0,0,0.0,0.0,14.0,0.0,1.0
841,69,2021,1.0,1.0,1.0,0.0,0.0,0.0,0.0,0.0,0.0,0.0,0.0,0,0,0,0,0.0,0.0,14.0,0.0,1.0
841,70,2019,2.0,2.0,1.0,0.0,0.0,0.0,0.0,0.0,0.0,0.0,0.0,0,0,0,0,0.0,0.0,12.5,1.5,0.4
841,70,2020,1.0,1.0,1.0,0.0,0.0,0.0,0.0,0.0,0.0,0.0,0.0,0,0,0,1,1.0,1.0,10.0,0.0,1.0
841,70,2021,3.0,3.0,1.0,0.0,0.0,0.0,0.0,0.0,0.0,0.0,0.0,0,0,0,2,3.0,1.0,11.0,2.160246899469288,0.31643097258253267
841,71,2019,5.0,5.0,1.0,0.0,0.0,0.0,0.0,0.0,0.0,0.0,0.0,0,0,0,2,3.0,0.6,12.4,2.4166091947189092,0.2926878501485365
841,71,2020,1.0,1.0,1.0,0.0,0.0,0.0,0.0,0.0,0.0,0.0,0.0,0,0,0,0,0.0,0.0,15.0,0.0,1.0
841,71,2021,2.0,2.0,1.0,0.0,0.0,0.0,0.0,0.0,0.0,0.0,0.0,0,0,0,0,0.0,0.0,13.0,2.0,0.3333333333333333
841,73,2019,3.0,3.0,1.0,0.0,0.0,0.0,0.0,0.0,0.0,0.0,0.0,0,0,0,0,0.0,0.0,14.0,2.1602468994692847,0.31643097258253294
841,73,2021,1.0,1.0,1.0,0.0,0.0,0.0,0.0,0.0,0.0,0.0,0.0,0,0,0,0,0.0,0.0,12.0,0.0,1.0
841,75,2020,2.0,2.0,1.0,0.0,0.0,0.0,0.0,0.0,0.0,0.0,0.0,0,0,0,0,0.0,0.0,11.5,0.5,0.6666666666666666
841,75,2021,1.0,1.0,1.0,0.0,0.0,0.0,0.0,0.0,0.0,0.0,0.0,0,0,0,0,0.0,0.0,15.0,0.0,1.0
841,76,2020,2.0,2.0,1.0,0.0,0.0,0.0,0.0,0.0,0.0,0.0,0.0,0,0,0,0,0.0,0.0,13.5,1.5,0.4
841,77,2021,1.0,0.0,0.0,1.0,1.0,0.0,0.0,1.0,1.0,0.0,0.0,0,0,0,0,0.0,0.0,0.0,0.0,1.0
841,78,2021,1.0,1.0,1.0,0.0,0.0,0.0,0.0,0.0,0.0,0.0,0.0,0,0,0,1,2.0,2.0,9.0,0.0,1.0
842,1,2018,1.0,1.0,1.0,0.0,0.0,0.0,0.0,0.0,0.0,0.0,0.0,0,0,0,0,0.0,0.0,15.0,0.0,1.0
842,1,2019,1.0,0.0,0.0,1.0,1.0,1.0,1.0,0.0,0.0,0.0,0.0,0,0,0,0,0.0,0.0,0.0,0.0,1.0
842,1,2022,2.0,1.0,0.5,1.0,0.5,1.0,0.5,0.0,0.0,0.0,0.0,0,0,0,0,0.0,0.0,5.5,5.5,0.15384615384615385
842,1,2023,3.0,2.0,0.6666666666666666,1.0,0.3333333333333333,1.0,0.3333333333333333,0.0,0.0,0.0,0.0,0,0,0,1,2.0,0.6666666666666666,6.666666666666667,4.78423336480244,0.17288375778285267
842,1,2024,4.0,3.0,0.75,1.0,0.25,1.0,0.25,0.0,0.0,0.0,0.0,0,0,0,1,2.0,0.5,8.25,4.968651728587948,0.16754202548128538
842,1,2025,5.0,4.0,0.8,1.0,0.2,1.0,0.2,0.0,0.0,0.0,0.0,0,0,0,1,2.0,0.4,9.2,4.83321838943783,0.17143194943818552
842,2,2017,6.0,5.0,0.8333333333333334,1.0,0.16666666666666666,1.0,0.16666666666666666,0.0,0.0,0.0,0.0,0,0,0,1,2.0,0.3333333333333333,9.5,4.462809279665295,0.18305599716292303
842,3,2018,1.0,1.0,1.0,0.0,0.0,0.0,0.0,0.0,0.0,0.0,0.0,0,0,0,0,0.0,0.0,14.0,0.0,1.0
842,3,2019,1.0,1.0,1.0,0.0,0.0,0.0,0.0,0.0,0.0,0.0,0.0,0,0,1,1,12.0,12.0,4.0,0.0,1.0
842,3,2020,2.0,2.0,1.0,0.0,0.0,0.0,0.0,0.0,0.0,0.0,0.0,0,0,1,2,16.0,8.0,6.0,2.0,0.3333333333333333
842,3,2021,4.0,4.0,1.0,0.0,0.0,0.0,0.0,0.0,0.0,0.0,0.0,0,0,1,3,24.0,6.0,7.25,2.5860201081971503,0.2788606783643341
842,3,2022,5.0,5.0,1.0,0.0,0.0,0.0,0.0,0.0,0.0,0.0,0.0,0,0,1,3,24.0,4.8,9.2,4.534313619501855,0.1806908803426305
842,3,2023,6.0,5.0,0.8333333333333334,1.0,0.16666666666666666,1.0,0.16666666666666666,0.0,0.0,0.0,0.0,0,0,1,3,24.0,4.0,7.666666666666667,5.374838498865699,0.15686671908283387
842,3,2024,7.0,6.0,0.8571428571428571,1.0,0.14285714285714285,1.0,0.14285714285714285,0.0,0.0,0.0,0.0,0,0,1,4,26.0,3.7142857142857144,7.857142857142857,4.997958767010258,0.1667233868795767
842,3,2025,8.0,7.0,0.875,1.0,0.125,1.0,0.125,0.0,0.0,0.0,0.0,0,0,1,4,26.0,3.25,9.125,5.754074643241952,0.14805877234427492
842,4,2018,9.0,8.0,0.8888888888888888,1.0,0.1111111111111111,1.0,0.1111111111111111,0.0,0.0,0.0,0.0,0,0,1,5,32.0,3.5555555555555554,8.88888888888889,5.465943944999485,0.15465645983110662
842,4,2019,1.0,0.0,0.0,1.0,1.0,0.0,0.0,1.0,1.0,0.0,0.0,0,0,0,0,0.0,0.0,0.0,0.0,1.0
842,4,2020,2.0,1.0,0.5,1.0,0.5,0.0,0.0,1.0,0.5,0.0,0.0,0,0,0,1,8.0,4.0,3.0,3.0,0.25
842,4,2021,3.0,2.0,0.6666666666666666,1.0,0.3333333333333333,0.0,0.0,1.0,0.3333333333333333,0.0,0.0,0,0,0,2,10.0,3.3333333333333335,5.0,3.7416573867739413,0.21089672205953397
842,4,2022,4.0,3.0,0.75,1.0,0.25,0.0,0.0,1.0,0.25,0.0,0.0,0,0,0,3,11.0,2.75,6.25,3.897114317029974,0.20420189018713472
842,4,2023,5.0,4.0,0.8,1.0,0.2,0.0,0.0,1.0,0.2,0.0,0.0,0,0,0,3,11.0,2.2,7.6,4.409081537009721,0.18487426990291325
842,4,2024,6.0,5.0,0.8333333333333334,1.0,0.16666666666666666,0.0,0.0,1.0,0.16666666666666666,0.0,0.0,0,0,0,4,12.0,2.0,8.0,4.123105625617661,0.1951941016011038
842,4,2025,7.0,6.0,0.8571428571428571,1.0,0.14285714285714285,0.0,0.0,1.0,0.14285714285714285,0.0,0.0,0,0,0,5,14.0,2.0,8.142857142857142,3.833259389999641,0.20689971700444454
842,5,2020,8.0,7.0,0.875,1.0,0.125,0.0,0.0,1.0,0.125,0.0,0.0,0,0,0,6,18.0,2.25,8.125,3.585997071945263,0.21805508907048332
842,5,2021,1.0,1.0,1.0,0.0,0.0,0.0,0.0,0.0,0.0,0.0,0.0,0,0,0,0,0.0,0.0,13.0,0.0,1.0
842,6,2018,2.0,2.0,1.0,0.0,0.0,0.0,0.0,0.0,0.0,0.0,0.0,0,0,0,1,8.0,4.0,9.5,3.5,0.2222222222222222
842,6,2019,1.0,1.0,1.0,0.0,0.0,0.0,0.0,0.0,0.0,0.0,0.0,0,0,0,1,6.0,6.0,7.0,0.0,1.0
842,6,2021,2.0,2.0,1.0,0.0,0.0,0.0,0.0,0.0,0.0,0.0,0.0,0,0,1,2,17.0,8.5,6.0,1.0,0.5
842,6,2022,3.0,3.0,1.0,0.0,0.0,0.0,0.0,0.0,0.0,0.0,0.0,0,0,1,3,25.0,8.333333333333334,6.0,0.8164965809277246,0.5505102572168223
842,6,2023,4.0,4.0,1.0,0.0,0.0,0.0,0.0,0.0,0.0,0.0,0.0,0,0,1,3,25.0,6.25,7.25,2.277608394786075,0.30510051218771933
842,6,2024,5.0,5.0,1.0,0.0,0.0,0.0,0.0,0.0,0.0,0.0,0.0,0,0,1,4,31.0,6.2,7.2,2.039607805437113,0.32898981184718806
842,6,2025,6.0,6.0,1.0,0.0,0.0,0.0,0.0,0.0,0.0,0.0,0.0,0,0,1,5,32.0,5.333333333333333,7.666666666666667,2.1343747458109483,0.3190428972593297
842,7,2018,7.0,6.0,0.8571428571428571,1.0,0.14285714285714285,0.0,0.0,1.0,0.14285714285714285,0.0,0.0,0,0,1,5,32.0,4.571428571428571,9.428571428571429,4.746642207381757,0.17401466176465033
842,7,2019,1.0,1.0,1.0,0.0,0.0,0.0,0.0,0.0,0.0,0.0,0.0,0,0,0,0,0.0,0.0,11.0,0.0,1.0
842,7,2022,2.0,2.0,1.0,0.0,0.0,0.0,0.0,0.0,0.0,0.0,0.0,0,0,0,1,4.0,2.0,9.5,1.5,0.4
842,7,2023,3.0,3.0,1.0,0.0,0.0,0.0,0.0,0.0,0.0,0.0,0.0,0,0,0,1,4.0,1.3333333333333333,11.0,2.449489742783178,0.28989794855663564
842,7,2024,4.0,4.0,1.0,0.0,0.0,0.0,0.0,0.0,0.0,0.0,0.0,0,0,0,1,4.0,1.0,11.25,2.165063509461097,0.31594942629453465
842,7,2025,5.0,5.0,1.0,0.0,0.0,0.0,0.0,0.0,0.0,0.0,0.0,0,0,0,2,6.0,1.2,10.8,2.1354156504062596,0.3189369804511975
842,9,2018,6.0,6.0,1.0,0.0,0.0,0.0,0.0,0.0,0.0,0.0,0.0,0,0,0,2,6.0,1.0,11.5,2.5,0.2857142857142857
842,9,2019,1.0,1.0,1.0,0.0,0.0,0.0,0.0,0.0,0.0,0.0,0.0,0,0,0,0,0.0,0.0,13.0,0.0,1.0
842,9,2020,2.0,2.0,1.0,0.0,0.0,0.0,0.0,0.0,0.0,0.0,0.0,0,0,1,1,12.0,6.0,8.5,4.5,0.18181818181818182
842,9,2021,4.0,4.0,1.0,0.0,0.0,0.0,0.0,0.0,0.0,0.0,0.0,0,0,1,2,18.0,4.5,8.75,3.491060010942235,0.2226645819836635
842,9,2022,5.0,5.0,1.0,0.0,0.0,0.0,0.0,0.0,0.0,0.0,0.0,0,0,1,2,18.0,3.6,9.2,3.249615361854387,0.23531541441991452
842,9,2023,6.0,5.0,0.8333333333333334,1.0,0.16666666666666666,0.0,0.0,1.0,0.16666666666666666,0.0,0.0,0,0,1,2,18.0,3.0,7.666666666666667,4.5338235029118135,0.1807068836716269
842,9,2024,7.0,5.0,0.7142857142857143,2.0,0.2857142857142857,0.0,0.0,2.0,0.2857142857142857,0.0,0.0,0,0,1,2,18.0,2.5714285714285716,9.142857142857142,5.5402055513329485,0.15290039313767312
842,9,2025,8.0,5.0,0.625,3.0,0.375,1.0,0.125,2.0,0.25,0.0,0.0,0,0,1,2,18.0,2.25,8.0,6.0,0.14285714285714285
842,10,2018,9.0,6.0,0.6666666666666666,3.0,0.3333333333333333,1.0,0.1111111111111111,2.0,0.2222222222222222,0.0,0.0,0,0,1,3,26.0,2.888888888888889,7.777777777777778,5.691665988829199,0.1494396166319957
842,10,2019,1.0,1.0,1.0,0.0,0.0,0.0,0.0,0.0,0.0,0.0,0.0,0,0,0,0,0.0,0.0,14.0,0.0,1.0
842,11,2018,2.0,2.0,1.0,0.0,0.0,0.0,0.0,0.0,0.0,0.0,0.0,0,0,0,0,0.0,0.0,14.0,0.0,1.0
842,11,2019,1.0,1.0,1.0,0.0,0.0,0.0,0.0,0.0,0.0,0.0,0.0,0,0,0,1,8.0,8.0,6.0,0.0,1.0
842,11,2020,2.0,2.0,1.0,0.0,0.0,0.0,0.0,0.0,0.0,0.0,0.0,0,0,0,2,16.0,8.0,6.0,0.0,1.0
842,11,2021,3.0,2.0,0.6666666666666666,1.0,0.3333333333333333,1.0,0.3333333333333333,0.0,0.0,0.0,0.0,0,0,0,2,16.0,5.333333333333333,4.0,2.8284271247461903,0.2612038749637414
842,11,2022,4.0,3.0,0.75,1.0,0.25,1.0,0.25,0.0,0.0,0.0,0.0,0,0,1,3,27.0,6.75,4.25,2.48746859276655,0.286740933545359
842,11,2023,5.0,4.0,0.8,1.0,0.2,1.0,0.2,0.0,0.0,0.0,0.0,0,0,1,3,27.0,5.4,5.8,3.815756805667783,0.20765168183390723
842,11,2024,6.0,4.0,0.6666666666666666,2.0,0.3333333333333333,1.0,0.16666666666666666,1.0,0.16666666666666666,0.0,0.0,0,0,1,3,27.0,4.5,4.833333333333333,4.099457958749615,0.1960992733128051
842,11,2025,7.0,4.0,0.5714285714285714,3.0,0.42857142857142855,2.0,0.2857142857142857,1.0,0.14285714285714285,0.0,0.0,0,0,1,3,27.0,3.857142857142857,4.142857142857143,4.15515416349971,0.19398061983875262
842,13,2018,8.0,5.0,0.625,3.0,0.375,2.0,0.25,1.0,0.125,0.0,0.0,0,0,1,3,27.0,3.375,6.0,6.264982043070834,0.13764658936132898
842,13,2019,1.0,1.0,1.0,0.0,0.0,0.0,0.0,0.0,0.0,0.0,0.0,0,0,0,1,2.0,2.0,9.0,0.0,1.0
842,13,2020,2.0,2.0,1.0,0.0,0.0,0.0,0.0,0.0,0.0,0.0,0.0,0,0,0,2,4.0,2.0,9.0,0.0,1.0
842,13,2021,3.0,3.0,1.0,0.0,0.0,0.0,0.0,0.0,0.0,0.0,0.0,0,0,0,3,8.0,2.6666666666666665,8.666666666666666,0.4714045207910384,0.6796227589829561
842,13,2022,4.0,4.0,1.0,0.0,0.0,0.0,0.0,0.0,0.0,0.0,0.0,0,0,0,4,12.0,3.0,8.0,1.224744871391589,0.4494897427831781
842,13,2023,5.0,5.0,1.0,0.0,0.0,0.0,0.0,0.0,0.0,0.0,0.0,0,0,0,5,14.0,2.8,8.2,1.1661903789690597,0.4616399415807225
842,13,2024,6.0,6.0,1.0,0.0,0.0,0.0,0.0,0.0,0.0,0.0,0.0,0,0,0,5,14.0,2.3333333333333335,8.666666666666666,1.490711984999862,0.401491624090794
842,13,2025,7.0,7.0,1.0,0.0,0.0,0.0,0.0,0.0,0.0,0.0,0.0,0,0,0,5,14.0,2.0,9.285714285714286,2.0503857277724706,0.327827392744276
842,14,2018,8.0,8.0,1.0,0.0,0.0,0.0,0.0,0.0,0.0,0.0,0.0,0,0,0,6,15.0,1.875,9.375,1.9324531042175384,0.3410114209709854
842,14,2019,1.0,1.0,1.0,0.0,0.0,0.0,0.0,0.0,0.0,0.0,0.0,0,0,0,0,0.0,0.0,14.0,0.0,1.0
842,14,2020,2.0,2.0,1.0,0.0,0.0,0.0,0.0,0.0,0.0,0.0,0.0,0,0,0,0,0.0,0.0,12.5,1.5,0.4
842,14,2021,3.0,3.0,1.0,0.0,0.0,0.0,0.0,0.0,0.0,0.0,0.0,1,1,1,1,25.0,8.333333333333334,8.666666666666666,5.557777333511023,0.15249069145575908
842,14,2022,4.0,3.0,0.75,1.0,0.25,1.0,0.25,0.0,0.0,0.0,0.0,1,1,1,1,25.0,6.25,6.5,6.103277807866851,0.1407800774583959
842,14,2023,5.0,4.0,0.8,1.0,0.2,1.0,0.2,0.0,0.0,0.0,0.0,1,1,1,2,29.0,5.8,6.8,5.491812087098394,0.15404019503080904
842,14,2024,6.0,5.0,0.8333333333333334,1.0,0.16666666666666666,1.0,0.16666666666666666,0.0,0.0,0.0,0.0,1,1,1,2,29.0,4.833333333333333,8.166666666666666,5.8713049846028476,0.14553276302547916
842,14,2025,7.0,6.0,0.8571428571428571,1.0,0.14285714285714285,1.0,0.14285714285714285,0.0,0.0,0.0,0.0,1,1,1,2,29.0,4.142857142857143,9.142857142857142,5.938459911664723,0.1441242023058793
842,15,2018,8.0,7.0,0.875,1.0,0.125,1.0,0.125,0.0,0.0,0.0,0.0,1,1,1,2,29.0,3.625,10.0,6.0,0.14285714285714285
842,15,2019,1.0,1.0,1.0,0.0,0.0,0.0,0.0,0.0,0.0,0.0,0.0,0,0,0,0,0.0,0.0,13.0,0.0,1.0
842,15,2022,2.0,2.0,1.0,0.0,0.0,0.0,0.0,0.0,0.0,0.0,0.0,0,0,0,1,4.0,2.0,10.5,2.5,0.2857142857142857
842,15,2023,3.0,3.0,1.0,0.0,0.0,0.0,0.0,0.0,0.0,0.0,0.0,0,0,0,2,5.0,1.6666666666666667,10.333333333333334,2.0548046676563234,0.32735317272092884
842,15,2024,4.0,4.0,1.0,0.0,0.0,0.0,0.0,0.0,0.0,0.0,0.0,0,0,0,3,13.0,3.25,9.25,2.5860201081971503,0.2788606783643341
842,15,2025,5.0,5.0,1.0,0.0,0.0,0.0,0.0,0.0,0.0,0.0,0.0,0,0,0,3,13.0,2.6,10.8,3.8678159211627405,0.20543093991137137
842,17,2018,6.0,6.0,1.0,0.0,0.0,0.0,0.0,0.0,0.0,0.0,0.0,0,0,0,3,13.0,2.1666666666666665,12.166666666666666,4.669641908707302,0.17637798226096496
842,17,2019,1.0,1.0,1.0,0.0,0.0,0.0,0.0,0.0,0.0,0.0,0.0,0,0,0,0,0.0,0.0,18.0,0.0,1.0
842,17,2024,2.0,2.0,1.0,0.0,0.0,0.0,0.0,0.0,0.0,0.0,0.0,0,0,0,1,9.0,4.5,12.0,6.0,0.14285714285714285
842,17,2025,3.0,3.0,1.0,0.0,0.0,0.0,0.0,0.0,0.0,0.0,0.0,0,0,0,1,9.0,3.0,12.333333333333334,4.921607686744467,0.1688730582808622
842,18,2017,4.0,3.0,0.75,1.0,0.25,0.0,0.0,0.0,0.0,1.0,0.25,0,0,0,1,9.0,2.25,14.25,5.402545696243577,0.15618787392438413
842,18,2018,1.0,1.0,1.0,0.0,0.0,0.0,0.0,0.0,0.0,0.0,0.0,0,0,0,0,0.0,0.0,12.0,0.0,1.0
842,18,2019,2.0,2.0,1.0,0.0,0.0,0.0,0.0,0.0,0.0,0.0,0.0,0,0,0,0,0.0,0.0,12.5,0.5,0.6666666666666666
842,18,2021,3.0,3.0,1.0,0.0,0.0,0.0,0.0,0.0,0.0,0.0,0.0,0,1,1,1,18.0,6.0,9.0,4.966554808583781,0.16760090740494843
842,18,2022,4.0,4.0,1.0,0.0,0.0,0.0,0.0,0.0,0.0,0.0,0.0,0,1,1,2,24.0,6.0,8.5,4.387482193696061,0.1856154626682773
842,18,2023,5.0,5.0,1.0,0.0,0.0,0.0,0.0,0.0,0.0,0.0,0.0,0,1,1,2,24.0,4.8,9.6,4.498888751680798,0.18185492472353412
842,18,2024,6.0,6.0,1.0,0.0,0.0,0.0,0.0,0.0,0.0,0.0,0.0,0,1,1,3,30.0,5.0,9.166666666666666,4.2196629670573875,0.1915832509323404
842,18,2025,7.0,7.0,1.0,0.0,0.0,0.0,0.0,0.0,0.0,0.0,0.0,0,2,2,4,45.0,6.428571428571429,8.285714285714286,4.462999814803801,0.18304961264874473
842,20,2020,8.0,8.0,1.0,0.0,0.0,0.0,0.0,0.0,0.0,0.0,0.0,0,2,2,5,46.0,5.75,8.5,4.2130748865881795,0.1918253663634734
842,21,2020,1.0,1.0,1.0,0.0,0.0,0.0,0.0,0.0,0.0,0.0,0.0,0,0,0,1,8.0,8.0,6.0,0.0,1.0
842,21,2021,1.0,0.0,0.0,1.0,1.0,1.0,1.0,0.0,0.0,0.0,0.0,0,0,0,0,0.0,0.0,0.0,0.0,1.0
842,21,2022,2.0,1.0,0.5,1.0,0.5,1.0,0.5,0.0,0.0,0.0,0.0,0,0,0,1,6.0,3.0,3.5,3.5,0.2222222222222222
842,21,2024,3.0,2.0,0.6666666666666666,1.0,0.3333333333333333,1.0,0.3333333333333333,0.0,0.0,0.0,0.0,0,0,0,1,6.0,2.0,6.333333333333333,4.9216076867444665,0.16887305828086221
842,21,2025,4.0,3.0,0.75,1.0,0.25,1.0,0.25,0.0,0.0,0.0,0.0,0,0,0,1,6.0,1.5,8.75,5.973901572674261,0.14339175705006876
842,22,2017,5.0,4.0,0.8,1.0,0.2,1.0,0.2,0.0,0.0,0.0,0.0,0,0,0,1,6.0,1.2,9.6,5.607138307550474,0.15135145556998933
842,22,2018,1.0,1.0,1.0,0.0,0.0,0.0,0.0,0.0,0.0,0.0,0.0,0,0,0,0,0.0,0.0,13.0,0.0,1.0
842,22,2019,2.0,2.0,1.0,0.0,0.0,0.0,0.0,0.0,0.0,0.0,0.0,0,0,0,0,0.0,0.0,12.0,1.0,0.5
842,22,2022,3.0,3.0,1.0,0.0,0.0,0.0,0.0,0.0,0.0,0.0,0.0,0,0,0,1,6.0,2.0,10.333333333333334,2.4944382578492927,0.2861690280988011
842,22,2023,4.0,4.0,1.0,0.0,0.0,0.0,0.0,0.0,0.0,0.0,0.0,0,0,0,1,6.0,1.5,12.25,3.960744879438715,0.2015826300894444
842,22,2024,5.0,5.0,1.0,0.0,0.0,0.0,0.0,0.0,0.0,0.0,0.0,0,0,0,2,7.0,1.4,11.8,3.655133376499411,0.21481661622163548
842,22,2025,6.0,6.0,1.0,0.0,0.0,0.0,0.0,0.0,0.0,0.0,0.0,0,0,0,2,7.0,1.1666666666666667,12.5,3.685557397915998,0.21342177996683412
842,24,2017,7.0,7.0,1.0,0.0,0.0,0.0,0.0,0.0,0.0,0.0,0.0,0,0,0,2,7.0,1.0,12.571428571428571,3.416645926600402,0.22641615755911948
842,24,2018,1.0,1.0,1.0,0.0,0.0,0.0,0.0,0.0,0.0,0.0,0.0,0,0,0,0,0.0,0.0,16.0,0.0,1.0
842,24,2019,2.0,1.0,0.5,1.0,0.5,1.0,0.5,0.0,0.0,0.0,0.0,0,0,0,0,0.0,0.0,8.0,8.0,0.1111111111111111
842,24,2020,3.0,2.0,0.6666666666666666,1.0,0.3333333333333333,1.0,0.3333333333333333,0.0,0.0,0.0,0.0,0,0,0,0,0.0,0.0,11.333333333333334,8.055363982396381,0.11043178407229119
842,24,2021,4.0,3.0,0.75,1.0,0.25,1.0,0.25,0.0,0.0,0.0,0.0,0,0,0,1,4.0,1.0,10.5,7.123903424387503,0.12309353616859305
842,24,2022,5.0,4.0,0.8,1.0,0.2,1.0,0.2,0.0,0.0,0.0,0.0,0,0,1,2,14.0,2.8,9.4,6.740919818541086,0.12918361427860234
842,24,2023,6.0,5.0,0.8333333333333334,1.0,0.16666666666666666,1.0,0.16666666666666666,0.0,0.0,0.0,0.0,0,0,1,2,14.0,2.3333333333333335,10.166666666666666,6.3879226322456,0.1353560465881658
842,24,2024,7.0,6.0,0.8571428571428571,1.0,0.14285714285714285,1.0,0.14285714285714285,0.0,0.0,0.0,0.0,0,0,1,2,14.0,2.0,10.571428571428571,5.996597674804389,0.14292661183036484
842,32,2017,8.0,7.0,0.875,1.0,0.125,1.0,0.125,0.0,0.0,0.0,0.0,0,0,1,3,20.0,2.5,10.125,5.732309743899051,0.14853743188305013
842,32,2018,1.0,1.0,1.0,0.0,0.0,0.0,0.0,0.0,0.0,0.0,0.0,0,0,0,0,0.0,0.0,13.0,0.0,1.0
842,32,2019,2.0,2.0,1.0,0.0,0.0,0.0,0.0,0.0,0.0,0.0,0.0,0,0,0,1,1.0,0.5,11.5,1.5,0.4
842,32,2021,3.0,3.0,1.0,0.0,0.0,0.0,0.0,0.0,0.0,0.0,0.0,0,0,0,2,3.0,1.0,10.666666666666666,1.699673171197598,0.37041520828107927
842,32,2022,4.0,4.0,1.0,0.0,0.0,0.0,0.0,0.0,0.0,0.0,0.0,0,0,1,3,15.0,3.75,9.0,3.24037034920393,0.23582845781094
842,32,2023,5.0,5.0,1.0,0.0,0.0,0.0,0.0,0.0,0.0,0.0,0.0,0,0,1,3,15.0,3.0,9.4,3.0066592756745805,0.24958448702420175
842,32,2024,6.0,6.0,1.0,0.0,0.0,0.0,0.0,0.0,0.0,0.0,0.0,0,0,1,3,15.0,2.5,9.666666666666666,2.808716591058788,0.2625556341859527
842,32,2025,7.0,7.0,1.0,0.0,0.0,0.0,0.0,0.0,0.0,0.0,0.0,0,0,1,4,16.0,2.2857142857142856,9.714285714285714,2.6029810226126586,0.27754795091173196
842,34,2018,8.0,8.0,1.0,0.0,0.0,0.0,0.0,0.0,0.0,0.0,0.0,0,0,1,4,16.0,2.0,10.375,2.9973947020704497,0.25016293724561406
842,34,2019,1.0,0.0,0.0,1.0,1.0,0.0,0.0,1.0,1.0,0.0,0.0,0,0,0,0,0.0,0.0,0.0,0.0,1.0
842,34,2021,2.0,1.0,0.5,1.0,0.5,0.0,0.0,1.0,0.5,0.0,0.0,0,0,0,1,1.0,0.5,5.0,5.0,0.16666666666666666
842,34,2022,3.0,2.0,0.6666666666666666,1.0,0.3333333333333333,0.0,0.0,1.0,0.3333333333333333,0.0,0.0,0,0,0,2,7.0,2.3333333333333335,5.666666666666667,4.189935029992178,0.1926806393955007
842,39,2021,4.0,3.0,0.75,1.0,0.25,0.0,0.0,1.0,0.25,0.0,0.0,0,0,0,2,7.0,1.75,7.25,4.548351349665063,0.18023371934806667
842,39,2022,1.0,1.0,1.0,0.0,0.0,0.0,0.0,0.0,0.0,0.0,0.0,0,0,1,1,12.0,12.0,4.0,0.0,1.0
842,39,2023,2.0,2.0,1.0,0.0,0.0,0.0,0.0,0.0,0.0,0.0,0.0,0,0,1,1,12.0,6.0,7.5,3.5,0.2222222222222222
842,39,2024,3.0,3.0,1.0,0.0,0.0,0.0,0.0,0.0,0.0,0.0,0.0,0,1,2,2,27.0,9.0,6.0,3.5590260840104366,0.2193450929151803
842,39,2025,4.0,4.0,1.0,0.0,0.0,0.0,0.0,0.0,0.0,0.0,0.0,0,1,2,3,29.0,7.25,6.75,3.344772040064913,0.23016167264440865
842,69,2018,5.0,5.0,1.0,0.0,0.0,0.0,0.0,0.0,0.0,0.0,0.0,0,1,2,3,29.0,5.8,8.8,5.075431016179807,0.16459737545152703
842,69,2019,1.0,1.0,1.0,0.0,0.0,0.0,0.0,0.0,0.0,0.0,0.0,0,0,0,0,0.0,0.0,12.0,0.0,1.0
842,69,2021,2.0,2.0,1.0,0.0,0.0,0.0,0.0,0.0,0.0,0.0,0.0,0,0,0,0,0.0,0.0,14.0,2.0,0.3333333333333333
842,69,2022,3.0,2.0,0.6666666666666666,1.0,0.3333333333333333,1.0,0.3333333333333333,0.0,0.0,0.0,0.0,0,0,0,0,0.0,0.0,9.333333333333334,6.798692684790379,0.12822661956538925
842,69,2023,4.0,3.0,0.75,1.0,0.25,1.0,0.25,0.0,0.0,0.0,0.0,0,0,0,0,0.0,0.0,10.5,6.224949798994366,0.13840926619852625
842,69,2024,5.0,4.0,0.8,1.0,0.2,1.0,0.2,0.0,0.0,0.0,0.0,0,0,0,1,8.0,1.6,9.6,5.851495535331118,0.14595353596062324
842,69,2025,6.0,5.0,0.8333333333333334,1.0,0.16666666666666666,1.0,0.16666666666666666,0.0,0.0,0.0,0.0,0,0,0,1,8.0,1.3333333333333333,10.0,5.416025603090641,0.15585972716790494
842,70,2018,7.0,6.0,0.8571428571428571,1.0,0.14285714285714285,1.0,0.14285714285714285,0.0,0.0,0.0,0.0,0,0,0,1,8.0,1.1428571428571428,11.285714285714286,5.921251936017914,0.14448253137500178
842,70,2019,1.0,1.0,1.0,0.0,0.0,0.0,0.0,0.0,0.0,0.0,0.0,0,0,0,0,0.0,0.0,11.0,0.0,1.0
842,70,2020,2.0,2.0,1.0,0.0,0.0,0.0,0.0,0.0,0.0,0.0,0.0,0,0,0,1,6.0,3.0,9.0,2.0,0.3333333333333333
842,70,2021,4.0,4.0,1.0,0.0,0.0,0.0,0.0,0.0,0.0,0.0,0.0,0,0,0,2,12.0,3.0,10.0,3.3166247903554,0.23166247903554
842,70,2022,6.0,5.0,0.8333333333333334,1.0,0.16666666666666666,0.0,0.0,1.0,0.16666666666666666,0.0,0.0,0,0,0,3,14.0,2.3333333333333335,8.166666666666666,4.561310727801338,0.17981372538688367
842,70,2023,7.0,6.0,0.8571428571428571,1.0,0.14285714285714285,0.0,0.0,1.0,0.14285714285714285,0.0,0.0,0,0,0,3,14.0,2.0,9.142857142857142,4.8529393575608655,0.17085432445292525
842,70,2024,8.0,7.0,0.875,1.0,0.125,0.0,0.0,1.0,0.125,0.0,0.0,0,0,0,4,15.0,1.875,9.25,4.548351349665063,0.18023371934806667
842,70,2025,9.0,8.0,0.8888888888888888,1.0,0.1111111111111111,0.0,0.0,1.0,0.1111111111111111,0.0,0.0,0,0,0,5,16.0,1.7777777777777777,9.333333333333334,4.29469957557504,0.18886812853614898
842,71,2018,10.0,9.0,0.9,1.0,0.1,0.0,0.0,1.0,0.1,0.0,0.0,0,0,0,5,16.0,1.6,9.7,4.220189569201841,0.19156392440225087
842,71,2019,1.0,0.0,0.0,1.0,1.0,1.0,1.0,0.0,0.0,0.0,0.0,0,0,0,0,0.0,0.0,0.0,0.0,1.0
842,71,2020,2.0,1.0,0.5,1.0,0.5,1.0,0.5,0.0,0.0,0.0,0.0,0,0,0,0,0.0,0.0,7.0,7.0,0.125
842,71,2021,3.0,2.0,0.6666666666666666,1.0,0.3333333333333333,1.0,0.3333333333333333,0.0,0.0,0.0,0.0,0,0,0,1,2.0,0.6666666666666666,7.666666666666667,5.792715732327588,0.14721652420118875
842,73,2018,4.0,3.0,0.75,1.0,0.25,1.0,0.25,0.0,0.0,0.0,0.0,0,0,0,1,2.0,0.5,9.0,5.522680508593631,0.15331120368114
842,73,2019,1.0,1.0,1.0,0.0,0.0,0.0,0.0,0.0,0.0,0.0,0.0,0,0,0,0,0.0,0.0,12.0,0.0,1.0
842,73,2021,2.0,1.0,0.5,1.0,0.5,1.0,0.5,0.0,0.0,0.0,0.0,0,0,0,0,0.0,0.0,6.0,6.0,0.14285714285714285
842,73,2022,3.0,2.0,0.6666666666666666,1.0,0.3333333333333333,1.0,0.3333333333333333,0.0,0.0,0.0,0.0,0,1,1,1,15.0,5.0,5.0,5.0990195135927845,0.1639607805437114
842,73,2023,4.0,3.0,0.75,1.0,0.25,1.0,0.25,0.0,0.0,0.0,0.0,0,1,2,2,25.0,6.25,5.0,4.415880433163924,0.18464218557642828
842,73,2024,5.0,4.0,0.8,1.0,0.2,1.0,0.2,0.0,0.0,0.0,0.0,0,1,2,2,25.0,5.0,6.8,5.344155686354955,0.15762538774872842
842,73,2025,6.0,5.0,0.8333333333333334,1.0,0.16666666666666666,1.0,0.16666666666666666,0.0,0.0,0.0,0.0,0,1,2,2,25.0,4.166666666666667,7.666666666666667,5.24933858267454,0.16001693407561035
842,75,2020,7.0,6.0,0.8571428571428571,1.0,0.14285714285714285,1.0,0.14285714285714285,0.0,0.0,0.0,0.0,0,1,2,2,25.0,3.5714285714285716,9.142857142857142,6.057547156318341,0.14169228739828396
842,75,2021,1.0,1.0,1.0,0.0,0.0,0.0,0.0,0.0,0.0,0.0,0.0,0,0,1,1,10.0,10.0,5.0,0.0,1.0
842,76,2020,2.0,2.0,1.0,0.0,0.0,0.0,0.0,0.0,0.0,0.0,0.0,0,0,1,2,11.0,5.5,7.5,2.5,0.2857142857142857
842,77,2021,1.0,0.0,0.0,1.0,1.0,0.0,0.0,1.0,1.0,0.0,0.0,0,0,0,0,0.0,0.0,0.0,0.0,1.0
842,77,2022,1.0,1.0,1.0,0.0,0.0,0.0,0.0,0.0,0.0,0.0,0.0,0,0,0,1,8.0,8.0,6.0,0.0,1.0
842,77,2023,2.0,2.0,1.0,0.0,0.0,0.0,0.0,0.0,0.0,0.0,0.0,0,0,0,2,12.0,6.0,7.0,1.0,0.5
842,77,2024,3.0,3.0,1.0,0.0,0.0,0.0,0.0,0.0,0.0,0.0,0.0,0,0,0,3,14.0,4.666666666666667,7.666666666666667,1.2472191289246448,0.44499443206436534
842,77,2025,4.0,3.0,0.75,1.0,0.25,1.0,0.25,0.0,0.0,0.0,0.0,0,0,0,3,14.0,3.5,5.75,3.491060010942235,0.2226645819836635
842,78,2021,5.0,3.0,0.6,2.0,0.4,1.0,0.2,1.0,0.2,0.0,0.0,0,0,0,3,14.0,2.8,8.6,6.499230723708769,0.13334701075918448
842,78,2023,1.0,1.0,1.0,0.0,0.0,0.0,0.0,0.0,0.0,0.0,0.0,0,0,0,0,0.0,0.0,11.0,0.0,1.0
842,78,2024,2.0,2.0,1.0,0.0,0.0,0.0,0.0,0.0,0.0,0.0,0.0,0,0,0,0,0.0,0.0,11.5,0.5,0.6666666666666666
842,78,2025,3.0,3.0,1.0,0.0,0.0,0.0,0.0,0.0,0.0,0.0,0.0,0,0,1,1,10.0,3.3333333333333335,9.333333333333334,3.0912061651652327,0.24442669462970287
842,79,2022,4.0,4.0,1.0,0.0,0.0,0.0,0.0,0.0,0.0,0.0,0.0,0,0,1,1,10.0,2.5,11.0,3.9370039370059056,0.2025519956555797
842,79,2023,1.0,0.0,0.0,1.0,1.0,1.0,1.0,0.0,0.0,0.0,0.0,0,0,0,0,0.0,0.0,0.0,0.0,1.0
842,79,2024,2.0,1.0,0.5,1.0,0.5,1.0,0.5,0.0,0.0,0.0,0.0,0,0,0,1,4.0,2.0,4.0,4.0,0.2
842,79,2025,3.0,2.0,0.6666666666666666,1.0,0.3333333333333333,1.0,0.3333333333333333,0.0,0.0,0.0,0.0,0,0,0,1,4.0,1.3333333333333333,6.666666666666667,4.988876515698587,0.1669762262385456
842,80,2023,4.0,3.0,0.75,1.0,0.25,1.0,0.25,0.0,0.0,0.0,0.0,0,0,0,1,4.0,1.0,8.25,5.11737237261468,0.16346887831720813
842,80,2024,1.0,1.0,1.0,0.0,0.0,0.0,0.0,0.0,0.0,0.0,0.0,0,0,0,0,0.0,0.0,11.0,0.0,1.0
842,80,2025,2.0,1.0,0.5,1.0,0.5,1.0,0.5,0.0,0.0,0.0,0.0,0,0,0,0,0.0,0.0,5.5,5.5,0.15384615384615385
843,1,2018,3.0,2.0,0.6666666666666666,1.0,0.3333333333333333,1.0,0.3333333333333333,0.0,0.0,0.0,0.0,0,0,0,0,0.0,0.0,8.0,5.715476066494083,0.14890977052086574
843,3,2018,1.0,1.0,1.0,0.0,0.0,0.0,0.0,0.0,0.0,0.0,0.0,0,0,0,0,0.0,0.0,15.0,0.0,1.0
843,4,2018,1.0,1.0,1.0,0.0,0.0,0.0,0.0,0.0,0.0,0.0,0.0,0,0,0,0,0.0,0.0,17.0,0.0,1.0
843,6,2018,1.0,1.0,1.0,0.0,0.0,0.0,0.0,0.0,0.0,0.0,0.0,0,0,0,0,0.0,0.0,12.0,0.0,1.0
843,7,2018,1.0,0.0,0.0,1.0,1.0,0.0,0.0,1.0,1.0,0.0,0.0,0,0,0,0,0.0,0.0,0.0,0.0,1.0
843,9,2018,1.0,0.0,0.0,1.0,1.0,0.0,0.0,1.0,1.0,0.0,0.0,0,0,0,0,0.0,0.0,0.0,0.0,1.0
843,10,2018,1.0,0.0,0.0,1.0,1.0,1.0,1.0,0.0,0.0,0.0,0.0,0,0,0,0,0.0,0.0,0.0,0.0,1.0
843,11,2018,1.0,1.0,1.0,0.0,0.0,0.0,0.0,0.0,0.0,0.0,0.0,0,0,0,1,1.0,1.0,10.0,0.0,1.0
843,13,2018,1.0,1.0,1.0,0.0,0.0,0.0,0.0,0.0,0.0,0.0,0.0,0,0,0,0,0.0,0.0,11.0,0.0,1.0
843,14,2018,1.0,1.0,1.0,0.0,0.0,0.0,0.0,0.0,0.0,0.0,0.0,0,0,0,0,0.0,0.0,14.0,0.0,1.0
843,15,2018,1.0,0.0,0.0,1.0,1.0,1.0,1.0,0.0,0.0,0.0,0.0,0,0,0,0,0.0,0.0,0.0,0.0,1.0
843,17,2018,1.0,1.0,1.0,0.0,0.0,0.0,0.0,0.0,0.0,0.0,0.0,0,0,0,0,0.0,0.0,17.0,0.0,1.0
843,18,2017,1.0,1.0,1.0,0.0,0.0,0.0,0.0,0.0,0.0,0.0,0.0,0,0,0,0,0.0,0.0,20.0,0.0,1.0
843,18,2018,1.0,0.0,0.0,1.0,1.0,1.0,1.0,0.0,0.0,0.0,0.0,0,0,0,0,0.0,0.0,0.0,0.0,1.0
843,22,2018,2.0,1.0,0.5,1.0,0.5,1.0,0.5,0.0,0.0,0.0,0.0,0,0,0,0,0.0,0.0,5.5,5.5,0.15384615384615385
843,24,2017,1.0,1.0,1.0,0.0,0.0,0.0,0.0,0.0,0.0,0.0,0.0,0,0,0,0,0.0,0.0,13.0,0.0,1.0
843,24,2018,1.0,1.0,1.0,0.0,0.0,0.0,0.0,0.0,0.0,0.0,0.0,0,0,0,0,0.0,0.0,15.0,0.0,1.0
843,32,2017,2.0,2.0,1.0,0.0,0.0,0.0,0.0,0.0,0.0,0.0,0.0,0,0,0,0,0.0,0.0,13.5,1.5,0.4
843,32,2018,1.0,0.0,0.0,1.0,1.0,1.0,1.0,0.0,0.0,0.0,0.0,0,0,0,0,0.0,0.0,0.0,0.0,1.0
843,34,2018,2.0,1.0,0.5,1.0,0.5,1.0,0.5,0.0,0.0,0.0,0.0,0,0,0,0,0.0,0.0,7.0,7.0,0.125
843,69,2017,1.0,1.0,1.0,0.0,0.0,0.0,0.0,0.0,0.0,0.0,0.0,0,0,0,0,0.0,0.0,14.0,0.0,1.0
843,69,2018,1.0,1.0,1.0,0.0,0.0,0.0,0.0,0.0,0.0,0.0,0.0,0,0,0,0,0.0,0.0,13.0,0.0,1.0
843,70,2018,2.0,2.0,1.0,0.0,0.0,0.0,0.0,0.0,0.0,0.0,0.0,0,0,0,1,2.0,1.0,11.0,2.0,0.3333333333333333
843,71,2018,1.0,0.0,0.0,1.0,1.0,1.0,1.0,0.0,0.0,0.0,0.0,0,0,0,0,0.0,0.0,0.0,0.0,1.0
843,73,2018,1.0,0.0,0.0,1.0,1.0,1.0,1.0,0.0,0.0,0.0,0.0,0,0,0,0,0.0,0.0,0.0,0.0,1.0
844,1,2018,1.0,1.0,1.0,0.0,0.0,0.0,0.0,0.0,0.0,0.0,0.0,0,0,0,1,1.0,1.0,10.0,0.0,1.0
844,1,2019,1.0,1.0,1.0,0.0,0.0,0.0,0.0,0.0,0.0,0.0,0.0,0,0,0,0,0.0,0.0,13.0,0.0,1.0
844,1,2022,2.0,2.0,1.0,0.0,0.0,0.0,0.0,0.0,0.0,0.0,0.0,0,0,1,1,10.0,5.0,9.0,4.0,0.2
844,1,2023,3.0,3.0,1.0,0.0,0.0,0.0,0.0,0.0,0.0,0.0,0.0,1,1,2,2,36.0,12.0,6.333333333333333,4.988876515698589,0.16697622623854555
844,1,2024,4.0,3.0,0.75,1.0,0.25,0.0,0.0,1.0,0.25,0.0,0.0,1,1,2,2,36.0,9.0,4.75,5.11737237261468,0.16346887831720813
844,1,2025,5.0,4.0,0.8,1.0,0.2,0.0,0.0,1.0,0.2,0.0,0.0,1,2,3,3,55.0,11.0,4.2,4.707440918375927,0.17520987326918375
844,3,2018,6.0,5.0,0.8333333333333334,1.0,0.16666666666666666,0.0,0.0,1.0,0.16666666666666666,0.0,0.0,1,2,3,4,59.0,9.833333333333334,4.833333333333333,4.524623986832744,0.18100779390296534
844,3,2019,1.0,1.0,1.0,0.0,0.0,0.0,0.0,0.0,0.0,0.0,0.0,0,0,0,0,0.0,0.0,12.0,0.0,1.0
844,3,2020,2.0,2.0,1.0,0.0,0.0,0.0,0.0,0.0,0.0,0.0,0.0,0,1,1,1,16.0,8.0,7.5,4.5,0.18181818181818182
844,3,2021,4.0,3.0,0.75,1.0,0.25,0.0,0.0,1.0,0.25,0.0,0.0,0,1,1,2,17.0,4.25,6.25,4.9180788932265,0.1689737528076119
844,3,2022,5.0,4.0,0.8,1.0,0.2,0.0,0.0,1.0,0.2,0.0,0.0,0,1,1,3,25.0,5.0,6.2,4.3999999999999995,0.1851851851851852
844,3,2023,6.0,5.0,0.8333333333333334,1.0,0.16666666666666666,0.0,0.0,1.0,0.16666666666666666,0.0,0.0,1,2,2,4,51.0,8.5,5.333333333333333,4.459696053419885,0.18316037929869972
844,3,2024,7.0,5.0,0.7142857142857143,2.0,0.2857142857142857,1.0,0.14285714285714285,1.0,0.14285714285714285,0.0,0.0,1,2,2,4,51.0,7.285714285714286,4.571428571428571,4.531071864901059,0.18079678305136038
844,3,2025,8.0,6.0,0.75,2.0,0.25,1.0,0.125,1.0,0.125,0.0,0.0,1,2,3,5,63.0,7.875,4.5,4.242640687119285,0.1907435698305462
844,4,2018,9.0,7.0,0.7777777777777778,2.0,0.2222222222222222,1.0,0.1111111111111111,1.0,0.1111111111111111,0.0,0.0,1,2,4,6,75.0,8.333333333333334,4.444444444444445,4.003085229922627,0.19987666690528577
844,4,2019,1.0,1.0,1.0,0.0,0.0,0.0,0.0,0.0,0.0,0.0,0.0,0,0,0,1,1.0,1.0,10.0,0.0,1.0
844,4,2020,2.0,2.0,1.0,0.0,0.0,0.0,0.0,0.0,0.0,0.0,0.0,0,0,1,2,11.0,5.5,7.5,2.5,0.2857142857142857
844,4,2021,3.0,2.0,0.6666666666666666,1.0,0.3333333333333333,1.0,0.3333333333333333,0.0,0.0,0.0,0.0,0,0,1,2,11.0,3.6666666666666665,5.0,4.0824829046386295,0.19675422795565728
844,4,2022,4.0,3.0,0.75,1.0,0.25,1.0,0.25,0.0,0.0,0.0,0.0,0,0,2,3,23.0,5.75,4.75,3.5619517121937516,0.21920442457272743
844,4,2023,5.0,3.0,0.6,2.0,0.4,2.0,0.4,0.0,0.0,0.0,0.0,0,0,2,3,23.0,4.6,3.8,3.7094473981982814,0.212339137789834
844,4,2024,6.0,4.0,0.6666666666666666,2.0,0.3333333333333333,2.0,0.3333333333333333,0.0,0.0,0.0,0.0,0,0,2,3,23.0,3.8333333333333335,5.0,4.320493798938573,0.1879524791852023
844,4,2025,7.0,5.0,0.7142857142857143,2.0,0.2857142857142857,2.0,0.2857142857142857,0.0,0.0,0.0,0.0,0,0,3,4,33.0,4.714285714285714,5.0,4.0,0.2
844,5,2020,8.0,6.0,0.75,2.0,0.25,2.0,0.25,0.0,0.0,0.0,0.0,0,1,4,5,48.0,6.0,4.75,3.799671038392666,0.20834761215945422
844,5,2021,1.0,1.0,1.0,0.0,0.0,0.0,0.0,0.0,0.0,0.0,0.0,0,0,1,1,12.0,12.0,4.0,0.0,1.0
844,6,2018,2.0,2.0,1.0,0.0,0.0,0.0,0.0,0.0,0.0,0.0,0.0,0,0,2,2,24.0,12.0,4.0,0.0,1.0
844,6,2019,1.0,0.0,0.0,1.0,1.0,0.0,0.0,1.0,1.0,0.0,0.0,0,0,0,0,0.0,0.0,0.0,0.0,1.0
844,6,2021,2.0,0.0,0.0,2.0,1.0,0.0,0.0,2.0,1.0,0.0,0.0,0,0,0,0,0.0,0.0,0.0,0.0,1.0
844,6,2022,3.0,0.0,0.0,3.0,1.0,1.0,0.3333333333333333,2.0,0.6666666666666666,0.0,0.0,0,0,0,0,0.0,0.0,0.0,0.0,1.0
844,6,2023,4.0,1.0,0.25,3.0,0.75,1.0,0.25,2.0,0.5,0.0,0.0,0,0,1,1,12.0,3.0,1.0,1.7320508075688772,0.36602540378443865
844,6,2024,5.0,2.0,0.4,3.0,0.6,1.0,0.2,2.0,0.4,0.0,0.0,0,0,1,2,20.0,4.0,2.0,2.5298221281347035,0.28330039409901914
844,6,2025,6.0,3.0,0.5,3.0,0.5,1.0,0.16666666666666666,2.0,0.3333333333333333,0.0,0.0,1,1,2,3,45.0,7.5,1.8333333333333333,2.3392781412697,0.29946591978701365
844,7,2018,7.0,4.0,0.5714285714285714,3.0,0.42857142857142855,1.0,0.14285714285714285,2.0,0.2857142857142857,0.0,0.0,1,2,3,4,63.0,9.0,1.8571428571428572,2.166535841157586,0.3158025205343741
844,7,2019,1.0,1.0,1.0,0.0,0.0,0.0,0.0,0.0,0.0,0.0,0.0,0,0,0,1,1.0,1.0,10.0,0.0,1.0
844,7,2022,2.0,2.0,1.0,0.0,0.0,0.0,0.0,0.0,0.0,0.0,0.0,0,1,1,2,16.0,8.0,6.5,3.5,0.2222222222222222
844,7,2023,3.0,3.0,1.0,0.0,0.0,0.0,0.0,0.0,0.0,0.0,0.0,0,1,2,3,26.0,8.666666666666666,6.0,2.9439202887759484,0.2535548202751238
844,7,2024,4.0,4.0,1.0,0.0,0.0,0.0,0.0,0.0,0.0,0.0,0.0,0,1,3,4,38.0,9.5,5.5,2.692582403567252,0.2708131845707603
844,7,2025,5.0,4.0,0.8,1.0,0.2,1.0,0.2,0.0,0.0,0.0,0.0,0,1,3,4,38.0,7.6,4.4,3.261901286060018,0.23463706286929648
844,9,2018,6.0,5.0,0.8333333333333334,1.0,0.16666666666666666,1.0,0.16666666666666666,0.0,0.0,0.0,0.0,0,1,4,5,48.0,8.0,4.5,2.9860788111948198,0.25087311299302983
844,9,2019,1.0,0.0,0.0,1.0,1.0,0.0,0.0,0.0,0.0,0.0,0.0,0,0,0,0,0.0,0.0,0.0,0.0,1.0
844,9,2020,2.0,1.0,0.5,1.0,0.5,0.0,0.0,0.0,0.0,0.0,0.0,0,1,1,1,15.0,7.5,1.5,1.5,0.4
844,9,2021,4.0,3.0,0.75,1.0,0.25,0.0,0.0,0.0,0.0,0.0,0.0,0,2,3,3,42.0,10.5,2.5,1.5,0.4
844,9,2022,5.0,4.0,0.8,1.0,0.2,0.0,0.0,0.0,0.0,0.0,0.0,0,3,4,4,60.0,12.0,2.4,1.3564659966250536,0.42436428169649243
844,9,2023,6.0,5.0,0.8333333333333334,1.0,0.16666666666666666,0.0,0.0,0.0,0.0,0.0,0.0,0,3,5,5,72.0,12.0,2.6666666666666665,1.3743685418725538,0.4211646096066227
844,9,2024,7.0,6.0,0.8571428571428571,1.0,0.14285714285714285,0.0,0.0,0.0,0.0,0.0,0.0,0,3,5,6,74.0,10.571428571428571,3.5714285714285716,2.5555062599997593,0.28125389940955065
844,9,2025,8.0,7.0,0.875,1.0,0.125,0.0,0.0,0.0,0.0,0.0,0.0,0,3,5,6,74.0,9.25,4.875,4.19635258289863,0.19244267667498804
844,10,2018,9.0,8.0,0.8888888888888888,1.0,0.1111111111111111,0.0,0.0,0.0,0.0,0.0,0.0,0,3,5,6,74.0,8.222222222222221,5.888888888888889,4.88636298384356,0.16988418871631325
844,10,2019,1.0,1.0,1.0,0.0,0.0,0.0,0.0,0.0,0.0,0.0,0.0,0,0,0,0,0.0,0.0,15.0,0.0,1.0
844,11,2018,2.0,1.0,0.5,1.0,0.5,0.0,0.0,1.0,0.5,0.0,0.0,0,0,0,0,0.0,0.0,7.5,7.5,0.11764705882352941
844,11,2019,1.0,0.0,0.0,1.0,1.0,1.0,1.0,0.0,0.0,0.0,0.0,0,0,0,0,0.0,0.0,0.0,0.0,1.0
844,11,2020,2.0,1.0,0.5,1.0,0.5,1.0,0.5,0.0,0.0,0.0,0.0,0,0,1,1,12.0,6.0,2.0,2.0,0.3333333333333333
844,11,2021,3.0,2.0,0.6666666666666666,1.0,0.3333333333333333,1.0,0.3333333333333333,0.0,0.0,0.0,0.0,0,0,1,1,12.0,4.0,5.0,4.546060565661952,0.18030816435569247
844,11,2022,4.0,2.0,0.5,2.0,0.5,1.0,0.25,1.0,0.25,0.0,0.0,0,0,1,1,12.0,3.0,3.75,4.493050188902857,0.1820482183141554
844,11,2023,5.0,3.0,0.6,2.0,0.4,1.0,0.2,1.0,0.2,0.0,0.0,0,0,1,2,20.0,4.0,4.2,4.1182520563948,0.19537920152849625
844,11,2024,6.0,4.0,0.6666666666666666,2.0,0.3333333333333333,1.0,0.16666666666666666,1.0,0.16666666666666666,0.0,0.0,0,0,1,3,26.0,4.333333333333333,4.666666666666667,3.901566636906541,0.20401640415749125
844,11,2025,7.0,5.0,0.7142857142857143,2.0,0.2857142857142857,1.0,0.14285714285714285,1.0,0.14285714285714285,0.0,0.0,0,0,2,4,38.0,5.428571428571429,4.571428571428571,3.619674131234265,0.2164654847056981
844,13,2018,8.0,6.0,0.75,2.0,0.25,1.0,0.125,1.0,0.125,0.0,0.0,0,0,3,5,50.0,6.25,4.5,3.391164991562634,0.22772999919644132
844,13,2019,1.0,0.0,0.0,1.0,1.0,0.0,0.0,1.0,1.0,0.0,0.0,0,0,0,0,0.0,0.0,0.0,0.0,1.0
844,13,2020,2.0,1.0,0.5,1.0,0.5,0.0,0.0,1.0,0.5,0.0,0.0,1,1,1,1,25.0,12.5,0.5,0.5,0.6666666666666666
844,13,2021,3.0,2.0,0.6666666666666666,1.0,0.3333333333333333,0.0,0.0,1.0,0.3333333333333333,0.0,0.0,1,1,1,1,25.0,8.333333333333334,5.0,6.377042156569664,0.1355556846194033
844,13,2022,4.0,3.0,0.75,1.0,0.25,0.0,0.0,1.0,0.25,0.0,0.0,1,1,1,2,27.0,6.75,5.75,5.673402858955108,0.14984858866389128
844,13,2023,5.0,4.0,0.8,1.0,0.2,0.0,0.0,1.0,0.2,0.0,0.0,1,1,1,3,35.0,7.0,5.8,5.075431016179808,0.164597375451527
844,13,2024,6.0,5.0,0.8333333333333334,1.0,0.16666666666666666,0.0,0.0,1.0,0.16666666666666666,0.0,0.0,1,2,2,4,50.0,8.333333333333334,5.333333333333333,4.749268949591669,0.17393515745528362
844,13,2025,7.0,6.0,0.8571428571428571,1.0,0.14285714285714285,0.0,0.0,1.0,0.14285714285714285,0.0,0.0,1,3,3,5,65.0,9.285714285714286,5.0,4.47213595499958,0.1827439976315568
844,14,2018,8.0,7.0,0.875,1.0,0.125,0.0,0.0,1.0,0.125,0.0,0.0,1,4,4,6,80.0,10.0,4.75,4.235268586524354,0.19101216747007257
844,14,2019,1.0,1.0,1.0,0.0,0.0,0.0,0.0,0.0,0.0,0.0,0.0,0,0,0,0,0.0,0.0,11.0,0.0,1.0
844,14,2020,2.0,2.0,1.0,0.0,0.0,0.0,0.0,0.0,0.0,0.0,0.0,1,1,1,1,25.0,12.5,6.0,5.0,0.16666666666666666
844,14,2021,3.0,2.0,0.6666666666666666,1.0,0.3333333333333333,0.0,0.0,1.0,0.3333333333333333,0.0,0.0,1,1,1,1,25.0,8.333333333333334,4.0,4.96655480858378,0.16760090740494846
844,14,2022,4.0,3.0,0.75,1.0,0.25,0.0,0.0,1.0,0.25,0.0,0.0,1,1,2,2,37.0,9.25,4.0,4.301162633521313,0.1886378647726465
844,14,2023,5.0,4.0,0.8,1.0,0.2,0.0,0.0,1.0,0.2,0.0,0.0,1,2,3,3,55.0,11.0,3.6,3.9293765408777,0.2028654114181233
844,14,2024,6.0,5.0,0.8333333333333334,1.0,0.16666666666666666,0.0,0.0,1.0,0.16666666666666666,0.0,0.0,1,2,4,4,67.0,11.166666666666666,3.6666666666666665,3.5901098714230026,0.21785970881128058
844,14,2025,7.0,6.0,0.8571428571428571,1.0,0.14285714285714285,0.0,0.0,1.0,0.14285714285714285,0.0,0.0,2,3,5,5,92.0,13.142857142857142,3.2857142857142856,3.4522988495984497,0.2246030722062131
844,15,2018,8.0,7.0,0.875,1.0,0.125,0.0,0.0,1.0,0.125,0.0,0.0,2,3,6,6,104.0,13.0,3.375,3.2379584617471546,0.23596267141979882
844,15,2019,1.0,1.0,1.0,0.0,0.0,0.0,0.0,0.0,0.0,0.0,0.0,0,0,0,1,2.0,2.0,9.0,0.0,1.0
844,15,2022,2.0,2.0,1.0,0.0,0.0,0.0,0.0,0.0,0.0,0.0,0.0,0,1,1,2,20.0,10.0,5.5,3.5,0.2222222222222222
844,15,2023,3.0,3.0,1.0,0.0,0.0,0.0,0.0,0.0,0.0,0.0,0.0,0,2,2,3,38.0,12.666666666666666,4.333333333333333,3.2998316455372225,0.23256724505432574
844,15,2024,4.0,4.0,1.0,0.0,0.0,0.0,0.0,0.0,0.0,0.0,0.0,0,2,3,4,50.0,12.5,4.25,2.8613807855648994,0.2589747179916381
844,15,2025,5.0,5.0,1.0,0.0,0.0,0.0,0.0,0.0,0.0,0.0,0.0,0,2,4,5,60.0,12.0,4.4,2.5768197453450243,0.2795779690328059
844,17,2018,6.0,6.0,1.0,0.0,0.0,0.0,0.0,0.0,0.0,0.0,0.0,0,2,4,6,68.0,11.333333333333334,4.666666666666667,2.426703296426839,0.2918256742691263
844,17,2019,1.0,1.0,1.0,0.0,0.0,0.0,0.0,0.0,0.0,0.0,0.0,0,0,0,0,0.0,0.0,19.0,0.0,1.0
844,17,2024,2.0,2.0,1.0,0.0,0.0,0.0,0.0,0.0,0.0,0.0,0.0,0,0,1,1,10.0,5.0,12.0,7.0,0.125
844,17,2025,3.0,3.0,1.0,0.0,0.0,0.0,0.0,0.0,0.0,0.0,0.0,0,0,2,2,22.0,7.333333333333333,9.333333333333334,6.847546194724711,0.1274283674395216
844,18,2018,4.0,3.0,0.75,1.0,0.25,0.0,0.0,0.0,0.0,1.0,0.25,0,0,2,2,22.0,5.5,11.5,7.0178344238090995,0.1247219569701368
844,18,2019,1.0,1.0,1.0,0.0,0.0,0.0,0.0,0.0,0.0,0.0,0.0,0,0,0,1,6.0,6.0,7.0,0.0,1.0
844,18,2021,2.0,2.0,1.0,0.0,0.0,0.0,0.0,0.0,0.0,0.0,0.0,0,0,0,1,6.0,3.0,12.5,5.5,0.15384615384615385
844,18,2022,3.0,3.0,1.0,0.0,0.0,0.0,0.0,0.0,0.0,0.0,0.0,0,0,1,2,16.0,5.333333333333333,10.0,5.715476066494081,0.1489097705208658
844,18,2023,4.0,4.0,1.0,0.0,0.0,0.0,0.0,0.0,0.0,0.0,0.0,0,0,2,3,28.0,7.0,8.5,5.5901699437494745,0.15174115516527187
844,18,2024,5.0,4.0,0.8,1.0,0.2,1.0,0.2,0.0,0.0,0.0,0.0,0,0,2,3,28.0,5.6,6.8,6.04648658313239,0.14191469581362173
844,18,2025,6.0,5.0,0.8333333333333334,1.0,0.16666666666666666,1.0,0.16666666666666666,0.0,0.0,0.0,0.0,0,0,3,4,38.0,6.333333333333333,6.5,5.560275772537426,0.15243261635222594
844,20,2020,7.0,5.0,0.7142857142857143,2.0,0.2857142857142857,1.0,0.14285714285714285,1.0,0.14285714285714285,0.0,0.0,0,0,3,4,38.0,5.428571428571429,8.285714285714286,6.755194524306794,0.1289458306771984
844,21,2020,1.0,1.0,1.0,0.0,0.0,0.0,0.0,0.0,0.0,0.0,0.0,0,0,0,1,6.0,6.0,7.0,0.0,1.0
844,21,2021,1.0,1.0,1.0,0.0,0.0,0.0,0.0,0.0,0.0,0.0,0.0,0,0,1,1,10.0,10.0,5.0,0.0,1.0
844,21,2022,2.0,2.0,1.0,0.0,0.0,0.0,0.0,0.0,0.0,0.0,0.0,0,0,2,2,22.0,11.0,4.5,0.5,0.6666666666666666
844,21,2024,3.0,3.0,1.0,0.0,0.0,0.0,0.0,0.0,0.0,0.0,0.0,0,0,2,3,30.0,10.0,5.0,0.8164965809277268,0.5505102572168217
844,21,2025,4.0,4.0,1.0,0.0,0.0,0.0,0.0,0.0,0.0,0.0,0.0,0,1,3,4,45.0,11.25,4.5,1.118033988749895,0.4721359549995794
844,22,2018,5.0,5.0,1.0,0.0,0.0,0.0,0.0,0.0,0.0,0.0,0.0,0,1,3,5,53.0,10.6,4.8,1.1661903789690597,0.4616399415807225
844,22,2019,1.0,0.0,0.0,1.0,1.0,1.0,1.0,0.0,0.0,0.0,0.0,0,0,0,0,0.0,0.0,0.0,0.0,1.0
844,22,2022,2.0,1.0,0.5,1.0,0.5,1.0,0.5,0.0,0.0,0.0,0.0,0,0,0,1,8.0,4.0,3.0,3.0,0.25
844,22,2023,3.0,2.0,0.6666666666666666,1.0,0.3333333333333333,1.0,0.3333333333333333,0.0,0.0,0.0,0.0,0,1,1,2,23.0,7.666666666666667,3.0,2.449489742783178,0.28989794855663564
844,22,2024,4.0,3.0,0.75,1.0,0.25,1.0,0.25,0.0,0.0,0.0,0.0,0,1,2,3,35.0,8.75,3.25,2.165063509461097,0.31594942629453465
844,22,2025,5.0,4.0,0.8,1.0,0.2,1.0,0.2,0.0,0.0,0.0,0.0,0,1,3,4,47.0,9.4,3.4,1.9595917942265428,0.33788443458681067
844,24,2018,6.0,5.0,0.8333333333333334,1.0,0.16666666666666666,1.0,0.16666666666666666,0.0,0.0,0.0,0.0,0,1,4,5,59.0,9.833333333333334,3.5,1.8027756377319946,0.3567891723253309
844,24,2019,1.0,1.0,1.0,0.0,0.0,0.0,0.0,0.0,0.0,0.0,0.0,0,0,0,1,6.0,6.0,7.0,0.0,1.0
844,24,2020,2.0,2.0,1.0,0.0,0.0,0.0,0.0,0.0,0.0,0.0,0.0,0,1,1,2,21.0,10.5,5.0,2.0,0.3333333333333333
844,24,2021,3.0,3.0,1.0,0.0,0.0,0.0,0.0,0.0,0.0,0.0,0.0,0,1,1,2,21.0,7.0,7.666666666666667,4.10960933531265,0.19570967844625078
844,24,2022,4.0,4.0,1.0,0.0,0.0,0.0,0.0,0.0,0.0,0.0,0.0,0,1,1,3,22.0,5.5,8.25,3.6996621467371855,0.21278125294480277
844,24,2023,5.0,5.0,1.0,0.0,0.0,0.0,0.0,0.0,0.0,0.0,0.0,0,2,2,4,40.0,8.0,7.0,4.147288270665545,0.19427705374478665
844,24,2024,6.0,6.0,1.0,0.0,0.0,0.0,0.0,0.0,0.0,0.0,0.0,0,3,3,5,58.0,9.666666666666666,6.166666666666667,4.2196629670573875,0.1915832509323404
844,32,2018,7.0,7.0,1.0,0.0,0.0,0.0,0.0,0.0,0.0,0.0,0.0,0,4,4,6,73.0,10.428571428571429,5.714285714285714,4.060762972443399,0.19759866357012718
844,32,2019,1.0,1.0,1.0,0.0,0.0,0.0,0.0,0.0,0.0,0.0,0.0,0,0,0,1,6.0,6.0,7.0,0.0,1.0
844,32,2021,2.0,2.0,1.0,0.0,0.0,0.0,0.0,0.0,0.0,0.0,0.0,0,0,1,2,19.0,9.5,5.5,1.5,0.4
844,32,2022,3.0,3.0,1.0,0.0,0.0,0.0,0.0,0.0,0.0,0.0,0.0,0,0,2,3,29.0,9.666666666666666,5.333333333333333,1.2472191289246477,0.44499443206436473
844,32,2023,4.0,4.0,1.0,0.0,0.0,0.0,0.0,0.0,0.0,0.0,0.0,0,0,2,4,37.0,9.25,5.5,1.118033988749895,0.4721359549995794
844,32,2024,5.0,5.0,1.0,0.0,0.0,0.0,0.0,0.0,0.0,0.0,0.0,0,1,3,5,52.0,10.4,5.0,1.4142135623730951,0.4142135623730951
844,32,2025,6.0,6.0,1.0,0.0,0.0,0.0,0.0,0.0,0.0,0.0,0.0,0,2,4,6,68.0,11.333333333333334,4.666666666666667,1.4907119849998582,0.40149162409079464
844,34,2018,7.0,7.0,1.0,0.0,0.0,0.0,0.0,0.0,0.0,0.0,0.0,0,3,5,7,86.0,12.285714285714286,4.285714285714286,1.6659862556700862,0.3750957072164851
844,34,2019,1.0,1.0,1.0,0.0,0.0,0.0,0.0,0.0,0.0,0.0,0.0,0,0,0,1,1.0,1.0,10.0,0.0,1.0
844,34,2021,2.0,2.0,1.0,0.0,0.0,0.0,0.0,0.0,0.0,0.0,0.0,0,1,1,2,16.0,8.0,6.5,3.5,0.2222222222222222
844,34,2022,3.0,3.0,1.0,0.0,0.0,0.0,0.0,0.0,0.0,0.0,0.0,0,1,1,2,16.0,5.333333333333333,9.666666666666666,5.312459150169745,0.15841686674092925
844,39,2021,4.0,3.0,0.75,1.0,0.25,0.0,0.0,1.0,0.25,0.0,0.0,0,1,1,2,16.0,4.0,7.25,6.219927652312364,0.1385055430132634
844,39,2022,1.0,1.0,1.0,0.0,0.0,0.0,0.0,0.0,0.0,0.0,0.0,0,0,1,1,10.0,10.0,5.0,0.0,1.0
844,39,2023,2.0,2.0,1.0,0.0,0.0,0.0,0.0,0.0,0.0,0.0,0.0,0,1,2,2,25.0,12.5,4.0,1.0,0.5
844,39,2024,3.0,2.0,0.6666666666666666,1.0,0.3333333333333333,1.0,0.3333333333333333,0.0,0.0,0.0,0.0,0,1,2,2,25.0,8.333333333333334,2.6666666666666665,2.0548046676563256,0.32735317272092856
844,39,2025,4.0,3.0,0.75,1.0,0.25,1.0,0.25,0.0,0.0,0.0,0.0,0,2,3,3,40.0,10.0,2.75,1.7853571071357126,0.35902039183346857
844,69,2018,5.0,3.0,0.6,2.0,0.4,1.0,0.2,1.0,0.2,0.0,0.0,0,2,3,3,40.0,8.0,6.0,6.6932802122726045,0.12998356649024212
844,69,2019,1.0,0.0,0.0,1.0,1.0,0.0,0.0,1.0,1.0,0.0,0.0,0,0,0,0,0.0,0.0,0.0,0.0,1.0
844,69,2021,2.0,1.0,0.5,1.0,0.5,0.0,0.0,1.0,0.5,0.0,0.0,0,0,1,1,13.0,6.5,2.0,2.0,0.3333333333333333
844,69,2022,3.0,2.0,0.6666666666666666,1.0,0.3333333333333333,0.0,0.0,1.0,0.3333333333333333,0.0,0.0,0,0,2,2,25.0,8.333333333333334,2.6666666666666665,1.8856180831641267,0.34654620645552786
844,69,2023,4.0,3.0,0.75,1.0,0.25,0.0,0.0,1.0,0.25,0.0,0.0,0,1,3,3,40.0,10.0,2.75,1.6393596310755,0.37887978137807415
844,69,2024,5.0,4.0,0.8,1.0,0.2,0.0,0.0,1.0,0.2,0.0,0.0,0,1,3,3,40.0,8.0,2.2,1.8330302779823355,0.3529789313484475
844,69,2025,6.0,5.0,0.8333333333333334,1.0,0.16666666666666666,0.0,0.0,1.0,0.16666666666666666,0.0,0.0,1,2,4,4,65.0,10.833333333333334,2.0,1.7320508075688772,0.36602540378443865
844,70,2018,7.0,6.0,0.8571428571428571,1.0,0.14285714285714285,0.0,0.0,1.0,0.14285714285714285,0.0,0.0,1,3,5,5,80.0,11.428571428571429,2.142857142857143,1.6413036132965797,0.3786009283317157
844,70,2019,1.0,1.0,1.0,0.0,0.0,0.0,0.0,0.0,0.0,0.0,0.0,0,0,0,1,2.0,2.0,9.0,0.0,1.0
844,70,2020,2.0,2.0,1.0,0.0,0.0,0.0,0.0,0.0,0.0,0.0,0.0,0,1,1,2,20.0,10.0,5.5,3.5,0.2222222222222222
844,70,2021,4.0,3.0,0.75,1.0,0.25,0.0,0.0,1.0,0.25,0.0,0.0,0,2,2,3,38.0,9.5,3.25,3.418698582794336,0.22631097850707232
844,70,2022,6.0,5.0,0.8333333333333334,1.0,0.16666666666666666,0.0,0.0,1.0,0.16666666666666666,0.0,0.0,0,2,2,5,48.0,8.0,4.666666666666667,3.4480268109295324,0.2248187887588348
844,70,2023,7.0,6.0,0.8571428571428571,1.0,0.14285714285714285,0.0,0.0,1.0,0.14285714285714285,0.0,0.0,1,3,3,6,73.0,10.428571428571429,4.142857142857143,3.4404555939406554,0.22520211695497583
844,70,2024,8.0,7.0,0.875,1.0,0.125,0.0,0.0,1.0,0.125,0.0,0.0,1,4,4,7,91.0,11.375,3.875,3.295356581616017,0.23280954235091134
844,70,2025,9.0,8.0,0.8888888888888888,1.0,0.1111111111111111,0.0,0.0,1.0,0.1111111111111111,0.0,0.0,1,4,4,7,91.0,10.11111111111111,4.666666666666667,3.8297084310253515,0.20705183641648925
844,71,2018,10.0,9.0,0.9,1.0,0.1,0.0,0.0,1.0,0.1,0.0,0.0,1,5,5,8,106.0,10.6,4.5,3.66742416417845,0.21425093688180316
844,71,2019,1.0,1.0,1.0,0.0,0.0,0.0,0.0,0.0,0.0,0.0,0.0,0,0,0,1,6.0,6.0,7.0,0.0,1.0
844,71,2020,2.0,2.0,1.0,0.0,0.0,0.0,0.0,0.0,0.0,0.0,0.0,0,1,1,2,21.0,10.5,5.0,2.0,0.3333333333333333
844,71,2021,3.0,3.0,1.0,0.0,0.0,0.0,0.0,0.0,0.0,0.0,0.0,0,1,1,3,29.0,9.666666666666666,5.333333333333333,1.699673171197595,0.37041520828107966
844,73,2018,4.0,4.0,1.0,0.0,0.0,0.0,0.0,0.0,0.0,0.0,0.0,0,1,1,3,29.0,7.25,7.75,4.437059837324712,0.18392293443878058
844,73,2019,1.0,1.0,1.0,0.0,0.0,0.0,0.0,0.0,0.0,0.0,0.0,0,0,0,1,8.0,8.0,6.0,0.0,1.0
844,73,2021,2.0,2.0,1.0,0.0,0.0,0.0,0.0,0.0,0.0,0.0,0.0,0,0,1,2,19.0,9.5,5.5,0.5,0.6666666666666666
844,73,2022,3.0,3.0,1.0,0.0,0.0,0.0,0.0,0.0,0.0,0.0,0.0,0,0,2,3,31.0,10.333333333333334,5.0,0.8164965809277268,0.5505102572168217
844,73,2023,4.0,3.0,0.75,1.0,0.25,1.0,0.25,0.0,0.0,0.0,0.0,0,0,2,3,31.0,7.75,3.75,2.277608394786075,0.30510051218771933
844,73,2024,5.0,4.0,0.8,1.0,0.2,1.0,0.2,0.0,0.0,0.0,0.0,0,1,3,4,46.0,9.2,3.6,2.0591260281973995,0.32689074944364205
844,73,2025,6.0,5.0,0.8333333333333334,1.0,0.16666666666666666,1.0,0.16666666666666666,0.0,0.0,0.0,0.0,0,2,4,5,64.0,10.666666666666666,3.3333333333333335,1.9720265943665383,0.3364707442038019
844,75,2020,7.0,6.0,0.8571428571428571,1.0,0.14285714285714285,1.0,0.14285714285714285,0.0,0.0,0.0,0.0,0,2,4,6,66.0,9.428571428571429,4.142857142857143,2.6954231805876003,0.2706050027647963
844,75,2021,1.0,1.0,1.0,0.0,0.0,0.0,0.0,0.0,0.0,0.0,0.0,0,0,1,1,12.0,12.0,4.0,0.0,1.0
844,76,2020,2.0,2.0,1.0,0.0,0.0,0.0,0.0,0.0,0.0,0.0,0.0,0,0,1,2,20.0,10.0,5.0,1.0,0.5
844,77,2021,1.0,1.0,1.0,0.0,0.0,0.0,0.0,0.0,0.0,0.0,0.0,0,0,0,1,4.0,4.0,8.0,0.0,1.0
844,77,2022,1.0,1.0,1.0,0.0,0.0,0.0,0.0,0.0,0.0,0.0,0.0,0,0,0,1,6.0,6.0,7.0,0.0,1.0
844,77,2023,2.0,2.0,1.0,0.0,0.0,0.0,0.0,0.0,0.0,0.0,0.0,0,1,1,2,25.0,12.5,4.5,2.5,0.2857142857142857
844,77,2024,3.0,3.0,1.0,0.0,0.0,0.0,0.0,0.0,0.0,0.0,0.0,0,1,1,3,31.0,10.333333333333334,5.333333333333333,2.357022603955159,0.297883010624303
844,77,2025,4.0,4.0,1.0,0.0,0.0,0.0,0.0,0.0,0.0,0.0,0.0,0,2,2,4,47.0,11.75,4.75,2.277608394786075,0.30510051218771933
844,78,2021,5.0,5.0,1.0,0.0,0.0,0.0,0.0,0.0,0.0,0.0,0.0,0,3,3,5,62.0,12.4,4.4,2.154065922853801,0.3170510777070884
844,78,2023,1.0,1.0,1.0,0.0,0.0,0.0,0.0,0.0,0.0,0.0,0.0,0,0,0,1,4.0,4.0,8.0,0.0,1.0
844,78,2024,2.0,2.0,1.0,0.0,0.0,0.0,0.0,0.0,0.0,0.0,0.0,0,0,1,2,14.0,7.0,6.5,1.5,0.4
844,78,2025,3.0,3.0,1.0,0.0,0.0,0.0,0.0,0.0,0.0,0.0,0.0,0,1,2,3,32.0,10.666666666666666,5.0,2.449489742783178,0.28989794855663564
844,79,2022,4.0,4.0,1.0,0.0,0.0,0.0,0.0,0.0,0.0,0.0,0.0,0,1,2,4,36.0,9.0,5.75,2.48746859276655,0.286740933545359
844,79,2023,1.0,1.0,1.0,0.0,0.0,0.0,0.0,0.0,0.0,0.0,0.0,0,1,1,1,18.0,18.0,2.0,0.0,1.0
844,79,2024,2.0,2.0,1.0,0.0,0.0,0.0,0.0,0.0,0.0,0.0,0.0,0,1,1,2,24.0,12.0,4.5,2.5,0.2857142857142857
844,79,2025,3.0,3.0,1.0,0.0,0.0,0.0,0.0,0.0,0.0,0.0,0.0,0,2,2,3,39.0,13.0,4.0,2.160246899469287,0.3164309725825327
844,80,2023,4.0,4.0,1.0,0.0,0.0,0.0,0.0,0.0,0.0,0.0,0.0,0,2,2,4,45.0,11.25,4.75,2.277608394786075,0.30510051218771933
844,80,2024,1.0,1.0,1.0,0.0,0.0,0.0,0.0,0.0,0.0,0.0,0.0,0,1,1,1,18.0,18.0,2.0,0.0,1.0
844,80,2025,2.0,2.0,1.0,0.0,0.0,0.0,0.0,0.0,0.0,0.0,0.0,0,1,2,2,30.0,15.0,3.0,1.0,0.5
845,1,2018,3.0,3.0,1.0,0.0,0.0,0.0,0.0,0.0,0.0,0.0,0.0,0,1,3,3,42.0,14.0,3.3333333333333335,0.9428090415820626,0.5147186257614299
845,3,2018,1.0,0.0,0.0,1.0,1.0,1.0,1.0,0.0,0.0,0.0,0.0,0,0,0,0,0.0,0.0,0.0,0.0,1.0
845,4,2018,1.0,1.0,1.0,0.0,0.0,0.0,0.0,0.0,0.0,0.0,0.0,0,0,0,0,0.0,0.0,15.0,0.0,1.0
845,6,2018,1.0,1.0,1.0,0.0,0.0,0.0,0.0,0.0,0.0,0.0,0.0,0,0,0,0,0.0,0.0,14.0,0.0,1.0
845,7,2018,1.0,1.0,1.0,0.0,0.0,0.0,0.0,0.0,0.0,0.0,0.0,0,0,0,0,0.0,0.0,16.0,0.0,1.0
845,9,2018,1.0,1.0,1.0,0.0,0.0,0.0,0.0,0.0,0.0,0.0,0.0,0,0,0,0,0.0,0.0,17.0,0.0,1.0
845,10,2018,1.0,1.0,1.0,0.0,0.0,0.0,0.0,0.0,0.0,0.0,0.0,0,0,0,0,0.0,0.0,14.0,0.0,1.0
845,11,2018,1.0,0.0,0.0,1.0,1.0,1.0,1.0,0.0,0.0,0.0,0.0,0,0,0,0,0.0,0.0,0.0,0.0,1.0
845,13,2018,1.0,1.0,1.0,0.0,0.0,0.0,0.0,0.0,0.0,0.0,0.0,0,0,0,0,0.0,0.0,16.0,0.0,1.0
845,14,2018,1.0,1.0,1.0,0.0,0.0,0.0,0.0,0.0,0.0,0.0,0.0,0,0,0,0,0.0,0.0,12.0,0.0,1.0
845,15,2018,1.0,1.0,1.0,0.0,0.0,0.0,0.0,0.0,0.0,0.0,0.0,0,0,0,1,1.0,1.0,10.0,0.0,1.0
845,17,2018,1.0,1.0,1.0,0.0,0.0,0.0,0.0,0.0,0.0,0.0,0.0,0,0,0,0,0.0,0.0,19.0,0.0,1.0
845,18,2018,1.0,1.0,1.0,0.0,0.0,0.0,0.0,0.0,0.0,0.0,0.0,0,0,0,0,0.0,0.0,15.0,0.0,1.0
845,22,2018,1.0,1.0,1.0,0.0,0.0,0.0,0.0,0.0,0.0,0.0,0.0,0,0,0,0,0.0,0.0,16.0,0.0,1.0
845,24,2018,1.0,1.0,1.0,0.0,0.0,0.0,0.0,0.0,0.0,0.0,0.0,0,0,0,0,0.0,0.0,16.0,0.0,1.0
845,32,2018,1.0,1.0,1.0,0.0,0.0,0.0,0.0,0.0,0.0,0.0,0.0,0,0,0,0,0.0,0.0,15.0,0.0,1.0
845,34,2018,1.0,1.0,1.0,0.0,0.0,0.0,0.0,0.0,0.0,0.0,0.0,0,0,0,0,0.0,0.0,13.0,0.0,1.0
845,69,2018,1.0,1.0,1.0,0.0,0.0,0.0,0.0,0.0,0.0,0.0,0.0,0,0,0,0,0.0,0.0,15.0,0.0,1.0
845,70,2018,1.0,1.0,1.0,0.0,0.0,0.0,0.0,0.0,0.0,0.0,0.0,0,0,0,0,0.0,0.0,13.0,0.0,1.0
845,71,2018,1.0,1.0,1.0,0.0,0.0,0.0,0.0,0.0,0.0,0.0,0.0,0,0,0,0,0.0,0.0,13.0,0.0,1.0
845,73,2018,1.0,1.0,1.0,0.0,0.0,0.0,0.0,0.0,0.0,0.0,0.0,0,0,0,0,0.0,0.0,18.0,0.0,1.0
846,1,2019,1.0,0.0,0.0,1.0,1.0,0.0,0.0,1.0,1.0,0.0,0.0,0,0,0,0,0.0,0.0,0.0,0.0,1.0
846,1,2022,1.0,1.0,1.0,0.0,0.0,0.0,0.0,0.0,0.0,0.0,0.0,0,0,0,0,0.0,0.0,12.0,0.0,1.0
846,1,2023,2.0,2.0,1.0,0.0,0.0,0.0,0.0,0.0,0.0,0.0,0.0,0,0,1,1,10.0,5.0,8.5,3.5,0.2222222222222222
846,1,2024,3.0,3.0,1.0,0.0,0.0,0.0,0.0,0.0,0.0,0.0,0.0,0,0,1,2,18.0,6.0,7.666666666666667,3.0912061651652327,0.24442669462970287
846,1,2025,4.0,4.0,1.0,0.0,0.0,0.0,0.0,0.0,0.0,0.0,0.0,0,1,2,3,33.0,8.25,6.5,3.3541019662496847,0.22966848451216434
846,3,2019,5.0,5.0,1.0,0.0,0.0,0.0,0.0,0.0,0.0,0.0,0.0,1,2,3,4,58.0,11.6,5.4,3.7202150475476543,0.2118547544819046
846,3,2020,1.0,1.0,1.0,0.0,0.0,0.0,0.0,0.0,0.0,0.0,0.0,0,0,0,1,8.0,8.0,6.0,0.0,1.0
846,3,2021,3.0,3.0,1.0,0.0,0.0,0.0,0.0,0.0,0.0,0.0,0.0,0,0,1,3,21.0,7.0,6.666666666666667,2.4944382578492927,0.2861690280988011
846,3,2022,4.0,4.0,1.0,0.0,0.0,0.0,0.0,0.0,0.0,0.0,0.0,0,0,2,4,33.0,8.25,6.0,2.449489742783178,0.28989794855663564
846,3,2023,5.0,5.0,1.0,0.0,0.0,0.0,0.0,0.0,0.0,0.0,0.0,0,0,2,4,33.0,6.6,7.8,4.214261501141095,0.19178171247858566
846,3,2024,6.0,6.0,1.0,0.0,0.0,0.0,0.0,0.0,0.0,0.0,0.0,0,0,2,4,33.0,5.5,9.333333333333334,5.153208277913435,0.16251684565748228
846,3,2025,7.0,7.0,1.0,0.0,0.0,0.0,0.0,0.0,0.0,0.0,0.0,0,0,2,5,41.0,5.857142857142857,8.857142857142858,4.911460982191737,0.16916291979470013
846,4,2019,8.0,8.0,1.0,0.0,0.0,0.0,0.0,0.0,0.0,0.0,0.0,0,1,3,6,56.0,7.0,8.125,4.985917668794783,0.1670587628047584
846,4,2020,1.0,0.0,0.0,1.0,1.0,0.0,0.0,1.0,1.0,0.0,0.0,0,0,0,0,0.0,0.0,0.0,0.0,1.0
846,4,2021,2.0,1.0,0.5,1.0,0.5,0.0,0.0,1.0,0.5,0.0,0.0,0,0,0,1,1.0,0.5,5.0,5.0,0.16666666666666666
846,4,2022,3.0,2.0,0.6666666666666666,1.0,0.3333333333333333,0.0,0.0,1.0,0.3333333333333333,0.0,0.0,0,0,0,2,5.0,1.6666666666666667,6.0,4.320493798938573,0.1879524791852023
846,4,2023,4.0,3.0,0.75,1.0,0.25,0.0,0.0,1.0,0.25,0.0,0.0,0,0,0,3,9.0,2.25,6.5,3.840572873934304,0.20658711810431302
846,4,2024,5.0,4.0,0.8,1.0,0.2,0.0,0.0,1.0,0.2,0.0,0.0,0,0,0,3,9.0,1.8,8.6,5.425863986500215,0.15562109657173748
846,4,2025,6.0,5.0,0.8333333333333334,1.0,0.16666666666666666,0.0,0.0,1.0,0.16666666666666666,0.0,0.0,0,1,1,4,28.0,4.666666666666667,7.5,5.530220007679019,0.1531341974426711
846,5,2020,7.0,6.0,0.8571428571428571,1.0,0.14285714285714285,0.0,0.0,1.0,0.14285714285714285,0.0,0.0,0,2,2,5,46.0,6.571428571428571,6.714285714285714,5.469768491164756,0.15456503603886595
846,5,2021,1.0,1.0,1.0,0.0,0.0,0.0,0.0,0.0,0.0,0.0,0.0,0,0,0,1,5.0,5.0,8.0,0.0,1.0
846,6,2019,2.0,2.0,1.0,0.0,0.0,0.0,0.0,0.0,0.0,0.0,0.0,0,0,0,2,11.0,5.5,7.5,0.5,0.6666666666666666
846,6,2021,1.0,1.0,1.0,0.0,0.0,0.0,0.0,0.0,0.0,0.0,0.0,0,0,0,0,0.0,0.0,11.0,0.0,1.0
846,6,2022,2.0,2.0,1.0,0.0,0.0,0.0,0.0,0.0,0.0,0.0,0.0,0,1,1,1,15.0,7.5,7.0,4.0,0.2
846,6,2023,3.0,3.0,1.0,0.0,0.0,0.0,0.0,0.0,0.0,0.0,0.0,0,1,1,2,24.0,8.0,6.666666666666667,3.299831645537221,0.23256724505432583
846,6,2024,4.0,4.0,1.0,0.0,0.0,0.0,0.0,0.0,0.0,0.0,0.0,0,1,1,3,26.0,6.5,7.25,3.031088913245535,0.2480719283353326
846,6,2025,5.0,5.0,1.0,0.0,0.0,0.0,0.0,0.0,0.0,0.0,0.0,0,1,2,4,38.0,7.6,6.6,3.0066592756745827,0.24958448702420163
846,7,2019,6.0,6.0,1.0,0.0,0.0,0.0,0.0,0.0,0.0,0.0,0.0,1,2,3,5,63.0,10.5,5.666666666666667,3.448026810929533,0.22481878875883474
846,7,2022,1.0,0.0,0.0,1.0,1.0,1.0,1.0,0.0,0.0,0.0,0.0,0,0,0,0,0.0,0.0,0.0,0.0,1.0
846,7,2023,2.0,1.0,0.5,1.0,0.5,1.0,0.5,0.0,0.0,0.0,0.0,0,0,0,0,0.0,0.0,7.5,7.5,0.11764705882352941
846,7,2024,3.0,2.0,0.6666666666666666,1.0,0.3333333333333333,1.0,0.3333333333333333,0.0,0.0,0.0,0.0,0,0,0,0,0.0,0.0,9.333333333333334,6.649979114420001,0.1307193111305399
846,7,2025,4.0,3.0,0.75,1.0,0.25,1.0,0.25,0.0,0.0,0.0,0.0,0,1,1,1,18.0,4.5,7.5,6.576473218982953,0.13198753181024742
846,9,2019,5.0,4.0,0.8,1.0,0.2,1.0,0.2,0.0,0.0,0.0,0.0,0,1,1,1,18.0,3.6,9.6,7.2277243998370615,0.12154028883366629
846,9,2020,1.0,1.0,1.0,0.0,0.0,0.0,0.0,0.0,0.0,0.0,0.0,0,0,0,0,0.0,0.0,11.0,0.0,1.0
846,9,2021,3.0,3.0,1.0,0.0,0.0,0.0,0.0,0.0,0.0,0.0,0.0,0,0,1,2,12.0,4.0,8.333333333333334,2.4944382578492927,0.2861690280988011
846,9,2022,4.0,4.0,1.0,0.0,0.0,0.0,0.0,0.0,0.0,0.0,0.0,0,0,2,3,24.0,6.0,7.25,2.8613807855648994,0.2589747179916381
846,9,2023,5.0,5.0,1.0,0.0,0.0,0.0,0.0,0.0,0.0,0.0,0.0,0,0,2,4,32.0,6.4,7.0,2.607680962081059,0.2771863727725965
846,9,2024,6.0,6.0,1.0,0.0,0.0,0.0,0.0,0.0,0.0,0.0,0.0,0,1,3,5,50.0,8.333333333333334,6.166666666666667,3.0230595245361753,0.24856704055734585
846,9,2025,7.0,7.0,1.0,0.0,0.0,0.0,0.0,0.0,0.0,0.0,0.0,0,2,4,6,65.0,9.285714285714286,5.714285714285714,3.010186786529354,0.2493649431390844
846,10,2019,8.0,8.0,1.0,0.0,0.0,0.0,0.0,0.0,0.0,0.0,0.0,1,3,5,7,90.0,11.25,5.125,3.2185982973959333,0.23704556099055044
846,11,2019,1.0,0.0,0.0,1.0,1.0,1.0,1.0,0.0,0.0,0.0,0.0,0,0,0,0,0.0,0.0,0.0,0.0,1.0
846,11,2020,1.0,1.0,1.0,0.0,0.0,0.0,0.0,0.0,0.0,0.0,0.0,0,0,0,1,2.0,2.0,9.0,0.0,1.0
846,11,2021,2.0,2.0,1.0,0.0,0.0,0.0,0.0,0.0,0.0,0.0,0.0,0,0,0,1,2.0,1.0,11.0,2.0,0.3333333333333333
846,11,2022,3.0,2.0,0.6666666666666666,1.0,0.3333333333333333,0.0,0.0,1.0,0.3333333333333333,0.0,0.0,0,0,0,1,2.0,0.6666666666666666,7.333333333333333,5.436502143433364,0.15536388829144074
846,11,2023,4.0,3.0,0.75,1.0,0.25,0.0,0.0,1.0,0.25,0.0,0.0,0,0,0,2,8.0,2.0,7.25,4.710360920354193,0.17512027942674657
846,11,2024,5.0,4.0,0.8,1.0,0.2,0.0,0.0,1.0,0.2,0.0,0.0,0,1,1,3,26.0,5.2,6.2,4.707440918375927,0.17520987326918375
846,11,2025,6.0,5.0,0.8333333333333334,1.0,0.16666666666666666,0.0,0.0,1.0,0.16666666666666666,0.0,0.0,0,2,2,4,44.0,7.333333333333333,5.5,4.573474244670748,0.1794213009876526
846,13,2019,7.0,6.0,0.8571428571428571,1.0,0.14285714285714285,0.0,0.0,1.0,0.14285714285714285,0.0,0.0,1,3,3,5,69.0,9.857142857142858,4.857142857142857,4.5175395145262565,0.1812402063215421
846,13,2020,1.0,1.0,1.0,0.0,0.0,0.0,0.0,0.0,0.0,0.0,0.0,0,0,0,0,0.0,0.0,11.0,0.0,1.0
846,13,2021,2.0,2.0,1.0,0.0,0.0,0.0,0.0,0.0,0.0,0.0,0.0,0,0,0,1,6.0,3.0,9.0,2.0,0.3333333333333333
846,13,2022,3.0,3.0,1.0,0.0,0.0,0.0,0.0,0.0,0.0,0.0,0.0,0,0,0,1,6.0,2.0,10.666666666666666,2.867441755680877,0.2585688584788904
846,13,2023,4.0,4.0,1.0,0.0,0.0,0.0,0.0,0.0,0.0,0.0,0.0,0,0,0,1,6.0,1.5,11.0,2.5495097567963922,0.28172904669025317
846,13,2024,5.0,5.0,1.0,0.0,0.0,0.0,0.0,0.0,0.0,0.0,0.0,0,0,0,2,12.0,2.4,10.2,2.785677655436825,0.26415349932497384
846,13,2025,6.0,6.0,1.0,0.0,0.0,0.0,0.0,0.0,0.0,0.0,0.0,0,0,1,3,22.0,3.6666666666666665,9.333333333333334,3.1972210155418095,0.23825288120332933
846,14,2019,7.0,7.0,1.0,0.0,0.0,0.0,0.0,0.0,0.0,0.0,0.0,0,1,2,4,40.0,5.714285714285714,8.285714285714286,3.917516914514881,0.20335466402735317
846,14,2020,1.0,1.0,1.0,0.0,0.0,0.0,0.0,0.0,0.0,0.0,0.0,0,0,0,1,1.0,1.0,10.0,0.0,1.0
846,14,2021,2.0,2.0,1.0,0.0,0.0,0.0,0.0,0.0,0.0,0.0,0.0,0,0,1,2,13.0,6.5,7.0,3.0,0.25
846,14,2022,3.0,3.0,1.0,0.0,0.0,0.0,0.0,0.0,0.0,0.0,0.0,0,1,2,3,31.0,10.333333333333334,5.333333333333333,3.39934634239519,0.22730649559533378
846,14,2023,4.0,4.0,1.0,0.0,0.0,0.0,0.0,0.0,0.0,0.0,0.0,0,1,2,4,37.0,9.25,5.75,3.031088913245535,0.2480719283353326
846,14,2024,5.0,5.0,1.0,0.0,0.0,0.0,0.0,0.0,0.0,0.0,0.0,0,1,2,5,41.0,8.2,6.2,2.8565713714171395,0.25929767757222627
846,14,2025,6.0,6.0,1.0,0.0,0.0,0.0,0.0,0.0,0.0,0.0,0.0,0,2,3,6,57.0,9.5,5.666666666666667,2.8674417556808756,0.2585688584788905
846,15,2019,7.0,7.0,1.0,0.0,0.0,0.0,0.0,0.0,0.0,0.0,0.0,0,3,4,7,75.0,10.714285714285714,5.142857142857143,2.948538205792899,0.253258281389528
846,15,2022,1.0,1.0,1.0,0.0,0.0,0.0,0.0,0.0,0.0,0.0,0.0,0,0,0,1,6.0,6.0,7.0,0.0,1.0
846,15,2023,2.0,2.0,1.0,0.0,0.0,0.0,0.0,0.0,0.0,0.0,0.0,0,0,1,2,18.0,9.0,5.5,1.5,0.4
846,15,2024,3.0,3.0,1.0,0.0,0.0,0.0,0.0,0.0,0.0,0.0,0.0,0,1,2,3,36.0,12.0,4.333333333333333,2.054804667656326,0.3273531727209285
846,15,2025,4.0,4.0,1.0,0.0,0.0,0.0,0.0,0.0,0.0,0.0,0.0,1,2,3,4,61.0,15.25,3.5,2.29128784747792,0.30383243470068705
846,17,2019,5.0,5.0,1.0,0.0,0.0,0.0,0.0,0.0,0.0,0.0,0.0,1,3,4,5,76.0,15.2,3.4,2.0591260281974004,0.32689074944364194
846,17,2024,1.0,0.0,0.0,1.0,1.0,0.0,0.0,1.0,1.0,0.0,0.0,0,0,0,0,0.0,0.0,18.0,0.0,1.0
846,17,2025,2.0,1.0,0.5,1.0,0.5,0.0,0.0,1.0,0.5,0.0,0.0,0,1,1,1,18.0,9.0,10.0,8.0,0.1111111111111111
846,18,2019,3.0,2.0,0.6666666666666666,1.0,0.3333333333333333,0.0,0.0,1.0,0.3333333333333333,0.0,0.0,0,2,2,2,36.0,12.0,7.333333333333333,7.542472332656508,0.11706212921254185
846,18,2021,1.0,1.0,1.0,0.0,0.0,0.0,0.0,0.0,0.0,0.0,0.0,0,0,0,1,4.0,4.0,8.0,0.0,1.0
846,18,2022,2.0,2.0,1.0,0.0,0.0,0.0,0.0,0.0,0.0,0.0,0.0,0,0,0,2,5.0,2.5,9.0,1.0,0.5
846,18,2023,3.0,2.0,0.6666666666666666,1.0,0.3333333333333333,1.0,0.3333333333333333,0.0,0.0,0.0,0.0,0,0,0,2,5.0,1.6666666666666667,6.0,4.320493798938573,0.1879524791852023
846,18,2024,4.0,3.0,0.75,1.0,0.25,1.0,0.25,0.0,0.0,0.0,0.0,0,1,1,3,24.0,6.0,5.0,4.123105625617661,0.1951941016011038
846,18,2025,5.0,4.0,0.8,1.0,0.2,1.0,0.2,0.0,0.0,0.0,0.0,0,1,1,4,32.0,6.4,5.2,3.709447398198281,0.21233913778983401
846,20,2020,6.0,5.0,0.8333333333333334,1.0,0.16666666666666666,1.0,0.16666666666666666,0.0,0.0,0.0,0.0,1,2,2,5,57.0,9.5,4.5,3.7305048809332315,0.2113939262657986
846,21,2020,1.0,0.0,0.0,1.0,1.0,1.0,1.0,0.0,0.0,0.0,0.0,0,0,0,0,0.0,0.0,0.0,0.0,1.0
846,21,2021,1.0,1.0,1.0,0.0,0.0,0.0,0.0,0.0,0.0,0.0,0.0,0,0,0,1,4.0,4.0,8.0,0.0,1.0
846,21,2022,2.0,2.0,1.0,0.0,0.0,0.0,0.0,0.0,0.0,0.0,0.0,0,1,1,2,19.0,9.5,5.5,2.5,0.2857142857142857
846,21,2024,3.0,3.0,1.0,0.0,0.0,0.0,0.0,0.0,0.0,0.0,0.0,0,2,2,3,34.0,11.333333333333334,4.666666666666667,2.357022603955157,0.29788301062430317
846,21,2025,4.0,4.0,1.0,0.0,0.0,0.0,0.0,0.0,0.0,0.0,0.0,0,3,3,4,52.0,13.0,4.0,2.345207879911715,0.2989350844248255
846,22,2019,5.0,5.0,1.0,0.0,0.0,0.0,0.0,0.0,0.0,0.0,0.0,0,4,4,5,70.0,14.0,3.6,2.2449944320643644,0.30816693862979333
846,22,2022,1.0,1.0,1.0,0.0,0.0,0.0,0.0,0.0,0.0,0.0,0.0,0,0,0,0,0.0,0.0,11.0,0.0,1.0
846,22,2023,2.0,2.0,1.0,0.0,0.0,0.0,0.0,0.0,0.0,0.0,0.0,0,0,0,1,1.0,0.5,10.5,0.5,0.6666666666666666
846,22,2024,3.0,3.0,1.0,0.0,0.0,0.0,0.0,0.0,0.0,0.0,0.0,0,1,1,2,19.0,6.333333333333333,7.666666666666667,4.02768199119819,0.19889881694002717
846,22,2025,4.0,4.0,1.0,0.0,0.0,0.0,0.0,0.0,0.0,0.0,0.0,0,1,2,3,29.0,7.25,7.0,3.6742346141747673,0.21393876913398135
846,24,2019,5.0,5.0,1.0,0.0,0.0,0.0,0.0,0.0,0.0,0.0,0.0,0,2,3,4,47.0,9.4,6.0,3.8470768123342687,0.2063099139372659
846,24,2020,1.0,1.0,1.0,0.0,0.0,0.0,0.0,0.0,0.0,0.0,0.0,0,0,0,1,4.0,4.0,8.0,0.0,1.0
846,24,2021,2.0,2.0,1.0,0.0,0.0,0.0,0.0,0.0,0.0,0.0,0.0,0,0,1,2,14.0,7.0,6.5,1.5,0.4
846,24,2022,3.0,3.0,1.0,0.0,0.0,0.0,0.0,0.0,0.0,0.0,0.0,0,0,1,3,20.0,6.666666666666667,6.666666666666667,1.2472191289246448,0.44499443206436534
846,24,2023,4.0,4.0,1.0,0.0,0.0,0.0,0.0,0.0,0.0,0.0,0.0,0,0,1,4,29.0,7.25,6.5,1.118033988749895,0.4721359549995794
846,24,2024,5.0,5.0,1.0,0.0,0.0,0.0,0.0,0.0,0.0,0.0,0.0,0,0,2,5,39.0,7.8,6.2,1.1661903789690569,0.4616399415807232
846,32,2019,6.0,6.0,1.0,0.0,0.0,0.0,0.0,0.0,0.0,0.0,0.0,1,1,3,6,64.0,10.666666666666666,5.333333333333333,2.2110831935702673,0.3114213926323542
846,32,2021,1.0,0.0,0.0,1.0,1.0,0.0,0.0,0.0,0.0,1.0,1.0,0,0,0,0,0.0,0.0,0.0,0.0,1.0
846,32,2022,2.0,1.0,0.5,1.0,0.5,0.0,0.0,0.0,0.0,1.0,0.5,0,0,0,1,1.0,0.5,5.0,5.0,0.16666666666666666
846,32,2023,3.0,2.0,0.6666666666666666,1.0,0.3333333333333333,0.0,0.0,0.0,0.0,1.0,0.3333333333333333,0,0,0,2,3.0,1.0,6.333333333333333,4.4969125210773475,0.18192030456471747
846,32,2024,4.0,3.0,0.75,1.0,0.25,0.0,0.0,0.0,0.0,1.0,0.25,0,0,1,3,13.0,3.25,6.0,3.9370039370059056,0.2025519956555797
846,32,2025,5.0,4.0,0.8,1.0,0.2,0.0,0.0,0.0,0.0,1.0,0.2,0,1,2,4,31.0,6.2,5.2,3.8678159211627428,0.20543093991137132
846,34,2019,6.0,5.0,0.8333333333333334,1.0,0.16666666666666666,0.0,0.0,0.0,0.0,1.0,0.16666666666666666,1,2,3,5,56.0,9.333333333333334,4.5,3.862210075418822,0.2056677898504543
846,34,2021,1.0,1.0,1.0,0.0,0.0,0.0,0.0,0.0,0.0,0.0,0.0,0,0,0,1,2.0,2.0,9.0,0.0,1.0
846,34,2022,2.0,2.0,1.0,0.0,0.0,0.0,0.0,0.0,0.0,0.0,0.0,0,0,1,2,12.0,6.0,7.0,2.0,0.3333333333333333
846,39,2021,3.0,3.0,1.0,0.0,0.0,0.0,0.0,0.0,0.0,0.0,0.0,0,0,1,3,18.0,6.0,7.0,1.6329931618554514,0.37979589711327133
846,39,2022,1.0,1.0,1.0,0.0,0.0,0.0,0.0,0.0,0.0,0.0,0.0,0,0,0,1,1.0,1.0,10.0,0.0,1.0
846,39,2023,2.0,2.0,1.0,0.0,0.0,0.0,0.0,0.0,0.0,0.0,0.0,0,0,0,2,7.0,3.5,8.5,1.5,0.4
846,39,2024,3.0,3.0,1.0,0.0,0.0,0.0,0.0,0.0,0.0,0.0,0.0,0,0,0,3,13.0,4.333333333333333,8.0,1.4142135623730951,0.4142135623730951
846,39,2025,4.0,4.0,1.0,0.0,0.0,0.0,0.0,0.0,0.0,0.0,0.0,1,1,1,4,39.0,9.75,6.25,3.2691742076555053,0.23423733756443926
846,69,2019,5.0,4.0,0.8,1.0,0.2,1.0,0.2,0.0,0.0,0.0,0.0,1,1,1,4,39.0,7.8,8.6,5.535341001239219,0.15301420382048647
846,69,2021,1.0,1.0,1.0,0.0,0.0,0.0,0.0,0.0,0.0,0.0,0.0,0,0,0,1,6.0,6.0,7.0,0.0,1.0
846,69,2022,2.0,2.0,1.0,0.0,0.0,0.0,0.0,0.0,0.0,0.0,0.0,0,0,0,2,10.0,5.0,7.5,0.5,0.6666666666666666
846,69,2023,3.0,3.0,1.0,0.0,0.0,0.0,0.0,0.0,0.0,0.0,0.0,0,0,0,3,18.0,6.0,7.0,0.8164965809277246,0.5505102572168223
846,69,2024,4.0,4.0,1.0,0.0,0.0,0.0,0.0,0.0,0.0,0.0,0.0,0,1,1,4,36.0,9.0,5.75,2.277608394786075,0.30510051218771933
846,69,2025,5.0,5.0,1.0,0.0,0.0,0.0,0.0,0.0,0.0,0.0,0.0,0,1,2,5,48.0,9.6,5.4,2.1540659228538,0.3170510777070885
846,70,2019,6.0,6.0,1.0,0.0,0.0,0.0,0.0,0.0,0.0,0.0,0.0,0,2,3,6,66.0,11.0,4.833333333333333,2.3392781412697006,0.2994659197870136
846,70,2020,1.0,1.0,1.0,0.0,0.0,0.0,0.0,0.0,0.0,0.0,0.0,0,0,0,1,8.0,8.0,6.0,0.0,1.0
846,70,2021,3.0,3.0,1.0,0.0,0.0,0.0,0.0,0.0,0.0,0.0,0.0,0,1,2,3,34.0,11.333333333333334,4.666666666666667,1.2472191289246448,0.44499443206436534
846,70,2022,5.0,5.0,1.0,0.0,0.0,0.0,0.0,0.0,0.0,0.0,0.0,0,2,4,5,59.0,11.8,4.4,1.199999999999999,0.4545454545454547
846,70,2023,6.0,6.0,1.0,0.0,0.0,0.0,0.0,0.0,0.0,0.0,0.0,0,2,4,6,65.0,10.833333333333334,4.833333333333333,1.462494064565355,0.40609234937445665
846,70,2024,7.0,7.0,1.0,0.0,0.0,0.0,0.0,0.0,0.0,0.0,0.0,0,2,5,7,77.0,11.0,4.714285714285714,1.3850513878332358,0.41927817786285815
846,70,2025,8.0,8.0,1.0,0.0,0.0,0.0,0.0,0.0,0.0,0.0,0.0,0,2,5,7,77.0,9.625,6.625,5.218656436287025,0.16080643950111356
846,71,2019,9.0,9.0,1.0,0.0,0.0,0.0,0.0,0.0,0.0,0.0,0.0,1,3,6,8,102.0,11.333333333333334,6.0,5.228129047119374,0.16056186254883698
846,71,2020,1.0,1.0,1.0,0.0,0.0,0.0,0.0,0.0,0.0,0.0,0.0,0,0,0,1,4.0,4.0,8.0,0.0,1.0
846,71,2021,2.0,2.0,1.0,0.0,0.0,0.0,0.0,0.0,0.0,0.0,0.0,0,0,0,1,4.0,2.0,11.5,3.5,0.2222222222222222
846,73,2019,3.0,3.0,1.0,0.0,0.0,0.0,0.0,0.0,0.0,0.0,0.0,0,0,0,2,11.0,3.6666666666666665,10.0,3.5590260840104375,0.2193450929151803
846,73,2021,1.0,1.0,1.0,0.0,0.0,0.0,0.0,0.0,0.0,0.0,0.0,0,0,0,1,4.0,4.0,8.0,0.0,1.0
846,73,2022,2.0,2.0,1.0,0.0,0.0,0.0,0.0,0.0,0.0,0.0,0.0,0,0,1,2,14.0,7.0,6.5,1.5,0.4
846,73,2023,3.0,3.0,1.0,0.0,0.0,0.0,0.0,0.0,0.0,0.0,0.0,0,0,1,3,16.0,5.333333333333333,7.333333333333333,1.699673171197596,0.3704152082810795
846,73,2024,4.0,4.0,1.0,0.0,0.0,0.0,0.0,0.0,0.0,0.0,0.0,0,0,1,4,18.0,4.5,7.75,1.6393596310755,0.37887978137807415
846,73,2025,5.0,5.0,1.0,0.0,0.0,0.0,0.0,0.0,0.0,0.0,0.0,0,0,2,5,31.0,6.2,7.0,2.097617696340303,0.3228287342177362
846,75,2020,6.0,6.0,1.0,0.0,0.0,0.0,0.0,0.0,0.0,0.0,0.0,0,0,2,6,37.0,6.166666666666667,7.0,1.9148542155126755,0.3430703308172537
846,75,2021,1.0,1.0,1.0,0.0,0.0,0.0,0.0,0.0,0.0,0.0,0.0,0,0,0,0,0.0,0.0,13.0,0.0,1.0
846,76,2020,2.0,2.0,1.0,0.0,0.0,0.0,0.0,0.0,0.0,0.0,0.0,0,0,1,1,10.0,5.0,9.0,4.0,0.2
846,77,2021,1.0,1.0,1.0,0.0,0.0,0.0,0.0,0.0,0.0,0.0,0.0,0,0,0,1,8.0,8.0,6.0,0.0,1.0
846,77,2022,1.0,1.0,1.0,0.0,0.0,0.0,0.0,0.0,0.0,0.0,0.0,0,0,0,1,1.0,1.0,10.0,0.0,1.0
846,77,2023,2.0,2.0,1.0,0.0,0.0,0.0,0.0,0.0,0.0,0.0,0.0,0,0,0,2,7.0,3.5,8.5,1.5,0.4
846,77,2024,3.0,3.0,1.0,0.0,0.0,0.0,0.0,0.0,0.0,0.0,0.0,0,0,0,2,7.0,2.3333333333333335,11.333333333333334,4.189935029992177,0.19268063939550076
846,77,2025,4.0,4.0,1.0,0.0,0.0,0.0,0.0,0.0,0.0,0.0,0.0,0,0,0,3,11.0,2.75,10.5,3.905124837953327,0.20386840968093525
846,78,2021,5.0,5.0,1.0,0.0,0.0,0.0,0.0,0.0,0.0,0.0,0.0,0,0,1,4,23.0,4.6,9.2,4.354308211415449,0.18676549061333228
846,78,2023,1.0,1.0,1.0,0.0,0.0,0.0,0.0,0.0,0.0,0.0,0.0,0,0,0,1,2.0,2.0,9.0,0.0,1.0
846,78,2024,2.0,2.0,1.0,0.0,0.0,0.0,0.0,0.0,0.0,0.0,0.0,0,1,1,2,17.0,8.5,6.0,3.0,0.25
846,78,2025,3.0,3.0,1.0,0.0,0.0,0.0,0.0,0.0,0.0,0.0,0.0,0,1,1,3,19.0,6.333333333333333,7.333333333333333,3.091206165165236,0.24442669462970268
846,79,2022,4.0,4.0,1.0,0.0,0.0,0.0,0.0,0.0,0.0,0.0,0.0,0,1,2,4,31.0,7.75,6.5,3.0413812651491097,0.2474401533514073
846,79,2023,1.0,0.0,0.0,1.0,1.0,0.0,0.0,1.0,1.0,0.0,0.0,0,0,0,0,0.0,0.0,0.0,0.0,1.0
846,79,2024,2.0,1.0,0.5,1.0,0.5,0.0,0.0,1.0,0.5,0.0,0.0,0,0,0,0,0.0,0.0,8.5,8.5,0.10526315789473684
846,79,2025,3.0,2.0,0.6666666666666666,1.0,0.3333333333333333,0.0,0.0,1.0,0.3333333333333333,0.0,0.0,1,1,1,1,25.0,8.333333333333334,6.0,7.788880963698615,0.11378012788321701
846,80,2023,4.0,3.0,0.75,1.0,0.25,0.0,0.0,1.0,0.25,0.0,0.0,1,2,2,2,43.0,10.75,5.0,6.96419413859206,0.12556198186509598
846,80,2024,1.0,0.0,0.0,1.0,1.0,0.0,0.0,1.0,1.0,0.0,0.0,0,0,0,0,0.0,0.0,0.0,0.0,1.0
846,80,2025,2.0,1.0,0.5,1.0,0.5,0.0,0.0,1.0,0.5,0.0,0.0,0,0,0,1,9.0,4.5,3.0,3.0,0.25
847,1,2019,3.0,2.0,0.6666666666666666,1.0,0.3333333333333333,0.0,0.0,1.0,0.3333333333333333,0.0,0.0,0,0,0,1,9.0,3.0,8.333333333333334,7.930251502246879,0.11197892912068567
847,1,2022,1.0,1.0,1.0,0.0,0.0,0.0,0.0,0.0,0.0,0.0,0.0,0,0,0,0,0.0,0.0,16.0,0.0,1.0
847,1,2023,2.0,2.0,1.0,0.0,0.0,0.0,0.0,0.0,0.0,0.0,0.0,0,1,1,1,15.0,7.5,9.5,6.5,0.13333333333333333
847,1,2024,3.0,2.0,0.6666666666666666,1.0,0.3333333333333333,1.0,0.3333333333333333,0.0,0.0,0.0,0.0,0,1,1,1,15.0,5.0,6.333333333333333,6.944222218666553,0.125877646983527
847,1,2025,4.0,3.0,0.75,1.0,0.25,1.0,0.25,0.0,0.0,0.0,0.0,0,1,1,1,15.0,3.75,9.0,7.582875444051551,0.11651106980622213
847,3,2019,5.0,4.0,0.8,1.0,0.2,1.0,0.2,0.0,0.0,0.0,0.0,0,2,2,2,30.0,6.0,7.8,7.194442299441979,0.12203393024905398
847,3,2020,1.0,1.0,1.0,0.0,0.0,0.0,0.0,0.0,0.0,0.0,0.0,0,0,0,0,0.0,0.0,15.0,0.0,1.0
847,3,2021,3.0,3.0,1.0,0.0,0.0,0.0,0.0,0.0,0.0,0.0,0.0,0,0,0,1,3.0,1.0,12.0,2.449489742783178,0.28989794855663564
847,3,2022,4.0,4.0,1.0,0.0,0.0,0.0,0.0,0.0,0.0,0.0,0.0,0,0,0,1,3.0,0.75,12.5,2.29128784747792,0.30383243470068705
847,3,2023,5.0,5.0,1.0,0.0,0.0,0.0,0.0,0.0,0.0,0.0,0.0,0,0,1,2,15.0,3.0,10.8,3.9698866482558404,0.20121183253765867
847,3,2024,6.0,6.0,1.0,0.0,0.0,0.0,0.0,0.0,0.0,0.0,0.0,0,0,1,3,21.0,3.5,10.166666666666666,3.8908725099762522,0.20446249579399803
847,3,2025,7.0,7.0,1.0,0.0,0.0,0.0,0.0,0.0,0.0,0.0,0.0,0,0,2,4,31.0,4.428571428571429,9.428571428571429,4.030495994190251,0.1987875551744611
847,4,2019,8.0,8.0,1.0,0.0,0.0,0.0,0.0,0.0,0.0,0.0,0.0,0,1,3,5,49.0,6.125,8.5,4.5,0.18181818181818182
847,4,2020,1.0,1.0,1.0,0.0,0.0,0.0,0.0,0.0,0.0,0.0,0.0,0,0,0,0,0.0,0.0,17.0,0.0,1.0
847,4,2021,2.0,2.0,1.0,0.0,0.0,0.0,0.0,0.0,0.0,0.0,0.0,0,0,0,0,0.0,0.0,17.0,0.0,1.0
847,4,2022,3.0,3.0,1.0,0.0,0.0,0.0,0.0,0.0,0.0,0.0,0.0,0,0,0,0,0.0,0.0,16.0,1.4142135623730951,0.4142135623730951
847,4,2023,4.0,4.0,1.0,0.0,0.0,0.0,0.0,0.0,0.0,0.0,0.0,0,1,1,1,15.0,3.75,12.75,5.7608593109014565,0.1479101921833462
847,4,2024,5.0,5.0,1.0,0.0,0.0,0.0,0.0,0.0,0.0,0.0,0.0,0,2,2,2,30.0,6.0,10.8,6.4621977685614045,0.13400877744262524
847,4,2025,6.0,6.0,1.0,0.0,0.0,0.0,0.0,0.0,0.0,0.0,0.0,0,2,3,3,42.0,7.0,9.666666666666666,6.420453428086074,0.1347626542894328
847,5,2020,7.0,7.0,1.0,0.0,0.0,0.0,0.0,0.0,0.0,0.0,0.0,0,2,4,4,54.0,7.714285714285714,8.857142857142858,6.266203485560372,0.13762345108931115
847,5,2021,1.0,1.0,1.0,0.0,0.0,0.0,0.0,0.0,0.0,0.0,0.0,0,0,0,0,0.0,0.0,16.0,0.0,1.0
847,6,2019,2.0,2.0,1.0,0.0,0.0,0.0,0.0,0.0,0.0,0.0,0.0,0,0,0,0,0.0,0.0,15.5,0.5,0.6666666666666666
847,6,2021,1.0,1.0,1.0,0.0,0.0,0.0,0.0,0.0,0.0,0.0,0.0,0,0,0,0,0.0,0.0,15.0,0.0,1.0
847,6,2022,2.0,2.0,1.0,0.0,0.0,0.0,0.0,0.0,0.0,0.0,0.0,0,0,0,0,0.0,0.0,14.5,0.5,0.6666666666666666
847,6,2023,3.0,3.0,1.0,0.0,0.0,0.0,0.0,0.0,0.0,0.0,0.0,0,0,1,1,10.0,3.3333333333333335,11.333333333333334,4.496912521077345,0.18192030456471756
847,6,2024,4.0,4.0,1.0,0.0,0.0,0.0,0.0,0.0,0.0,0.0,0.0,0,0,2,2,20.0,5.0,9.75,4.763139720814412,0.17351652891363287
847,6,2025,5.0,5.0,1.0,0.0,0.0,0.0,0.0,0.0,0.0,0.0,0.0,0,0,3,3,30.0,6.0,8.8,4.664761515876239,0.1765299381443276
847,7,2019,6.0,6.0,1.0,0.0,0.0,0.0,0.0,0.0,0.0,0.0,0.0,0,0,3,3,30.0,5.0,9.166666666666666,4.336537277085896,0.18738742897830302
847,7,2022,1.0,1.0,1.0,0.0,0.0,0.0,0.0,0.0,0.0,0.0,0.0,0,0,0,0,0.0,0.0,16.0,0.0,1.0
847,7,2023,2.0,2.0,1.0,0.0,0.0,0.0,0.0,0.0,0.0,0.0,0.0,0,0,1,1,12.0,6.0,10.0,6.0,0.14285714285714285
847,7,2024,3.0,2.0,0.6666666666666666,1.0,0.3333333333333333,1.0,0.3333333333333333,0.0,0.0,0.0,0.0,0,0,1,1,12.0,4.0,6.666666666666667,6.79869268479038,0.12822661956538922
847,7,2025,4.0,3.0,0.75,1.0,0.25,1.0,0.25,0.0,0.0,0.0,0.0,0,1,2,2,27.0,6.75,5.75,6.098155458825234,0.14088167071019644
847,9,2019,5.0,4.0,0.8,1.0,0.2,1.0,0.2,0.0,0.0,0.0,0.0,1,2,3,3,52.0,10.4,4.8,5.775811631277461,0.14758379577495243
847,9,2020,1.0,1.0,1.0,0.0,0.0,0.0,0.0,0.0,0.0,0.0,0.0,0,0,0,0,0.0,0.0,14.0,0.0,1.0
847,9,2021,3.0,3.0,1.0,0.0,0.0,0.0,0.0,0.0,0.0,0.0,0.0,0,0,0,0,0.0,0.0,14.666666666666666,2.494438257849301,0.28616902809880046
847,9,2022,4.0,4.0,1.0,0.0,0.0,0.0,0.0,0.0,0.0,0.0,0.0,0,0,0,0,0.0,0.0,14.0,2.449489742783178,0.28989794855663564
847,9,2023,5.0,4.0,0.8,1.0,0.2,0.0,0.0,1.0,0.2,0.0,0.0,0,0,0,0,0.0,0.0,11.2,6.0133185513491645,0.14258585185862238
847,9,2024,6.0,5.0,0.8333333333333334,1.0,0.16666666666666666,0.0,0.0,1.0,0.16666666666666666,0.0,0.0,0,0,1,1,10.0,1.6666666666666667,10.166666666666666,5.955856128401881,0.1437637555378466
847,9,2025,7.0,5.0,0.7142857142857143,2.0,0.2857142857142857,1.0,0.14285714285714285,1.0,0.14285714285714285,0.0,0.0,0,0,1,1,10.0,1.4285714285714286,8.714285714285714,6.562105187346202,0.13223830867538272
847,10,2019,8.0,6.0,0.75,2.0,0.25,1.0,0.125,1.0,0.125,0.0,0.0,0,0,1,2,11.0,1.375,8.875,6.152997237119484,0.13980153589472105
847,11,2019,1.0,1.0,1.0,0.0,0.0,0.0,0.0,0.0,0.0,0.0,0.0,0,0,0,0,0.0,0.0,11.0,0.0,1.0
847,11,2020,1.0,1.0,1.0,0.0,0.0,0.0,0.0,0.0,0.0,0.0,0.0,0,0,0,0,0.0,0.0,16.0,0.0,1.0
847,11,2021,2.0,2.0,1.0,0.0,0.0,0.0,0.0,0.0,0.0,0.0,0.0,0,0,0,0,0.0,0.0,17.0,1.0,0.5
847,11,2022,3.0,3.0,1.0,0.0,0.0,0.0,0.0,0.0,0.0,0.0,0.0,0,0,0,1,4.0,1.3333333333333333,14.0,4.320493798938572,0.18795247918520233
847,11,2023,4.0,4.0,1.0,0.0,0.0,0.0,0.0,0.0,0.0,0.0,0.0,0,1,1,2,19.0,4.75,11.25,6.057020719792859,0.1417028572971729
847,11,2024,5.0,5.0,1.0,0.0,0.0,0.0,0.0,0.0,0.0,0.0,0.0,0,1,1,3,27.0,5.4,10.2,5.810335618533582,0.14683564159137907
847,11,2025,6.0,6.0,1.0,0.0,0.0,0.0,0.0,0.0,0.0,0.0,0.0,0,1,1,4,32.0,5.333333333333333,9.833333333333334,5.367080729368205,0.15705784840884662
847,13,2019,7.0,7.0,1.0,0.0,0.0,0.0,0.0,0.0,0.0,0.0,0.0,0,2,2,5,47.0,6.714285714285714,8.857142857142858,5.514359733033937,0.15350702770205618
847,13,2020,1.0,1.0,1.0,0.0,0.0,0.0,0.0,0.0,0.0,0.0,0.0,0,0,0,0,0.0,0.0,15.0,0.0,1.0
847,13,2021,2.0,1.0,0.5,1.0,0.5,0.0,0.0,0.0,0.0,1.0,0.5,0,0,0,0,0.0,0.0,7.5,7.5,0.11764705882352941
847,13,2022,3.0,2.0,0.6666666666666666,1.0,0.3333333333333333,0.0,0.0,0.0,0.0,1.0,0.3333333333333333,0,1,1,1,9.0,3.0,5.666666666666667,6.649979114420001,0.1307193111305399
847,13,2023,4.0,3.0,0.75,1.0,0.25,0.0,0.0,0.0,0.0,1.0,0.25,0,1,2,2,21.0,5.25,5.25,5.80409338312195,0.14697035206491624
847,13,2024,5.0,4.0,0.8,1.0,0.2,0.0,0.0,0.0,0.0,1.0,0.2,0,1,2,3,29.0,5.8,5.4,5.2,0.16129032258064516
847,13,2025,6.0,5.0,0.8333333333333334,1.0,0.16666666666666666,0.0,0.0,0.0,0.0,1.0,0.16666666666666666,0,1,2,3,29.0,4.833333333333333,4.5,5.155902766086006,0.16244571072648886
847,14,2019,7.0,6.0,0.8571428571428571,1.0,0.14285714285714285,0.0,0.0,0.0,0.0,1.0,0.14285714285714285,0,1,3,4,39.0,5.571428571428571,4.571428571428571,4.776643856371568,0.17311089706473978
847,14,2020,1.0,1.0,1.0,0.0,0.0,0.0,0.0,0.0,0.0,0.0,0.0,0,0,0,0,0.0,0.0,14.0,0.0,1.0
847,14,2021,2.0,2.0,1.0,0.0,0.0,0.0,0.0,0.0,0.0,0.0,0.0,0,0,0,0,0.0,0.0,14.0,0.0,1.0
847,14,2022,3.0,3.0,1.0,0.0,0.0,0.0,0.0,0.0,0.0,0.0,0.0,0,0,0,1,2.0,0.6666666666666666,12.333333333333334,2.357022603955156,0.2978830106243033
847,14,2023,4.0,4.0,1.0,0.0,0.0,0.0,0.0,0.0,0.0,0.0,0.0,0,1,1,2,17.0,4.25,10.0,4.527692569068709,0.1809073112342927
847,14,2024,5.0,5.0,1.0,0.0,0.0,0.0,0.0,0.0,0.0,0.0,0.0,0,1,2,3,27.0,5.4,9.0,4.5166359162544865,0.1812698925904374
847,14,2025,6.0,6.0,1.0,0.0,0.0,0.0,0.0,0.0,0.0,0.0,0.0,0,1,2,4,33.0,5.5,8.666666666666666,4.1899350299921805,0.19268063939550062
847,15,2019,7.0,7.0,1.0,0.0,0.0,0.0,0.0,0.0,0.0,0.0,0.0,0,1,3,5,43.0,6.142857142857143,8.142857142857142,4.085814184592885,0.19662535116391577
847,15,2022,1.0,0.0,0.0,1.0,1.0,0.0,0.0,1.0,1.0,0.0,0.0,0,0,0,0,0.0,0.0,0.0,0.0,1.0
847,15,2023,2.0,1.0,0.5,1.0,0.5,0.0,0.0,1.0,0.5,0.0,0.0,0,0,0,0,0.0,0.0,7.0,7.0,0.125
847,15,2024,3.0,2.0,0.6666666666666666,1.0,0.3333333333333333,0.0,0.0,1.0,0.3333333333333333,0.0,0.0,0,0,0,0,0.0,0.0,10.0,7.118052168020873,0.12318225841652766
847,15,2025,4.0,3.0,0.75,1.0,0.25,0.0,0.0,1.0,0.25,0.0,0.0,0,0,1,1,12.0,3.0,8.5,6.689544080129826,0.13004672183153887
847,17,2019,5.0,4.0,0.8,1.0,0.2,0.0,0.0,1.0,0.2,0.0,0.0,1,1,2,2,37.0,7.4,7.0,6.6932802122726045,0.12998356649024212
847,17,2024,1.0,1.0,1.0,0.0,0.0,0.0,0.0,0.0,0.0,0.0,0.0,0,0,0,0,0.0,0.0,16.0,0.0,1.0
847,17,2025,2.0,2.0,1.0,0.0,0.0,0.0,0.0,0.0,0.0,0.0,0.0,0,0,0,1,8.0,4.0,11.0,5.0,0.16666666666666666
847,18,2019,3.0,3.0,1.0,0.0,0.0,0.0,0.0,0.0,0.0,0.0,0.0,0,1,1,2,23.0,7.666666666666667,8.333333333333334,5.55777733351102,0.15249069145575916
847,18,2021,1.0,1.0,1.0,0.0,0.0,0.0,0.0,0.0,0.0,0.0,0.0,0,0,0,0,0.0,0.0,12.0,0.0,1.0
847,18,2022,2.0,2.0,1.0,0.0,0.0,0.0,0.0,0.0,0.0,0.0,0.0,0,0,0,0,0.0,0.0,12.5,0.5,0.6666666666666666
847,18,2023,3.0,3.0,1.0,0.0,0.0,0.0,0.0,0.0,0.0,0.0,0.0,1,1,1,1,26.0,8.666666666666666,8.666666666666666,5.436502143433365,0.1553638882914407
847,18,2024,4.0,3.0,0.75,1.0,0.25,1.0,0.25,0.0,0.0,0.0,0.0,1,1,1,1,26.0,6.5,6.5,6.020797289396148,0.1424339656566283
847,18,2025,5.0,4.0,0.8,1.0,0.2,1.0,0.2,0.0,0.0,0.0,0.0,1,1,2,2,38.0,7.6,6.0,5.477225575051661,0.15438708879488486
847,20,2020,6.0,5.0,0.8333333333333334,1.0,0.16666666666666666,1.0,0.16666666666666666,0.0,0.0,0.0,0.0,1,1,3,3,50.0,8.333333333333334,5.666666666666667,5.055250296034367,0.16514593965750818
847,21,2020,1.0,0.0,0.0,1.0,1.0,0.0,0.0,1.0,1.0,0.0,0.0,0,0,0,0,0.0,0.0,0.0,0.0,1.0
847,21,2021,1.0,0.0,0.0,1.0,1.0,0.0,0.0,1.0,1.0,0.0,0.0,0,0,0,0,0.0,0.0,0.0,0.0,1.0
847,21,2022,2.0,0.0,0.0,2.0,1.0,0.0,0.0,2.0,1.0,0.0,0.0,0,0,0,0,0.0,0.0,0.0,0.0,1.0
847,21,2024,3.0,1.0,0.3333333333333333,2.0,0.6666666666666666,0.0,0.0,2.0,0.6666666666666666,0.0,0.0,0,0,1,1,12.0,4.0,1.3333333333333333,1.8856180831641267,0.34654620645552786
847,21,2025,4.0,2.0,0.5,2.0,0.5,0.0,0.0,2.0,0.5,0.0,0.0,0,0,1,2,19.0,4.75,2.75,2.947456530637899,0.2533276787821657
847,22,2019,5.0,3.0,0.6,2.0,0.4,0.0,0.0,2.0,0.4,0.0,0.0,0,0,1,3,25.0,5.0,3.6,3.1368774282716245,0.2417282158678308
847,22,2022,1.0,1.0,1.0,0.0,0.0,0.0,0.0,0.0,0.0,0.0,0.0,0,0,0,0,0.0,0.0,16.0,0.0,1.0
847,22,2023,2.0,2.0,1.0,0.0,0.0,0.0,0.0,0.0,0.0,0.0,0.0,0,0,0,1,4.0,2.0,12.0,4.0,0.2
847,22,2024,3.0,3.0,1.0,0.0,0.0,0.0,0.0,0.0,0.0,0.0,0.0,0,0,0,2,10.0,3.3333333333333335,10.333333333333334,4.02768199119819,0.19889881694002717
847,22,2025,4.0,4.0,1.0,0.0,0.0,0.0,0.0,0.0,0.0,0.0,0.0,0,0,0,3,16.0,4.0,9.5,3.774917217635375,0.20942771453851886
847,24,2019,5.0,5.0,1.0,0.0,0.0,0.0,0.0,0.0,0.0,0.0,0.0,0,0,1,4,26.0,5.2,8.6,3.8262252939417984,0.20720126788429608
847,24,2020,1.0,1.0,1.0,0.0,0.0,0.0,0.0,0.0,0.0,0.0,0.0,0,0,0,0,0.0,0.0,17.0,0.0,1.0
847,24,2021,2.0,2.0,1.0,0.0,0.0,0.0,0.0,0.0,0.0,0.0,0.0,0,0,0,0,0.0,0.0,16.0,1.0,0.5
847,24,2022,3.0,2.0,0.6666666666666666,1.0,0.3333333333333333,1.0,0.3333333333333333,0.0,0.0,0.0,0.0,0,0,0,0,0.0,0.0,10.666666666666666,7.586537784494029,0.11646137536433447
847,24,2023,4.0,3.0,0.75,1.0,0.25,1.0,0.25,0.0,0.0,0.0,0.0,0,0,1,1,10.0,2.5,9.25,7.013380069552769,0.12479128549007043
847,24,2024,5.0,4.0,0.8,1.0,0.2,1.0,0.2,0.0,0.0,0.0,0.0,0,1,2,2,25.0,5.0,8.0,6.752777206453652,0.12898603601914022
847,32,2019,6.0,5.0,0.8333333333333334,1.0,0.16666666666666666,1.0,0.16666666666666666,0.0,0.0,0.0,0.0,0,1,3,3,35.0,5.833333333333333,7.5,6.264982043070834,0.13764658936132898
847,32,2021,1.0,1.0,1.0,0.0,0.0,0.0,0.0,0.0,0.0,0.0,0.0,0,0,0,0,0.0,0.0,16.0,0.0,1.0
847,32,2022,2.0,2.0,1.0,0.0,0.0,0.0,0.0,0.0,0.0,0.0,0.0,0,0,0,0,0.0,0.0,16.0,0.0,1.0
847,32,2023,3.0,3.0,1.0,0.0,0.0,0.0,0.0,0.0,0.0,0.0,0.0,0,0,1,1,13.0,4.333333333333333,12.0,5.656854249492381,0.15022110482233483
847,32,2024,4.0,4.0,1.0,0.0,0.0,0.0,0.0,0.0,0.0,0.0,0.0,0,0,1,2,21.0,5.25,10.5,5.545268253204709,0.15278212615814146
847,32,2025,5.0,5.0,1.0,0.0,0.0,0.0,0.0,0.0,0.0,0.0,0.0,0,0,2,3,31.0,6.2,9.4,5.425863986500213,0.15562109657173753
847,34,2019,6.0,6.0,1.0,0.0,0.0,0.0,0.0,0.0,0.0,0.0,0.0,0,0,2,4,37.0,6.166666666666667,9.0,5.033222956847166,0.1657488886375548
847,34,2021,1.0,1.0,1.0,0.0,0.0,0.0,0.0,0.0,0.0,0.0,0.0,0,0,0,0,0.0,0.0,19.0,0.0,1.0
847,34,2022,2.0,2.0,1.0,0.0,0.0,0.0,0.0,0.0,0.0,0.0,0.0,0,0,0,0,0.0,0.0,15.5,3.5,0.2222222222222222
847,39,2021,3.0,3.0,1.0,0.0,0.0,0.0,0.0,0.0,0.0,0.0,0.0,0,1,1,1,15.0,5.0,11.333333333333334,6.548960901462833,0.13246856263439125
847,39,2022,1.0,1.0,1.0,0.0,0.0,0.0,0.0,0.0,0.0,0.0,0.0,0,0,0,0,0.0,0.0,17.0,0.0,1.0
847,39,2023,2.0,2.0,1.0,0.0,0.0,0.0,0.0,0.0,0.0,0.0,0.0,0,1,1,1,18.0,9.0,9.5,7.5,0.11764705882352941
847,39,2024,3.0,3.0,1.0,0.0,0.0,0.0,0.0,0.0,0.0,0.0,0.0,0,1,1,1,18.0,6.0,12.0,7.0710678118654755,0.12389934309929541
847,39,2025,4.0,4.0,1.0,0.0,0.0,0.0,0.0,0.0,0.0,0.0,0.0,0,1,1,2,24.0,6.0,10.75,6.49519052838329,0.13341888991522402
847,69,2019,5.0,5.0,1.0,0.0,0.0,0.0,0.0,0.0,0.0,0.0,0.0,0,1,2,3,36.0,7.2,9.4,6.406246951218786,0.13502115262784184
847,69,2021,1.0,1.0,1.0,0.0,0.0,0.0,0.0,0.0,0.0,0.0,0.0,0,0,0,0,0.0,0.0,17.0,0.0,1.0
847,69,2022,2.0,2.0,1.0,0.0,0.0,0.0,0.0,0.0,0.0,0.0,0.0,0,0,0,0,0.0,0.0,15.5,1.5,0.4
847,69,2023,3.0,3.0,1.0,0.0,0.0,0.0,0.0,0.0,0.0,0.0,0.0,0,0,1,1,11.0,3.6666666666666665,12.0,5.0990195135927845,0.1639607805437114
847,69,2024,4.0,4.0,1.0,0.0,0.0,0.0,0.0,0.0,0.0,0.0,0.0,0,0,2,2,21.0,5.25,10.25,5.356071321407137,0.15732988971222167
847,69,2025,5.0,5.0,1.0,0.0,0.0,0.0,0.0,0.0,0.0,0.0,0.0,0,0,2,3,29.0,5.8,9.4,5.083306010855533,0.1643842999539265
847,70,2019,6.0,6.0,1.0,0.0,0.0,0.0,0.0,0.0,0.0,0.0,0.0,0,0,2,4,37.0,6.166666666666667,8.833333333333334,4.810289896553937,0.1721084520400775
847,70,2020,1.0,1.0,1.0,0.0,0.0,0.0,0.0,0.0,0.0,0.0,0.0,0,0,0,0,0.0,0.0,18.0,0.0,1.0
847,70,2021,3.0,2.0,0.6666666666666666,1.0,0.3333333333333333,1.0,0.3333333333333333,0.0,0.0,0.0,0.0,0,0,0,0,0.0,0.0,11.333333333333334,8.055363982396381,0.11043178407229119
847,70,2022,5.0,3.0,0.6,2.0,0.4,2.0,0.4,0.0,0.0,0.0,0.0,0,0,0,0,0.0,0.0,9.0,7.694153624668537,0.11501982172969998
847,70,2023,6.0,4.0,0.6666666666666666,2.0,0.3333333333333333,2.0,0.3333333333333333,0.0,0.0,0.0,0.0,0,0,1,1,12.0,2.0,8.166666666666666,7.266743118863881,0.12096662320595156
847,70,2024,7.0,5.0,0.7142857142857143,2.0,0.2857142857142857,2.0,0.2857142857142857,0.0,0.0,0.0,0.0,0,0,1,2,18.0,2.5714285714285716,8.0,6.740072064048828,0.1291977634994913
847,70,2025,8.0,6.0,0.75,2.0,0.25,2.0,0.25,0.0,0.0,0.0,0.0,1,1,2,3,43.0,5.375,7.125,6.716351316004844,0.12959492887860788
847,71,2019,9.0,7.0,0.7777777777777778,2.0,0.2222222222222222,2.0,0.2222222222222222,0.0,0.0,0.0,0.0,1,1,3,4,53.0,5.888888888888889,6.888888888888889,6.367355014175289,0.1357339232432715
847,71,2020,1.0,0.0,0.0,1.0,1.0,1.0,1.0,0.0,0.0,0.0,0.0,0,0,0,0,0.0,0.0,0.0,0.0,1.0
847,71,2021,2.0,1.0,0.5,1.0,0.5,1.0,0.5,0.0,0.0,0.0,0.0,0,0,0,0,0.0,0.0,9.0,9.0,0.1
847,73,2019,3.0,2.0,0.6666666666666666,1.0,0.3333333333333333,1.0,0.3333333333333333,0.0,0.0,0.0,0.0,0,0,0,1,1.0,0.3333333333333333,9.333333333333334,7.363574011458173,0.11956610877478825
847,73,2021,1.0,1.0,1.0,0.0,0.0,0.0,0.0,0.0,0.0,0.0,0.0,0,0,0,0,0.0,0.0,15.0,0.0,1.0
847,73,2022,2.0,2.0,1.0,0.0,0.0,0.0,0.0,0.0,0.0,0.0,0.0,0,0,0,0,0.0,0.0,7.5,7.5,0.11764705882352941
847,73,2023,3.0,3.0,1.0,0.0,0.0,0.0,0.0,0.0,0.0,0.0,0.0,0,1,1,1,15.0,5.0,6.0,6.48074069840786,0.13367660240019172
847,73,2024,4.0,4.0,1.0,0.0,0.0,0.0,0.0,0.0,0.0,0.0,0.0,0,1,1,2,20.0,5.0,6.5,5.678908345800274,0.14972506706560876
847,73,2025,5.0,5.0,1.0,0.0,0.0,0.0,0.0,0.0,0.0,0.0,0.0,0,2,2,3,35.0,7.0,5.8,5.268775948927796,0.1595207753709939
847,75,2020,6.0,6.0,1.0,0.0,0.0,0.0,0.0,0.0,0.0,0.0,0.0,0,3,3,4,53.0,8.833333333333334,5.166666666666667,5.013869652163774,0.16628228708618628
847,75,2021,1.0,1.0,1.0,0.0,0.0,0.0,0.0,0.0,0.0,0.0,0.0,0,0,0,0,0.0,0.0,14.0,0.0,1.0
847,76,2020,2.0,2.0,1.0,0.0,0.0,0.0,0.0,0.0,0.0,0.0,0.0,0,0,0,0,0.0,0.0,15.0,1.0,0.5
847,77,2021,1.0,1.0,1.0,0.0,0.0,0.0,0.0,0.0,0.0,0.0,0.0,0,0,0,0,0.0,0.0,11.0,0.0,1.0
847,77,2022,1.0,0.0,0.0,1.0,1.0,0.0,0.0,1.0,1.0,0.0,0.0,0,0,0,0,0.0,0.0,0.0,0.0,1.0
847,77,2023,2.0,1.0,0.5,1.0,0.5,0.0,0.0,1.0,0.5,0.0,0.0,0,0,1,1,10.0,5.0,2.5,2.5,0.2857142857142857
847,77,2024,3.0,2.0,0.6666666666666666,1.0,0.3333333333333333,0.0,0.0,1.0,0.3333333333333333,0.0,0.0,0,0,2,2,22.0,7.333333333333333,3.0,2.1602468994692865,0.3164309725825328
847,77,2025,4.0,3.0,0.75,1.0,0.25,0.0,0.0,1.0,0.25,0.0,0.0,0,0,2,3,30.0,7.5,3.75,2.277608394786075,0.30510051218771933
847,78,2021,5.0,4.0,0.8,1.0,0.2,0.0,0.0,1.0,0.2,0.0,0.0,0,0,3,4,40.0,8.0,4.0,2.097617696340303,0.3228287342177362
847,78,2023,1.0,1.0,1.0,0.0,0.0,0.0,0.0,0.0,0.0,0.0,0.0,0,0,0,0,0.0,0.0,17.0,0.0,1.0
847,78,2024,2.0,2.0,1.0,0.0,0.0,0.0,0.0,0.0,0.0,0.0,0.0,0,0,1,1,12.0,6.0,10.5,6.5,0.13333333333333333
847,78,2025,3.0,3.0,1.0,0.0,0.0,0.0,0.0,0.0,0.0,0.0,0.0,0,0,2,2,24.0,8.0,8.333333333333334,6.128258770283411,0.14028671408070126
847,79,2022,4.0,4.0,1.0,0.0,0.0,0.0,0.0,0.0,0.0,0.0,0.0,0,0,2,3,32.0,8.0,7.75,5.402545696243577,0.15618787392438413
847,79,2023,1.0,1.0,1.0,0.0,0.0,0.0,0.0,0.0,0.0,0.0,0.0,0,0,1,1,10.0,10.0,5.0,0.0,1.0
847,79,2024,2.0,2.0,1.0,0.0,0.0,0.0,0.0,0.0,0.0,0.0,0.0,0,0,2,2,22.0,11.0,4.5,0.5,0.6666666666666666
847,79,2025,3.0,3.0,1.0,0.0,0.0,0.0,0.0,0.0,0.0,0.0,0.0,0,0,2,3,26.0,8.666666666666666,5.666666666666667,1.699673171197594,0.37041520828107977
847,80,2023,4.0,4.0,1.0,0.0,0.0,0.0,0.0,0.0,0.0,0.0,0.0,0,1,3,4,41.0,10.25,5.0,1.8708286933869707,0.3483314773547883
847,80,2024,1.0,1.0,1.0,0.0,0.0,0.0,0.0,0.0,0.0,0.0,0.0,0,0,0,1,4.0,4.0,8.0,0.0,1.0
847,80,2025,2.0,2.0,1.0,0.0,0.0,0.0,0.0,0.0,0.0,0.0,0.0,1,1,1,2,29.0,14.5,4.5,3.5,0.2222222222222222
848,1,2019,3.0,3.0,1.0,0.0,0.0,0.0,0.0,0.0,0.0,0.0,0.0,1,2,2,3,47.0,15.666666666666666,3.6666666666666665,3.091206165165235,0.24442669462970273
848,1,2022,1.0,1.0,1.0,0.0,0.0,0.0,0.0,0.0,0.0,0.0,0.0,0,0,0,0,0.0,0.0,14.0,0.0,1.0
848,1,2023,2.0,2.0,1.0,0.0,0.0,0.0,0.0,0.0,0.0,0.0,0.0,0,0,0,1,1.0,0.5,12.0,2.0,0.3333333333333333
848,1,2024,3.0,2.0,0.6666666666666666,1.0,0.3333333333333333,0.0,0.0,1.0,0.3333333333333333,0.0,0.0,0,0,0,1,1.0,0.3333333333333333,8.0,5.8878405775518985,0.14518338349164053
848,1,2025,4.0,3.0,0.75,1.0,0.25,0.0,0.0,1.0,0.25,0.0,0.0,0,0,0,1,1.0,0.25,8.75,5.261891294962297,0.1596961609353554
848,3,2019,5.0,4.0,0.8,1.0,0.2,0.0,0.0,1.0,0.2,0.0,0.0,0,0,1,2,11.0,2.2,8.0,4.939635614091388,0.16836049632869177
848,3,2020,1.0,1.0,1.0,0.0,0.0,0.0,0.0,0.0,0.0,0.0,0.0,0,0,0,1,2.0,2.0,9.0,0.0,1.0
848,3,2022,3.0,3.0,1.0,0.0,0.0,0.0,0.0,0.0,0.0,0.0,0.0,0,1,1,3,25.0,8.333333333333334,6.0,2.449489742783178,0.28989794855663564
848,3,2023,4.0,4.0,1.0,0.0,0.0,0.0,0.0,0.0,0.0,0.0,0.0,0,1,1,3,25.0,6.25,7.75,3.6996621467371855,0.21278125294480277
848,3,2024,5.0,5.0,1.0,0.0,0.0,0.0,0.0,0.0,0.0,0.0,0.0,0,1,1,4,26.0,5.2,8.2,3.42928563989645,0.22577004088256958
848,3,2025,6.0,6.0,1.0,0.0,0.0,0.0,0.0,0.0,0.0,0.0,0.0,0,1,1,4,26.0,4.333333333333333,9.333333333333334,4.027681991198188,0.19889881694002723
848,4,2019,7.0,7.0,1.0,0.0,0.0,0.0,0.0,0.0,0.0,0.0,0.0,0,1,1,4,26.0,3.7142857142857144,9.714285714285714,3.843892584878204,0.2064455357911584
848,4,2020,1.0,1.0,1.0,0.0,0.0,0.0,0.0,0.0,0.0,0.0,0.0,0,0,0,0,0.0,0.0,11.0,0.0,1.0
848,4,2022,2.0,2.0,1.0,0.0,0.0,0.0,0.0,0.0,0.0,0.0,0.0,0,0,0,1,4.0,2.0,9.5,1.5,0.4
848,4,2023,3.0,3.0,1.0,0.0,0.0,0.0,0.0,0.0,0.0,0.0,0.0,0,0,0,1,4.0,1.3333333333333333,12.333333333333334,4.189935029992177,0.19268063939550076
848,4,2024,4.0,4.0,1.0,0.0,0.0,0.0,0.0,0.0,0.0,0.0,0.0,0,0,0,1,4.0,1.0,13.25,3.960744879438715,0.2015826300894444
848,4,2025,5.0,5.0,1.0,0.0,0.0,0.0,0.0,0.0,0.0,0.0,0.0,0,0,0,1,4.0,0.8,14.2,4.019950248448359,0.19920516150714737
848,5,2020,6.0,5.0,0.8333333333333334,1.0,0.16666666666666666,0.0,0.0,1.0,0.16666666666666666,0.0,0.0,0,0,0,1,4.0,0.6666666666666666,15.0,4.082482904638629,0.1967542279556573
848,6,2019,1.0,1.0,1.0,0.0,0.0,0.0,0.0,0.0,0.0,0.0,0.0,0,0,0,1,6.0,6.0,7.0,0.0,1.0
848,6,2022,1.0,1.0,1.0,0.0,0.0,0.0,0.0,0.0,0.0,0.0,0.0,0,0,0,1,4.0,4.0,8.0,0.0,1.0
848,6,2023,2.0,1.0,0.5,1.0,0.5,1.0,0.5,0.0,0.0,0.0,0.0,0,0,0,1,4.0,2.0,4.0,4.0,0.2
848,6,2024,3.0,2.0,0.6666666666666666,1.0,0.3333333333333333,1.0,0.3333333333333333,0.0,0.0,0.0,0.0,0,0,0,1,4.0,1.3333333333333333,7.333333333333333,5.734883511361752,0.1484806676036786
848,6,2025,4.0,3.0,0.75,1.0,0.25,1.0,0.25,0.0,0.0,0.0,0.0,0,0,0,2,6.0,1.5,7.75,5.018714974971183,0.16614842273782668
848,7,2019,5.0,4.0,0.8,1.0,0.2,1.0,0.2,0.0,0.0,0.0,0.0,0,0,0,3,8.0,1.6,8.0,4.5166359162544865,0.1812698925904374
848,7,2022,1.0,0.0,0.0,1.0,1.0,0.0,0.0,1.0,1.0,0.0,0.0,0,0,0,0,0.0,0.0,0.0,0.0,1.0
848,7,2023,2.0,1.0,0.5,1.0,0.5,0.0,0.0,1.0,0.5,0.0,0.0,0,0,0,0,0.0,0.0,6.5,6.5,0.13333333333333333
848,7,2024,3.0,2.0,0.6666666666666666,1.0,0.3333333333333333,0.0,0.0,1.0,0.3333333333333333,0.0,0.0,0,0,0,1,6.0,2.0,6.666666666666667,5.312459150169742,0.15841686674092934
848,7,2025,4.0,2.0,0.5,2.0,0.5,0.0,0.0,2.0,0.5,0.0,0.0,0,0,0,1,6.0,1.5,5.0,5.431390245600108,0.15548737703860027
848,9,2019,5.0,2.0,0.4,3.0,0.6,1.0,0.2,2.0,0.4,0.0,0.0,0,0,0,1,6.0,1.2,8.0,7.7201036262475125,0.11467753628408726
848,9,2020,1.0,1.0,1.0,0.0,0.0,0.0,0.0,0.0,0.0,0.0,0.0,0,0,0,0,0.0,0.0,12.0,0.0,1.0
848,9,2022,3.0,3.0,1.0,0.0,0.0,0.0,0.0,0.0,0.0,0.0,0.0,0,0,1,2,14.0,4.666666666666667,8.333333333333334,2.8674417556808742,0.25856885847889055
848,9,2023,4.0,3.0,0.75,1.0,0.25,0.0,0.0,1.0,0.25,0.0,0.0,0,0,1,2,14.0,3.5,6.25,4.380353866983808,0.18586138100254615
848,9,2024,5.0,4.0,0.8,1.0,0.2,0.0,0.0,1.0,0.2,0.0,0.0,0,0,1,3,18.0,3.6,6.6,3.9799497484264803,0.20080523911229647
848,9,2025,6.0,5.0,0.8333333333333334,1.0,0.16666666666666666,0.0,0.0,1.0,0.16666666666666666,0.0,0.0,0,0,1,4,20.0,3.3333333333333335,7.0,3.7416573867739413,0.21089672205953397
848,10,2019,7.0,6.0,0.8571428571428571,1.0,0.14285714285714285,0.0,0.0,1.0,0.14285714285714285,0.0,0.0,0,0,1,5,24.0,3.4285714285714284,7.142857142857143,3.481730744843983,0.22312808531624803
848,11,2019,1.0,1.0,1.0,0.0,0.0,0.0,0.0,0.0,0.0,0.0,0.0,0,0,0,1,8.0,8.0,6.0,0.0,1.0
848,11,2020,1.0,1.0,1.0,0.0,0.0,0.0,0.0,0.0,0.0,0.0,0.0,0,0,0,1,1.0,1.0,10.0,0.0,1.0
848,11,2022,2.0,2.0,1.0,0.0,0.0,0.0,0.0,0.0,0.0,0.0,0.0,0,0,1,2,11.0,5.5,7.5,2.5,0.2857142857142857
848,11,2023,3.0,3.0,1.0,0.0,0.0,0.0,0.0,0.0,0.0,0.0,0.0,0,0,1,2,11.0,3.6666666666666665,10.666666666666666,4.921607686744467,0.1688730582808622
848,11,2024,4.0,4.0,1.0,0.0,0.0,0.0,0.0,0.0,0.0,0.0,0.0,0,0,1,2,11.0,2.75,10.75,4.264680527307995,0.1899450488615561
848,11,2025,5.0,5.0,1.0,0.0,0.0,0.0,0.0,0.0,0.0,0.0,0.0,0,0,1,2,11.0,2.2,11.4,4.029888335921974,0.198811570598555
848,13,2019,6.0,6.0,1.0,0.0,0.0,0.0,0.0,0.0,0.0,0.0,0.0,0,0,1,2,11.0,1.8333333333333333,12.0,3.915780041490245,0.20342651452257507
848,13,2020,1.0,1.0,1.0,0.0,0.0,0.0,0.0,0.0,0.0,0.0,0.0,0,0,1,1,10.0,10.0,5.0,0.0,1.0
848,13,2022,2.0,2.0,1.0,0.0,0.0,0.0,0.0,0.0,0.0,0.0,0.0,0,0,1,2,18.0,9.0,5.5,0.5,0.6666666666666666
848,13,2023,3.0,3.0,1.0,0.0,0.0,0.0,0.0,0.0,0.0,0.0,0.0,0,0,1,3,19.0,6.333333333333333,7.0,2.160246899469286,0.31643097258253283
848,13,2024,4.0,4.0,1.0,0.0,0.0,0.0,0.0,0.0,0.0,0.0,0.0,0,0,1,3,19.0,4.75,8.75,3.5619517121937516,0.21920442457272743
848,13,2025,5.0,5.0,1.0,0.0,0.0,0.0,0.0,0.0,0.0,0.0,0.0,0,0,1,3,19.0,3.8,9.4,3.4409301068170492,0.22517805413441436
848,14,2019,6.0,6.0,1.0,0.0,0.0,0.0,0.0,0.0,0.0,0.0,0.0,0,0,1,4,27.0,4.5,8.833333333333334,3.3870669054835947,0.22794272837509144
848,14,2020,1.0,1.0,1.0,0.0,0.0,0.0,0.0,0.0,0.0,0.0,0.0,0,0,0,1,8.0,8.0,6.0,0.0,1.0
848,14,2023,2.0,2.0,1.0,0.0,0.0,0.0,0.0,0.0,0.0,0.0,0.0,0,0,0,1,8.0,4.0,10.5,4.5,0.18181818181818182
848,14,2024,3.0,3.0,1.0,0.0,0.0,0.0,0.0,0.0,0.0,0.0,0.0,0,0,0,2,14.0,4.666666666666667,9.333333333333334,4.027681991198188,0.19889881694002723
848,14,2025,4.0,4.0,1.0,0.0,0.0,0.0,0.0,0.0,0.0,0.0,0.0,0,0,0,3,16.0,4.0,9.25,3.491060010942235,0.2226645819836635
848,15,2019,5.0,5.0,1.0,0.0,0.0,0.0,0.0,0.0,0.0,0.0,0.0,0,0,0,4,22.0,4.4,8.8,3.2496153618543824,0.23531541441991477
848,15,2022,1.0,1.0,1.0,0.0,0.0,0.0,0.0,0.0,0.0,0.0,0.0,0,0,0,1,8.0,8.0,6.0,0.0,1.0
848,15,2023,2.0,1.0,0.5,1.0,0.5,0.0,0.0,1.0,0.5,0.0,0.0,0,0,0,1,8.0,4.0,3.0,3.0,0.25
848,15,2024,3.0,2.0,0.6666666666666666,1.0,0.3333333333333333,0.0,0.0,1.0,0.3333333333333333,0.0,0.0,0,0,0,1,8.0,2.6666666666666665,5.666666666666667,4.496912521077347,0.1819203045647175
848,15,2025,4.0,2.0,0.5,2.0,0.5,1.0,0.25,1.0,0.25,0.0,0.0,0,0,0,1,8.0,2.0,4.25,4.602988159880492,0.17847619367829065
848,17,2019,5.0,3.0,0.6,2.0,0.4,1.0,0.2,1.0,0.2,0.0,0.0,0,0,0,1,8.0,1.6,6.2,5.670978751503129,0.14990304080562036
848,17,2024,1.0,1.0,1.0,0.0,0.0,0.0,0.0,0.0,0.0,0.0,0.0,0,0,0,1,1.0,1.0,10.0,0.0,1.0
848,17,2025,2.0,2.0,1.0,0.0,0.0,0.0,0.0,0.0,0.0,0.0,0.0,0,0,0,1,1.0,0.5,11.0,1.0,0.5
848,18,2019,3.0,3.0,1.0,0.0,0.0,0.0,0.0,0.0,0.0,0.0,0.0,0,0,0,2,7.0,2.3333333333333335,9.666666666666666,2.0548046676563305,0.32735317272092807
848,18,2022,1.0,1.0,1.0,0.0,0.0,0.0,0.0,0.0,0.0,0.0,0.0,0,0,0,0,0.0,0.0,14.0,0.0,1.0
848,18,2023,2.0,2.0,1.0,0.0,0.0,0.0,0.0,0.0,0.0,0.0,0.0,0,0,0,0,0.0,0.0,14.5,0.5,0.6666666666666666
848,18,2024,3.0,2.0,0.6666666666666666,1.0,0.3333333333333333,0.0,0.0,1.0,0.3333333333333333,0.0,0.0,0,0,0,0,0.0,0.0,9.666666666666666,6.847546194724714,0.12742836743952154
848,18,2025,4.0,2.0,0.5,2.0,0.5,0.0,0.0,1.0,0.25,1.0,0.25,0,0,0,0,0.0,0.0,7.25,7.258615570478987,0.12108567004554269
848,20,2020,5.0,3.0,0.6,2.0,0.4,0.0,0.0,1.0,0.2,1.0,0.2,0,0,0,0,0.0,0.0,8.0,6.663332499583073,0.1304915322484579
848,21,2020,1.0,0.0,0.0,1.0,1.0,1.0,1.0,0.0,0.0,0.0,0.0,0,0,0,0,0.0,0.0,0.0,0.0,1.0
848,21,2022,1.0,1.0,1.0,0.0,0.0,0.0,0.0,0.0,0.0,0.0,0.0,0,0,0,0,0.0,0.0,15.0,0.0,1.0
848,21,2024,2.0,2.0,1.0,0.0,0.0,0.0,0.0,0.0,0.0,0.0,0.0,0,0,0,0,0.0,0.0,13.0,2.0,0.3333333333333333
848,21,2025,3.0,2.0,0.6666666666666666,1.0,0.3333333333333333,0.0,0.0,0.0,0.0,1.0,0.3333333333333333,0,0,0,0,0.0,0.0,8.666666666666666,6.342099196813483,0.13620082938051373
848,22,2019,4.0,3.0,0.75,1.0,0.25,0.0,0.0,0.0,0.0,1.0,0.25,0,0,1,1,10.0,2.5,7.75,5.717298313014636,0.14886937476969264
848,22,2022,1.0,1.0,1.0,0.0,0.0,0.0,0.0,0.0,0.0,0.0,0.0,0,0,1,1,12.0,12.0,4.0,0.0,1.0
848,22,2023,2.0,1.0,0.5,1.0,0.5,1.0,0.5,0.0,0.0,0.0,0.0,0,0,1,1,12.0,6.0,2.0,2.0,0.3333333333333333
848,22,2024,3.0,1.0,0.3333333333333333,2.0,0.6666666666666666,1.0,0.3333333333333333,1.0,0.3333333333333333,0.0,0.0,0,0,1,1,12.0,4.0,1.3333333333333333,1.8856180831641267,0.34654620645552786
848,22,2025,4.0,1.0,0.25,3.0,0.75,1.0,0.25,2.0,0.5,0.0,0.0,0,0,1,1,12.0,3.0,1.0,1.7320508075688772,0.36602540378443865
848,24,2019,5.0,2.0,0.4,3.0,0.6,1.0,0.2,2.0,0.4,0.0,0.0,0,0,1,2,14.0,2.8,2.6,3.555277766926235,0.2195255813510512
848,24,2020,1.0,1.0,1.0,0.0,0.0,0.0,0.0,0.0,0.0,0.0,0.0,0,0,0,1,8.0,8.0,6.0,0.0,1.0
848,24,2022,2.0,2.0,1.0,0.0,0.0,0.0,0.0,0.0,0.0,0.0,0.0,0,0,1,2,20.0,10.0,5.0,1.0,0.5
848,24,2023,3.0,3.0,1.0,0.0,0.0,0.0,0.0,0.0,0.0,0.0,0.0,0,0,1,2,20.0,6.666666666666667,7.666666666666667,3.8586123009300746,0.20582008566696544
848,24,2024,4.0,4.0,1.0,0.0,0.0,0.0,0.0,0.0,0.0,0.0,0.0,0,0,1,2,20.0,5.0,9.25,4.322904116447646,0.18786737054120964
848,32,2019,5.0,5.0,1.0,0.0,0.0,0.0,0.0,0.0,0.0,0.0,0.0,0,0,1,2,20.0,4.0,9.6,3.9293765408777,0.2028654114181233
848,32,2022,1.0,1.0,1.0,0.0,0.0,0.0,0.0,0.0,0.0,0.0,0.0,0,0,1,1,10.0,10.0,5.0,0.0,1.0
848,32,2023,2.0,2.0,1.0,0.0,0.0,0.0,0.0,0.0,0.0,0.0,0.0,0,0,1,1,10.0,5.0,8.5,3.5,0.2222222222222222
848,32,2024,3.0,3.0,1.0,0.0,0.0,0.0,0.0,0.0,0.0,0.0,0.0,0,0,1,2,12.0,4.0,8.666666666666666,2.867441755680877,0.2585688584788904
848,32,2025,4.0,3.0,0.75,1.0,0.25,0.0,0.0,1.0,0.25,0.0,0.0,0,0,1,2,12.0,3.0,6.5,4.5,0.18181818181818182
848,34,2019,5.0,4.0,0.8,1.0,0.2,0.0,0.0,1.0,0.2,0.0,0.0,0,0,1,2,12.0,2.4,7.6,4.586937976471886,0.17898892098163102
848,34,2022,1.0,1.0,1.0,0.0,0.0,0.0,0.0,0.0,0.0,0.0,0.0,0,0,0,0,0.0,0.0,15.0,0.0,1.0
848,39,2022,2.0,2.0,1.0,0.0,0.0,0.0,0.0,0.0,0.0,0.0,0.0,0,0,0,0,0.0,0.0,14.0,1.0,0.5
848,39,2023,1.0,1.0,1.0,0.0,0.0,0.0,0.0,0.0,0.0,0.0,0.0,0,0,0,0,0.0,0.0,12.0,0.0,1.0
848,39,2024,2.0,2.0,1.0,0.0,0.0,0.0,0.0,0.0,0.0,0.0,0.0,0,0,0,1,4.0,2.0,10.0,2.0,0.3333333333333333
848,39,2025,3.0,3.0,1.0,0.0,0.0,0.0,0.0,0.0,0.0,0.0,0.0,0,0,0,1,4.0,1.3333333333333333,11.333333333333334,2.4944382578492896,0.2861690280988014
848,69,2019,4.0,4.0,1.0,0.0,0.0,0.0,0.0,0.0,0.0,0.0,0.0,0,0,1,2,14.0,3.5,9.75,3.491060010942235,0.2226645819836635
848,69,2022,1.0,1.0,1.0,0.0,0.0,0.0,0.0,0.0,0.0,0.0,0.0,0,0,1,1,10.0,10.0,5.0,0.0,1.0
848,69,2023,2.0,2.0,1.0,0.0,0.0,0.0,0.0,0.0,0.0,0.0,0.0,0,0,1,1,10.0,5.0,9.0,4.0,0.2
848,69,2024,3.0,3.0,1.0,0.0,0.0,0.0,0.0,0.0,0.0,0.0,0.0,0,0,1,2,12.0,4.0,9.0,3.265986323710905,0.23441237831492107
848,69,2025,4.0,4.0,1.0,0.0,0.0,0.0,0.0,0.0,0.0,0.0,0.0,0,0,1,2,12.0,3.0,10.75,4.14578098794425,0.1943339606452046
848,70,2019,5.0,5.0,1.0,0.0,0.0,0.0,0.0,0.0,0.0,0.0,0.0,0,0,1,2,12.0,2.4,11.4,3.9293765408777,0.2028654114181233
848,70,2020,1.0,1.0,1.0,0.0,0.0,0.0,0.0,0.0,0.0,0.0,0.0,0,0,0,0,0.0,0.0,15.0,0.0,1.0
848,70,2022,3.0,3.0,1.0,0.0,0.0,0.0,0.0,0.0,0.0,0.0,0.0,0,0,1,1,12.0,4.0,10.666666666666666,4.784233364802441,0.17288375778285264
848,70,2023,4.0,4.0,1.0,0.0,0.0,0.0,0.0,0.0,0.0,0.0,0.0,0,0,1,1,12.0,3.0,11.0,4.183300132670378,0.19292728076790167
848,70,2024,5.0,5.0,1.0,0.0,0.0,0.0,0.0,0.0,0.0,0.0,0.0,0,0,1,1,12.0,2.4,11.0,3.7416573867739413,0.21089672205953397
848,70,2025,6.0,6.0,1.0,0.0,0.0,0.0,0.0,0.0,0.0,0.0,0.0,0,0,1,1,12.0,2.0,11.666666666666666,3.726779962499653,0.2115605143318692
848,71,2019,7.0,6.0,0.8571428571428571,1.0,0.14285714285714285,1.0,0.14285714285714285,0.0,0.0,0.0,0.0,0,0,1,1,12.0,1.7142857142857142,12.428571428571429,3.9227229193559943,0.20313960716091312
848,71,2020,1.0,1.0,1.0,0.0,0.0,0.0,0.0,0.0,0.0,0.0,0.0,0,0,1,1,10.0,10.0,5.0,0.0,1.0
848,73,2019,2.0,2.0,1.0,0.0,0.0,0.0,0.0,0.0,0.0,0.0,0.0,0,0,1,2,11.0,5.5,7.5,2.5,0.2857142857142857
848,73,2022,1.0,1.0,1.0,0.0,0.0,0.0,0.0,0.0,0.0,0.0,0.0,0,0,0,0,0.0,0.0,11.0,0.0,1.0
848,73,2023,2.0,2.0,1.0,0.0,0.0,0.0,0.0,0.0,0.0,0.0,0.0,0,0,0,0,0.0,0.0,11.5,0.5,0.6666666666666666
848,73,2024,3.0,3.0,1.0,0.0,0.0,0.0,0.0,0.0,0.0,0.0,0.0,0,0,0,0,0.0,0.0,11.666666666666666,0.47140452079106854,0.6796227589829422
848,73,2025,4.0,4.0,1.0,0.0,0.0,0.0,0.0,0.0,0.0,0.0,0.0,0,0,0,1,6.0,1.5,10.5,2.0615528128088303,0.3266316347104093
848,75,2020,5.0,5.0,1.0,0.0,0.0,0.0,0.0,0.0,0.0,0.0,0.0,0,0,0,1,6.0,1.2,11.0,2.0976176963403046,0.32282873421773606
848,76,2020,1.0,1.0,1.0,0.0,0.0,0.0,0.0,0.0,0.0,0.0,0.0,0,0,0,0,0.0,0.0,12.0,0.0,1.0
848,77,2022,1.0,1.0,1.0,0.0,0.0,0.0,0.0,0.0,0.0,0.0,0.0,0,1,1,1,15.0,15.0,3.0,0.0,1.0
848,77,2023,1.0,1.0,1.0,0.0,0.0,0.0,0.0,0.0,0.0,0.0,0.0,0,0,0,0,0.0,0.0,14.0,0.0,1.0
848,77,2024,2.0,1.0,0.5,1.0,0.5,1.0,0.5,0.0,0.0,0.0,0.0,0,0,0,0,0.0,0.0,7.0,7.0,0.125
848,77,2025,3.0,2.0,0.6666666666666666,1.0,0.3333333333333333,1.0,0.3333333333333333,0.0,0.0,0.0,0.0,0,0,0,0,0.0,0.0,8.333333333333334,6.018490028422596,0.1424807894504838
848,78,2023,4.0,3.0,0.75,1.0,0.25,1.0,0.25,0.0,0.0,0.0,0.0,0,0,0,1,2.0,0.5,8.5,5.220153254455275,0.1607677430268676
848,78,2024,1.0,1.0,1.0,0.0,0.0,0.0,0.0,0.0,0.0,0.0,0.0,0,0,0,0,0.0,0.0,13.0,0.0,1.0
848,78,2025,2.0,2.0,1.0,0.0,0.0,0.0,0.0,0.0,0.0,0.0,0.0,0,0,0,0,0.0,0.0,14.0,1.0,0.5
848,79,2022,3.0,3.0,1.0,0.0,0.0,0.0,0.0,0.0,0.0,0.0,0.0,0,0,0,0,0.0,0.0,13.0,1.6329931618554492,0.37979589711327166
848,79,2023,1.0,1.0,1.0,0.0,0.0,0.0,0.0,0.0,0.0,0.0,0.0,0,0,0,1,2.0,2.0,9.0,0.0,1.0
848,79,2024,2.0,2.0,1.0,0.0,0.0,0.0,0.0,0.0,0.0,0.0,0.0,0,0,0,1,2.0,1.0,11.5,2.5,0.2857142857142857
848,79,2025,3.0,3.0,1.0,0.0,0.0,0.0,0.0,0.0,0.0,0.0,0.0,0,0,0,1,2.0,0.6666666666666666,13.666666666666666,3.681787005729089,0.2135936553235555
848,80,2023,4.0,4.0,1.0,0.0,0.0,0.0,0.0,0.0,0.0,0.0,0.0,0,0,1,2,12.0,3.0,11.5,4.924428900898052,0.16879264089884097
848,80,2024,1.0,1.0,1.0,0.0,0.0,0.0,0.0,0.0,0.0,0.0,0.0,0,0,0,0,0.0,0.0,12.0,0.0,1.0
848,80,2025,2.0,1.0,0.5,1.0,0.5,1.0,0.5,0.0,0.0,0.0,0.0,0,0,0,0,0.0,0.0,6.0,6.0,0.14285714285714285
849,1,2022,3.0,1.0,0.3333333333333333,2.0,0.6666666666666666,1.0,0.3333333333333333,1.0,0.3333333333333333,0.0,0.0,0,0,0,0,0.0,0.0,9.333333333333334,6.798692684790379,0.12822661956538925
849,3,2020,1.0,1.0,1.0,0.0,0.0,0.0,0.0,0.0,0.0,0.0,0.0,0,0,0,0,0.0,0.0,16.0,0.0,1.0
849,3,2021,2.0,1.0,0.5,1.0,0.5,1.0,0.5,0.0,0.0,0.0,0.0,0,0,0,0,0.0,0.0,7.0,7.0,0.125
849,3,2022,3.0,2.0,0.6666666666666666,1.0,0.3333333333333333,1.0,0.3333333333333333,0.0,0.0,0.0,0.0,0,0,0,0,0.0,0.0,10.666666666666666,7.717224601860151,0.11471541065795322
849,4,2020,4.0,3.0,0.75,1.0,0.25,1.0,0.25,0.0,0.0,0.0,0.0,0,0,0,0,0.0,0.0,12.0,7.0710678118654755,0.12389934309929541
849,4,2021,1.0,1.0,1.0,0.0,0.0,0.0,0.0,0.0,0.0,0.0,0.0,0,0,0,0,0.0,0.0,18.0,0.0,1.0
849,4,2022,2.0,2.0,1.0,0.0,0.0,0.0,0.0,0.0,0.0,0.0,0.0,0,0,0,0,0.0,0.0,17.0,1.0,0.5
849,5,2020,3.0,3.0,1.0,0.0,0.0,0.0,0.0,0.0,0.0,0.0,0.0,0,0,0,0,0.0,0.0,16.666666666666668,0.9428090415820466,0.5147186257614341
849,5,2021,1.0,0.0,0.0,1.0,1.0,0.0,0.0,1.0,1.0,0.0,0.0,0,0,0,0,0.0,0.0,0.0,0.0,1.0
849,6,2021,2.0,1.0,0.5,1.0,0.5,0.0,0.0,1.0,0.5,0.0,0.0,0,0,0,0,0.0,0.0,8.5,8.5,0.10526315789473684
849,6,2022,1.0,1.0,1.0,0.0,0.0,0.0,0.0,0.0,0.0,0.0,0.0,0,0,0,0,0.0,0.0,15.0,0.0,1.0
849,7,2022,2.0,2.0,1.0,0.0,0.0,0.0,0.0,0.0,0.0,0.0,0.0,0,0,0,0,0.0,0.0,15.0,0.0,1.0
849,9,2020,1.0,1.0,1.0,0.0,0.0,0.0,0.0,0.0,0.0,0.0,0.0,0,0,0,0,0.0,0.0,16.0,0.0,1.0
849,9,2021,2.0,2.0,1.0,0.0,0.0,0.0,0.0,0.0,0.0,0.0,0.0,0,0,0,0,0.0,0.0,17.0,2.0,0.3333333333333333
849,9,2022,3.0,3.0,1.0,0.0,0.0,0.0,0.0,0.0,0.0,0.0,0.0,0,0,0,0,0.0,0.0,16.0,2.160246899469291,0.31643097258253233
849,11,2020,4.0,4.0,1.0,0.0,0.0,0.0,0.0,0.0,0.0,0.0,0.0,0,0,0,0,0.0,0.0,15.0,2.5495097567963922,0.28172904669025317
849,11,2021,1.0,1.0,1.0,0.0,0.0,0.0,0.0,0.0,0.0,0.0,0.0,0,0,0,0,0.0,0.0,19.0,0.0,1.0
849,11,2022,2.0,2.0,1.0,0.0,0.0,0.0,0.0,0.0,0.0,0.0,0.0,0,0,0,1,6.0,3.0,13.0,6.0,0.14285714285714285
849,13,2020,3.0,3.0,1.0,0.0,0.0,0.0,0.0,0.0,0.0,0.0,0.0,0,0,0,1,6.0,2.0,14.666666666666666,5.436502143433365,0.1553638882914407
849,13,2021,1.0,1.0,1.0,0.0,0.0,0.0,0.0,0.0,0.0,0.0,0.0,0,0,0,0,0.0,0.0,16.0,0.0,1.0
849,13,2022,2.0,2.0,1.0,0.0,0.0,0.0,0.0,0.0,0.0,0.0,0.0,0,0,0,1,1.0,0.5,12.5,3.5,0.2222222222222222
849,14,2020,3.0,3.0,1.0,0.0,0.0,0.0,0.0,0.0,0.0,0.0,0.0,0,0,0,1,1.0,0.3333333333333333,14.333333333333334,3.8586123009300746,0.20582008566696544
849,14,2021,1.0,1.0,1.0,0.0,0.0,0.0,0.0,0.0,0.0,0.0,0.0,0,0,0,0,0.0,0.0,11.0,0.0,1.0
849,14,2022,2.0,2.0,1.0,0.0,0.0,0.0,0.0,0.0,0.0,0.0,0.0,0,0,0,0,0.0,0.0,11.0,0.0,1.0
849,15,2022,3.0,3.0,1.0,0.0,0.0,0.0,0.0,0.0,0.0,0.0,0.0,0,0,0,0,0.0,0.0,12.333333333333334,1.8856180831641234,0.34654620645552825
849,18,2021,1.0,0.0,0.0,1.0,1.0,0.0,0.0,1.0,1.0,0.0,0.0,0,0,0,0,0.0,0.0,0.0,0.0,1.0
849,18,2022,1.0,1.0,1.0,0.0,0.0,0.0,0.0,0.0,0.0,0.0,0.0,0,0,0,0,0.0,0.0,16.0,0.0,1.0
849,20,2020,2.0,2.0,1.0,0.0,0.0,0.0,0.0,0.0,0.0,0.0,0.0,0,0,0,0,0.0,0.0,16.0,0.0,1.0
849,21,2020,1.0,1.0,1.0,0.0,0.0,0.0,0.0,0.0,0.0,0.0,0.0,0,0,0,0,0.0,0.0,14.0,0.0,1.0
849,21,2021,1.0,1.0,1.0,0.0,0.0,0.0,0.0,0.0,0.0,0.0,0.0,0,0,0,0,0.0,0.0,11.0,0.0,1.0
849,21,2022,2.0,1.0,0.5,1.0,0.5,0.0,0.0,1.0,0.5,0.0,0.0,0,0,0,0,0.0,0.0,5.5,5.5,0.15384615384615385
849,22,2022,3.0,2.0,0.6666666666666666,1.0,0.3333333333333333,0.0,0.0,1.0,0.3333333333333333,0.0,0.0,0,0,0,0,0.0,0.0,9.0,6.683312551921141,0.1301521958455223
849,24,2020,1.0,1.0,1.0,0.0,0.0,0.0,0.0,0.0,0.0,0.0,0.0,0,0,0,1,2.0,2.0,9.0,0.0,1.0
849,24,2021,1.0,1.0,1.0,0.0,0.0,0.0,0.0,0.0,0.0,0.0,0.0,0,0,0,0,0.0,0.0,17.0,0.0,1.0
849,24,2022,2.0,1.0,0.5,1.0,0.5,0.0,0.0,1.0,0.5,0.0,0.0,0,0,0,0,0.0,0.0,8.5,8.5,0.10526315789473684
849,32,2021,3.0,2.0,0.6666666666666666,1.0,0.3333333333333333,0.0,0.0,1.0,0.3333333333333333,0.0,0.0,0,0,0,0,0.0,0.0,12.0,8.524474568362947,0.10499266839576207
849,32,2022,1.0,1.0,1.0,0.0,0.0,0.0,0.0,0.0,0.0,0.0,0.0,0,0,0,0,0.0,0.0,17.0,0.0,1.0
849,34,2021,2.0,2.0,1.0,0.0,0.0,0.0,0.0,0.0,0.0,0.0,0.0,0,0,0,0,0.0,0.0,17.5,0.5,0.6666666666666666
849,34,2022,1.0,1.0,1.0,0.0,0.0,0.0,0.0,0.0,0.0,0.0,0.0,0,0,0,0,0.0,0.0,18.0,0.0,1.0
849,39,2021,2.0,1.0,0.5,1.0,0.5,0.0,0.0,1.0,0.5,0.0,0.0,0,0,0,0,0.0,0.0,9.0,9.0,0.1
849,39,2022,1.0,1.0,1.0,0.0,0.0,0.0,0.0,0.0,0.0,0.0,0.0,0,0,0,0,0.0,0.0,16.0,0.0,1.0
849,69,2021,2.0,2.0,1.0,0.0,0.0,0.0,0.0,0.0,0.0,0.0,0.0,0,0,0,0,0.0,0.0,17.0,1.0,0.5
849,69,2022,1.0,1.0,1.0,0.0,0.0,0.0,0.0,0.0,0.0,0.0,0.0,0,0,0,0,0.0,0.0,15.0,0.0,1.0
849,70,2020,2.0,2.0,1.0,0.0,0.0,0.0,0.0,0.0,0.0,0.0,0.0,0,0,0,0,0.0,0.0,16.0,1.0,0.5
849,70,2021,2.0,2.0,1.0,0.0,0.0,0.0,0.0,0.0,0.0,0.0,0.0,0,0,0,0,0.0,0.0,14.0,3.0,0.25
849,70,2022,4.0,4.0,1.0,0.0,0.0,0.0,0.0,0.0,0.0,0.0,0.0,0,0,0,0,0.0,0.0,15.25,2.48746859276655,0.286740933545359
849,71,2020,5.0,4.0,0.8,1.0,0.2,1.0,0.2,0.0,0.0,0.0,0.0,0,0,0,0,0.0,0.0,12.2,6.493073232299173,0.13345658970600507
849,71,2021,1.0,1.0,1.0,0.0,0.0,0.0,0.0,0.0,0.0,0.0,0.0,0,0,0,0,0.0,0.0,16.0,0.0,1.0
849,73,2021,2.0,1.0,0.5,1.0,0.5,0.0,0.0,1.0,0.5,0.0,0.0,0,0,0,0,0.0,0.0,17.5,1.5,0.4
849,73,2022,1.0,1.0,1.0,0.0,0.0,0.0,0.0,0.0,0.0,0.0,0.0,0,0,0,0,0.0,0.0,16.0,0.0,1.0
849,75,2020,2.0,2.0,1.0,0.0,0.0,0.0,0.0,0.0,0.0,0.0,0.0,0,0,0,0,0.0,0.0,15.5,0.5,0.6666666666666666
849,75,2021,1.0,1.0,1.0,0.0,0.0,0.0,0.0,0.0,0.0,0.0,0.0,0,0,0,0,0.0,0.0,18.0,0.0,1.0
849,76,2020,2.0,2.0,1.0,0.0,0.0,0.0,0.0,0.0,0.0,0.0,0.0,0,0,0,0,0.0,0.0,18.0,0.0,1.0
849,77,2021,1.0,0.0,0.0,1.0,1.0,0.0,0.0,1.0,1.0,0.0,0.0,0,0,0,0,0.0,0.0,0.0,0.0,1.0
849,77,2022,1.0,1.0,1.0,0.0,0.0,0.0,0.0,0.0,0.0,0.0,0.0,0,0,0,0,0.0,0.0,12.0,0.0,1.0
849,78,2021,2.0,1.0,0.5,1.0,0.5,0.0,0.0,1.0,0.5,0.0,0.0,0,0,0,0,0.0,0.0,6.0,6.0,0.14285714285714285
849,79,2022,1.0,0.0,0.0,1.0,1.0,1.0,1.0,0.0,0.0,0.0,0.0,0,0,0,0,0.0,0.0,0.0,0.0,1.0
850,3,2020,1.0,1.0,1.0,0.0,0.0,0.0,0.0,0.0,0.0,0.0,0.0,0,0,0,0,0.0,0.0,14.0,0.0,1.0
850,24,2020,1.0,1.0,1.0,0.0,0.0,0.0,0.0,0.0,0.0,0.0,0.0,0,0,0,0,0.0,0.0,17.0,0.0,1.0
851,3,2020,1.0,1.0,1.0,0.0,0.0,0.0,0.0,0.0,0.0,0.0,0.0,0,0,0,0,0.0,0.0,19.0,0.0,1.0
852,1,2022,1.0,1.0,1.0,0.0,0.0,0.0,0.0,0.0,0.0,0.0,0.0,0,0,0,0,0.0,0.0,16.0,0.0,1.0
852,1,2023,1.0,1.0,1.0,0.0,0.0,0.0,0.0,0.0,0.0,0.0,0.0,0,0,0,0,0.0,0.0,15.0,0.0,1.0
852,1,2024,2.0,2.0,1.0,0.0,0.0,0.0,0.0,0.0,0.0,0.0,0.0,0,0,0,1,1.0,0.5,12.5,2.5,0.2857142857142857
852,1,2025,3.0,3.0,1.0,0.0,0.0,0.0,0.0,0.0,0.0,0.0,0.0,0,0,0,2,7.0,2.3333333333333335,10.666666666666666,3.2998316455372234,0.23256724505432574
852,3,2021,4.0,4.0,1.0,0.0,0.0,0.0,0.0,0.0,0.0,0.0,0.0,0,0,0,2,7.0,1.75,11.0,2.9154759474226504,0.2553967929896867
852,3,2022,1.0,1.0,1.0,0.0,0.0,0.0,0.0,0.0,0.0,0.0,0.0,0,0,0,1,2.0,2.0,9.0,0.0,1.0
852,3,2023,2.0,2.0,1.0,0.0,0.0,0.0,0.0,0.0,0.0,0.0,0.0,0,0,0,2,6.0,3.0,8.5,0.5,0.6666666666666666
852,3,2024,3.0,3.0,1.0,0.0,0.0,0.0,0.0,0.0,0.0,0.0,0.0,0,0,0,2,6.0,2.0,9.333333333333334,1.2472191289246422,0.44499443206436584
852,3,2025,4.0,4.0,1.0,0.0,0.0,0.0,0.0,0.0,0.0,0.0,0.0,0,0,0,2,6.0,1.5,10.5,2.29128784747792,0.30383243470068705
852,4,2021,5.0,5.0,1.0,0.0,0.0,0.0,0.0,0.0,0.0,0.0,0.0,0,0,0,3,8.0,1.6,10.2,2.1354156504062627,0.3189369804511972
852,4,2022,1.0,0.0,0.0,1.0,1.0,1.0,1.0,0.0,0.0,0.0,0.0,0,0,0,0,0.0,0.0,0.0,0.0,1.0
852,4,2023,2.0,1.0,0.5,1.0,0.5,1.0,0.5,0.0,0.0,0.0,0.0,0,0,0,1,1.0,0.5,5.0,5.0,0.16666666666666666
852,4,2024,3.0,2.0,0.6666666666666666,1.0,0.3333333333333333,1.0,0.3333333333333333,0.0,0.0,0.0,0.0,0,0,0,1,1.0,0.3333333333333333,7.333333333333333,5.2493385826745405,0.16001693407561032
852,4,2025,4.0,3.0,0.75,1.0,0.25,1.0,0.25,0.0,0.0,0.0,0.0,0,0,0,1,1.0,0.25,10.25,6.796138609534093,0.12826862759688173
852,5,2021,5.0,4.0,0.8,1.0,0.2,1.0,0.2,0.0,0.0,0.0,0.0,0,0,0,1,1.0,0.2,10.8,6.1773780845922,0.1393266438264855
852,6,2021,1.0,1.0,1.0,0.0,0.0,0.0,0.0,0.0,0.0,0.0,0.0,0,0,0,0,0.0,0.0,14.0,0.0,1.0
852,6,2022,1.0,1.0,1.0,0.0,0.0,0.0,0.0,0.0,0.0,0.0,0.0,0,0,0,0,0.0,0.0,16.0,0.0,1.0
852,6,2023,2.0,2.0,1.0,0.0,0.0,0.0,0.0,0.0,0.0,0.0,0.0,0,0,0,0,0.0,0.0,16.5,0.5,0.6666666666666666
852,6,2024,3.0,3.0,1.0,0.0,0.0,0.0,0.0,0.0,0.0,0.0,0.0,0,0,0,0,0.0,0.0,16.0,0.8164965809277376,0.5505102572168185
852,6,2025,4.0,4.0,1.0,0.0,0.0,0.0,0.0,0.0,0.0,0.0,0.0,0,0,0,1,4.0,1.0,14.0,3.5355339059327378,0.2204812092115424
852,7,2022,5.0,5.0,1.0,0.0,0.0,0.0,0.0,0.0,0.0,0.0,0.0,0,0,0,1,4.0,0.8,14.6,3.3823069050575523,0.22819031657639394
852,7,2023,1.0,0.0,0.0,1.0,1.0,0.0,0.0,1.0,1.0,0.0,0.0,0,0,0,0,0.0,0.0,0.0,0.0,1.0
852,7,2024,2.0,1.0,0.5,1.0,0.5,0.0,0.0,1.0,0.5,0.0,0.0,0,0,0,0,0.0,0.0,7.0,7.0,0.125
852,7,2025,3.0,2.0,0.6666666666666666,1.0,0.3333333333333333,0.0,0.0,1.0,0.3333333333333333,0.0,0.0,0,0,0,0,0.0,0.0,9.333333333333334,6.5996632910744415,0.1315847770748564
852,9,2021,4.0,3.0,0.75,1.0,0.25,0.0,0.0,1.0,0.25,0.0,0.0,0,0,0,0,0.0,0.0,10.0,5.830951894845301,0.1463924816619788
852,9,2022,1.0,1.0,1.0,0.0,0.0,0.0,0.0,0.0,0.0,0.0,0.0,0,0,0,1,1.0,1.0,10.0,0.0,1.0
852,9,2023,2.0,2.0,1.0,0.0,0.0,0.0,0.0,0.0,0.0,0.0,0.0,0,0,0,1,1.0,0.5,12.0,2.0,0.3333333333333333
852,9,2024,3.0,3.0,1.0,0.0,0.0,0.0,0.0,0.0,0.0,0.0,0.0,0,0,0,1,1.0,0.3333333333333333,13.333333333333334,2.4944382578492896,0.2861690280988014
852,9,2025,4.0,4.0,1.0,0.0,0.0,0.0,0.0,0.0,0.0,0.0,0.0,0,0,0,2,2.0,0.5,12.5,2.598076211353316,0.27792629762666365
852,11,2021,5.0,5.0,1.0,0.0,0.0,0.0,0.0,0.0,0.0,0.0,0.0,0,0,0,2,2.0,0.4,13.0,2.5298221281347044,0.2833003940990191
852,11,2022,1.0,1.0,1.0,0.0,0.0,0.0,0.0,0.0,0.0,0.0,0.0,0,0,0,1,8.0,8.0,6.0,0.0,1.0
852,11,2023,2.0,2.0,1.0,0.0,0.0,0.0,0.0,0.0,0.0,0.0,0.0,0,0,0,1,8.0,4.0,12.5,6.5,0.13333333333333333
852,11,2024,3.0,3.0,1.0,0.0,0.0,0.0,0.0,0.0,0.0,0.0,0.0,0,0,0,1,8.0,2.6666666666666665,13.333333333333334,5.436502143433362,0.1553638882914408
852,11,2025,4.0,4.0,1.0,0.0,0.0,0.0,0.0,0.0,0.0,0.0,0.0,0,0,0,2,10.0,2.5,12.25,5.0682837331783235,0.16479123982494473
852,13,2021,5.0,5.0,1.0,0.0,0.0,0.0,0.0,0.0,0.0,0.0,0.0,0,0,0,2,10.0,2.0,13.2,4.915282290977806,0.1690536395068135
852,13,2022,1.0,1.0,1.0,0.0,0.0,0.0,0.0,0.0,0.0,0.0,0.0,0,0,0,0,0.0,0.0,15.0,0.0,1.0
852,13,2023,2.0,2.0,1.0,0.0,0.0,0.0,0.0,0.0,0.0,0.0,0.0,0,0,0,0,0.0,0.0,14.0,1.0,0.5
852,13,2024,3.0,3.0,1.0,0.0,0.0,0.0,0.0,0.0,0.0,0.0,0.0,0,0,0,1,1.0,0.3333333333333333,12.666666666666666,2.054804667656327,0.32735317272092845
852,13,2025,4.0,4.0,1.0,0.0,0.0,0.0,0.0,0.0,0.0,0.0,0.0,0,0,0,1,1.0,0.25,13.5,2.29128784747792,0.30383243470068705
852,14,2021,5.0,5.0,1.0,0.0,0.0,0.0,0.0,0.0,0.0,0.0,0.0,0,0,0,1,1.0,0.2,13.4,2.059126028197402,0.32689074944364177
852,14,2022,1.0,0.0,0.0,1.0,1.0,1.0,1.0,0.0,0.0,0.0,0.0,0,0,0,0,0.0,0.0,0.0,0.0,1.0
852,14,2023,2.0,1.0,0.5,1.0,0.5,1.0,0.5,0.0,0.0,0.0,0.0,0,0,0,0,0.0,0.0,7.0,7.0,0.125
852,14,2024,3.0,1.0,0.3333333333333333,2.0,0.6666666666666666,2.0,0.6666666666666666,0.0,0.0,0.0,0.0,0,0,0,0,0.0,0.0,4.666666666666667,6.599663291074442,0.13158477707485638
852,14,2025,4.0,1.0,0.25,3.0,0.75,3.0,0.75,0.0,0.0,0.0,0.0,0,0,0,0,0.0,0.0,3.5,6.06217782649107,0.141599379761988
852,15,2022,5.0,2.0,0.4,3.0,0.6,3.0,0.6,0.0,0.0,0.0,0.0,0,0,0,0,0.0,0.0,5.4,6.6211781428987395,0.13121330865776704
852,15,2023,1.0,0.0,0.0,1.0,1.0,0.0,0.0,1.0,1.0,0.0,0.0,0,0,0,0,0.0,0.0,0.0,0.0,1.0
852,15,2024,2.0,0.0,0.0,2.0,1.0,0.0,0.0,2.0,1.0,0.0,0.0,0,0,0,0,0.0,0.0,0.0,0.0,1.0
852,15,2025,3.0,1.0,0.3333333333333333,2.0,0.6666666666666666,0.0,0.0,2.0,0.6666666666666666,0.0,0.0,0,0,0,0,0.0,0.0,4.0,5.656854249492381,0.15022110482233483
852,17,2024,4.0,2.0,0.5,2.0,0.5,0.0,0.0,2.0,0.5,0.0,0.0,0,0,0,0,0.0,0.0,6.0,6.0,0.14285714285714285
852,17,2025,1.0,0.0,0.0,1.0,1.0,0.0,0.0,0.0,0.0,1.0,1.0,0,0,0,0,0.0,0.0,0.0,0.0,1.0
852,18,2021,2.0,1.0,0.5,1.0,0.5,0.0,0.0,0.0,0.0,1.0,0.5,0,0,0,0,0.0,0.0,8.0,8.0,0.1111111111111111
852,18,2022,1.0,1.0,1.0,0.0,0.0,0.0,0.0,0.0,0.0,0.0,0.0,0,0,0,0,0.0,0.0,15.0,0.0,1.0
852,18,2023,2.0,2.0,1.0,0.0,0.0,0.0,0.0,0.0,0.0,0.0,0.0,0,0,0,0,0.0,0.0,16.0,1.0,0.5
852,18,2024,3.0,3.0,1.0,0.0,0.0,0.0,0.0,0.0,0.0,0.0,0.0,0,0,0,1,2.0,0.6666666666666666,13.666666666666666,3.399346342395192,0.22730649559533364
852,18,2025,4.0,4.0,1.0,0.0,0.0,0.0,0.0,0.0,0.0,0.0,0.0,0,0,0,2,8.0,2.0,12.0,4.123105625617661,0.1951941016011038
852,21,2021,5.0,5.0,1.0,0.0,0.0,0.0,0.0,0.0,0.0,0.0,0.0,0,0,0,2,8.0,1.6,13.0,4.195235392680606,0.19248405980003655
852,21,2022,1.0,1.0,1.0,0.0,0.0,0.0,0.0,0.0,0.0,0.0,0.0,0,0,0,0,0.0,0.0,12.0,0.0,1.0
852,21,2024,2.0,2.0,1.0,0.0,0.0,0.0,0.0,0.0,0.0,0.0,0.0,0,0,0,1,6.0,3.0,9.5,2.5,0.2857142857142857
852,21,2025,3.0,3.0,1.0,0.0,0.0,0.0,0.0,0.0,0.0,0.0,0.0,0,0,0,2,7.0,2.3333333333333335,9.666666666666666,2.0548046676563305,0.32735317272092807
852,22,2022,4.0,4.0,1.0,0.0,0.0,0.0,0.0,0.0,0.0,0.0,0.0,0,0,0,3,8.0,2.0,9.75,1.7853571071357126,0.35902039183346857
852,22,2023,1.0,1.0,1.0,0.0,0.0,0.0,0.0,0.0,0.0,0.0,0.0,0,0,0,0,0.0,0.0,13.0,0.0,1.0
852,22,2024,2.0,2.0,1.0,0.0,0.0,0.0,0.0,0.0,0.0,0.0,0.0,0,0,0,0,0.0,0.0,12.5,0.5,0.6666666666666666
852,22,2025,3.0,3.0,1.0,0.0,0.0,0.0,0.0,0.0,0.0,0.0,0.0,0,0,0,1,1.0,0.3333333333333333,11.666666666666666,1.2472191289246535,0.44499443206436357
852,24,2021,4.0,4.0,1.0,0.0,0.0,0.0,0.0,0.0,0.0,0.0,0.0,0,0,0,1,1.0,0.25,11.75,1.0897247358851685,0.4785319247208981
852,24,2022,1.0,1.0,1.0,0.0,0.0,0.0,0.0,0.0,0.0,0.0,0.0,0,0,1,1,12.0,12.0,4.0,0.0,1.0
852,24,2023,2.0,2.0,1.0,0.0,0.0,0.0,0.0,0.0,0.0,0.0,0.0,0,0,1,1,12.0,6.0,7.5,3.5,0.2222222222222222
852,24,2024,3.0,3.0,1.0,0.0,0.0,0.0,0.0,0.0,0.0,0.0,0.0,0,0,1,2,16.0,5.333333333333333,7.666666666666667,2.8674417556808742,0.25856885847889055
852,32,2021,4.0,4.0,1.0,0.0,0.0,0.0,0.0,0.0,0.0,0.0,0.0,0,0,1,2,16.0,4.0,8.75,3.112474899497183,0.24316257835938798
852,32,2022,1.0,0.0,0.0,1.0,1.0,0.0,0.0,1.0,1.0,0.0,0.0,0,0,0,0,0.0,0.0,0.0,0.0,1.0
852,32,2023,2.0,0.0,0.0,2.0,1.0,0.0,0.0,2.0,1.0,0.0,0.0,0,0,0,0,0.0,0.0,0.0,0.0,1.0
852,32,2024,3.0,1.0,0.3333333333333333,2.0,0.6666666666666666,0.0,0.0,2.0,0.6666666666666666,0.0,0.0,0,0,0,0,0.0,0.0,4.0,5.656854249492381,0.15022110482233483
852,32,2025,4.0,1.0,0.25,3.0,0.75,0.0,0.0,3.0,0.75,0.0,0.0,0,0,0,0,0.0,0.0,3.0,5.196152422706632,0.16139047779640892
852,34,2021,5.0,2.0,0.4,3.0,0.6,0.0,0.0,3.0,0.6,0.0,0.0,0,0,0,0,0.0,0.0,4.6,5.642694391866354,0.15054132269346152
852,34,2022,1.0,1.0,1.0,0.0,0.0,0.0,0.0,0.0,0.0,0.0,0.0,0,0,0,0,0.0,0.0,13.0,0.0,1.0
852,39,2021,2.0,1.0,0.5,1.0,0.5,1.0,0.5,0.0,0.0,0.0,0.0,0,0,0,0,0.0,0.0,6.5,6.5,0.13333333333333333
852,39,2022,1.0,0.0,0.0,1.0,1.0,1.0,1.0,0.0,0.0,0.0,0.0,0,0,0,0,0.0,0.0,0.0,0.0,1.0
852,39,2023,2.0,0.0,0.0,2.0,1.0,2.0,1.0,0.0,0.0,0.0,0.0,0,0,0,0,0.0,0.0,0.0,0.0,1.0
852,39,2024,3.0,1.0,0.3333333333333333,2.0,0.6666666666666666,2.0,0.6666666666666666,0.0,0.0,0.0,0.0,0,0,0,0,0.0,0.0,5.0,7.0710678118654755,0.12389934309929541
852,39,2025,4.0,2.0,0.5,2.0,0.5,2.0,0.5,0.0,0.0,0.0,0.0,0,0,0,0,0.0,0.0,8.0,8.031189202104505,0.11072738900951977
852,69,2021,5.0,3.0,0.6,2.0,0.4,2.0,0.4,0.0,0.0,0.0,0.0,0,0,0,1,2.0,0.4,8.2,7.19444229944198,0.12203393024905396
852,69,2022,1.0,1.0,1.0,0.0,0.0,0.0,0.0,0.0,0.0,0.0,0.0,0,0,0,1,2.0,2.0,9.0,0.0,1.0
852,69,2023,2.0,2.0,1.0,0.0,0.0,0.0,0.0,0.0,0.0,0.0,0.0,0,0,0,2,3.0,1.5,9.5,0.5,0.6666666666666666
852,69,2024,3.0,3.0,1.0,0.0,0.0,0.0,0.0,0.0,0.0,0.0,0.0,0,0,0,3,8.0,2.6666666666666665,9.0,0.8164965809277289,0.550510257216821
852,69,2025,4.0,4.0,1.0,0.0,0.0,0.0,0.0,0.0,0.0,0.0,0.0,0,0,0,3,8.0,2.0,10.25,2.277608394786075,0.30510051218771933
852,70,2021,5.0,5.0,1.0,0.0,0.0,0.0,0.0,0.0,0.0,0.0,0.0,0,0,0,4,14.0,2.8,9.6,2.416609194718915,0.292687850148536
852,70,2022,2.0,2.0,1.0,0.0,0.0,0.0,0.0,0.0,0.0,0.0,0.0,0,0,0,1,1.0,0.5,11.0,1.0,0.5
852,70,2023,3.0,3.0,1.0,0.0,0.0,0.0,0.0,0.0,0.0,0.0,0.0,0,0,0,1,1.0,0.3333333333333333,12.666666666666666,2.4944382578492954,0.28616902809880096
852,70,2024,4.0,4.0,1.0,0.0,0.0,0.0,0.0,0.0,0.0,0.0,0.0,0,0,0,1,1.0,0.25,14.25,3.491060010942235,0.2226645819836635
852,70,2025,5.0,5.0,1.0,0.0,0.0,0.0,0.0,0.0,0.0,0.0,0.0,0,0,0,1,1.0,0.2,14.2,3.124099870362665,0.2424771541509886
852,71,2021,6.0,6.0,1.0,0.0,0.0,0.0,0.0,0.0,0.0,0.0,0.0,0,0,0,1,1.0,0.16666666666666666,14.5,2.929732638541159,0.25447023804938335
852,73,2021,1.0,1.0,1.0,0.0,0.0,0.0,0.0,0.0,0.0,0.0,0.0,0,0,0,0,0.0,0.0,17.0,0.0,1.0
852,73,2022,1.0,1.0,1.0,0.0,0.0,0.0,0.0,0.0,0.0,0.0,0.0,0,0,0,1,6.0,6.0,7.0,0.0,1.0
852,73,2023,2.0,2.0,1.0,0.0,0.0,0.0,0.0,0.0,0.0,0.0,0.0,0,0,0,1,6.0,3.0,10.0,3.0,0.25
852,73,2024,3.0,3.0,1.0,0.0,0.0,0.0,0.0,0.0,0.0,0.0,0.0,0,0,0,2,7.0,2.3333333333333335,10.0,2.449489742783178,0.28989794855663564
852,73,2025,4.0,3.0,0.75,1.0,0.25,0.0,0.0,0.0,0.0,1.0,0.25,0,0,0,2,7.0,1.75,7.5,4.8218253804964775,0.17176743283130236
852,75,2021,5.0,4.0,0.8,1.0,0.2,0.0,0.0,0.0,0.0,1.0,0.2,0,0,0,3,15.0,3.0,7.2,4.354308211415447,0.18676549061333234
852,77,2021,1.0,1.0,1.0,0.0,0.0,0.0,0.0,0.0,0.0,0.0,0.0,0,0,0,0,0.0,0.0,15.0,0.0,1.0
852,77,2022,1.0,1.0,1.0,0.0,0.0,0.0,0.0,0.0,0.0,0.0,0.0,0,0,0,0,0.0,0.0,14.0,0.0,1.0
852,77,2023,2.0,1.0,0.5,1.0,0.5,1.0,0.5,0.0,0.0,0.0,0.0,0,0,0,0,0.0,0.0,7.0,7.0,0.125
852,77,2024,3.0,2.0,0.6666666666666666,1.0,0.3333333333333333,1.0,0.3333333333333333,0.0,0.0,0.0,0.0,0,0,0,0,0.0,0.0,8.333333333333334,6.018490028422596,0.1424807894504838
852,77,2025,4.0,3.0,0.75,1.0,0.25,1.0,0.25,0.0,0.0,0.0,0.0,0,0,0,0,0.0,0.0,10.0,5.958187643906492,0.1437155838813476
852,78,2021,5.0,3.0,0.6,2.0,0.4,1.0,0.2,1.0,0.2,0.0,0.0,0,0,0,0,0.0,0.0,11.8,6.4311740763254095,0.1345682377682213
852,78,2023,1.0,1.0,1.0,0.0,0.0,0.0,0.0,0.0,0.0,0.0,0.0,0,0,0,0,0.0,0.0,13.0,0.0,1.0
852,78,2024,2.0,2.0,1.0,0.0,0.0,0.0,0.0,0.0,0.0,0.0,0.0,0,0,0,0,0.0,0.0,14.0,1.0,0.5
852,78,2025,3.0,3.0,1.0,0.0,0.0,0.0,0.0,0.0,0.0,0.0,0.0,0,0,0,0,0.0,0.0,13.666666666666666,0.9428090415820617,0.5147186257614301
852,79,2022,4.0,4.0,1.0,0.0,0.0,0.0,0.0,0.0,0.0,0.0,0.0,0,0,0,1,1.0,0.25,12.75,1.7853571071357126,0.35902039183346857
852,79,2023,1.0,1.0,1.0,0.0,0.0,0.0,0.0,0.0,0.0,0.0,0.0,0,0,0,0,0.0,0.0,12.0,0.0,1.0
852,79,2024,2.0,2.0,1.0,0.0,0.0,0.0,0.0,0.0,0.0,0.0,0.0,0,0,0,0,0.0,0.0,11.5,0.5,0.6666666666666666
852,79,2025,3.0,3.0,1.0,0.0,0.0,0.0,0.0,0.0,0.0,0.0,0.0,0,0,0,1,6.0,2.0,10.0,2.160246899469288,0.31643097258253267
852,80,2023,4.0,4.0,1.0,0.0,0.0,0.0,0.0,0.0,0.0,0.0,0.0,0,0,0,2,7.0,1.75,10.0,1.8708286933869707,0.3483314773547883
852,80,2024,1.0,1.0,1.0,0.0,0.0,0.0,0.0,0.0,0.0,0.0,0.0,0,0,0,0,0.0,0.0,18.0,0.0,1.0
852,80,2025,2.0,2.0,1.0,0.0,0.0,0.0,0.0,0.0,0.0,0.0,0.0,0,0,0,1,2.0,1.0,13.5,4.5,0.18181818181818182
853,3,2021,3.0,3.0,1.0,0.0,0.0,0.0,0.0,0.0,0.0,0.0,0.0,0,0,0,1,2.0,0.6666666666666666,13.0,3.7416573867739413,0.21089672205953397
853,4,2021,1.0,0.0,0.0,1.0,1.0,0.0,0.0,1.0,1.0,0.0,0.0,0,0,0,0,0.0,0.0,0.0,0.0,1.0
853,5,2021,1.0,1.0,1.0,0.0,0.0,0.0,0.0,0.0,0.0,0.0,0.0,0,0,0,0,0.0,0.0,19.0,0.0,1.0
853,6,2021,1.0,1.0,1.0,0.0,0.0,0.0,0.0,0.0,0.0,0.0,0.0,0,0,0,0,0.0,0.0,20.0,0.0,1.0
853,9,2021,1.0,1.0,1.0,0.0,0.0,0.0,0.0,0.0,0.0,0.0,0.0,0,0,0,0,0.0,0.0,17.0,0.0,1.0
853,11,2021,1.0,1.0,1.0,0.0,0.0,0.0,0.0,0.0,0.0,0.0,0.0,0,0,0,0,0.0,0.0,17.0,0.0,1.0
853,13,2021,1.0,0.0,0.0,1.0,1.0,0.0,0.0,1.0,1.0,0.0,0.0,0,0,0,0,0.0,0.0,0.0,0.0,1.0
853,14,2021,1.0,1.0,1.0,0.0,0.0,0.0,0.0,0.0,0.0,0.0,0.0,0,0,0,0,0.0,0.0,17.0,0.0,1.0
853,18,2021,1.0,0.0,0.0,1.0,1.0,1.0,1.0,0.0,0.0,0.0,0.0,0,0,0,0,0.0,0.0,0.0,0.0,1.0
853,21,2021,1.0,1.0,1.0,0.0,0.0,0.0,0.0,0.0,0.0,0.0,0.0,0,0,0,0,0.0,0.0,17.0,0.0,1.0
853,24,2021,1.0,1.0,1.0,0.0,0.0,0.0,0.0,0.0,0.0,0.0,0.0,0,0,0,0,0.0,0.0,17.0,0.0,1.0
853,32,2021,1.0,0.0,0.0,1.0,1.0,0.0,0.0,0.0,0.0,1.0,1.0,0,0,0,0,0.0,0.0,0.0,0.0,1.0
853,34,2021,1.0,1.0,1.0,0.0,0.0,0.0,0.0,0.0,0.0,0.0,0.0,0,0,0,0,0.0,0.0,18.0,0.0,1.0
853,39,2021,1.0,1.0,1.0,0.0,0.0,0.0,0.0,0.0,0.0,0.0,0.0,0,0,0,0,0.0,0.0,20.0,0.0,1.0
853,69,2021,1.0,0.0,0.0,1.0,1.0,1.0,1.0,0.0,0.0,0.0,0.0,0,0,0,0,0.0,0.0,0.0,0.0,1.0
853,70,2021,1.0,1.0,1.0,0.0,0.0,0.0,0.0,0.0,0.0,0.0,0.0,0,0,0,0,0.0,0.0,17.0,0.0,1.0
853,71,2021,2.0,2.0,1.0,0.0,0.0,0.0,0.0,0.0,0.0,0.0,0.0,0,0,0,0,0.0,0.0,18.5,0.5,0.6666666666666666
853,73,2021,1.0,1.0,1.0,0.0,0.0,0.0,0.0,0.0,0.0,0.0,0.0,0,0,0,0,0.0,0.0,18.0,0.0,1.0
853,75,2021,1.0,1.0,1.0,0.0,0.0,0.0,0.0,0.0,0.0,0.0,0.0,0,0,0,0,0.0,0.0,14.0,0.0,1.0
853,77,2021,1.0,1.0,1.0,0.0,0.0,0.0,0.0,0.0,0.0,0.0,0.0,0,0,0,0,0.0,0.0,19.0,0.0,1.0
853,78,2021,1.0,0.0,0.0,1.0,1.0,0.0,0.0,1.0,1.0,0.0,0.0,0,0,0,0,0.0,0.0,0.0,0.0,1.0
854,1,2022,1.0,1.0,1.0,0.0,0.0,0.0,0.0,0.0,0.0,0.0,0.0,0,0,0,0,0.0,0.0,18.0,0.0,1.0
854,3,2021,1.0,1.0,1.0,0.0,0.0,0.0,0.0,0.0,0.0,0.0,0.0,0,0,0,0,0.0,0.0,13.0,0.0,1.0
854,3,2022,1.0,1.0,1.0,0.0,0.0,0.0,0.0,0.0,0.0,0.0,0.0,0,0,0,0,0.0,0.0,16.0,0.0,1.0
854,4,2021,2.0,2.0,1.0,0.0,0.0,0.0,0.0,0.0,0.0,0.0,0.0,0,0,0,0,0.0,0.0,13.5,2.5,0.2857142857142857
854,4,2022,1.0,1.0,1.0,0.0,0.0,0.0,0.0,0.0,0.0,0.0,0.0,0,0,0,0,0.0,0.0,18.0,0.0,1.0
854,5,2021,2.0,2.0,1.0,0.0,0.0,0.0,0.0,0.0,0.0,0.0,0.0,0,0,0,0,0.0,0.0,16.0,2.0,0.3333333333333333
854,6,2021,1.0,1.0,1.0,0.0,0.0,0.0,0.0,0.0,0.0,0.0,0.0,0,0,0,0,0.0,0.0,19.0,0.0,1.0
854,6,2022,1.0,1.0,1.0,0.0,0.0,0.0,0.0,0.0,0.0,0.0,0.0,0,0,0,0,0.0,0.0,18.0,0.0,1.0
854,7,2022,2.0,1.0,0.5,1.0,0.5,0.0,0.0,1.0,0.5,0.0,0.0,0,0,0,0,0.0,0.0,9.0,9.0,0.1
854,9,2021,1.0,0.0,0.0,1.0,1.0,1.0,1.0,0.0,0.0,0.0,0.0,0,0,0,0,0.0,0.0,0.0,0.0,1.0
854,9,2022,1.0,1.0,1.0,0.0,0.0,0.0,0.0,0.0,0.0,0.0,0.0,0,0,0,0,0.0,0.0,18.0,0.0,1.0
854,11,2021,2.0,2.0,1.0,0.0,0.0,0.0,0.0,0.0,0.0,0.0,0.0,0,0,0,1,4.0,2.0,13.0,5.0,0.16666666666666666
854,11,2022,1.0,1.0,1.0,0.0,0.0,0.0,0.0,0.0,0.0,0.0,0.0,0,0,0,0,0.0,0.0,12.0,0.0,1.0
854,13,2021,2.0,2.0,1.0,0.0,0.0,0.0,0.0,0.0,0.0,0.0,0.0,0,0,0,0,0.0,0.0,13.0,1.0,0.5
854,13,2022,1.0,1.0,1.0,0.0,0.0,0.0,0.0,0.0,0.0,0.0,0.0,0,0,0,0,0.0,0.0,16.0,0.0,1.0
854,14,2021,2.0,2.0,1.0,0.0,0.0,0.0,0.0,0.0,0.0,0.0,0.0,0,0,0,0,0.0,0.0,16.5,0.5,0.6666666666666666
854,14,2022,1.0,1.0,1.0,0.0,0.0,0.0,0.0,0.0,0.0,0.0,0.0,0,0,0,0,0.0,0.0,15.0,0.0,1.0
854,15,2022,2.0,2.0,1.0,0.0,0.0,0.0,0.0,0.0,0.0,0.0,0.0,0,0,0,0,0.0,0.0,13.5,1.5,0.4
854,18,2021,1.0,1.0,1.0,0.0,0.0,0.0,0.0,0.0,0.0,0.0,0.0,0,0,0,0,0.0,0.0,13.0,0.0,1.0
854,18,2022,1.0,1.0,1.0,0.0,0.0,0.0,0.0,0.0,0.0,0.0,0.0,0,0,0,0,0.0,0.0,18.0,0.0,1.0
854,21,2021,2.0,2.0,1.0,0.0,0.0,0.0,0.0,0.0,0.0,0.0,0.0,0,0,0,0,0.0,0.0,15.5,2.5,0.2857142857142857
854,21,2022,1.0,1.0,1.0,0.0,0.0,0.0,0.0,0.0,0.0,0.0,0.0,0,0,0,0,0.0,0.0,16.0,0.0,1.0
854,22,2022,2.0,2.0,1.0,0.0,0.0,0.0,0.0,0.0,0.0,0.0,0.0,0,0,0,0,0.0,0.0,16.5,0.5,0.6666666666666666
854,24,2021,1.0,1.0,1.0,0.0,0.0,0.0,0.0,0.0,0.0,0.0,0.0,0,0,0,0,0.0,0.0,17.0,0.0,1.0
854,24,2022,1.0,1.0,1.0,0.0,0.0,0.0,0.0,0.0,0.0,0.0,0.0,0,0,0,0,0.0,0.0,14.0,0.0,1.0
854,32,2021,2.0,2.0,1.0,0.0,0.0,0.0,0.0,0.0,0.0,0.0,0.0,0,0,0,0,0.0,0.0,15.0,1.0,0.5
854,32,2022,1.0,0.0,0.0,1.0,1.0,0.0,0.0,1.0,1.0,0.0,0.0,0,0,0,0,0.0,0.0,0.0,0.0,1.0
854,34,2021,2.0,1.0,0.5,1.0,0.5,0.0,0.0,1.0,0.5,0.0,0.0,0,0,0,0,0.0,0.0,8.0,8.0,0.1111111111111111
854,34,2022,1.0,1.0,1.0,0.0,0.0,0.0,0.0,0.0,0.0,0.0,0.0,0,0,0,0,0.0,0.0,19.0,0.0,1.0
854,39,2021,2.0,2.0,1.0,0.0,0.0,0.0,0.0,0.0,0.0,0.0,0.0,0,0,0,0,0.0,0.0,17.0,2.0,0.3333333333333333
854,39,2022,1.0,1.0,1.0,0.0,0.0,0.0,0.0,0.0,0.0,0.0,0.0,0,0,0,0,0.0,0.0,18.0,0.0,1.0
854,69,2021,2.0,2.0,1.0,0.0,0.0,0.0,0.0,0.0,0.0,0.0,0.0,0,0,0,0,0.0,0.0,15.5,2.5,0.2857142857142857
854,69,2022,1.0,1.0,1.0,0.0,0.0,0.0,0.0,0.0,0.0,0.0,0.0,0,0,0,0,0.0,0.0,16.0,0.0,1.0
854,70,2021,2.0,2.0,1.0,0.0,0.0,0.0,0.0,0.0,0.0,0.0,0.0,0,0,0,0,0.0,0.0,15.5,0.5,0.6666666666666666
854,70,2022,2.0,2.0,1.0,0.0,0.0,0.0,0.0,0.0,0.0,0.0,0.0,0,0,0,0,0.0,0.0,17.0,1.0,0.5
854,71,2021,3.0,3.0,1.0,0.0,0.0,0.0,0.0,0.0,0.0,0.0,0.0,0,0,0,1,8.0,2.6666666666666665,13.333333333333334,5.24933858267454,0.16001693407561035
854,73,2021,1.0,0.0,0.0,1.0,1.0,1.0,1.0,0.0,0.0,0.0,0.0,0,0,0,0,0.0,0.0,0.0,0.0,1.0
854,73,2022,1.0,1.0,1.0,0.0,0.0,0.0,0.0,0.0,0.0,0.0,0.0,0,0,0,0,0.0,0.0,13.0,0.0,1.0
854,75,2021,2.0,2.0,1.0,0.0,0.0,0.0,0.0,0.0,0.0,0.0,0.0,0,0,0,0,0.0,0.0,13.5,0.5,0.6666666666666666
854,77,2021,1.0,1.0,1.0,0.0,0.0,0.0,0.0,0.0,0.0,0.0,0.0,0,0,0,0,0.0,0.0,17.0,0.0,1.0
854,77,2022,1.0,0.0,0.0,1.0,1.0,0.0,0.0,1.0,1.0,0.0,0.0,0,0,0,0,0.0,0.0,0.0,0.0,1.0
854,78,2021,2.0,0.0,0.0,2.0,1.0,0.0,0.0,1.0,0.5,1.0,0.5,0,0,0,0,0.0,0.0,0.0,0.0,1.0
854,79,2022,1.0,1.0,1.0,0.0,0.0,0.0,0.0,0.0,0.0,0.0,0.0,0,0,0,0,0.0,0.0,16.0,0.0,1.0
855,1,2022,1.0,1.0,1.0,0.0,0.0,0.0,0.0,0.0,0.0,0.0,0.0,0,0,0,0,0.0,0.0,15.0,0.0,1.0
855,1,2023,1.0,1.0,1.0,0.0,0.0,0.0,0.0,0.0,0.0,0.0,0.0,0,0,0,0,0.0,0.0,11.0,0.0,1.0
855,1,2024,2.0,2.0,1.0,0.0,0.0,0.0,0.0,0.0,0.0,0.0,0.0,0,0,0,1,2.0,1.0,10.0,1.0,0.5
855,3,2022,3.0,3.0,1.0,0.0,0.0,0.0,0.0,0.0,0.0,0.0,0.0,0,0,0,1,2.0,0.6666666666666666,11.666666666666666,2.494438257849301,0.28616902809880046
855,3,2023,1.0,1.0,1.0,0.0,0.0,0.0,0.0,0.0,0.0,0.0,0.0,0,0,0,1,1.0,1.0,10.0,0.0,1.0
855,3,2024,2.0,2.0,1.0,0.0,0.0,0.0,0.0,0.0,0.0,0.0,0.0,0,0,0,1,1.0,0.5,13.0,3.0,0.25
855,4,2022,3.0,3.0,1.0,0.0,0.0,0.0,0.0,0.0,0.0,0.0,0.0,0,0,0,1,1.0,0.3333333333333333,12.333333333333334,2.62466929133727,0.275887238151612
855,4,2023,1.0,0.0,0.0,1.0,1.0,1.0,1.0,0.0,0.0,0.0,0.0,0,0,0,0,0.0,0.0,0.0,0.0,1.0
855,4,2024,2.0,1.0,0.5,1.0,0.5,1.0,0.5,0.0,0.0,0.0,0.0,0,0,0,1,2.0,1.0,4.5,4.5,0.18181818181818182
855,6,2022,3.0,2.0,0.6666666666666666,1.0,0.3333333333333333,1.0,0.3333333333333333,0.0,0.0,0.0,0.0,0,0,0,1,2.0,0.6666666666666666,7.333333333333333,5.436502143433364,0.15536388829144074
855,6,2023,1.0,1.0,1.0,0.0,0.0,0.0,0.0,0.0,0.0,0.0,0.0,0,0,0,0,0.0,0.0,16.0,0.0,1.0
855,6,2024,2.0,2.0,1.0,0.0,0.0,0.0,0.0,0.0,0.0,0.0,0.0,0,0,0,0,0.0,0.0,14.5,1.5,0.4
855,7,2022,3.0,3.0,1.0,0.0,0.0,0.0,0.0,0.0,0.0,0.0,0.0,0,0,0,0,0.0,0.0,15.0,1.4142135623730951,0.4142135623730951
855,7,2023,1.0,1.0,1.0,0.0,0.0,0.0,0.0,0.0,0.0,0.0,0.0,0,0,0,1,4.0,4.0,8.0,0.0,1.0
855,7,2024,2.0,2.0,1.0,0.0,0.0,0.0,0.0,0.0,0.0,0.0,0.0,0,0,0,1,4.0,2.0,12.0,4.0,0.2
855,9,2022,3.0,3.0,1.0,0.0,0.0,0.0,0.0,0.0,0.0,0.0,0.0,0,0,0,1,4.0,1.3333333333333333,13.0,3.5590260840104357,0.2193450929151804
855,9,2023,1.0,0.0,0.0,1.0,1.0,0.0,0.0,1.0,1.0,0.0,0.0,0,0,0,0,0.0,0.0,0.0,0.0,1.0
855,9,2024,2.0,1.0,0.5,1.0,0.5,0.0,0.0,1.0,0.5,0.0,0.0,0,0,0,0,0.0,0.0,7.5,7.5,0.11764705882352941
855,11,2022,3.0,2.0,0.6666666666666666,1.0,0.3333333333333333,0.0,0.0,1.0,0.3333333333333333,0.0,0.0,0,0,0,0,0.0,0.0,11.0,7.874007874011811,0.11268865367232477
855,11,2023,1.0,1.0,1.0,0.0,0.0,0.0,0.0,0.0,0.0,0.0,0.0,0,0,0,0,0.0,0.0,13.0,0.0,1.0
855,11,2024,2.0,2.0,1.0,0.0,0.0,0.0,0.0,0.0,0.0,0.0,0.0,0,0,0,0,0.0,0.0,14.5,1.5,0.4
855,13,2022,3.0,3.0,1.0,0.0,0.0,0.0,0.0,0.0,0.0,0.0,0.0,0,0,0,0,0.0,0.0,16.0,2.449489742783178,0.28989794855663564
855,13,2023,1.0,1.0,1.0,0.0,0.0,0.0,0.0,0.0,0.0,0.0,0.0,0,0,0,0,0.0,0.0,14.0,0.0,1.0
855,13,2024,2.0,2.0,1.0,0.0,0.0,0.0,0.0,0.0,0.0,0.0,0.0,0,0,0,0,0.0,0.0,13.5,0.5,0.6666666666666666
855,14,2022,3.0,2.0,0.6666666666666666,1.0,0.3333333333333333,0.0,0.0,0.0,0.0,1.0,0.3333333333333333,0,0,0,0,0.0,0.0,9.0,6.377042156569664,0.1355556846194033
855,14,2023,1.0,1.0,1.0,0.0,0.0,0.0,0.0,0.0,0.0,0.0,0.0,0,0,0,1,1.0,1.0,10.0,0.0,1.0
855,14,2024,2.0,2.0,1.0,0.0,0.0,0.0,0.0,0.0,0.0,0.0,0.0,0,0,0,1,1.0,0.5,12.0,2.0,0.3333333333333333
855,15,2022,3.0,3.0,1.0,0.0,0.0,0.0,0.0,0.0,0.0,0.0,0.0,0,0,0,1,1.0,0.3333333333333333,14.0,3.265986323710903,0.23441237831492118
855,15,2023,1.0,0.0,0.0,1.0,1.0,0.0,0.0,1.0,1.0,0.0,0.0,0,0,0,0,0.0,0.0,0.0,0.0,1.0
855,15,2024,2.0,1.0,0.5,1.0,0.5,0.0,0.0,1.0,0.5,0.0,0.0,0,0,0,0,0.0,0.0,6.0,6.0,0.14285714285714285
855,17,2024,3.0,2.0,0.6666666666666666,1.0,0.3333333333333333,0.0,0.0,1.0,0.3333333333333333,0.0,0.0,0,0,0,0,0.0,0.0,9.0,6.48074069840786,0.13367660240019172
855,18,2022,1.0,1.0,1.0,0.0,0.0,0.0,0.0,0.0,0.0,0.0,0.0,0,0,0,0,0.0,0.0,14.0,0.0,1.0
855,18,2023,1.0,1.0,1.0,0.0,0.0,0.0,0.0,0.0,0.0,0.0,0.0,0,0,0,0,0.0,0.0,12.0,0.0,1.0
855,18,2024,2.0,1.0,0.5,1.0,0.5,1.0,0.5,0.0,0.0,0.0,0.0,0,0,0,0,0.0,0.0,6.0,6.0,0.14285714285714285
855,21,2022,3.0,2.0,0.6666666666666666,1.0,0.3333333333333333,1.0,0.3333333333333333,0.0,0.0,0.0,0.0,0,0,0,0,0.0,0.0,9.0,6.48074069840786,0.13367660240019172
855,21,2024,1.0,1.0,1.0,0.0,0.0,0.0,0.0,0.0,0.0,0.0,0.0,0,0,0,0,0.0,0.0,15.0,0.0,1.0
855,22,2022,2.0,2.0,1.0,0.0,0.0,0.0,0.0,0.0,0.0,0.0,0.0,0,0,0,0,0.0,0.0,15.0,0.0,1.0
855,22,2023,1.0,1.0,1.0,0.0,0.0,0.0,0.0,0.0,0.0,0.0,0.0,0,0,0,0,0.0,0.0,16.0,0.0,1.0
855,22,2024,2.0,2.0,1.0,0.0,0.0,0.0,0.0,0.0,0.0,0.0,0.0,0,0,0,0,0.0,0.0,14.5,1.5,0.4
855,24,2022,3.0,2.0,0.6666666666666666,1.0,0.3333333333333333,1.0,0.3333333333333333,0.0,0.0,0.0,0.0,0,0,0,0,0.0,0.0,9.666666666666666,6.944222218666553,0.125877646983527
855,24,2023,1.0,1.0,1.0,0.0,0.0,0.0,0.0,0.0,0.0,0.0,0.0,0,0,0,0,0.0,0.0,12.0,0.0,1.0
855,24,2024,2.0,2.0,1.0,0.0,0.0,0.0,0.0,0.0,0.0,0.0,0.0,0,0,0,0,0.0,0.0,14.5,2.5,0.2857142857142857
855,32,2022,3.0,3.0,1.0,0.0,0.0,0.0,0.0,0.0,0.0,0.0,0.0,0,0,0,0,0.0,0.0,14.0,2.1602468994692847,0.31643097258253294
855,32,2023,1.0,1.0,1.0,0.0,0.0,0.0,0.0,0.0,0.0,0.0,0.0,0,0,0,0,0.0,0.0,13.0,0.0,1.0
855,32,2024,2.0,2.0,1.0,0.0,0.0,0.0,0.0,0.0,0.0,0.0,0.0,0,0,0,0,0.0,0.0,13.5,0.5,0.6666666666666666
855,34,2022,3.0,3.0,1.0,0.0,0.0,0.0,0.0,0.0,0.0,0.0,0.0,0,0,0,0,0.0,0.0,14.0,0.8164965809277203,0.5505102572168237
855,39,2022,1.0,0.0,0.0,1.0,1.0,0.0,0.0,0.0,0.0,0.0,0.0,0,0,0,0,0.0,0.0,16.0,0.0,1.0
855,39,2023,1.0,1.0,1.0,0.0,0.0,0.0,0.0,0.0,0.0,0.0,0.0,0,0,0,0,0.0,0.0,16.0,0.0,1.0
855,39,2024,2.0,1.0,0.5,1.0,0.5,0.0,0.0,1.0,0.5,0.0,0.0,0,0,0,0,0.0,0.0,8.0,8.0,0.1111111111111111
855,69,2022,3.0,2.0,0.6666666666666666,1.0,0.3333333333333333,0.0,0.0,1.0,0.3333333333333333,0.0,0.0,0,0,0,0,0.0,0.0,12.0,8.640987597877146,0.10372381354584363
855,69,2023,1.0,1.0,1.0,0.0,0.0,0.0,0.0,0.0,0.0,0.0,0.0,0,0,0,0,0.0,0.0,12.0,0.0,1.0
855,69,2024,2.0,2.0,1.0,0.0,0.0,0.0,0.0,0.0,0.0,0.0,0.0,0,0,0,0,0.0,0.0,12.5,0.5,0.6666666666666666
855,70,2022,3.0,3.0,1.0,0.0,0.0,0.0,0.0,0.0,0.0,0.0,0.0,0,0,0,0,0.0,0.0,14.666666666666666,3.091206165165237,0.24442669462970257
855,70,2023,1.0,1.0,1.0,0.0,0.0,0.0,0.0,0.0,0.0,0.0,0.0,0,0,0,0,0.0,0.0,14.0,0.0,1.0
855,70,2024,2.0,2.0,1.0,0.0,0.0,0.0,0.0,0.0,0.0,0.0,0.0,0,0,0,0,0.0,0.0,13.0,1.0,0.5
855,73,2022,3.0,3.0,1.0,0.0,0.0,0.0,0.0,0.0,0.0,0.0,0.0,0,0,0,0,0.0,0.0,14.333333333333334,2.0548046676563203,0.3273531727209292
855,73,2023,1.0,0.0,0.0,1.0,1.0,1.0,1.0,0.0,0.0,0.0,0.0,0,0,0,0,0.0,0.0,0.0,0.0,1.0
855,73,2024,2.0,0.0,0.0,2.0,1.0,2.0,1.0,0.0,0.0,0.0,0.0,0,0,0,0,0.0,0.0,0.0,0.0,1.0
855,77,2022,3.0,1.0,0.3333333333333333,2.0,0.6666666666666666,2.0,0.6666666666666666,0.0,0.0,0.0,0.0,0,0,0,0,0.0,0.0,4.666666666666667,6.599663291074442,0.13158477707485638
855,77,2023,1.0,1.0,1.0,0.0,0.0,0.0,0.0,0.0,0.0,0.0,0.0,0,0,0,0,0.0,0.0,11.0,0.0,1.0
855,77,2024,2.0,2.0,1.0,0.0,0.0,0.0,0.0,0.0,0.0,0.0,0.0,0,0,0,0,0.0,0.0,12.0,1.0,0.5
855,78,2023,3.0,3.0,1.0,0.0,0.0,0.0,0.0,0.0,0.0,0.0,0.0,0,0,0,0,0.0,0.0,14.0,2.9439202887759475,0.2535548202751239
855,78,2024,1.0,1.0,1.0,0.0,0.0,0.0,0.0,0.0,0.0,0.0,0.0,0,0,0,1,2.0,2.0,9.0,0.0,1.0
855,79,2022,2.0,2.0,1.0,0.0,0.0,0.0,0.0,0.0,0.0,0.0,0.0,0,0,0,2,6.0,3.0,8.5,0.5,0.6666666666666666
855,79,2023,1.0,0.0,0.0,1.0,1.0,1.0,1.0,0.0,0.0,0.0,0.0,0,0,0,0,0.0,0.0,0.0,0.0,1.0
855,79,2024,2.0,1.0,0.5,1.0,0.5,1.0,0.5,0.0,0.0,0.0,0.0,0,0,0,0,0.0,0.0,8.0,8.0,0.1111111111111111
855,80,2023,3.0,2.0,0.6666666666666666,1.0,0.3333333333333333,1.0,0.3333333333333333,0.0,0.0,0.0,0.0,0,0,0,0,0.0,0.0,10.0,7.118052168020873,0.12318225841652766
855,80,2024,1.0,1.0,1.0,0.0,0.0,0.0,0.0,0.0,0.0,0.0,0.0,0,0,0,0,0.0,0.0,15.0,0.0,1.0
856,1,2023,2.0,2.0,1.0,0.0,0.0,0.0,0.0,0.0,0.0,0.0,0.0,0,0,0,0,0.0,0.0,14.0,1.0,0.5
856,3,2023,1.0,1.0,1.0,0.0,0.0,0.0,0.0,0.0,0.0,0.0,0.0,0,0,0,0,0.0,0.0,15.0,0.0,1.0
856,4,2023,1.0,1.0,1.0,0.0,0.0,0.0,0.0,0.0,0.0,0.0,0.0,0,0,0,0,0.0,0.0,14.0,0.0,1.0
856,6,2023,1.0,1.0,1.0,0.0,0.0,0.0,0.0,0.0,0.0,0.0,0.0,0,0,0,0,0.0,0.0,14.0,0.0,1.0
856,7,2023,1.0,1.0,1.0,0.0,0.0,0.0,0.0,0.0,0.0,0.0,0.0,0,0,0,0,0.0,0.0,12.0,0.0,1.0
856,9,2023,1.0,1.0,1.0,0.0,0.0,0.0,0.0,0.0,0.0,0.0,0.0,0,0,0,0,0.0,0.0,18.0,0.0,1.0
856,14,2022,1.0,1.0,1.0,0.0,0.0,0.0,0.0,0.0,0.0,0.0,0.0,0,0,0,0,0.0,0.0,17.0,0.0,1.0
856,70,2023,1.0,1.0,1.0,0.0,0.0,0.0,0.0,0.0,0.0,0.0,0.0,0,0,0,1,2.0,2.0,9.0,0.0,1.0
856,73,2023,1.0,1.0,1.0,0.0,0.0,0.0,0.0,0.0,0.0,0.0,0.0,0,0,0,0,0.0,0.0,17.0,0.0,1.0
856,77,2023,1.0,0.0,0.0,1.0,1.0,0.0,0.0,1.0,1.0,0.0,0.0,0,0,0,0,0.0,0.0,0.0,0.0,1.0
856,79,2023,1.0,1.0,1.0,0.0,0.0,0.0,0.0,0.0,0.0,0.0,0.0,0,0,0,0,0.0,0.0,14.0,0.0,1.0
857,1,2023,1.0,1.0,1.0,0.0,0.0,0.0,0.0,0.0,0.0,0.0,0.0,0,0,0,0,0.0,0.0,18.0,0.0,1.0
857,1,2024,1.0,1.0,1.0,0.0,0.0,0.0,0.0,0.0,0.0,0.0,0.0,0,0,0,1,4.0,4.0,8.0,0.0,1.0
857,1,2025,2.0,2.0,1.0,0.0,0.0,0.0,0.0,0.0,0.0,0.0,0.0,0,0,1,2,16.0,8.0,6.0,2.0,0.3333333333333333
857,3,2023,3.0,3.0,1.0,0.0,0.0,0.0,0.0,0.0,0.0,0.0,0.0,0,0,1,3,18.0,6.0,7.0,2.160246899469286,0.31643097258253283
857,3,2024,1.0,0.0,0.0,1.0,1.0,1.0,1.0,0.0,0.0,0.0,0.0,0,0,0,0,0.0,0.0,0.0,0.0,1.0
857,3,2025,2.0,1.0,0.5,1.0,0.5,1.0,0.5,0.0,0.0,0.0,0.0,0,0,0,1,4.0,2.0,4.0,4.0,0.2
857,4,2023,3.0,2.0,0.6666666666666666,1.0,0.3333333333333333,1.0,0.3333333333333333,0.0,0.0,0.0,0.0,1,1,1,2,29.0,9.666666666666666,3.0,3.559026084010437,0.2193450929151803
857,4,2024,1.0,1.0,1.0,0.0,0.0,0.0,0.0,0.0,0.0,0.0,0.0,0,0,0,0,0.0,0.0,13.0,0.0,1.0
857,4,2025,2.0,2.0,1.0,0.0,0.0,0.0,0.0,0.0,0.0,0.0,0.0,0,0,0,1,6.0,3.0,10.0,3.0,0.25
857,6,2023,3.0,3.0,1.0,0.0,0.0,0.0,0.0,0.0,0.0,0.0,0.0,1,1,1,2,31.0,10.333333333333334,7.0,4.898979485566356,0.16952084719853724
857,6,2024,1.0,1.0,1.0,0.0,0.0,0.0,0.0,0.0,0.0,0.0,0.0,0,0,0,1,1.0,1.0,10.0,0.0,1.0
857,6,2025,2.0,2.0,1.0,0.0,0.0,0.0,0.0,0.0,0.0,0.0,0.0,0,1,1,2,19.0,9.5,6.0,4.0,0.2
857,7,2023,3.0,3.0,1.0,0.0,0.0,0.0,0.0,0.0,0.0,0.0,0.0,0,2,2,3,34.0,11.333333333333334,5.0,3.5590260840104366,0.2193450929151803
857,7,2024,1.0,1.0,1.0,0.0,0.0,0.0,0.0,0.0,0.0,0.0,0.0,0,0,0,0,0.0,0.0,11.0,0.0,1.0
857,7,2025,2.0,2.0,1.0,0.0,0.0,0.0,0.0,0.0,0.0,0.0,0.0,0,0,1,1,10.0,5.0,8.0,3.0,0.25
857,9,2023,3.0,3.0,1.0,0.0,0.0,0.0,0.0,0.0,0.0,0.0,0.0,0,0,2,2,22.0,7.333333333333333,6.666666666666667,3.0912061651652336,0.24442669462970276
857,9,2024,1.0,1.0,1.0,0.0,0.0,0.0,0.0,0.0,0.0,0.0,0.0,0,0,1,1,12.0,12.0,4.0,0.0,1.0
857,9,2025,2.0,2.0,1.0,0.0,0.0,0.0,0.0,0.0,0.0,0.0,0.0,0,0,2,2,24.0,12.0,4.0,0.0,1.0
857,11,2023,3.0,3.0,1.0,0.0,0.0,0.0,0.0,0.0,0.0,0.0,0.0,0,1,3,3,42.0,14.0,3.3333333333333335,0.9428090415820626,0.5147186257614299
857,11,2024,1.0,1.0,1.0,0.0,0.0,0.0,0.0,0.0,0.0,0.0,0.0,0,0,1,1,10.0,10.0,5.0,0.0,1.0
857,11,2025,2.0,2.0,1.0,0.0,0.0,0.0,0.0,0.0,0.0,0.0,0.0,1,1,2,2,35.0,17.5,3.0,2.0,0.3333333333333333
857,13,2023,3.0,3.0,1.0,0.0,0.0,0.0,0.0,0.0,0.0,0.0,0.0,1,2,3,3,53.0,17.666666666666668,2.6666666666666665,1.699673171197595,0.37041520828107966
857,13,2024,1.0,0.0,0.0,1.0,1.0,0.0,0.0,1.0,1.0,0.0,0.0,0,0,0,0,0.0,0.0,0.0,0.0,1.0
857,13,2025,2.0,1.0,0.5,1.0,0.5,0.0,0.0,1.0,0.5,0.0,0.0,0,1,1,1,18.0,9.0,1.0,1.0,0.5
857,14,2023,3.0,2.0,0.6666666666666666,1.0,0.3333333333333333,0.0,0.0,1.0,0.3333333333333333,0.0,0.0,1,2,2,2,43.0,14.333333333333334,1.0,0.816496580927726,0.5505102572168219
857,14,2024,1.0,1.0,1.0,0.0,0.0,0.0,0.0,0.0,0.0,0.0,0.0,0,0,0,0,0.0,0.0,12.0,0.0,1.0
857,14,2025,2.0,2.0,1.0,0.0,0.0,0.0,0.0,0.0,0.0,0.0,0.0,0,1,1,1,18.0,9.0,7.0,5.0,0.16666666666666666
857,15,2023,3.0,3.0,1.0,0.0,0.0,0.0,0.0,0.0,0.0,0.0,0.0,0,2,2,2,33.0,11.0,5.666666666666667,4.496912521077347,0.1819203045647175
857,15,2024,1.0,1.0,1.0,0.0,0.0,0.0,0.0,0.0,0.0,0.0,0.0,0,0,0,1,6.0,6.0,7.0,0.0,1.0
857,15,2025,2.0,2.0,1.0,0.0,0.0,0.0,0.0,0.0,0.0,0.0,0.0,0,1,1,2,21.0,10.5,5.0,2.0,0.3333333333333333
857,17,2024,3.0,3.0,1.0,0.0,0.0,0.0,0.0,0.0,0.0,0.0,0.0,0,1,2,3,33.0,11.0,4.666666666666667,1.699673171197594,0.37041520828107977
857,17,2025,1.0,1.0,1.0,0.0,0.0,0.0,0.0,0.0,0.0,0.0,0.0,0,0,0,1,4.0,4.0,8.0,0.0,1.0
857,18,2023,2.0,2.0,1.0,0.0,0.0,0.0,0.0,0.0,0.0,0.0,0.0,1,1,1,2,29.0,14.5,4.5,3.5,0.2222222222222222
857,18,2024,1.0,1.0,1.0,0.0,0.0,0.0,0.0,0.0,0.0,0.0,0.0,0,0,0,0,0.0,0.0,14.0,0.0,1.0
857,18,2025,2.0,2.0,1.0,0.0,0.0,0.0,0.0,0.0,0.0,0.0,0.0,0,0,0,1,4.0,2.0,11.0,3.0,0.25
857,21,2024,3.0,3.0,1.0,0.0,0.0,0.0,0.0,0.0,0.0,0.0,0.0,0,0,1,2,14.0,4.666666666666667,9.0,3.7416573867739413,0.21089672205953397
857,21,2025,1.0,1.0,1.0,0.0,0.0,0.0,0.0,0.0,0.0,0.0,0.0,0,0,1,1,12.0,12.0,4.0,0.0,1.0
857,22,2023,2.0,2.0,1.0,0.0,0.0,0.0,0.0,0.0,0.0,0.0,0.0,0,1,2,2,27.0,13.5,3.5,0.5,0.6666666666666666
857,22,2024,1.0,1.0,1.0,0.0,0.0,0.0,0.0,0.0,0.0,0.0,0.0,0,1,1,1,15.0,15.0,3.0,0.0,1.0
857,22,2025,2.0,2.0,1.0,0.0,0.0,0.0,0.0,0.0,0.0,0.0,0.0,0,1,1,2,19.0,9.5,5.5,2.5,0.2857142857142857
857,24,2023,3.0,3.0,1.0,0.0,0.0,0.0,0.0,0.0,0.0,0.0,0.0,0,2,2,3,34.0,11.333333333333334,4.666666666666667,2.357022603955157,0.29788301062430317
857,24,2024,1.0,1.0,1.0,0.0,0.0,0.0,0.0,0.0,0.0,0.0,0.0,0,0,0,1,8.0,8.0,6.0,0.0,1.0
857,32,2023,2.0,2.0,1.0,0.0,0.0,0.0,0.0,0.0,0.0,0.0,0.0,0,0,0,2,9.0,4.5,8.0,2.0,0.3333333333333333
857,32,2024,1.0,1.0,1.0,0.0,0.0,0.0,0.0,0.0,0.0,0.0,0.0,0,0,0,1,4.0,4.0,8.0,0.0,1.0
857,32,2025,2.0,2.0,1.0,0.0,0.0,0.0,0.0,0.0,0.0,0.0,0.0,0,0,0,2,8.0,4.0,8.0,0.0,1.0
857,39,2023,3.0,3.0,1.0,0.0,0.0,0.0,0.0,0.0,0.0,0.0,0.0,0,0,1,3,18.0,6.0,7.0,1.4142135623730951,0.4142135623730951
857,39,2024,1.0,1.0,1.0,0.0,0.0,0.0,0.0,0.0,0.0,0.0,0.0,0,0,0,1,2.0,2.0,9.0,0.0,1.0
857,39,2025,2.0,2.0,1.0,0.0,0.0,0.0,0.0,0.0,0.0,0.0,0.0,0,0,1,2,14.0,7.0,6.5,2.5,0.2857142857142857
857,69,2023,3.0,3.0,1.0,0.0,0.0,0.0,0.0,0.0,0.0,0.0,0.0,1,1,2,3,39.0,13.0,4.666666666666667,3.2998316455372207,0.23256724505432583
857,69,2024,1.0,0.0,0.0,1.0,1.0,1.0,1.0,0.0,0.0,0.0,0.0,0,0,0,0,0.0,0.0,0.0,0.0,1.0
857,69,2025,2.0,1.0,0.5,1.0,0.5,1.0,0.5,0.0,0.0,0.0,0.0,0,0,1,1,10.0,5.0,2.5,2.5,0.2857142857142857
857,70,2023,3.0,2.0,0.6666666666666666,1.0,0.3333333333333333,1.0,0.3333333333333333,0.0,0.0,0.0,0.0,0,0,2,2,20.0,6.666666666666667,3.3333333333333335,2.3570226039551585,0.29788301062430306
857,70,2024,1.0,1.0,1.0,0.0,0.0,0.0,0.0,0.0,0.0,0.0,0.0,0,0,0,0,0.0,0.0,16.0,0.0,1.0
857,70,2025,2.0,2.0,1.0,0.0,0.0,0.0,0.0,0.0,0.0,0.0,0.0,0,1,1,1,18.0,9.0,9.0,7.0,0.125
857,73,2023,3.0,3.0,1.0,0.0,0.0,0.0,0.0,0.0,0.0,0.0,0.0,0,2,2,2,36.0,12.0,6.666666666666667,6.599663291074443,0.13158477707485638
857,73,2024,1.0,1.0,1.0,0.0,0.0,0.0,0.0,0.0,0.0,0.0,0.0,0,0,0,0,0.0,0.0,11.0,0.0,1.0
857,73,2025,2.0,2.0,1.0,0.0,0.0,0.0,0.0,0.0,0.0,0.0,0.0,1,1,1,1,25.0,12.5,6.0,5.0,0.16666666666666666
857,77,2023,3.0,2.0,0.6666666666666666,1.0,0.3333333333333333,0.0,0.0,1.0,0.3333333333333333,0.0,0.0,1,1,1,1,25.0,8.333333333333334,10.666666666666666,7.760297817881877,0.11415137028318366
857,77,2024,1.0,1.0,1.0,0.0,0.0,0.0,0.0,0.0,0.0,0.0,0.0,0,0,0,0,0.0,0.0,15.0,0.0,1.0
857,77,2025,2.0,2.0,1.0,0.0,0.0,0.0,0.0,0.0,0.0,0.0,0.0,0,0,1,1,12.0,6.0,9.5,5.5,0.15384615384615385
857,78,2023,3.0,3.0,1.0,0.0,0.0,0.0,0.0,0.0,0.0,0.0,0.0,1,1,2,2,37.0,12.333333333333334,6.666666666666667,6.018490028422596,0.1424807894504838
857,78,2024,1.0,1.0,1.0,0.0,0.0,0.0,0.0,0.0,0.0,0.0,0.0,0,1,1,1,18.0,18.0,2.0,0.0,1.0
857,78,2025,2.0,2.0,1.0,0.0,0.0,0.0,0.0,0.0,0.0,0.0,0.0,0,2,2,2,33.0,16.5,2.5,0.5,0.6666666666666666
857,79,2023,3.0,3.0,1.0,0.0,0.0,0.0,0.0,0.0,0.0,0.0,0.0,0,3,3,3,51.0,17.0,2.3333333333333335,0.47140452079103085,0.6796227589829597
857,79,2024,1.0,1.0,1.0,0.0,0.0,0.0,0.0,0.0,0.0,0.0,0.0,0,0,0,0,0.0,0.0,19.0,0.0,1.0
857,79,2025,2.0,2.0,1.0,0.0,0.0,0.0,0.0,0.0,0.0,0.0,0.0,0,0,0,0,0.0,0.0,16.0,3.0,0.25
857,80,2023,3.0,3.0,1.0,0.0,0.0,0.0,0.0,0.0,0.0,0.0,0.0,1,1,1,1,25.0,8.333333333333334,11.0,7.483314773547883,0.11787845042814334
857,80,2024,1.0,1.0,1.0,0.0,0.0,0.0,0.0,0.0,0.0,0.0,0.0,0,0,0,1,2.0,2.0,10.0,0.0,1.0
857,80,2025,2.0,2.0,1.0,0.0,0.0,0.0,0.0,0.0,0.0,0.0,0.0,0,0,0,2,8.0,4.0,8.5,1.5,0.4
858,1,2023,3.0,3.0,1.0,0.0,0.0,0.0,0.0,0.0,0.0,0.0,0.0,0,0,0,2,8.0,2.6666666666666665,12.333333333333334,5.557777333511022,0.1524906914557591
858,3,2023,1.0,1.0,1.0,0.0,0.0,0.0,0.0,0.0,0.0,0.0,0.0,0,0,0,0,0.0,0.0,16.0,0.0,1.0
858,3,2024,1.0,1.0,1.0,0.0,0.0,0.0,0.0,0.0,0.0,0.0,0.0,0,0,0,0,0.0,0.0,12.0,0.0,1.0
858,4,2023,2.0,2.0,1.0,0.0,0.0,0.0,0.0,0.0,0.0,0.0,0.0,0,0,0,0,0.0,0.0,16.0,4.0,0.2
858,4,2024,1.0,1.0,1.0,0.0,0.0,0.0,0.0,0.0,0.0,0.0,0.0,0,0,0,0,0.0,0.0,20.0,0.0,1.0
858,6,2023,2.0,2.0,1.0,0.0,0.0,0.0,0.0,0.0,0.0,0.0,0.0,0,0,0,0,0.0,0.0,20.0,0.0,1.0
858,6,2024,1.0,1.0,1.0,0.0,0.0,0.0,0.0,0.0,0.0,0.0,0.0,0,0,0,0,0.0,0.0,18.0,0.0,1.0
858,7,2023,2.0,2.0,1.0,0.0,0.0,0.0,0.0,0.0,0.0,0.0,0.0,0,0,0,0,0.0,0.0,16.5,1.5,0.4
858,7,2024,1.0,0.0,0.0,1.0,1.0,1.0,1.0,0.0,0.0,0.0,0.0,0,0,0,0,0.0,0.0,0.0,0.0,1.0
858,9,2023,2.0,0.0,0.0,2.0,1.0,1.0,0.5,1.0,0.5,0.0,0.0,0,0,0,0,0.0,0.0,0.0,0.0,1.0
858,9,2024,1.0,1.0,1.0,0.0,0.0,0.0,0.0,0.0,0.0,0.0,0.0,0,0,0,0,0.0,0.0,11.0,0.0,1.0
858,11,2023,2.0,2.0,1.0,0.0,0.0,0.0,0.0,0.0,0.0,0.0,0.0,0,0,0,0,0.0,0.0,11.0,0.0,1.0
858,11,2024,1.0,1.0,1.0,0.0,0.0,0.0,0.0,0.0,0.0,0.0,0.0,0,0,0,0,0.0,0.0,0.0,0.0,1.0
858,13,2023,2.0,2.0,1.0,0.0,0.0,0.0,0.0,0.0,0.0,0.0,0.0,0,0,0,0,0.0,0.0,8.5,8.5,0.10526315789473684
858,13,2024,1.0,1.0,1.0,0.0,0.0,0.0,0.0,0.0,0.0,0.0,0.0,0,0,0,0,0.0,0.0,17.0,0.0,1.0
858,14,2023,2.0,2.0,1.0,0.0,0.0,0.0,0.0,0.0,0.0,0.0,0.0,0,0,0,0,0.0,0.0,17.0,0.0,1.0
858,15,2023,1.0,1.0,1.0,0.0,0.0,0.0,0.0,0.0,0.0,0.0,0.0,0,0,0,0,0.0,0.0,13.0,0.0,1.0
858,17,2024,1.0,1.0,1.0,0.0,0.0,0.0,0.0,0.0,0.0,0.0,0.0,0,0,0,0,0.0,0.0,14.0,0.0,1.0
858,18,2023,1.0,1.0,1.0,0.0,0.0,0.0,0.0,0.0,0.0,0.0,0.0,0,0,0,0,0.0,0.0,17.0,0.0,1.0
858,21,2024,1.0,1.0,1.0,0.0,0.0,0.0,0.0,0.0,0.0,0.0,0.0,0,0,0,0,0.0,0.0,11.0,0.0,1.0
858,22,2023,1.0,1.0,1.0,0.0,0.0,0.0,0.0,0.0,0.0,0.0,0.0,0,0,0,0,0.0,0.0,17.0,0.0,1.0
858,22,2024,1.0,0.0,0.0,1.0,1.0,0.0,0.0,1.0,1.0,0.0,0.0,0,0,0,0,0.0,0.0,0.0,0.0,1.0
858,24,2023,2.0,1.0,0.5,1.0,0.5,0.0,0.0,1.0,0.5,0.0,0.0,0,0,0,0,0.0,0.0,8.5,8.5,0.10526315789473684
858,32,2023,1.0,1.0,1.0,0.0,0.0,0.0,0.0,0.0,0.0,0.0,0.0,0,0,0,0,0.0,0.0,16.0,0.0,1.0
858,39,2023,1.0,1.0,1.0,0.0,0.0,0.0,0.0,0.0,0.0,0.0,0.0,0,0,0,0,0.0,0.0,16.0,0.0,1.0
858,39,2024,1.0,0.0,0.0,1.0,1.0,0.0,0.0,1.0,1.0,0.0,0.0,0,0,0,0,0.0,0.0,0.0,0.0,1.0
858,69,2023,2.0,1.0,0.5,1.0,0.5,0.0,0.0,1.0,0.5,0.0,0.0,0,0,0,0,0.0,0.0,8.0,8.0,0.1111111111111111
858,70,2023,1.0,1.0,1.0,0.0,0.0,0.0,0.0,0.0,0.0,0.0,0.0,0,0,0,1,1.0,1.0,10.0,0.0,1.0
858,70,2024,1.0,1.0,1.0,0.0,0.0,0.0,0.0,0.0,0.0,0.0,0.0,0,0,0,0,0.0,0.0,13.0,0.0,1.0
858,73,2023,2.0,2.0,1.0,0.0,0.0,0.0,0.0,0.0,0.0,0.0,0.0,0,0,0,0,0.0,0.0,16.0,3.0,0.25
858,77,2023,1.0,1.0,1.0,0.0,0.0,0.0,0.0,0.0,0.0,0.0,0.0,0,0,0,0,0.0,0.0,16.0,0.0,1.0
858,77,2024,1.0,1.0,1.0,0.0,0.0,0.0,0.0,0.0,0.0,0.0,0.0,0,0,0,0,0.0,0.0,16.0,0.0,1.0
858,78,2023,2.0,2.0,1.0,0.0,0.0,0.0,0.0,0.0,0.0,0.0,0.0,0,0,0,0,0.0,0.0,15.0,1.0,0.5
858,79,2023,1.0,0.0,0.0,1.0,1.0,0.0,0.0,0.0,0.0,1.0,1.0,0,0,0,0,0.0,0.0,0.0,0.0,1.0
858,79,2024,1.0,1.0,1.0,0.0,0.0,0.0,0.0,0.0,0.0,0.0,0.0,0,0,0,0,0.0,0.0,20.0,0.0,1.0
858,80,2023,2.0,1.0,0.5,1.0,0.5,0.0,0.0,1.0,0.5,0.0,0.0,0,0,0,0,0.0,0.0,10.0,10.0,0.09090909090909091
859,1,2025,1.0,1.0,1.0,0.0,0.0,0.0,0.0,0.0,0.0,0.0,0.0,0,0,0,0,0.0,0.0,16.0,0.0,1.0
859,3,2025,1.0,0.0,0.0,1.0,1.0,0.0,0.0,1.0,1.0,0.0,0.0,0,0,0,0,0.0,0.0,15.0,0.0,1.0
859,4,2025,1.0,1.0,1.0,0.0,0.0,0.0,0.0,0.0,0.0,0.0,0.0,0,0,0,0,0.0,0.0,16.0,0.0,1.0
859,6,2025,1.0,1.0,1.0,0.0,0.0,0.0,0.0,0.0,0.0,0.0,0.0,0,0,0,0,0.0,0.0,11.0,0.0,1.0
859,7,2025,1.0,1.0,1.0,0.0,0.0,0.0,0.0,0.0,0.0,0.0,0.0,0,0,0,1,4.0,4.0,8.0,0.0,1.0
859,9,2025,1.0,0.0,0.0,1.0,1.0,1.0,1.0,0.0,0.0,0.0,0.0,0,0,0,0,0.0,0.0,19.0,0.0,1.0
859,11,2025,1.0,0.0,0.0,1.0,1.0,0.0,0.0,1.0,1.0,0.0,0.0,0,0,0,0,0.0,0.0,19.0,0.0,1.0
859,13,2025,1.0,1.0,1.0,0.0,0.0,0.0,0.0,0.0,0.0,0.0,0.0,0,0,0,1,4.0,4.0,8.0,0.0,1.0
859,14,2023,1.0,1.0,1.0,0.0,0.0,0.0,0.0,0.0,0.0,0.0,0.0,0,0,0,1,4.0,4.0,8.0,0.0,1.0
859,14,2025,1.0,1.0,1.0,0.0,0.0,0.0,0.0,0.0,0.0,0.0,0.0,0,0,0,0,0.0,0.0,11.0,0.0,1.0
859,15,2023,2.0,2.0,1.0,0.0,0.0,0.0,0.0,0.0,0.0,0.0,0.0,0,0,0,0,0.0,0.0,12.5,1.5,0.4
859,15,2025,1.0,1.0,1.0,0.0,0.0,0.0,0.0,0.0,0.0,0.0,0.0,0,0,0,1,2.0,2.0,9.0,0.0,1.0
859,17,2025,2.0,2.0,1.0,0.0,0.0,0.0,0.0,0.0,0.0,0.0,0.0,0,0,0,1,2.0,1.0,12.0,3.0,0.25
859,18,2024,1.0,1.0,1.0,0.0,0.0,0.0,0.0,0.0,0.0,0.0,0.0,0,0,0,0,0.0,0.0,12.0,0.0,1.0
859,18,2025,1.0,1.0,1.0,0.0,0.0,0.0,0.0,0.0,0.0,0.0,0.0,0,0,0,1,2.0,2.0,9.0,0.0,1.0
859,21,2025,2.0,2.0,1.0,0.0,0.0,0.0,0.0,0.0,0.0,0.0,0.0,0,0,0,2,8.0,4.0,8.0,1.0,0.5
859,22,2023,1.0,1.0,1.0,0.0,0.0,0.0,0.0,0.0,0.0,0.0,0.0,0,0,0,0,0.0,0.0,14.0,0.0,1.0
859,22,2025,1.0,1.0,1.0,0.0,0.0,0.0,0.0,0.0,0.0,0.0,0.0,0,0,0,0,0.0,0.0,11.0,0.0,1.0
859,24,2024,2.0,2.0,1.0,0.0,0.0,0.0,0.0,0.0,0.0,0.0,0.0,0,0,0,0,0.0,0.0,14.0,3.0,0.25
859,32,2024,1.0,1.0,1.0,0.0,0.0,0.0,0.0,0.0,0.0,0.0,0.0,0,0,0,0,0.0,0.0,17.0,0.0,1.0
859,32,2025,1.0,1.0,1.0,0.0,0.0,0.0,0.0,0.0,0.0,0.0,0.0,0,0,0,0,0.0,0.0,16.0,0.0,1.0
859,39,2023,2.0,1.0,0.5,1.0,0.5,0.0,0.0,1.0,0.5,0.0,0.0,0,0,0,0,0.0,0.0,18.0,2.0,0.3333333333333333
859,39,2025,1.0,1.0,1.0,0.0,0.0,0.0,0.0,0.0,0.0,0.0,0.0,0,0,0,0,0.0,0.0,13.0,0.0,1.0
859,69,2024,2.0,2.0,1.0,0.0,0.0,0.0,0.0,0.0,0.0,0.0,0.0,0,0,0,0,0.0,0.0,12.5,0.5,0.6666666666666666
859,69,2025,1.0,1.0,1.0,0.0,0.0,0.0,0.0,0.0,0.0,0.0,0.0,0,0,0,1,2.0,2.0,9.0,0.0,1.0
859,70,2025,2.0,2.0,1.0,0.0,0.0,0.0,0.0,0.0,0.0,0.0,0.0,0,0,0,1,2.0,1.0,10.0,1.0,0.5
859,73,2025,1.0,1.0,1.0,0.0,0.0,0.0,0.0,0.0,0.0,0.0,0.0,0,0,0,1,8.0,8.0,6.0,0.0,1.0
859,77,2025,1.0,1.0,1.0,0.0,0.0,0.0,0.0,0.0,0.0,0.0,0.0,0,0,1,1,10.0,10.0,5.0,0.0,1.0
859,78,2023,1.0,1.0,1.0,0.0,0.0,0.0,0.0,0.0,0.0,0.0,0.0,0,0,0,0,0.0,0.0,12.0,0.0,1.0
859,78,2024,1.0,1.0,1.0,0.0,0.0,0.0,0.0,0.0,0.0,0.0,0.0,0,0,0,0,0.0,0.0,17.0,0.0,1.0
859,78,2025,2.0,2.0,1.0,0.0,0.0,0.0,0.0,0.0,0.0,0.0,0.0,0,0,0,0,0.0,0.0,15.5,1.5,0.4
859,79,2025,3.0,3.0,1.0,0.0,0.0,0.0,0.0,0.0,0.0,0.0,0.0,0,0,0,1,2.0,0.6666666666666666,13.333333333333334,3.299831645537217,0.23256724505432602
859,80,2024,1.0,0.0,0.0,1.0,1.0,0.0,0.0,1.0,1.0,0.0,0.0,0,0,0,0,0.0,0.0,17.0,0.0,1.0
859,80,2025,1.0,1.0,1.0,0.0,0.0,0.0,0.0,0.0,0.0,0.0,0.0,0,0,0,0,0.0,0.0,16.0,0.0,1.0
860,1,2025,2.0,2.0,1.0,0.0,0.0,0.0,0.0,0.0,0.0,0.0,0.0,0,0,0,0,0.0,0.0,15.0,1.0,0.5
860,3,2025,1.0,1.0,1.0,0.0,0.0,0.0,0.0,0.0,0.0,0.0,0.0,0,0,0,0,0.0,0.0,14.0,0.0,1.0
860,4,2025,1.0,1.0,1.0,0.0,0.0,0.0,0.0,0.0,0.0,0.0,0.0,0,0,0,1,1.0,1.0,10.0,0.0,1.0
860,6,2025,1.0,1.0,1.0,0.0,0.0,0.0,0.0,0.0,0.0,0.0,0.0,0,0,0,0,0.0,0.0,17.0,0.0,1.0
860,7,2025,1.0,1.0,1.0,0.0,0.0,0.0,0.0,0.0,0.0,0.0,0.0,0,0,0,0,0.0,0.0,12.0,0.0,1.0
860,9,2025,1.0,1.0,1.0,0.0,0.0,0.0,0.0,0.0,0.0,0.0,0.0,0,0,0,0,0.0,0.0,11.0,0.0,1.0
860,11,2025,1.0,1.0,1.0,0.0,0.0,0.0,0.0,0.0,0.0,0.0,0.0,0,0,0,0,0.0,0.0,11.0,0.0,1.0
860,13,2025,1.0,0.0,0.0,1.0,1.0,1.0,1.0,0.0,0.0,0.0,0.0,0,0,0,0,0.0,0.0,20.0,0.0,1.0
860,14,2025,1.0,1.0,1.0,0.0,0.0,0.0,0.0,0.0,0.0,0.0,0.0,0,0,0,0,0.0,0.0,11.0,0.0,1.0
860,15,2025,1.0,1.0,1.0,0.0,0.0,0.0,0.0,0.0,0.0,0.0,0.0,0,0,0,0,0.0,0.0,12.0,0.0,1.0
860,17,2025,1.0,1.0,1.0,0.0,0.0,0.0,0.0,0.0,0.0,0.0,0.0,0,0,0,1,2.0,2.0,9.0,0.0,1.0
860,18,2024,1.0,1.0,1.0,0.0,0.0,0.0,0.0,0.0,0.0,0.0,0.0,0,0,0,1,4.0,4.0,8.0,0.0,1.0
860,18,2025,1.0,1.0,1.0,0.0,0.0,0.0,0.0,0.0,0.0,0.0,0.0,0,0,0,0,0.0,0.0,12.0,0.0,1.0
860,21,2025,2.0,2.0,1.0,0.0,0.0,0.0,0.0,0.0,0.0,0.0,0.0,0,0,0,1,8.0,4.0,9.0,3.0,0.25
860,22,2025,1.0,1.0,1.0,0.0,0.0,0.0,0.0,0.0,0.0,0.0,0.0,0,0,0,0,0.0,0.0,17.0,0.0,1.0
860,32,2025,1.0,1.0,1.0,0.0,0.0,0.0,0.0,0.0,0.0,0.0,0.0,0,0,0,1,1.0,1.0,10.0,0.0,1.0
860,39,2025,1.0,1.0,1.0,0.0,0.0,0.0,0.0,0.0,0.0,0.0,0.0,0,0,1,1,12.0,12.0,4.0,0.0,1.0
860,69,2025,1.0,1.0,1.0,0.0,0.0,0.0,0.0,0.0,0.0,0.0,0.0,0,0,0,1,8.0,8.0,6.0,0.0,1.0
860,70,2025,1.0,1.0,1.0,0.0,0.0,0.0,0.0,0.0,0.0,0.0,0.0,0,0,0,1,2.0,2.0,9.0,0.0,1.0
860,73,2024,1.0,1.0,1.0,0.0,0.0,0.0,0.0,0.0,0.0,0.0,0.0,0,0,0,0,0.0,0.0,11.0,0.0,1.0
860,73,2025,1.0,1.0,1.0,0.0,0.0,0.0,0.0,0.0,0.0,0.0,0.0,0,0,0,1,1.0,1.0,10.0,0.0,1.0
860,77,2024,2.0,2.0,1.0,0.0,0.0,0.0,0.0,0.0,0.0,0.0,0.0,0,0,0,1,1.0,0.5,11.0,1.0,0.5
860,77,2025,1.0,1.0,1.0,0.0,0.0,0.0,0.0,0.0,0.0,0.0,0.0,0,0,0,1,6.0,6.0,7.0,0.0,1.0
860,78,2025,2.0,2.0,1.0,0.0,0.0,0.0,0.0,0.0,0.0,0.0,0.0,0,0,0,1,6.0,3.0,10.0,3.0,0.25
860,79,2025,1.0,0.0,0.0,1.0,1.0,0.0,0.0,0.0,0.0,1.0,1.0,0,0,0,0,0.0,0.0,19.0,0.0,1.0
860,80,2025,1.0,0.0,0.0,1.0,1.0,1.0,1.0,0.0,0.0,0.0,0.0,0,0,0,0,0.0,0.0,19.0,0.0,1.0
861,4,2025,1.0,1.0,1.0,0.0,0.0,0.0,0.0,0.0,0.0,0.0,0.0,0,0,0,1,1.0,1.0,10.0,0.0,1.0
861,6,2025,1.0,1.0,1.0,0.0,0.0,0.0,0.0,0.0,0.0,0.0,0.0,0,0,0,0,0.0,0.0,15.0,0.0,1.0
861,7,2025,1.0,1.0,1.0,0.0,0.0,0.0,0.0,0.0,0.0,0.0,0.0,0,0,0,0,0.0,0.0,13.0,0.0,1.0
861,9,2025,1.0,1.0,1.0,0.0,0.0,0.0,0.0,0.0,0.0,0.0,0.0,0,0,0,0,0.0,0.0,13.0,0.0,1.0
861,11,2025,1.0,0.0,0.0,1.0,1.0,1.0,1.0,0.0,0.0,0.0,0.0,0,0,0,0,0.0,0.0,20.0,0.0,1.0
861,13,2025,1.0,1.0,1.0,0.0,0.0,0.0,0.0,0.0,0.0,0.0,0.0,0,0,0,0,0.0,0.0,18.0,0.0,1.0
861,14,2024,1.0,1.0,1.0,0.0,0.0,0.0,0.0,0.0,0.0,0.0,0.0,0,0,0,0,0.0,0.0,19.0,0.0,1.0
861,14,2025,1.0,1.0,1.0,0.0,0.0,0.0,0.0,0.0,0.0,0.0,0.0,0,0,0,0,0.0,0.0,12.0,0.0,1.0
861,15,2024,2.0,2.0,1.0,0.0,0.0,0.0,0.0,0.0,0.0,0.0,0.0,0,0,0,0,0.0,0.0,14.5,2.5,0.2857142857142857
861,15,2025,1.0,1.0,1.0,0.0,0.0,0.0,0.0,0.0,0.0,0.0,0.0,0,0,0,0,0.0,0.0,11.0,0.0,1.0
861,18,2024,2.0,2.0,1.0,0.0,0.0,0.0,0.0,0.0,0.0,0.0,0.0,0,0,0,0,0.0,0.0,13.5,2.5,0.2857142857142857
861,18,2025,1.0,0.0,0.0,1.0,1.0,0.0,0.0,1.0,1.0,0.0,0.0,0,0,0,0,0.0,0.0,0.0,0.0,1.0
861,21,2025,2.0,1.0,0.5,1.0,0.5,0.0,0.0,1.0,0.5,0.0,0.0,0,0,0,0,0.0,0.0,7.5,7.5,0.11764705882352941
861,24,2024,1.0,1.0,1.0,0.0,0.0,0.0,0.0,0.0,0.0,0.0,0.0,0,0,0,0,0.0,0.0,16.0,0.0,1.0
861,32,2024,1.0,0.0,0.0,1.0,1.0,1.0,1.0,0.0,0.0,0.0,0.0,0,0,0,0,0.0,0.0,0.0,0.0,1.0
861,32,2025,1.0,1.0,1.0,0.0,0.0,0.0,0.0,0.0,0.0,0.0,0.0,0,0,0,0,0.0,0.0,12.0,0.0,1.0
861,39,2025,2.0,2.0,1.0,0.0,0.0,0.0,0.0,0.0,0.0,0.0,0.0,0,0,0,0,0.0,0.0,14.0,2.0,0.3333333333333333
861,69,2024,1.0,1.0,1.0,0.0,0.0,0.0,0.0,0.0,0.0,0.0,0.0,0,0,0,0,0.0,0.0,11.0,0.0,1.0
861,69,2025,1.0,1.0,1.0,0.0,0.0,0.0,0.0,0.0,0.0,0.0,0.0,0,0,0,1,1.0,1.0,10.0,0.0,1.0
861,70,2025,2.0,2.0,1.0,0.0,0.0,0.0,0.0,0.0,0.0,0.0,0.0,0,0,0,1,1.0,0.5,13.5,3.5,0.2222222222222222
861,73,2024,1.0,1.0,1.0,0.0,0.0,0.0,0.0,0.0,0.0,0.0,0.0,0,0,0,0,0.0,0.0,15.0,0.0,1.0
861,73,2025,1.0,1.0,1.0,0.0,0.0,0.0,0.0,0.0,0.0,0.0,0.0,0,0,0,1,4.0,4.0,8.0,0.0,1.0
861,78,2024,2.0,2.0,1.0,0.0,0.0,0.0,0.0,0.0,0.0,0.0,0.0,0,0,0,1,4.0,2.0,13.5,5.5,0.15384615384615385
861,78,2025,1.0,0.0,0.0,1.0,1.0,0.0,0.0,1.0,1.0,0.0,0.0,0,0,0,0,0.0,0.0,0.0,0.0,1.0
861,80,2024,2.0,1.0,0.5,1.0,0.5,0.0,0.0,1.0,0.5,0.0,0.0,0,0,0,0,0.0,0.0,7.0,7.0,0.125
861,80,2025,1.0,1.0,1.0,0.0,0.0,0.0,0.0,0.0,0.0,0.0,0.0,0,0,0,0,0.0,0.0,14.0,0.0,1.0
862,1,2025,2.0,2.0,1.0,0.0,0.0,0.0,0.0,0.0,0.0,0.0,0.0,0,0,0,0,0.0,0.0,14.5,0.5,0.6666666666666666
862,3,2025,1.0,0.0,0.0,1.0,1.0,0.0,0.0,1.0,1.0,0.0,0.0,0,0,0,0,0.0,0.0,19.0,0.0,1.0
862,17,2025,1.0,1.0,1.0,0.0,0.0,0.0,0.0,0.0,0.0,0.0,0.0,0,0,0,0,0.0,0.0,14.0,0.0,1.0
862,22,2025,1.0,1.0,1.0,0.0,0.0,0.0,0.0,0.0,0.0,0.0,0.0,0,0,0,0,0.0,0.0,13.0,0.0,1.0
862,24,2024,1.0,1.0,1.0,0.0,0.0,0.0,0.0,0.0,0.0,0.0,0.0,0,0,0,0,0.0,0.0,15.0,0.0,1.0
862,77,2025,1.0,1.0,1.0,0.0,0.0,0.0,0.0,0.0,0.0,0.0,0.0,0,0,0,0,0.0,0.0,15.0,0.0,1.0
862,79,2025,1.0,1.0,1.0,0.0,0.0,0.0,0.0,0.0,0.0,0.0,0.0,0,0,0,0,0.0,0.0,17.0,0.0,1.0
863,1,2025,1.0,0.0,0.0,1.0,1.0,0.0,0.0,1.0,1.0,0.0,0.0,0,0,0,0,0.0,0.0,20.0,0.0,1.0
863,3,2025,1.0,1.0,1.0,0.0,0.0,0.0,0.0,0.0,0.0,0.0,0.0,0,0,1,1,12.0,12.0,4.0,0.0,1.0
863,4,2025,1.0,1.0,1.0,0.0,0.0,0.0,0.0,0.0,0.0,0.0,0.0,0,0,0,0,0.0,0.0,11.0,0.0,1.0
863,6,2025,1.0,0.0,0.0,1.0,1.0,1.0,1.0,0.0,0.0,0.0,0.0,0,0,0,0,0.0,0.0,18.0,0.0,1.0
863,7,2025,1.0,1.0,1.0,0.0,0.0,0.0,0.0,0.0,0.0,0.0,0.0,0,0,0,0,0.0,0.0,18.0,0.0,1.0
863,9,2025,1.0,1.0,1.0,0.0,0.0,0.0,0.0,0.0,0.0,0.0,0.0,0,1,1,1,15.0,15.0,3.0,0.0,1.0
863,11,2025,1.0,0.0,0.0,1.0,1.0,0.0,0.0,1.0,1.0,0.0,0.0,0,0,0,0,0.0,0.0,16.0,0.0,1.0
863,13,2025,1.0,1.0,1.0,0.0,0.0,0.0,0.0,0.0,0.0,0.0,0.0,0,0,0,1,1.0,1.0,10.0,0.0,1.0
863,14,2025,1.0,1.0,1.0,0.0,0.0,0.0,0.0,0.0,0.0,0.0,0.0,0,0,0,0,0.0,0.0,16.0,0.0,1.0
863,15,2025,1.0,1.0,1.0,0.0,0.0,0.0,0.0,0.0,0.0,0.0,0.0,0,0,0,1,2.0,2.0,9.0,0.0,1.0
863,17,2025,1.0,1.0,1.0,0.0,0.0,0.0,0.0,0.0,0.0,0.0,0.0,0,0,1,1,10.0,10.0,5.0,0.0,1.0
863,18,2025,1.0,1.0,1.0,0.0,0.0,0.0,0.0,0.0,0.0,0.0,0.0,0,0,0,1,8.0,8.0,6.0,0.0,1.0
863,21,2025,1.0,1.0,1.0,0.0,0.0,0.0,0.0,0.0,0.0,0.0,0.0,0,1,1,1,18.0,18.0,2.0,0.0,1.0
863,22,2025,1.0,0.0,0.0,1.0,1.0,1.0,1.0,0.0,0.0,0.0,0.0,0,0,0,0,0.0,0.0,19.0,0.0,1.0
863,32,2025,1.0,1.0,1.0,0.0,0.0,0.0,0.0,0.0,0.0,0.0,0.0,0,0,0,1,8.0,8.0,6.0,0.0,1.0
863,39,2025,1.0,1.0,1.0,0.0,0.0,0.0,0.0,0.0,0.0,0.0,0.0,0,0,0,1,8.0,8.0,6.0,0.0,1.0
863,69,2025,1.0,1.0,1.0,0.0,0.0,0.0,0.0,0.0,0.0,0.0,0.0,0,0,0,0,0.0,0.0,16.0,0.0,1.0
863,70,2025,1.0,1.0,1.0,0.0,0.0,0.0,0.0,0.0,0.0,0.0,0.0,0,0,0,0,0.0,0.0,13.0,0.0,1.0
863,73,2025,1.0,0.0,0.0,1.0,1.0,0.0,0.0,1.0,1.0,0.0,0.0,0,0,0,0,0.0,0.0,19.0,0.0,1.0
863,77,2025,1.0,1.0,1.0,0.0,0.0,0.0,0.0,0.0,0.0,0.0,0.0,0,0,1,1,12.0,12.0,4.0,0.0,1.0
863,78,2025,1.0,1.0,1.0,0.0,0.0,0.0,0.0,0.0,0.0,0.0,0.0,0,0,0,1,8.0,8.0,6.0,0.0,1.0
863,79,2025,1.0,1.0,1.0,0.0,0.0,0.0,0.0,0.0,0.0,0.0,0.0,0,0,1,1,10.0,10.0,5.0,0.0,1.0
863,80,2025,1.0,1.0,1.0,0.0,0.0,0.0,0.0,0.0,0.0,0.0,0.0,0,0,0,1,8.0,8.0,6.0,0.0,1.0
864,1,2025,1.0,1.0,1.0,0.0,0.0,0.0,0.0,0.0,0.0,0.0,0.0,0,1,1,1,15.0,15.0,3.0,0.0,1.0
864,3,2025,1.0,0.0,0.0,1.0,1.0,0.0,0.0,1.0,1.0,0.0,0.0,0,0,0,0,0.0,0.0,16.0,0.0,1.0
864,4,2025,1.0,1.0,1.0,0.0,0.0,0.0,0.0,0.0,0.0,0.0,0.0,0,0,0,0,0.0,0.0,18.0,0.0,1.0
864,6,2025,1.0,1.0,1.0,0.0,0.0,0.0,0.0,0.0,0.0,0.0,0.0,0,0,0,0,0.0,0.0,12.0,0.0,1.0
864,7,2025,1.0,1.0,1.0,0.0,0.0,0.0,0.0,0.0,0.0,0.0,0.0,0,0,0,0,0.0,0.0,14.0,0.0,1.0
864,9,2025,1.0,1.0,1.0,0.0,0.0,0.0,0.0,0.0,0.0,0.0,0.0,0,0,0,0,0.0,0.0,14.0,0.0,1.0
864,11,2025,1.0,0.0,0.0,1.0,1.0,0.0,0.0,1.0,1.0,0.0,0.0,0,0,0,0,0.0,0.0,18.0,0.0,1.0
864,13,2025,1.0,1.0,1.0,0.0,0.0,0.0,0.0,0.0,0.0,0.0,0.0,0,0,0,1,8.0,8.0,6.0,0.0,1.0
864,14,2025,1.0,1.0,1.0,0.0,0.0,0.0,0.0,0.0,0.0,0.0,0.0,0,0,0,1,2.0,2.0,9.0,0.0,1.0
864,15,2025,1.0,1.0,1.0,0.0,0.0,0.0,0.0,0.0,0.0,0.0,0.0,0,0,0,1,4.0,4.0,8.0,0.0,1.0
864,17,2025,1.0,1.0,1.0,0.0,0.0,0.0,0.0,0.0,0.0,0.0,0.0,0,0,0,0,0.0,0.0,17.0,0.0,1.0
864,18,2025,1.0,1.0,1.0,0.0,0.0,0.0,0.0,0.0,0.0,0.0,0.0,0,0,0,0,0.0,0.0,14.0,0.0,1.0
864,21,2025,1.0,0.0,0.0,1.0,1.0,0.0,0.0,1.0,1.0,0.0,0.0,0,0,0,0,0.0,0.0,20.0,0.0,1.0
864,22,2025,1.0,1.0,1.0,0.0,0.0,0.0,0.0,0.0,0.0,0.0,0.0,0,0,0,0,0.0,0.0,18.0,0.0,1.0
864,32,2025,1.0,1.0,1.0,0.0,0.0,0.0,0.0,0.0,0.0,0.0,0.0,0,0,0,0,0.0,0.0,19.0,0.0,1.0
864,39,2025,1.0,1.0,1.0,0.0,0.0,0.0,0.0,0.0,0.0,0.0,0.0,0,0,0,1,1.0,1.0,10.0,0.0,1.0
864,69,2025,1.0,1.0,1.0,0.0,0.0,0.0,0.0,0.0,0.0,0.0,0.0,0,0,0,0,0.0,0.0,15.0,0.0,1.0
864,70,2025,1.0,1.0,1.0,0.0,0.0,0.0,0.0,0.0,0.0,0.0,0.0,0,0,0,0,0.0,0.0,18.0,0.0,1.0
864,73,2025,1.0,1.0,1.0,0.0,0.0,0.0,0.0,0.0,0.0,0.0,0.0,0,0,0,1,4.0,4.0,8.0,0.0,1.0
864,77,2025,1.0,1.0,1.0,0.0,0.0,0.0,0.0,0.0,0.0,0.0,0.0,0,0,0,0,0.0,0.0,11.0,0.0,1.0
864,78,2025,1.0,1.0,1.0,0.0,0.0,0.0,0.0,0.0,0.0,0.0,0.0,0,0,0,0,0.0,0.0,18.0,0.0,1.0
864,79,2025,1.0,1.0,1.0,0.0,0.0,0.0,0.0,0.0,0.0,0.0,0.0,0,0,0,0,0.0,0.0,13.0,0.0,1.0
864,80,2025,1.0,0.0,0.0,1.0,1.0,1.0,1.0,0.0,0.0,0.0,0.0,0,0,0,0,0.0,0.0,18.0,0.0,1.0
865,1,2025,1.0,0.0,0.0,1.0,1.0,0.0,0.0,1.0,1.0,0.0,0.0,0,0,0,0,0.0,0.0,17.0,0.0,1.0
865,3,2025,1.0,0.0,0.0,1.0,1.0,0.0,0.0,1.0,1.0,0.0,0.0,0,0,0,0,0.0,0.0,20.0,0.0,1.0
865,4,2025,1.0,1.0,1.0,0.0,0.0,0.0,0.0,0.0,0.0,0.0,0.0,0,0,0,0,0.0,0.0,13.0,0.0,1.0
865,6,2025,1.0,1.0,1.0,0.0,0.0,0.0,0.0,0.0,0.0,0.0,0.0,0,0,0,1,6.0,6.0,7.0,0.0,1.0
865,7,2025,1.0,1.0,1.0,0.0,0.0,0.0,0.0,0.0,0.0,0.0,0.0,0,0,0,1,8.0,8.0,6.0,0.0,1.0
865,9,2025,1.0,1.0,1.0,0.0,0.0,0.0,0.0,0.0,0.0,0.0,0.0,0,0,0,0,0.0,0.0,16.0,0.0,1.0
865,11,2025,1.0,0.0,0.0,1.0,1.0,0.0,0.0,1.0,1.0,0.0,0.0,0,0,0,0,0.0,0.0,17.0,0.0,1.0
865,13,2025,1.0,1.0,1.0,0.0,0.0,0.0,0.0,0.0,0.0,0.0,0.0,0,0,0,0,0.0,0.0,11.0,0.0,1.0
865,14,2025,1.0,1.0,1.0,0.0,0.0,0.0,0.0,0.0,0.0,0.0,0.0,0,0,0,0,0.0,0.0,20.0,0.0,1.0
865,15,2025,1.0,1.0,1.0,0.0,0.0,0.0,0.0,0.0,0.0,0.0,0.0,0,0,0,1,1.0,1.0,10.0,0.0,1.0
865,17,2025,1.0,1.0,1.0,0.0,0.0,0.0,0.0,0.0,0.0,0.0,0.0,0,0,0,0,0.0,0.0,11.0,0.0,1.0
865,18,2025,1.0,1.0,1.0,0.0,0.0,0.0,0.0,0.0,0.0,0.0,0.0,0,0,0,0,0.0,0.0,11.0,0.0,1.0
865,21,2025,1.0,1.0,1.0,0.0,0.0,0.0,0.0,0.0,0.0,0.0,0.0,0,0,0,1,4.0,4.0,8.0,0.0,1.0
865,22,2025,1.0,1.0,1.0,0.0,0.0,0.0,0.0,0.0,0.0,0.0,0.0,0,0,0,1,2.0,2.0,9.0,0.0,1.0
865,32,2025,1.0,1.0,1.0,0.0,0.0,0.0,0.0,0.0,0.0,0.0,0.0,0,0,0,1,4.0,4.0,8.0,0.0,1.0
865,39,2025,1.0,1.0,1.0,0.0,0.0,0.0,0.0,0.0,0.0,0.0,0.0,0,0,0,0,0.0,0.0,13.0,0.0,1.0
865,69,2025,1.0,1.0,1.0,0.0,0.0,0.0,0.0,0.0,0.0,0.0,0.0,0,1,1,1,15.0,15.0,3.0,0.0,1.0
865,70,2025,1.0,1.0,1.0,0.0,0.0,0.0,0.0,0.0,0.0,0.0,0.0,0,0,0,0,0.0,0.0,16.0,0.0,1.0
865,73,2025,1.0,1.0,1.0,0.0,0.0,0.0,0.0,0.0,0.0,0.0,0.0,0,0,0,0,0.0,0.0,12.0,0.0,1.0
865,77,2025,1.0,1.0,1.0,0.0,0.0,0.0,0.0,0.0,0.0,0.0,0.0,0,0,0,1,1.0,1.0,10.0,0.0,1.0
865,78,2025,1.0,1.0,1.0,0.0,0.0,0.0,0.0,0.0,0.0,0.0,0.0,0,0,0,1,1.0,1.0,10.0,0.0,1.0
865,79,2025,1.0,1.0,1.0,0.0,0.0,0.0,0.0,0.0,0.0,0.0,0.0,0,0,0,0,0.0,0.0,18.0,0.0,1.0
865,80,2025,1.0,1.0,1.0,0.0,0.0,0.0,0.0,0.0,0.0,0.0,0.0,0,0,0,0,0.0,0.0,11.0,0.0,1.0
