raceId,driverId,constructorId,circuitId,year,round,race_distance_km,is_night_race,track_type,alt,drv_races_count,drv_finished_races,drv_finish_rate,drv_dnf_count,drv_dnf_rate,drv_mech_dnf_count,drv_mech_dnf_rate,drv_crash_dnf_count,drv_crash_dnf_rate,drv_other_dnf_count,drv_other_dnf_rate,drv_reliability_rate,drv_win_count,drv_podiums,drv_top10_finishes,drv_avg_finish_position,drv_std_finish_position,drv_total_points,drv_points_per_race,drv_consistency_index,drv_performance_score,team_races_count,team_finished_races,team_finish_rate,team_dnf_count,team_dnf_rate,team_mech_dnf_count,team_mech_dnf_rate,team_crash_dnf_count,team_crash_dnf_rate,team_other_dnf_count,team_other_dnf_rate,team_reliability_rate,team_win_count,team_podiums,team_top10_finishes,team_avg_finish_position,team_std_finish_position,team_total_points,team_points_per_race,team_consistency_index,team_performance_score,sprint_races_count,sprint_finished_races,sprint_finish_rate,sprint_dnf_count,sprint_dnf_rate,sprint_mech_dnf_count,sprint_mech_dnf_rate,sprint_crash_dnf_count,sprint_crash_dnf_rate,sprint_other_dnf_count,sprint_other_dnf_rate,sprint_reliability_rate,sprint_win_count,sprint_podiums,sprint_top8_finishes,sprint_avg_finish_position,sprint_std_finish_position,sprint_total_points,sprint_points_per_race,sprint_consistency_index,sprint_performance_score,quali_sessions_count,quali_sessions_quali,quali_top5_finishes,quali_top10_finishes,quali_top10_rate,quali_pole_count,quali_pole_rate,quali_front_row_count,quali_front_row_rate,quali_q2_appearances,quali_q3_appearances,quali_avg_quali_position,quali_std_quali_position,quali_consistency_index,quali_performance_score,circ_races_count,circ_finished_races,circ_finish_rate,circ_dnf_count,circ_dnf_rate,circ_mech_dnf_count,circ_mech_dnf_rate,circ_crash_dnf_count,circ_crash_dnf_rate,circ_win_count,circ_podiums,circ_top5_finishes,circ_top10_finishes,circ_avg_finish_position,circ_std_finish_position,circ_points_per_race,circ_points_scored,circ_consistency_index,has_sprint
1145,846,1,1,2025,1,300.846,False,0,10,128.0,118.0,0.921875,10.0,0.078125,4.0,0.03125,5.0,0.0390625,1.0,0.0078125,0.96875,4,26,100,6.5546875,4.371085022891198,950.0,7.421875,0.1861821206959242,6.842041015625,418.0,348.0,0.8325358851674641,70.0,0.1674641148325359,41.0,0.0980861244019138,21.0,0.0502392344497607,5.0,0.0119617224880382,0.901913875598086,7,39,223,7.375598086124402,5.10371641972893,1841.0,4.404306220095694,0.1638346101348546,3.666742977495936,18.0,17.0,0.9444444444444444,1.0,0.0555555555555555,0.0,0.0,0.0,0.0,1.0,0.0555555555555555,0.9444444444444444,1.0,6.0,14.0,6.333333333333333,4.96655480858378,57.0,3.1666666666666665,0.1676009074049484,2.9907407407407405,128.0,128.0,45,104,0.8125,9,0.0703125,14,0.109375,128.0,128.0,7.21875,4.029069177552056,0.19884395395944,0.6890625,4.0,4.0,1.0,0.0,0.0,0.0,0.0,0.0,0.0,0,1,2,3,6.5,3.3541019662496847,8.25,33.0,0.2296684845121643,0
1145,830,9,1,2025,1,300.846,False,0,10,209.0,179.0,0.8564593301435407,30.0,0.1435406698564593,17.0,0.0813397129186602,13.0,0.062200956937799,0.0,0.0,0.9186602870813396,63,112,172,3.0382775119617227,3.2750278715380032,2912.5,13.935406698564591,0.2339166035987118,11.935109086330442,418.0,360.0,0.861244019138756,58.0,0.138755980861244,31.0,0.0741626794258373,23.0,0.055023923444976,3.0,0.0071770334928229,0.9258373205741628,72,166,334,3.985645933014354,3.775998830310016,4807.5,11.501196172248804,0.2093802857851808,9.905336416290837,18.0,18.0,1.0,0.0,0.0,0.0,0.0,0.0,0.0,0.0,0.0,1.0,11.0,15.0,18.0,2.0,1.7638342073763935,111.0,6.166666666666667,0.3618162034940813,6.166666666666667,209.0,209.0,155,188,0.8995215311004785,43,0.2057416267942583,74,0.354066985645933,209.0,209.0,4.727272727272728,4.254721298455835,0.1903050501068177,0.8136363636363637,8.0,5.0,0.625,3.0,0.375,3.0,0.375,0.0,0.0,1,2,3,5,3.125,3.4072532926097527,7.375,59.0,0.2268986903196232,0
1145,847,131,1,2025,1,300.846,False,0,10,128.0,113.0,0.8828125,15.0,0.1171875,8.0,0.0625,6.0,0.046875,1.0,0.0078125,0.9375,3,15,63,8.125,5.955564624785798,664.0,5.1875,0.1437697805921537,4.57958984375,418.0,393.0,0.9401913875598086,25.0,0.0598086124401913,14.0,0.0334928229665071,11.0,0.0263157894736842,0.0,0.0,0.9665071770334928,100,235,376,3.425837320574163,3.0834490090995863,6009.5,14.376794258373206,0.2448910217249175,13.516938142441791,18.0,18.0,1.0,0.0,0.0,0.0,0.0,0.0,0.0,0.0,0.0,1.0,1.0,2.0,13.0,7.277777777777778,4.174067501391519,50.0,2.7777777777777777,0.1932715411484405,2.7777777777777777,128.0,128.0,33,65,0.5078125,4,0.03125,12,0.09375,128.0,128.0,10.328125,5.89903246171565,0.1449478612471001,0.53359375,4.0,3.0,0.75,1.0,0.25,1.0,0.25,0.0,0.0,0,1,1,1,9.0,7.582875444051551,3.75,15.0,0.1165110698062221,0
1145,863,131,1,2025,1,300.846,False,0,10,7.0,5.0,0.7142857142857143,2.0,0.2857142857142857,0.0,0.0,2.0,0.2857142857142857,0.0,0.0,1.0,0,0,0,16.142857142857142,2.4159335036125453,0.0,0.0,0.2927457454726336,0.0,418.0,393.0,0.9401913875598086,25.0,0.0598086124401913,14.0,0.0334928229665071,11.0,0.0263157894736842,0.0,0.0,0.9665071770334928,100,235,376,3.425837320574163,3.0834490090995863,6009.5,14.376794258373206,0.2448910217249175,13.516938142441791,2.0,2.0,1.0,0.0,0.0,0.0,0.0,0.0,0.0,0.0,0.0,1.0,0.0,0.0,0.0,18.0,2.0,0.0,0.0,0.3333333333333333,0.0,7.0,7.0,0,0,0.0,0,0.0,0,0.0,7.0,7.0,16.142857142857142,2.9965967090575765,0.2502128868128419,0.2428571428571428,1.0,0.0,0.0,1.0,1.0,0.0,0.0,1.0,1.0,0,0,0,0,20.0,0.0,0.0,0.0,1.0,0
1145,848,3,1,2025,1,300.846,False,0,10,105.0,88.0,0.8380952380952381,17.0,0.1619047619047619,6.0,0.0571428571428571,9.0,0.0857142857142857,2.0,0.019047619047619,0.9428571428571428,0,2,39,8.895238095238096,5.215222790335468,238.0,2.2666666666666666,0.1608952782119053,1.89968253968254,417.0,348.0,0.8345323741007195,69.0,0.1654676258992805,28.0,0.0671462829736211,33.0,0.079136690647482,8.0,0.0191846522781774,0.9328537170263788,0,7,103,10.5947242206235,6.120004622434692,560.0,1.3429256594724222,0.140449347019953,1.1207149388402948,15.0,14.0,0.9333333333333332,1.0,0.0666666666666666,0.0,0.0,0.0,0.0,1.0,0.0666666666666666,0.9333333333333332,0.0,0.0,1.0,12.533333333333331,4.716872787015662,2.0,0.1333333333333333,0.1749208067514167,0.1244444444444444,104.0,104.0,9,38,0.3653846153846153,0,0.0,0,0.0,104.0,104.0,11.961538461538462,4.369745365145779,0.1862285698854272,0.4519230769230769,4.0,3.0,0.75,1.0,0.25,0.0,0.0,1.0,0.25,0,0,0,1,8.75,5.261891294962297,0.25,1.0,0.1596961609353554,0
1145,840,117,1,2025,1,300.846,False,0,10,168.0,142.0,0.8452380952380952,26.0,0.1547619047619047,9.0,0.0535714285714285,14.0,0.0833333333333333,3.0,0.0178571428571428,0.9464285714285714,0,3,60,9.613095238095235,5.285791371166777,286.0,1.7023809523809523,0.1590889580884035,1.4389172335600906,180.0,160.0,0.8888888888888888,20.0,0.1111111111111111,6.0,0.0333333333333333,9.0,0.05,5.0,0.0277777777777777,0.9666666666666668,0,9,85,9.077777777777778,4.894958353648232,492.0,2.7333333333333334,0.1696364825683843,2.4296296296296296,18.0,16.0,0.8888888888888888,2.0,0.1111111111111111,1.0,0.0555555555555555,0.0,0.0,1.0,0.0555555555555555,0.8888888888888888,0.0,0.0,2.0,12.11111111111111,4.5447025191594586,6.0,0.3333333333333333,0.1803523266657764,0.2962962962962963,168.0,168.0,5,40,0.238095238095238,1,0.0059523809523809,1,0.0059523809523809,168.0,168.0,14.023809523809524,4.314913756452565,0.1881498074707141,0.3488095238095238,6.0,5.0,0.8333333333333334,1.0,0.1666666666666666,1.0,0.1666666666666666,0.0,0.0,0,0,1,3,7.5,4.752192476461084,3.6666666666666665,22.0,0.1738467556661506,0
1145,807,15,1,2025,1,300.846,False,0,10,153.0,123.0,0.803921568627451,30.0,0.196078431372549,15.0,0.0980392156862745,14.0,0.0915032679738562,1.0,0.0065359477124183,0.9019607843137256,0,0,65,8.267973856209151,5.366327520580533,331.0,2.1633986928104574,0.1570764301345294,1.73920287069076,210.0,172.0,0.819047619047619,38.0,0.1809523809523809,15.0,0.0714285714285714,18.0,0.0857142857142857,4.0,0.019047619047619,0.9285714285714286,0,0,31,11.057142857142855,6.005281122524093,95.0,0.4523809523809524,0.1427494460978444,0.3705215419501134,12.0,10.0,0.8333333333333334,2.0,0.1666666666666666,1.0,0.0833333333333333,0.0,0.0,1.0,0.0833333333333333,0.8333333333333334,0.0,0.0,4.0,12.583333333333334,6.343741447722751,8.0,0.6666666666666666,0.1361703713452621,0.5555555555555556,153.0,153.0,7,80,0.5228758169934641,0,0.0,1,0.0065359477124183,153.0,153.0,10.673202614379084,3.70449305954654,0.2125627538063344,0.5163398692810458,7.0,7.0,1.0,0.0,0.0,0.0,0.0,0.0,0.0,0,0,0,6,7.857142857142857,1.4568627181693672,4.571428571428571,32.0,0.407023148914527,0
1145,844,6,1,2025,1,300.846,False,0,10,149.0,127.0,0.8523489932885906,22.0,0.1476510067114094,10.0,0.0671140939597315,11.0,0.0738255033557047,0.0,0.0,0.9328859060402684,8,43,112,4.6375838926174495,3.971737004582008,1363.0,9.14765100671141,0.2011369465195743,7.796991126525833,418.0,364.0,0.8708133971291866,54.0,0.1291866028708134,23.0,0.055023923444976,27.0,0.0645933014354067,0.0,0.0,0.944976076555024,27,149,336,4.160287081339713,3.418308699831697,4353.5,10.415071770334928,0.2263309487718891,9.06958402966965,18.0,18.0,1.0,0.0,0.0,0.0,0.0,0.0,0.0,0.0,0.0,1.0,0.0,6.0,16.0,5.055555555555555,2.933943539224644,67.0,3.7222222222222223,0.2541978526201964,3.7222222222222223,149.0,149.0,82,119,0.7986577181208053,23,0.1543624161073825,40,0.2684563758389262,149.0,149.0,6.208053691275167,4.672172608436389,0.1762992893609532,0.7395973154362416,5.0,4.0,0.8,1.0,0.2,0.0,0.0,1.0,0.2,1,2,3,3,4.2,4.707440918375927,11.0,55.0,0.1752098732691837,0
1145,857,1,1,2025,1,300.846,False,0,10,46.0,43.0,0.9347826086956522,3.0,0.0652173913043478,2.0,0.0434782608695652,1.0,0.0217391304347826,0.0,0.0,0.9565217391304348,2,10,34,6.652173913043479,4.564596231033249,347.0,7.543478260869565,0.1797075580116829,7.051512287334594,418.0,348.0,0.8325358851674641,70.0,0.1674641148325359,41.0,0.0980861244019138,21.0,0.0502392344497607,5.0,0.0119617224880382,0.901913875598086,7,39,223,7.375598086124402,5.10371641972893,1841.0,4.404306220095694,0.1638346101348546,3.666742977495936,12.0,12.0,1.0,0.0,0.0,0.0,0.0,0.0,0.0,0.0,0.0,1.0,2.0,5.0,7.0,6.0,3.958114029012639,42.0,3.5,0.2016895928872254,3.5,46.0,46.0,18,38,0.8260869565217391,0,0.0,7,0.1521739130434782,46.0,46.0,7.543478260869565,4.803560824779208,0.1723080071342311,0.6728260869565217,2.0,2.0,1.0,0.0,0.0,0.0,0.0,0.0,0.0,0,0,1,2,6.0,2.0,8.0,16.0,0.3333333333333333,0
1145,1,6,1,2025,1,300.846,False,0,10,208.0,199.0,0.9567307692307692,9.0,0.0432692307692307,4.0,0.0192307692307692,5.0,0.0240384615384615,0.0,0.0,0.9807692307692308,72,132,194,3.0865384615384617,2.881007358957429,3334.5,16.03125,0.2576650615443909,15.33759014423077,418.0,364.0,0.8708133971291866,54.0,0.1291866028708134,23.0,0.055023923444976,27.0,0.0645933014354067,0.0,0.0,0.944976076555024,27,149,336,4.160287081339713,3.418308699831697,4353.5,10.415071770334928,0.2263309487718891,9.06958402966965,18.0,18.0,1.0,0.0,0.0,0.0,0.0,0.0,0.0,0.0,0.0,1.0,0.0,4.0,14.0,6.777777777777778,3.808697000222802,42.0,2.333333333333333,0.2079565420640283,2.333333333333333,208.0,208.0,159,191,0.9182692307692308,69,0.3317307692307692,107,0.5144230769230769,208.0,208.0,4.057692307692308,4.176000393910521,0.1931993670588749,0.8471153846153847,8.0,7.0,0.875,1.0,0.125,1.0,0.125,0.0,0.0,1,6,7,7,1.875,1.0532687216470449,15.875,127.0,0.4870283122015527,0
1145,842,214,1,2025,1,300.846,False,0,10,154.0,133.0,0.8636363636363636,21.0,0.1363636363636363,14.0,0.0909090909090909,7.0,0.0454545454545454,0.0,0.0,0.9090909090909092,1,5,70,8.779220779220779,4.8953287477613925,426.0,2.7662337662337664,0.1696258245784385,2.389020070838253,180.0,153.0,0.85,27.0,0.15,19.0,0.1055555555555555,8.0,0.0444444444444444,0.0,0.0,0.8944444444444445,1,6,96,8.622222222222222,4.939810562669559,498.0,2.7666666666666666,0.1683555375123891,2.3516666666666666,18.0,17.0,0.9444444444444444,1.0,0.0555555555555555,0.0,0.0,1.0,0.0555555555555555,0.0,0.0,0.9444444444444444,0.0,1.0,4.0,10.444444444444445,4.323350324076381,10.0,0.5555555555555556,0.1878516233427683,0.5246913580246914,153.0,153.0,18,73,0.477124183006536,0,0.0,0,0.0,153.0,153.0,11.15032679738562,4.500938524976961,0.1817871614924451,0.492483660130719,5.0,4.0,0.8,1.0,0.2,1.0,0.2,0.0,0.0,0,0,0,1,9.2,4.83321838943783,0.4,2.0,0.1714319494381855,0
1145,852,215,1,2025,1,300.846,False,0,10,90.0,74.0,0.8222222222222222,16.0,0.1777777777777777,8.0,0.0888888888888888,6.0,0.0666666666666666,2.0,0.0222222222222222,0.9111111111111112,0,0,26,10.088888888888889,5.60088176479471,87.0,0.9666666666666668,0.1514949116848937,0.7948148148148148,48.0,42.0,0.875,6.0,0.125,1.0,0.0208333333333333,2.0,0.0416666666666666,3.0,0.0625,0.9791666666666666,0,0,14,10.875,5.048205126577168,40.0,0.8333333333333334,0.1653383076585442,0.7291666666666667,18.0,17.0,0.9444444444444444,1.0,0.0555555555555555,0.0,0.0,1.0,0.0555555555555555,0.0,0.0,0.9444444444444444,0.0,0.0,2.0,13.11111111111111,4.45831169949753,4.0,0.2222222222222222,0.1832068330015041,0.2098765432098765,90.0,90.0,1,29,0.3222222222222222,0,0.0,0,0.0,90.0,90.0,12.744444444444444,3.8774593947615625,0.2050247719281906,0.4127777777777778,3.0,3.0,1.0,0.0,0.0,0.0,0.0,0.0,0.0,0,0,0,2,10.666666666666666,3.2998316455372234,2.333333333333333,7.0,0.2325672450543257,0
1145,839,210,1,2025,1,300.846,False,0,10,156.0,133.0,0.8525641025641025,23.0,0.1474358974358974,14.0,0.0897435897435897,9.0,0.0576923076923076,0.0,0.0,0.9102564102564102,1,4,85,8.429487179487179,5.100417503633805,440.0,2.8205128205128207,0.1639232067976224,2.4046679815910585,380.0,311.0,0.8184210526315789,69.0,0.181578947368421,27.0,0.0710526315789473,30.0,0.0789473684210526,12.0,0.031578947368421,0.9289473684210526,0,0,73,10.839473684210526,6.092101852903443,293.0,0.7710526315789473,0.1410019230886551,0.6310457063711911,18.0,17.0,0.9444444444444444,1.0,0.0555555555555555,0.0,0.0,0.0,0.0,1.0,0.0555555555555555,0.9444444444444444,0.0,0.0,2.0,11.72222222222222,4.3051075035687525,5.0,0.2777777777777778,0.1884975939370312,0.2623456790123457,155.0,155.0,11,67,0.432258064516129,0,0.0,0,0.0,155.0,155.0,11.593548387096774,4.460141433015033,0.1831454390454883,0.4703225806451613,5.0,5.0,1.0,0.0,0.0,0.0,0.0,0.0,0.0,0,0,0,2,11.8,3.1240998703626603,1.4,7.0,0.2424771541509888,0
1145,860,210,1,2025,1,300.846,False,0,10,3.0,3.0,1.0,0.0,0.0,0.0,0.0,0.0,0.0,0.0,0.0,1.0,0,0,2,9.666666666666666,2.0548046676563305,7.0,2.333333333333333,0.327353172720928,2.333333333333333,380.0,311.0,0.8184210526315789,69.0,0.181578947368421,27.0,0.0710526315789473,30.0,0.0789473684210526,12.0,0.031578947368421,0.9289473684210526,0,0,73,10.839473684210526,6.092101852903443,293.0,0.7710526315789473,0.1410019230886551,0.6310457063711911,1.0,1.0,1.0,0.0,0.0,0.0,0.0,0.0,0.0,0.0,0.0,1.0,0.0,0.0,0.0,14.0,0.0,0.0,0.0,1.0,0.0,3.0,3.0,0,0,0.0,0,0.0,0,0.0,3.0,3.0,13.0,2.8284271247461903,0.2612038749637414,0.4,2.0,2.0,1.0,0.0,0.0,0.0,0.0,0.0,0.0,0,0,0,0,15.0,1.0,0.0,0.0,0.5,0
1145,859,9,1,2025,1,300.846,False,0,10,11.0,11.0,1.0,0.0,0.0,0.0,0.0,0.0,0.0,0.0,0.0,1.0,0,0,3,12.909090909090908,3.117532399905868,6.0,0.5454545454545454,0.24286390558162,0.5454545454545454,418.0,360.0,0.861244019138756,58.0,0.138755980861244,31.0,0.0741626794258373,23.0,0.055023923444976,3.0,0.0071770334928229,0.9258373205741628,72,166,334,3.985645933014354,3.775998830310016,4807.5,11.501196172248804,0.2093802857851808,9.905336416290837,4.0,3.0,0.75,1.0,0.25,0.0,0.0,0.0,0.0,1.0,0.25,0.75,0.0,0.0,0.0,10.25,6.5717197140474575,0.0,0.0,0.1320703932218656,0.0,11.0,11.0,1,2,0.1818181818181818,0,0.0,0,0.0,11.0,11.0,13.363636363636363,4.006193552096493,0.1997525644171748,0.3818181818181818,1.0,1.0,1.0,0.0,0.0,0.0,0.0,0.0,0.0,0,0,0,0,16.0,0.0,0.0,0.0,1.0,0
1145,864,15,1,2025,1,300.846,False,0,10,24.0,20.0,0.8333333333333334,4.0,0.1666666666666666,2.0,0.0833333333333333,2.0,0.0833333333333333,0.0,0.0,0.9166666666666666,0,3,14,9.833333333333334,5.763872155263526,135.0,5.625,0.1478443082667991,4.6875,210.0,172.0,0.819047619047619,38.0,0.1809523809523809,15.0,0.0714285714285714,18.0,0.0857142857142857,4.0,0.019047619047619,0.9285714285714286,0,0,31,11.057142857142855,6.005281122524093,95.0,0.4523809523809524,0.1427494460978444,0.3705215419501134,6.0,6.0,1.0,0.0,0.0,0.0,0.0,0.0,0.0,0.0,0.0,1.0,0.0,1.0,5.0,7.833333333333333,4.524623986832743,15.0,2.5,0.1810077939029653,2.5,24.0,24.0,8,16,0.6666666666666666,0,0.0,1,0.0416666666666666,24.0,24.0,8.583333333333334,4.846963539738622,0.1710289440328378,0.6208333333333333,1.0,1.0,1.0,0.0,0.0,0.0,0.0,0.0,0.0,0,1,1,1,3.0,0.0,15.0,15.0,1.0,0
1145,4,117,1,2025,1,300.846,False,0,10,168.0,132.0,0.7857142857142857,36.0,0.2142857142857142,25.0,0.1488095238095238,7.0,0.0416666666666666,2.0,0.0119047619047619,0.8511904761904762,0,9,87,7.434523809523809,5.181974114719561,562.0,3.345238095238096,0.1617606255611706,2.628401360544218,180.0,160.0,0.8888888888888888,20.0,0.1111111111111111,6.0,0.0333333333333333,9.0,0.05,5.0,0.0277777777777777,0.9666666666666668,0,9,85,9.077777777777778,4.894958353648232,492.0,2.7333333333333334,0.1696364825683843,2.4296296296296296,18.0,15.0,0.8333333333333334,3.0,0.1666666666666666,1.0,0.0555555555555555,1.0,0.0555555555555555,1.0,0.0555555555555555,0.8333333333333334,0.0,0.0,4.0,11.055555555555555,5.854459100380213,8.0,0.4444444444444444,0.1458904321049243,0.3703703703703703,167.0,167.0,16,82,0.4910179640718562,0,0.0,3,0.0179640718562874,167.0,167.0,10.874251497005988,4.100795367161849,0.1960478568573538,0.5062874251497006,6.0,4.0,0.6666666666666666,2.0,0.3333333333333333,1.0,0.1666666666666666,1.0,0.1666666666666666,0,1,2,3,5.5,5.852349955359813,4.833333333333333,29.0,0.1459353370033026,0
1145,832,3,1,2025,1,300.846,False,0,10,208.0,171.0,0.8221153846153846,37.0,0.1778846153846154,20.0,0.0961538461538461,15.0,0.0721153846153846,2.0,0.0096153846153846,0.903846153846154,4,27,139,5.908653846153846,4.283950607004526,1203.5,5.7860576923076925,0.1892523368167706,4.756807045118343,417.0,348.0,0.8345323741007195,69.0,0.1654676258992805,28.0,0.0671462829736211,33.0,0.079136690647482,8.0,0.0191846522781774,0.9328537170263788,0,7,103,10.5947242206235,6.120004622434692,560.0,1.3429256594724222,0.140449347019953,1.1207149388402948,18.0,18.0,1.0,0.0,0.0,0.0,0.0,0.0,0.0,0.0,0.0,1.0,0.0,5.0,17.0,4.888888888888889,2.157387537660844,69.0,3.8333333333333335,0.316717535643677,3.8333333333333335,207.0,207.0,58,142,0.6859903381642513,5,0.0241545893719806,15,0.072463768115942,207.0,207.0,8.51207729468599,4.390217389643142,0.1855212745076697,0.6243961352657005,8.0,6.0,0.75,2.0,0.25,1.0,0.125,1.0,0.125,1,1,1,5,6.125,4.621620386834038,4.25,34.0,0.1778846544569289,0
1145,862,214,1,2025,1,300.846,False,0,10,1.0,1.0,1.0,0.0,0.0,0.0,0.0,0.0,0.0,0.0,0.0,1.0,0,0,0,15.0,0.0,0.0,0.0,1.0,0.0,180.0,153.0,0.85,27.0,0.15,19.0,0.1055555555555555,8.0,0.0444444444444444,0.0,0.0,0.8944444444444445,1,6,96,8.622222222222222,4.939810562669559,498.0,2.7666666666666666,0.1683555375123891,2.3516666666666666,7.0,6.0,0.8571428571428571,1.0,0.1428571428571428,0.0,0.0,0.0,0.0,1.0,0.1428571428571428,0.8571428571428572,0.0,0.0,0.0,16.428571428571427,3.374574803147923,0.0,0.0,0.2285936450967543,0.0,1.0,1.0,0,0,0.0,0,0.0,0,0.0,1.0,1.0,20.0,0.0,1.0,0.05,2.0,2.0,1.0,0.0,0.0,0.0,0.0,0.0,0.0,0,0,0,0,14.5,0.5,0.0,0.0,0.6666666666666666,0
1145,865,215,1,2025,1,300.846,False,0,10,24.0,19.0,0.7916666666666666,5.0,0.2083333333333333,1.0,0.0416666666666666,4.0,0.1666666666666666,0.0,0.0,0.9583333333333334,0,0,5,14.25,3.9712508524812864,19.0,0.7916666666666666,0.2011566162469698,0.626736111111111,48.0,42.0,0.875,6.0,0.125,1.0,0.0208333333333333,2.0,0.0416666666666666,3.0,0.0625,0.9791666666666666,0,0,14,10.875,5.048205126577168,40.0,0.8333333333333334,0.1653383076585442,0.7291666666666667,6.0,6.0,1.0,0.0,0.0,0.0,0.0,0.0,0.0,0.0,0.0,1.0,0.0,0.0,0.0,13.666666666666666,3.5433819375782187,0.0,0.0,0.2201003599827301,0.0,23.0,23.0,0,5,0.217391304347826,0,0.0,0,0.0,23.0,23.0,13.956521739130435,3.735589830262708,0.21116693713833,0.3521739130434782,1.0,0.0,0.0,1.0,1.0,0.0,0.0,1.0,1.0,0,0,0,0,17.0,0.0,0.0,0.0,1.0,0
1146,857,1,17,2025,2,305.256,False,0,5,46.0,43.0,0.9347826086956522,3.0,0.0652173913043478,2.0,0.0434782608695652,1.0,0.0217391304347826,0.0,0.0,0.9565217391304348,2,10,34,6.652173913043479,4.564596231033249,347.0,7.543478260869565,0.1797075580116829,7.051512287334594,418.0,348.0,0.8325358851674641,70.0,0.1674641148325359,41.0,0.0980861244019138,21.0,0.0502392344497607,5.0,0.0119617224880382,0.901913875598086,7,39,223,7.375598086124402,5.10371641972893,1841.0,4.404306220095694,0.1638346101348546,3.666742977495936,12.0,12.0,1.0,0.0,0.0,0.0,0.0,0.0,0.0,0.0,0.0,1.0,2.0,5.0,7.0,6.0,3.958114029012639,42.0,3.5,0.2016895928872254,3.5,46.0,46.0,18,38,0.8260869565217391,0,0.0,7,0.1521739130434782,46.0,46.0,7.543478260869565,4.803560824779208,0.1723080071342311,0.6728260869565217,1.0,1.0,1.0,0.0,0.0,0.0,0.0,0.0,0.0,0,0,0,1,8.0,0.0,4.0,4.0,1.0,1
1146,846,1,17,2025,2,305.256,False,0,5,128.0,118.0,0.921875,10.0,0.078125,4.0,0.03125,5.0,0.0390625,1.0,0.0078125,0.96875,4,26,100,6.5546875,4.371085022891198,950.0,7.421875,0.1861821206959242,6.842041015625,418.0,348.0,0.8325358851674641,70.0,0.1674641148325359,41.0,0.0980861244019138,21.0,0.0502392344497607,5.0,0.0119617224880382,0.901913875598086,7,39,223,7.375598086124402,5.10371641972893,1841.0,4.404306220095694,0.1638346101348546,3.666742977495936,18.0,17.0,0.9444444444444444,1.0,0.0555555555555555,0.0,0.0,0.0,0.0,1.0,0.0555555555555555,0.9444444444444444,1.0,6.0,14.0,6.333333333333333,4.96655480858378,57.0,3.1666666666666665,0.1676009074049484,2.9907407407407405,128.0,128.0,45,104,0.8125,9,0.0703125,14,0.109375,128.0,128.0,7.21875,4.029069177552056,0.19884395395944,0.6890625,2.0,1.0,0.5,1.0,0.5,0.0,0.0,1.0,0.5,0,1,1,1,10.0,8.0,9.0,18.0,0.1111111111111111,1
1146,847,131,17,2025,2,305.256,False,0,5,128.0,113.0,0.8828125,15.0,0.1171875,8.0,0.0625,6.0,0.046875,1.0,0.0078125,0.9375,3,15,63,8.125,5.955564624785798,664.0,5.1875,0.1437697805921537,4.57958984375,418.0,393.0,0.9401913875598086,25.0,0.0598086124401913,14.0,0.0334928229665071,11.0,0.0263157894736842,0.0,0.0,0.9665071770334928,100,235,376,3.425837320574163,3.0834490090995863,6009.5,14.376794258373206,0.2448910217249175,13.516938142441791,18.0,18.0,1.0,0.0,0.0,0.0,0.0,0.0,0.0,0.0,0.0,1.0,1.0,2.0,13.0,7.277777777777778,4.174067501391519,50.0,2.7777777777777777,0.1932715411484405,2.7777777777777777,128.0,128.0,33,65,0.5078125,4,0.03125,12,0.09375,128.0,128.0,10.328125,5.89903246171565,0.1449478612471001,0.53359375,2.0,2.0,1.0,0.0,0.0,0.0,0.0,0.0,0.0,0,0,0,1,11.0,5.0,4.0,8.0,0.1666666666666666,1
1146,830,9,17,2025,2,305.256,False,0,5,209.0,179.0,0.8564593301435407,30.0,0.1435406698564593,17.0,0.0813397129186602,13.0,0.062200956937799,0.0,0.0,0.9186602870813396,63,112,172,3.0382775119617227,3.2750278715380032,2912.5,13.935406698564591,0.2339166035987118,11.935109086330442,418.0,360.0,0.861244019138756,58.0,0.138755980861244,31.0,0.0741626794258373,23.0,0.055023923444976,3.0,0.0071770334928229,0.9258373205741628,72,166,334,3.985645933014354,3.775998830310016,4807.5,11.501196172248804,0.2093802857851808,9.905336416290837,18.0,18.0,1.0,0.0,0.0,0.0,0.0,0.0,0.0,0.0,0.0,1.0,11.0,15.0,18.0,2.0,1.7638342073763935,111.0,6.166666666666667,0.3618162034940813,6.166666666666667,209.0,209.0,155,188,0.8995215311004785,43,0.2057416267942583,74,0.354066985645933,209.0,209.0,4.727272727272728,4.254721298455835,0.1903050501068177,0.8136363636363637,6.0,6.0,1.0,0.0,0.0,0.0,0.0,0.0,0.0,1,2,4,5,6.333333333333333,5.217491947499509,11.0,66.0,0.1608365573198965,1
1146,839,210,17,2025,2,305.256,False,0,5,156.0,133.0,0.8525641025641025,23.0,0.1474358974358974,14.0,0.0897435897435897,9.0,0.0576923076923076,0.0,0.0,0.9102564102564102,1,4,85,8.429487179487179,5.100417503633805,440.0,2.8205128205128207,0.1639232067976224,2.4046679815910585,380.0,311.0,0.8184210526315789,69.0,0.181578947368421,27.0,0.0710526315789473,30.0,0.0789473684210526,12.0,0.031578947368421,0.9289473684210526,0,0,73,10.839473684210526,6.092101852903443,293.0,0.7710526315789473,0.1410019230886551,0.6310457063711911,18.0,17.0,0.9444444444444444,1.0,0.0555555555555555,0.0,0.0,0.0,0.0,1.0,0.0555555555555555,0.9444444444444444,0.0,0.0,2.0,11.72222222222222,4.3051075035687525,5.0,0.2777777777777778,0.1884975939370312,0.2623456790123457,155.0,155.0,11,67,0.432258064516129,0,0.0,0,0.0,155.0,155.0,11.593548387096774,4.460141433015033,0.1831454390454883,0.4703225806451613,3.0,3.0,1.0,0.0,0.0,0.0,0.0,0.0,0.0,0,0,0,1,10.666666666666666,0.4714045207910384,0.3333333333333333,1.0,0.6796227589829561,1
1146,863,131,17,2025,2,305.256,False,0,5,7.0,5.0,0.7142857142857143,2.0,0.2857142857142857,0.0,0.0,2.0,0.2857142857142857,0.0,0.0,1.0,0,0,0,16.142857142857142,2.4159335036125453,0.0,0.0,0.2927457454726336,0.0,418.0,393.0,0.9401913875598086,25.0,0.0598086124401913,14.0,0.0334928229665071,11.0,0.0263157894736842,0.0,0.0,0.9665071770334928,100,235,376,3.425837320574163,3.0834490090995863,6009.5,14.376794258373206,0.2448910217249175,13.516938142441791,2.0,2.0,1.0,0.0,0.0,0.0,0.0,0.0,0.0,0.0,0.0,1.0,0.0,0.0,0.0,18.0,2.0,0.0,0.0,0.3333333333333333,0.0,7.0,7.0,0,0,0.0,0,0.0,0,0.0,7.0,7.0,16.142857142857142,2.9965967090575765,0.2502128868128419,0.2428571428571428,1.0,1.0,1.0,0.0,0.0,0.0,0.0,0.0,0.0,0,0,1,1,5.0,0.0,10.0,10.0,1.0,1
1146,848,3,17,2025,2,305.256,False,0,5,105.0,88.0,0.8380952380952381,17.0,0.1619047619047619,6.0,0.0571428571428571,9.0,0.0857142857142857,2.0,0.019047619047619,0.9428571428571428,0,2,39,8.895238095238096,5.215222790335468,238.0,2.2666666666666666,0.1608952782119053,1.89968253968254,417.0,348.0,0.8345323741007195,69.0,0.1654676258992805,28.0,0.0671462829736211,33.0,0.079136690647482,8.0,0.0191846522781774,0.9328537170263788,0,7,103,10.5947242206235,6.120004622434692,560.0,1.3429256594724222,0.140449347019953,1.1207149388402948,15.0,14.0,0.9333333333333332,1.0,0.0666666666666666,0.0,0.0,0.0,0.0,1.0,0.0666666666666666,0.9333333333333332,0.0,0.0,1.0,12.533333333333331,4.716872787015662,2.0,0.1333333333333333,0.1749208067514167,0.1244444444444444,104.0,104.0,9,38,0.3653846153846153,0,0.0,0,0.0,104.0,104.0,11.961538461538462,4.369745365145779,0.1862285698854272,0.4519230769230769,2.0,2.0,1.0,0.0,0.0,0.0,0.0,0.0,0.0,0,0,0,1,11.0,1.0,0.5,1.0,0.5,1
1146,860,210,17,2025,2,305.256,False,0,5,3.0,3.0,1.0,0.0,0.0,0.0,0.0,0.0,0.0,0.0,0.0,1.0,0,0,2,9.666666666666666,2.0548046676563305,7.0,2.333333333333333,0.327353172720928,2.333333333333333,380.0,311.0,0.8184210526315789,69.0,0.181578947368421,27.0,0.0710526315789473,30.0,0.0789473684210526,12.0,0.031578947368421,0.9289473684210526,0,0,73,10.839473684210526,6.092101852903443,293.0,0.7710526315789473,0.1410019230886551,0.6310457063711911,1.0,1.0,1.0,0.0,0.0,0.0,0.0,0.0,0.0,0.0,0.0,1.0,0.0,0.0,0.0,14.0,0.0,0.0,0.0,1.0,0.0,3.0,3.0,0,0,0.0,0,0.0,0,0.0,3.0,3.0,13.0,2.8284271247461903,0.2612038749637414,0.4,1.0,1.0,1.0,0.0,0.0,0.0,0.0,0.0,0.0,0,0,0,1,9.0,0.0,2.0,2.0,1.0,1
1146,840,117,17,2025,2,305.256,False,0,5,168.0,142.0,0.8452380952380952,26.0,0.1547619047619047,9.0,0.0535714285714285,14.0,0.0833333333333333,3.0,0.0178571428571428,0.9464285714285714,0,3,60,9.613095238095235,5.285791371166777,286.0,1.7023809523809523,0.1590889580884035,1.4389172335600906,180.0,160.0,0.8888888888888888,20.0,0.1111111111111111,6.0,0.0333333333333333,9.0,0.05,5.0,0.0277777777777777,0.9666666666666668,0,9,85,9.077777777777778,4.894958353648232,492.0,2.7333333333333334,0.1696364825683843,2.4296296296296296,18.0,16.0,0.8888888888888888,2.0,0.1111111111111111,1.0,0.0555555555555555,0.0,0.0,1.0,0.0555555555555555,0.8888888888888888,0.0,0.0,2.0,12.11111111111111,4.5447025191594586,6.0,0.3333333333333333,0.1803523266657764,0.2962962962962963,168.0,168.0,5,40,0.238095238095238,1,0.0059523809523809,1,0.0059523809523809,168.0,168.0,14.023809523809524,4.314913756452565,0.1881498074707141,0.3488095238095238,4.0,3.0,0.75,1.0,0.25,0.0,0.0,1.0,0.25,0,0,0,0,10.25,6.015604707757983,0.0,0.0,0.1425393877870829,1
1146,832,3,17,2025,2,305.256,False,0,5,208.0,171.0,0.8221153846153846,37.0,0.1778846153846154,20.0,0.0961538461538461,15.0,0.0721153846153846,2.0,0.0096153846153846,0.903846153846154,4,27,139,5.908653846153846,4.283950607004526,1203.5,5.7860576923076925,0.1892523368167706,4.756807045118343,417.0,348.0,0.8345323741007195,69.0,0.1654676258992805,28.0,0.0671462829736211,33.0,0.079136690647482,8.0,0.0191846522781774,0.9328537170263788,0,7,103,10.5947242206235,6.120004622434692,560.0,1.3429256594724222,0.140449347019953,1.1207149388402948,18.0,18.0,1.0,0.0,0.0,0.0,0.0,0.0,0.0,0.0,0.0,1.0,0.0,5.0,17.0,4.888888888888889,2.157387537660844,69.0,3.8333333333333335,0.316717535643677,3.8333333333333335,207.0,207.0,58,142,0.6859903381642513,5,0.0241545893719806,15,0.072463768115942,207.0,207.0,8.51207729468599,4.390217389643142,0.1855212745076697,0.6243961352657005,6.0,6.0,1.0,0.0,0.0,0.0,0.0,0.0,0.0,0,0,1,4,9.5,3.149073937948532,3.333333333333333,20.0,0.2410176379007698,1
1146,865,215,17,2025,2,305.256,False,0,5,24.0,19.0,0.7916666666666666,5.0,0.2083333333333333,1.0,0.0416666666666666,4.0,0.1666666666666666,0.0,0.0,0.9583333333333334,0,0,5,14.25,3.9712508524812864,19.0,0.7916666666666666,0.2011566162469698,0.626736111111111,48.0,42.0,0.875,6.0,0.125,1.0,0.0208333333333333,2.0,0.0416666666666666,3.0,0.0625,0.9791666666666666,0,0,14,10.875,5.048205126577168,40.0,0.8333333333333334,0.1653383076585442,0.7291666666666667,6.0,6.0,1.0,0.0,0.0,0.0,0.0,0.0,0.0,0.0,0.0,1.0,0.0,0.0,0.0,13.666666666666666,3.5433819375782187,0.0,0.0,0.2201003599827301,0.0,23.0,23.0,0,5,0.217391304347826,0,0.0,0,0.0,23.0,23.0,13.956521739130435,3.735589830262708,0.21116693713833,0.3521739130434782,1.0,1.0,1.0,0.0,0.0,0.0,0.0,0.0,0.0,0,0,0,0,11.0,0.0,0.0,0.0,1.0,1
1146,859,9,17,2025,2,305.256,False,0,5,11.0,11.0,1.0,0.0,0.0,0.0,0.0,0.0,0.0,0.0,0.0,1.0,0,0,3,12.909090909090908,3.117532399905868,6.0,0.5454545454545454,0.24286390558162,0.5454545454545454,418.0,360.0,0.861244019138756,58.0,0.138755980861244,31.0,0.0741626794258373,23.0,0.055023923444976,3.0,0.0071770334928229,0.9258373205741628,72,166,334,3.985645933014354,3.775998830310016,4807.5,11.501196172248804,0.2093802857851808,9.905336416290837,4.0,3.0,0.75,1.0,0.25,0.0,0.0,0.0,0.0,1.0,0.25,0.75,0.0,0.0,0.0,10.25,6.5717197140474575,0.0,0.0,0.1320703932218656,0.0,11.0,11.0,1,2,0.1818181818181818,0,0.0,0,0.0,11.0,11.0,13.363636363636363,4.006193552096493,0.1997525644171748,0.3818181818181818,2.0,2.0,1.0,0.0,0.0,0.0,0.0,0.0,0.0,0,0,0,1,12.0,3.0,1.0,2.0,0.25,1
1146,862,214,17,2025,2,305.256,False,0,5,1.0,1.0,1.0,0.0,0.0,0.0,0.0,0.0,0.0,0.0,0.0,1.0,0,0,0,15.0,0.0,0.0,0.0,1.0,0.0,180.0,153.0,0.85,27.0,0.15,19.0,0.1055555555555555,8.0,0.0444444444444444,0.0,0.0,0.8944444444444445,1,6,96,8.622222222222222,4.939810562669559,498.0,2.7666666666666666,0.1683555375123891,2.3516666666666666,7.0,6.0,0.8571428571428571,1.0,0.1428571428571428,0.0,0.0,0.0,0.0,1.0,0.1428571428571428,0.8571428571428572,0.0,0.0,0.0,16.428571428571427,3.374574803147923,0.0,0.0,0.2285936450967543,0.0,1.0,1.0,0,0,0.0,0,0.0,0,0.0,1.0,1.0,20.0,0.0,1.0,0.05,1.0,1.0,1.0,0.0,0.0,0.0,0.0,0.0,0.0,0,0,0,0,14.0,0.0,0.0,0.0,1.0,1
1146,864,15,17,2025,2,305.256,False,0,5,24.0,20.0,0.8333333333333334,4.0,0.1666666666666666,2.0,0.0833333333333333,2.0,0.0833333333333333,0.0,0.0,0.9166666666666666,0,3,14,9.833333333333334,5.763872155263526,135.0,5.625,0.1478443082667991,4.6875,210.0,172.0,0.819047619047619,38.0,0.1809523809523809,15.0,0.0714285714285714,18.0,0.0857142857142857,4.0,0.019047619047619,0.9285714285714286,0,0,31,11.057142857142855,6.005281122524093,95.0,0.4523809523809524,0.1427494460978444,0.3705215419501134,6.0,6.0,1.0,0.0,0.0,0.0,0.0,0.0,0.0,0.0,0.0,1.0,0.0,1.0,5.0,7.833333333333333,4.524623986832743,15.0,2.5,0.1810077939029653,2.5,24.0,24.0,8,16,0.6666666666666666,0,0.0,1,0.0416666666666666,24.0,24.0,8.583333333333334,4.846963539738622,0.1710289440328378,0.6208333333333333,1.0,1.0,1.0,0.0,0.0,0.0,0.0,0.0,0.0,0,0,0,0,17.0,0.0,0.0,0.0,1.0,1
1146,807,15,17,2025,2,305.256,False,0,5,153.0,123.0,0.803921568627451,30.0,0.196078431372549,15.0,0.0980392156862745,14.0,0.0915032679738562,1.0,0.0065359477124183,0.9019607843137256,0,0,65,8.267973856209151,5.366327520580533,331.0,2.1633986928104574,0.1570764301345294,1.73920287069076,210.0,172.0,0.819047619047619,38.0,0.1809523809523809,15.0,0.0714285714285714,18.0,0.0857142857142857,4.0,0.019047619047619,0.9285714285714286,0,0,31,11.057142857142855,6.005281122524093,95.0,0.4523809523809524,0.1427494460978444,0.3705215419501134,12.0,10.0,0.8333333333333334,2.0,0.1666666666666666,1.0,0.0833333333333333,0.0,0.0,1.0,0.0833333333333333,0.8333333333333334,0.0,0.0,4.0,12.583333333333334,6.343741447722751,8.0,0.6666666666666666,0.1361703713452621,0.5555555555555556,153.0,153.0,7,80,0.5228758169934641,0,0.0,1,0.0065359477124183,153.0,153.0,10.673202614379084,3.70449305954654,0.2125627538063344,0.5163398692810458,6.0,4.0,0.6666666666666666,2.0,0.3333333333333333,2.0,0.3333333333333333,0.0,0.0,0,0,0,2,7.166666666666667,5.727613425813194,1.5,9.0,0.1486411208115939,1
1146,852,215,17,2025,2,305.256,False,0,5,90.0,74.0,0.8222222222222222,16.0,0.1777777777777777,8.0,0.0888888888888888,6.0,0.0666666666666666,2.0,0.0222222222222222,0.9111111111111112,0,0,26,10.088888888888889,5.60088176479471,87.0,0.9666666666666668,0.1514949116848937,0.7948148148148148,48.0,42.0,0.875,6.0,0.125,1.0,0.0208333333333333,2.0,0.0416666666666666,3.0,0.0625,0.9791666666666666,0,0,14,10.875,5.048205126577168,40.0,0.8333333333333334,0.1653383076585442,0.7291666666666667,18.0,17.0,0.9444444444444444,1.0,0.0555555555555555,0.0,0.0,1.0,0.0555555555555555,0.0,0.0,0.9444444444444444,0.0,0.0,2.0,13.11111111111111,4.45831169949753,4.0,0.2222222222222222,0.1832068330015041,0.2098765432098765,90.0,90.0,1,29,0.3222222222222222,0,0.0,0,0.0,90.0,90.0,12.744444444444444,3.8774593947615625,0.2050247719281906,0.4127777777777778,1.0,0.0,0.0,1.0,1.0,0.0,0.0,0.0,0.0,0,0,0,0,0.0,0.0,0.0,0.0,1.0,1
1146,4,117,17,2025,2,305.256,False,0,5,168.0,132.0,0.7857142857142857,36.0,0.2142857142857142,25.0,0.1488095238095238,7.0,0.0416666666666666,2.0,0.0119047619047619,0.8511904761904762,0,9,87,7.434523809523809,5.181974114719561,562.0,3.345238095238096,0.1617606255611706,2.628401360544218,180.0,160.0,0.8888888888888888,20.0,0.1111111111111111,6.0,0.0333333333333333,9.0,0.05,5.0,0.0277777777777777,0.9666666666666668,0,9,85,9.077777777777778,4.894958353648232,492.0,2.7333333333333334,0.1696364825683843,2.4296296296296296,18.0,15.0,0.8333333333333334,3.0,0.1666666666666666,1.0,0.0555555555555555,1.0,0.0555555555555555,1.0,0.0555555555555555,0.8333333333333334,0.0,0.0,4.0,11.055555555555555,5.854459100380213,8.0,0.4444444444444444,0.1458904321049243,0.3703703703703703,167.0,167.0,16,82,0.4910179640718562,0,0.0,3,0.0179640718562874,167.0,167.0,10.874251497005988,4.100795367161849,0.1960478568573538,0.5062874251497006,5.0,4.0,0.8,1.0,0.2,1.0,0.2,0.0,0.0,0,0,0,2,7.6,4.409081537009721,2.6,13.0,0.1848742699029132,1
1146,844,6,17,2025,2,305.256,False,0,5,149.0,127.0,0.8523489932885906,22.0,0.1476510067114094,10.0,0.0671140939597315,11.0,0.0738255033557047,0.0,0.0,0.9328859060402684,8,43,112,4.6375838926174495,3.971737004582008,1363.0,9.14765100671141,0.2011369465195743,7.796991126525833,418.0,364.0,0.8708133971291866,54.0,0.1291866028708134,23.0,0.055023923444976,27.0,0.0645933014354067,0.0,0.0,0.944976076555024,27,149,336,4.160287081339713,3.418308699831697,4353.5,10.415071770334928,0.2263309487718891,9.06958402966965,18.0,18.0,1.0,0.0,0.0,0.0,0.0,0.0,0.0,0.0,0.0,1.0,0.0,6.0,16.0,5.055555555555555,2.933943539224644,67.0,3.7222222222222223,0.2541978526201964,3.7222222222222223,149.0,149.0,82,119,0.7986577181208053,23,0.1543624161073825,40,0.2684563758389262,149.0,149.0,6.208053691275167,4.672172608436389,0.1762992893609532,0.7395973154362416,3.0,3.0,1.0,0.0,0.0,0.0,0.0,0.0,0.0,0,0,2,2,9.333333333333334,6.847546194724711,7.333333333333333,22.0,0.1274283674395216,1
1146,1,6,17,2025,2,305.256,False,0,5,208.0,199.0,0.9567307692307692,9.0,0.0432692307692307,4.0,0.0192307692307692,5.0,0.0240384615384615,0.0,0.0,0.9807692307692308,72,132,194,3.0865384615384617,2.881007358957429,3334.5,16.03125,0.2576650615443909,15.33759014423077,418.0,364.0,0.8708133971291866,54.0,0.1291866028708134,23.0,0.055023923444976,27.0,0.0645933014354067,0.0,0.0,0.944976076555024,27,149,336,4.160287081339713,3.418308699831697,4353.5,10.415071770334928,0.2263309487718891,9.06958402966965,18.0,18.0,1.0,0.0,0.0,0.0,0.0,0.0,0.0,0.0,0.0,1.0,0.0,4.0,14.0,6.777777777777778,3.808697000222802,42.0,2.333333333333333,0.2079565420640283,2.333333333333333,208.0,208.0,159,191,0.9182692307692308,69,0.3317307692307692,107,0.5144230769230769,208.0,208.0,4.057692307692308,4.176000393910521,0.1931993670588749,0.8471153846153847,6.0,6.0,1.0,0.0,0.0,0.0,0.0,0.0,0.0,3,3,4,6,3.8333333333333335,3.184162195757133,15.833333333333334,95.0,0.2389964712682578,1
1146,842,214,17,2025,2,305.256,False,0,5,154.0,133.0,0.8636363636363636,21.0,0.1363636363636363,14.0,0.0909090909090909,7.0,0.0454545454545454,0.0,0.0,0.9090909090909092,1,5,70,8.779220779220779,4.8953287477613925,426.0,2.7662337662337664,0.1696258245784385,2.389020070838253,180.0,153.0,0.85,27.0,0.15,19.0,0.1055555555555555,8.0,0.0444444444444444,0.0,0.0,0.8944444444444445,1,6,96,8.622222222222222,4.939810562669559,498.0,2.7666666666666666,0.1683555375123891,2.3516666666666666,18.0,17.0,0.9444444444444444,1.0,0.0555555555555555,0.0,0.0,1.0,0.0555555555555555,0.0,0.0,0.9444444444444444,0.0,1.0,4.0,10.444444444444445,4.323350324076381,10.0,0.5555555555555556,0.1878516233427683,0.5246913580246914,153.0,153.0,18,73,0.477124183006536,0,0.0,0,0.0,153.0,153.0,11.15032679738562,4.500938524976961,0.1817871614924451,0.492483660130719,3.0,3.0,1.0,0.0,0.0,0.0,0.0,0.0,0.0,0,0,0,1,12.333333333333334,4.921607686744467,3.0,9.0,0.1688730582808622,1
1147,830,9,22,2025,3,307.771,False,2,45,209.0,179.0,0.8564593301435407,30.0,0.1435406698564593,17.0,0.0813397129186602,13.0,0.062200956937799,0.0,0.0,0.9186602870813396,63,112,172,3.0382775119617227,3.2750278715380032,2912.5,13.935406698564591,0.2339166035987118,11.935109086330442,418.0,360.0,0.861244019138756,58.0,0.138755980861244,31.0,0.0741626794258373,23.0,0.055023923444976,3.0,0.0071770334928229,0.9258373205741628,72,166,334,3.985645933014354,3.775998830310016,4807.5,11.501196172248804,0.2093802857851808,9.905336416290837,18.0,18.0,1.0,0.0,0.0,0.0,0.0,0.0,0.0,0.0,0.0,1.0,11.0,15.0,18.0,2.0,1.7638342073763935,111.0,6.166666666666667,0.3618162034940813,6.166666666666667,209.0,209.0,155,188,0.8995215311004785,43,0.2057416267942583,74,0.354066985645933,209.0,209.0,4.727272727272728,4.254721298455835,0.1903050501068177,0.8136363636363637,8.0,7.0,0.875,1.0,0.125,1.0,0.125,0.0,0.0,3,6,6,7,2.375,2.6427968139832467,16.25,130.0,0.2745143501173049,0
1147,846,1,22,2025,3,307.771,False,2,45,128.0,118.0,0.921875,10.0,0.078125,4.0,0.03125,5.0,0.0390625,1.0,0.0078125,0.96875,4,26,100,6.5546875,4.371085022891198,950.0,7.421875,0.1861821206959242,6.842041015625,418.0,348.0,0.8325358851674641,70.0,0.1674641148325359,41.0,0.0980861244019138,21.0,0.0502392344497607,5.0,0.0119617224880382,0.901913875598086,7,39,223,7.375598086124402,5.10371641972893,1841.0,4.404306220095694,0.1638346101348546,3.666742977495936,18.0,17.0,0.9444444444444444,1.0,0.0555555555555555,0.0,0.0,0.0,0.0,1.0,0.0555555555555555,0.9444444444444444,1.0,6.0,14.0,6.333333333333333,4.96655480858378,57.0,3.1666666666666665,0.1676009074049484,2.9907407407407405,128.0,128.0,45,104,0.8125,9,0.0703125,14,0.109375,128.0,128.0,7.21875,4.029069177552056,0.19884395395944,0.6890625,4.0,4.0,1.0,0.0,0.0,0.0,0.0,0.0,0.0,0,1,2,3,7.0,3.6742346141747673,7.25,29.0,0.2139387691339813,0
1147,857,1,22,2025,3,307.771,False,2,45,46.0,43.0,0.9347826086956522,3.0,0.0652173913043478,2.0,0.0434782608695652,1.0,0.0217391304347826,0.0,0.0,0.9565217391304348,2,10,34,6.652173913043479,4.564596231033249,347.0,7.543478260869565,0.1797075580116829,7.051512287334594,418.0,348.0,0.8325358851674641,70.0,0.1674641148325359,41.0,0.0980861244019138,21.0,0.0502392344497607,5.0,0.0119617224880382,0.901913875598086,7,39,223,7.375598086124402,5.10371641972893,1841.0,4.404306220095694,0.1638346101348546,3.666742977495936,12.0,12.0,1.0,0.0,0.0,0.0,0.0,0.0,0.0,0.0,0.0,1.0,2.0,5.0,7.0,6.0,3.958114029012639,42.0,3.5,0.2016895928872254,3.5,46.0,46.0,18,38,0.8260869565217391,0,0.0,7,0.1521739130434782,46.0,46.0,7.543478260869565,4.803560824779208,0.1723080071342311,0.6728260869565217,2.0,2.0,1.0,0.0,0.0,0.0,0.0,0.0,0.0,0,1,1,2,5.5,2.5,9.5,19.0,0.2857142857142857,0
1147,844,6,22,2025,3,307.771,False,2,45,149.0,127.0,0.8523489932885906,22.0,0.1476510067114094,10.0,0.0671140939597315,11.0,0.0738255033557047,0.0,0.0,0.9328859060402684,8,43,112,4.6375838926174495,3.971737004582008,1363.0,9.14765100671141,0.2011369465195743,7.796991126525833,418.0,364.0,0.8708133971291866,54.0,0.1291866028708134,23.0,0.055023923444976,27.0,0.0645933014354067,0.0,0.0,0.944976076555024,27,149,336,4.160287081339713,3.418308699831697,4353.5,10.415071770334928,0.2263309487718891,9.06958402966965,18.0,18.0,1.0,0.0,0.0,0.0,0.0,0.0,0.0,0.0,0.0,1.0,0.0,6.0,16.0,5.055555555555555,2.933943539224644,67.0,3.7222222222222223,0.2541978526201964,3.7222222222222223,149.0,149.0,82,119,0.7986577181208053,23,0.1543624161073825,40,0.2684563758389262,149.0,149.0,6.208053691275167,4.672172608436389,0.1762992893609532,0.7395973154362416,5.0,4.0,0.8,1.0,0.2,1.0,0.2,0.0,0.0,0,1,3,4,3.4,1.9595917942265428,9.4,47.0,0.3378844345868106,0
1147,847,131,22,2025,3,307.771,False,2,45,128.0,113.0,0.8828125,15.0,0.1171875,8.0,0.0625,6.0,0.046875,1.0,0.0078125,0.9375,3,15,63,8.125,5.955564624785798,664.0,5.1875,0.1437697805921537,4.57958984375,418.0,393.0,0.9401913875598086,25.0,0.0598086124401913,14.0,0.0334928229665071,11.0,0.0263157894736842,0.0,0.0,0.9665071770334928,100,235,376,3.425837320574163,3.0834490090995863,6009.5,14.376794258373206,0.2448910217249175,13.516938142441791,18.0,18.0,1.0,0.0,0.0,0.0,0.0,0.0,0.0,0.0,0.0,1.0,1.0,2.0,13.0,7.277777777777778,4.174067501391519,50.0,2.7777777777777777,0.1932715411484405,2.7777777777777777,128.0,128.0,33,65,0.5078125,4,0.03125,12,0.09375,128.0,128.0,10.328125,5.89903246171565,0.1449478612471001,0.53359375,4.0,4.0,1.0,0.0,0.0,0.0,0.0,0.0,0.0,0,0,0,3,9.5,3.774917217635375,4.0,16.0,0.2094277145385188,0
1147,863,131,22,2025,3,307.771,False,2,45,7.0,5.0,0.7142857142857143,2.0,0.2857142857142857,0.0,0.0,2.0,0.2857142857142857,0.0,0.0,1.0,0,0,0,16.142857142857142,2.4159335036125453,0.0,0.0,0.2927457454726336,0.0,418.0,393.0,0.9401913875598086,25.0,0.0598086124401913,14.0,0.0334928229665071,11.0,0.0263157894736842,0.0,0.0,0.9665071770334928,100,235,376,3.425837320574163,3.0834490090995863,6009.5,14.376794258373206,0.2448910217249175,13.516938142441791,2.0,2.0,1.0,0.0,0.0,0.0,0.0,0.0,0.0,0.0,0.0,1.0,0.0,0.0,0.0,18.0,2.0,0.0,0.0,0.3333333333333333,0.0,7.0,7.0,0,0,0.0,0,0.0,0,0.0,7.0,7.0,16.142857142857142,2.9965967090575765,0.2502128868128419,0.2428571428571428,1.0,0.0,0.0,1.0,1.0,1.0,1.0,0.0,0.0,0,0,0,0,19.0,0.0,0.0,0.0,1.0,0
1147,1,6,22,2025,3,307.771,False,2,45,208.0,199.0,0.9567307692307692,9.0,0.0432692307692307,4.0,0.0192307692307692,5.0,0.0240384615384615,0.0,0.0,0.9807692307692308,72,132,194,3.0865384615384617,2.881007358957429,3334.5,16.03125,0.2576650615443909,15.33759014423077,418.0,364.0,0.8708133971291866,54.0,0.1291866028708134,23.0,0.055023923444976,27.0,0.0645933014354067,0.0,0.0,0.944976076555024,27,149,336,4.160287081339713,3.418308699831697,4353.5,10.415071770334928,0.2263309487718891,9.06958402966965,18.0,18.0,1.0,0.0,0.0,0.0,0.0,0.0,0.0,0.0,0.0,1.0,0.0,4.0,14.0,6.777777777777778,3.808697000222802,42.0,2.333333333333333,0.2079565420640283,2.333333333333333,208.0,208.0,159,191,0.9182692307692308,69,0.3317307692307692,107,0.5144230769230769,208.0,208.0,4.057692307692308,4.176000393910521,0.1931993670588749,0.8471153846153847,8.0,8.0,1.0,0.0,0.0,0.0,0.0,0.0,0.0,3,5,7,8,3.5,2.598076211353316,16.0,128.0,0.2779262976266636,0
1147,865,215,22,2025,3,307.771,False,2,45,24.0,19.0,0.7916666666666666,5.0,0.2083333333333333,1.0,0.0416666666666666,4.0,0.1666666666666666,0.0,0.0,0.9583333333333334,0,0,5,14.25,3.9712508524812864,19.0,0.7916666666666666,0.2011566162469698,0.626736111111111,48.0,42.0,0.875,6.0,0.125,1.0,0.0208333333333333,2.0,0.0416666666666666,3.0,0.0625,0.9791666666666666,0,0,14,10.875,5.048205126577168,40.0,0.8333333333333334,0.1653383076585442,0.7291666666666667,6.0,6.0,1.0,0.0,0.0,0.0,0.0,0.0,0.0,0.0,0.0,1.0,0.0,0.0,0.0,13.666666666666666,3.5433819375782187,0.0,0.0,0.2201003599827301,0.0,23.0,23.0,0,5,0.217391304347826,0,0.0,0,0.0,23.0,23.0,13.956521739130435,3.735589830262708,0.21116693713833,0.3521739130434782,1.0,1.0,1.0,0.0,0.0,0.0,0.0,0.0,0.0,0,0,0,1,9.0,0.0,2.0,2.0,1.0,0
1147,848,3,22,2025,3,307.771,False,2,45,105.0,88.0,0.8380952380952381,17.0,0.1619047619047619,6.0,0.0571428571428571,9.0,0.0857142857142857,2.0,0.019047619047619,0.9428571428571428,0,2,39,8.895238095238096,5.215222790335468,238.0,2.2666666666666666,0.1608952782119053,1.89968253968254,417.0,348.0,0.8345323741007195,69.0,0.1654676258992805,28.0,0.0671462829736211,33.0,0.079136690647482,8.0,0.0191846522781774,0.9328537170263788,0,7,103,10.5947242206235,6.120004622434692,560.0,1.3429256594724222,0.140449347019953,1.1207149388402948,15.0,14.0,0.9333333333333332,1.0,0.0666666666666666,0.0,0.0,0.0,0.0,1.0,0.0666666666666666,0.9333333333333332,0.0,0.0,1.0,12.533333333333331,4.716872787015662,2.0,0.1333333333333333,0.1749208067514167,0.1244444444444444,104.0,104.0,9,38,0.3653846153846153,0,0.0,0,0.0,104.0,104.0,11.961538461538462,4.369745365145779,0.1862285698854272,0.4519230769230769,4.0,1.0,0.25,3.0,0.75,1.0,0.25,2.0,0.5,0,0,1,1,1.0,1.7320508075688772,3.0,12.0,0.3660254037844386,0
1147,860,210,22,2025,3,307.771,False,2,45,3.0,3.0,1.0,0.0,0.0,0.0,0.0,0.0,0.0,0.0,0.0,1.0,0,0,2,9.666666666666666,2.0548046676563305,7.0,2.333333333333333,0.327353172720928,2.333333333333333,380.0,311.0,0.8184210526315789,69.0,0.181578947368421,27.0,0.0710526315789473,30.0,0.0789473684210526,12.0,0.031578947368421,0.9289473684210526,0,0,73,10.839473684210526,6.092101852903443,293.0,0.7710526315789473,0.1410019230886551,0.6310457063711911,1.0,1.0,1.0,0.0,0.0,0.0,0.0,0.0,0.0,0.0,0.0,1.0,0.0,0.0,0.0,14.0,0.0,0.0,0.0,1.0,0.0,3.0,3.0,0,0,0.0,0,0.0,0,0.0,3.0,3.0,13.0,2.8284271247461903,0.2612038749637414,0.4,1.0,1.0,1.0,0.0,0.0,0.0,0.0,0.0,0.0,0,0,0,0,17.0,0.0,0.0,0.0,1.0,0
1147,4,117,22,2025,3,307.771,False,2,45,168.0,132.0,0.7857142857142857,36.0,0.2142857142857142,25.0,0.1488095238095238,7.0,0.0416666666666666,2.0,0.0119047619047619,0.8511904761904762,0,9,87,7.434523809523809,5.181974114719561,562.0,3.345238095238096,0.1617606255611706,2.628401360544218,180.0,160.0,0.8888888888888888,20.0,0.1111111111111111,6.0,0.0333333333333333,9.0,0.05,5.0,0.0277777777777777,0.9666666666666668,0,9,85,9.077777777777778,4.894958353648232,492.0,2.7333333333333334,0.1696364825683843,2.4296296296296296,18.0,15.0,0.8333333333333334,3.0,0.1666666666666666,1.0,0.0555555555555555,1.0,0.0555555555555555,1.0,0.0555555555555555,0.8333333333333334,0.0,0.0,4.0,11.055555555555555,5.854459100380213,8.0,0.4444444444444444,0.1458904321049243,0.3703703703703703,167.0,167.0,16,82,0.4910179640718562,0,0.0,3,0.0179640718562874,167.0,167.0,10.874251497005988,4.100795367161849,0.1960478568573538,0.5062874251497006,7.0,7.0,1.0,0.0,0.0,0.0,0.0,0.0,0.0,0,0,0,3,10.428571428571429,3.4166459266004,2.571428571428572,18.0,0.2264161575591196,0
1147,852,9,22,2025,3,307.771,False,2,45,90.0,74.0,0.8222222222222222,16.0,0.1777777777777777,8.0,0.0888888888888888,6.0,0.0666666666666666,2.0,0.0222222222222222,0.9111111111111112,0,0,26,10.088888888888889,5.60088176479471,87.0,0.9666666666666668,0.1514949116848937,0.7948148148148148,418.0,360.0,0.861244019138756,58.0,0.138755980861244,31.0,0.0741626794258373,23.0,0.055023923444976,3.0,0.0071770334928229,0.9258373205741628,72,166,334,3.985645933014354,3.775998830310016,4807.5,11.501196172248804,0.2093802857851808,9.905336416290837,18.0,17.0,0.9444444444444444,1.0,0.0555555555555555,0.0,0.0,1.0,0.0555555555555555,0.0,0.0,0.9444444444444444,0.0,0.0,2.0,13.11111111111111,4.45831169949753,4.0,0.2222222222222222,0.1832068330015041,0.2098765432098765,90.0,90.0,1,29,0.3222222222222222,0,0.0,0,0.0,90.0,90.0,12.744444444444444,3.8774593947615625,0.2050247719281906,0.4127777777777778,3.0,3.0,1.0,0.0,0.0,0.0,0.0,0.0,0.0,0,0,0,1,11.666666666666666,1.2472191289246537,0.3333333333333333,1.0,0.4449944320643635,0
1147,842,214,22,2025,3,307.771,False,2,45,154.0,133.0,0.8636363636363636,21.0,0.1363636363636363,14.0,0.0909090909090909,7.0,0.0454545454545454,0.0,0.0,0.9090909090909092,1,5,70,8.779220779220779,4.8953287477613925,426.0,2.7662337662337664,0.1696258245784385,2.389020070838253,180.0,153.0,0.85,27.0,0.15,19.0,0.1055555555555555,8.0,0.0444444444444444,0.0,0.0,0.8944444444444445,1,6,96,8.622222222222222,4.939810562669559,498.0,2.7666666666666666,0.1683555375123891,2.3516666666666666,18.0,17.0,0.9444444444444444,1.0,0.0555555555555555,0.0,0.0,1.0,0.0555555555555555,0.0,0.0,0.9444444444444444,0.0,1.0,4.0,10.444444444444445,4.323350324076381,10.0,0.5555555555555556,0.1878516233427683,0.5246913580246914,153.0,153.0,18,73,0.477124183006536,0,0.0,0,0.0,153.0,153.0,11.15032679738562,4.500938524976961,0.1817871614924451,0.492483660130719,6.0,6.0,1.0,0.0,0.0,0.0,0.0,0.0,0.0,0,0,0,2,12.5,3.685557397915998,1.1666666666666667,7.0,0.2134217799668341,0
1147,832,3,22,2025,3,307.771,False,2,45,208.0,171.0,0.8221153846153846,37.0,0.1778846153846154,20.0,0.0961538461538461,15.0,0.0721153846153846,2.0,0.0096153846153846,0.903846153846154,4,27,139,5.908653846153846,4.283950607004526,1203.5,5.7860576923076925,0.1892523368167706,4.756807045118343,417.0,348.0,0.8345323741007195,69.0,0.1654676258992805,28.0,0.0671462829736211,33.0,0.079136690647482,8.0,0.0191846522781774,0.9328537170263788,0,7,103,10.5947242206235,6.120004622434692,560.0,1.3429256594724222,0.140449347019953,1.1207149388402948,18.0,18.0,1.0,0.0,0.0,0.0,0.0,0.0,0.0,0.0,0.0,1.0,0.0,5.0,17.0,4.888888888888889,2.157387537660844,69.0,3.8333333333333335,0.316717535643677,3.8333333333333335,207.0,207.0,58,142,0.6859903381642513,5,0.0241545893719806,15,0.072463768115942,207.0,207.0,8.51207729468599,4.390217389643142,0.1855212745076697,0.6243961352657005,8.0,6.0,0.75,2.0,0.25,0.0,0.0,2.0,0.25,0,1,2,5,6.375,5.406882188470542,4.375,35.0,0.1560821583077558,0
1147,862,214,22,2025,3,307.771,False,2,45,1.0,1.0,1.0,0.0,0.0,0.0,0.0,0.0,0.0,0.0,0.0,1.0,0,0,0,15.0,0.0,0.0,0.0,1.0,0.0,180.0,153.0,0.85,27.0,0.15,19.0,0.1055555555555555,8.0,0.0444444444444444,0.0,0.0,0.8944444444444445,1,6,96,8.622222222222222,4.939810562669559,498.0,2.7666666666666666,0.1683555375123891,2.3516666666666666,7.0,6.0,0.8571428571428571,1.0,0.1428571428571428,0.0,0.0,0.0,0.0,1.0,0.1428571428571428,0.8571428571428572,0.0,0.0,0.0,16.428571428571427,3.374574803147923,0.0,0.0,0.2285936450967543,0.0,1.0,1.0,0,0,0.0,0,0.0,0,0.0,1.0,1.0,20.0,0.0,1.0,0.05,1.0,1.0,1.0,0.0,0.0,0.0,0.0,0.0,0.0,0,0,0,0,13.0,0.0,0.0,0.0,1.0,0
1147,807,15,22,2025,3,307.771,False,2,45,153.0,123.0,0.803921568627451,30.0,0.196078431372549,15.0,0.0980392156862745,14.0,0.0915032679738562,1.0,0.0065359477124183,0.9019607843137256,0,0,65,8.267973856209151,5.366327520580533,331.0,2.1633986928104574,0.1570764301345294,1.73920287069076,210.0,172.0,0.819047619047619,38.0,0.1809523809523809,15.0,0.0714285714285714,18.0,0.0857142857142857,4.0,0.019047619047619,0.9285714285714286,0,0,31,11.057142857142855,6.005281122524093,95.0,0.4523809523809524,0.1427494460978444,0.3705215419501134,12.0,10.0,0.8333333333333334,2.0,0.1666666666666666,1.0,0.0833333333333333,0.0,0.0,1.0,0.0833333333333333,0.8333333333333334,0.0,0.0,4.0,12.583333333333334,6.343741447722751,8.0,0.6666666666666666,0.1361703713452621,0.5555555555555556,153.0,153.0,7,80,0.5228758169934641,0,0.0,1,0.0065359477124183,153.0,153.0,10.673202614379084,3.70449305954654,0.2125627538063344,0.5163398692810458,7.0,5.0,0.7142857142857143,2.0,0.2857142857142857,2.0,0.2857142857142857,0.0,0.0,0,0,0,2,5.571428571428571,5.341405455954262,1.7142857142857142,12.0,0.1576937489560851,0
1147,859,215,22,2025,3,307.771,False,2,45,11.0,11.0,1.0,0.0,0.0,0.0,0.0,0.0,0.0,0.0,0.0,1.0,0,0,3,12.909090909090908,3.117532399905868,6.0,0.5454545454545454,0.24286390558162,0.5454545454545454,48.0,42.0,0.875,6.0,0.125,1.0,0.0208333333333333,2.0,0.0416666666666666,3.0,0.0625,0.9791666666666666,0,0,14,10.875,5.048205126577168,40.0,0.8333333333333334,0.1653383076585442,0.7291666666666667,4.0,3.0,0.75,1.0,0.25,0.0,0.0,0.0,0.0,1.0,0.25,0.75,0.0,0.0,0.0,10.25,6.5717197140474575,0.0,0.0,0.1320703932218656,0.0,11.0,11.0,1,2,0.1818181818181818,0,0.0,0,0.0,11.0,11.0,13.363636363636363,4.006193552096493,0.1997525644171748,0.3818181818181818,1.0,1.0,1.0,0.0,0.0,0.0,0.0,0.0,0.0,0,0,0,0,11.0,0.0,0.0,0.0,1.0,0
1147,839,210,22,2025,3,307.771,False,2,45,156.0,133.0,0.8525641025641025,23.0,0.1474358974358974,14.0,0.0897435897435897,9.0,0.0576923076923076,0.0,0.0,0.9102564102564102,1,4,85,8.429487179487179,5.100417503633805,440.0,2.8205128205128207,0.1639232067976224,2.4046679815910585,380.0,311.0,0.8184210526315789,69.0,0.181578947368421,27.0,0.0710526315789473,30.0,0.0789473684210526,12.0,0.031578947368421,0.9289473684210526,0,0,73,10.839473684210526,6.092101852903443,293.0,0.7710526315789473,0.1410019230886551,0.6310457063711911,18.0,17.0,0.9444444444444444,1.0,0.0555555555555555,0.0,0.0,0.0,0.0,1.0,0.0555555555555555,0.9444444444444444,0.0,0.0,2.0,11.72222222222222,4.3051075035687525,5.0,0.2777777777777778,0.1884975939370312,0.2623456790123457,155.0,155.0,11,67,0.432258064516129,0,0.0,0,0.0,155.0,155.0,11.593548387096774,4.460141433015033,0.1831454390454883,0.4703225806451613,6.0,6.0,1.0,0.0,0.0,0.0,0.0,0.0,0.0,0,0,1,4,10.666666666666666,5.734883511361751,4.0,24.0,0.1484806676036786,0
1147,864,15,22,2025,3,307.771,False,2,45,24.0,20.0,0.8333333333333334,4.0,0.1666666666666666,2.0,0.0833333333333333,2.0,0.0833333333333333,0.0,0.0,0.9166666666666666,0,3,14,9.833333333333334,5.763872155263526,135.0,5.625,0.1478443082667991,4.6875,210.0,172.0,0.819047619047619,38.0,0.1809523809523809,15.0,0.0714285714285714,18.0,0.0857142857142857,4.0,0.019047619047619,0.9285714285714286,0,0,31,11.057142857142855,6.005281122524093,95.0,0.4523809523809524,0.1427494460978444,0.3705215419501134,6.0,6.0,1.0,0.0,0.0,0.0,0.0,0.0,0.0,0.0,0.0,1.0,0.0,1.0,5.0,7.833333333333333,4.524623986832743,15.0,2.5,0.1810077939029653,2.5,24.0,24.0,8,16,0.6666666666666666,0,0.0,1,0.0416666666666666,24.0,24.0,8.583333333333334,4.846963539738622,0.1710289440328378,0.6208333333333333,1.0,1.0,1.0,0.0,0.0,0.0,0.0,0.0,0.0,0,0,0,0,18.0,0.0,0.0,0.0,1.0,0
1147,840,117,22,2025,3,307.771,False,2,45,168.0,142.0,0.8452380952380952,26.0,0.1547619047619047,9.0,0.0535714285714285,14.0,0.0833333333333333,3.0,0.0178571428571428,0.9464285714285714,0,3,60,9.613095238095235,5.285791371166777,286.0,1.7023809523809523,0.1590889580884035,1.4389172335600906,180.0,160.0,0.8888888888888888,20.0,0.1111111111111111,6.0,0.0333333333333333,9.0,0.05,5.0,0.0277777777777777,0.9666666666666668,0,9,85,9.077777777777778,4.894958353648232,492.0,2.7333333333333334,0.1696364825683843,2.4296296296296296,18.0,16.0,0.8888888888888888,2.0,0.1111111111111111,1.0,0.0555555555555555,0.0,0.0,1.0,0.0555555555555555,0.8888888888888888,0.0,0.0,2.0,12.11111111111111,4.5447025191594586,6.0,0.3333333333333333,0.1803523266657764,0.2962962962962963,168.0,168.0,5,40,0.238095238095238,1,0.0059523809523809,1,0.0059523809523809,168.0,168.0,14.023809523809524,4.314913756452565,0.1881498074707141,0.3488095238095238,6.0,4.0,0.6666666666666666,2.0,0.3333333333333333,2.0,0.3333333333333333,0.0,0.0,0,0,0,1,8.333333333333334,6.342099196813482,0.3333333333333333,2.0,0.1362008293805137,0
1148,857,1,3,2025,4,308.484,True,0,7,46.0,43.0,0.9347826086956522,3.0,0.0652173913043478,2.0,0.0434782608695652,1.0,0.0217391304347826,0.0,0.0,0.9565217391304348,2,10,34,6.652173913043479,4.564596231033249,347.0,7.543478260869565,0.1797075580116829,7.051512287334594,418.0,348.0,0.8325358851674641,70.0,0.1674641148325359,41.0,0.0980861244019138,21.0,0.0502392344497607,5.0,0.0119617224880382,0.901913875598086,7,39,223,7.375598086124402,5.10371641972893,1841.0,4.404306220095694,0.1638346101348546,3.666742977495936,12.0,12.0,1.0,0.0,0.0,0.0,0.0,0.0,0.0,0.0,0.0,1.0,2.0,5.0,7.0,6.0,3.958114029012639,42.0,3.5,0.2016895928872254,3.5,46.0,46.0,18,38,0.8260869565217391,0,0.0,7,0.1521739130434782,46.0,46.0,7.543478260869565,4.803560824779208,0.1723080071342311,0.6728260869565217,2.0,1.0,0.5,1.0,0.5,1.0,0.5,0.0,0.0,0,0,0,1,4.0,4.0,2.0,4.0,0.2,0
1148,847,131,3,2025,4,308.484,True,0,7,128.0,113.0,0.8828125,15.0,0.1171875,8.0,0.0625,6.0,0.046875,1.0,0.0078125,0.9375,3,15,63,8.125,5.955564624785798,664.0,5.1875,0.1437697805921537,4.57958984375,418.0,393.0,0.9401913875598086,25.0,0.0598086124401913,14.0,0.0334928229665071,11.0,0.0263157894736842,0.0,0.0,0.9665071770334928,100,235,376,3.425837320574163,3.0834490090995863,6009.5,14.376794258373206,0.2448910217249175,13.516938142441791,18.0,18.0,1.0,0.0,0.0,0.0,0.0,0.0,0.0,0.0,0.0,1.0,1.0,2.0,13.0,7.277777777777778,4.174067501391519,50.0,2.7777777777777777,0.1932715411484405,2.7777777777777777,128.0,128.0,33,65,0.5078125,4,0.03125,12,0.09375,128.0,128.0,10.328125,5.89903246171565,0.1449478612471001,0.53359375,7.0,7.0,1.0,0.0,0.0,0.0,0.0,0.0,0.0,0,0,2,4,9.428571428571429,4.030495994190251,4.428571428571429,31.0,0.1987875551744611,0
1148,846,1,3,2025,4,308.484,True,0,7,128.0,118.0,0.921875,10.0,0.078125,4.0,0.03125,5.0,0.0390625,1.0,0.0078125,0.96875,4,26,100,6.5546875,4.371085022891198,950.0,7.421875,0.1861821206959242,6.842041015625,418.0,348.0,0.8325358851674641,70.0,0.1674641148325359,41.0,0.0980861244019138,21.0,0.0502392344497607,5.0,0.0119617224880382,0.901913875598086,7,39,223,7.375598086124402,5.10371641972893,1841.0,4.404306220095694,0.1638346101348546,3.666742977495936,18.0,17.0,0.9444444444444444,1.0,0.0555555555555555,0.0,0.0,0.0,0.0,1.0,0.0555555555555555,0.9444444444444444,1.0,6.0,14.0,6.333333333333333,4.96655480858378,57.0,3.1666666666666665,0.1676009074049484,2.9907407407407405,128.0,128.0,45,104,0.8125,9,0.0703125,14,0.109375,128.0,128.0,7.21875,4.029069177552056,0.19884395395944,0.6890625,7.0,7.0,1.0,0.0,0.0,0.0,0.0,0.0,0.0,0,0,2,5,8.857142857142858,4.911460982191737,5.857142857142857,41.0,0.1691629197947001,0
1148,844,6,3,2025,4,308.484,True,0,7,149.0,127.0,0.8523489932885906,22.0,0.1476510067114094,10.0,0.0671140939597315,11.0,0.0738255033557047,0.0,0.0,0.9328859060402684,8,43,112,4.6375838926174495,3.971737004582008,1363.0,9.14765100671141,0.2011369465195743,7.796991126525833,418.0,364.0,0.8708133971291866,54.0,0.1291866028708134,23.0,0.055023923444976,27.0,0.0645933014354067,0.0,0.0,0.944976076555024,27,149,336,4.160287081339713,3.418308699831697,4353.5,10.415071770334928,0.2263309487718891,9.06958402966965,18.0,18.0,1.0,0.0,0.0,0.0,0.0,0.0,0.0,0.0,0.0,1.0,0.0,6.0,16.0,5.055555555555555,2.933943539224644,67.0,3.7222222222222223,0.2541978526201964,3.7222222222222223,149.0,149.0,82,119,0.7986577181208053,23,0.1543624161073825,40,0.2684563758389262,149.0,149.0,6.208053691275167,4.672172608436389,0.1762992893609532,0.7395973154362416,8.0,6.0,0.75,2.0,0.25,1.0,0.125,1.0,0.125,1,2,3,5,4.5,4.242640687119285,7.875,63.0,0.1907435698305462,0
1148,1,6,3,2025,4,308.484,True,0,7,208.0,199.0,0.9567307692307692,9.0,0.0432692307692307,4.0,0.0192307692307692,5.0,0.0240384615384615,0.0,0.0,0.9807692307692308,72,132,194,3.0865384615384617,2.881007358957429,3334.5,16.03125,0.2576650615443909,15.33759014423077,418.0,364.0,0.8708133971291866,54.0,0.1291866028708134,23.0,0.055023923444976,27.0,0.0645933014354067,0.0,0.0,0.944976076555024,27,149,336,4.160287081339713,3.418308699831697,4353.5,10.415071770334928,0.2263309487718891,9.06958402966965,18.0,18.0,1.0,0.0,0.0,0.0,0.0,0.0,0.0,0.0,0.0,1.0,0.0,4.0,14.0,6.777777777777778,3.808697000222802,42.0,2.333333333333333,0.2079565420640283,2.333333333333333,208.0,208.0,159,191,0.9182692307692308,69,0.3317307692307692,107,0.5144230769230769,208.0,208.0,4.057692307692308,4.176000393910521,0.1931993670588749,0.8471153846153847,10.0,10.0,1.0,0.0,0.0,0.0,0.0,0.0,0.0,4,8,9,10,2.7,1.9,17.9,179.0,0.3448275862068966,0
1148,830,9,3,2025,4,308.484,True,0,7,209.0,179.0,0.8564593301435407,30.0,0.1435406698564593,17.0,0.0813397129186602,13.0,0.062200956937799,0.0,0.0,0.9186602870813396,63,112,172,3.0382775119617227,3.2750278715380032,2912.5,13.935406698564591,0.2339166035987118,11.935109086330442,418.0,360.0,0.861244019138756,58.0,0.138755980861244,31.0,0.0741626794258373,23.0,0.055023923444976,3.0,0.0071770334928229,0.9258373205741628,72,166,334,3.985645933014354,3.775998830310016,4807.5,11.501196172248804,0.2093802857851808,9.905336416290837,18.0,18.0,1.0,0.0,0.0,0.0,0.0,0.0,0.0,0.0,0.0,1.0,11.0,15.0,18.0,2.0,1.7638342073763935,111.0,6.166666666666667,0.3618162034940813,6.166666666666667,209.0,209.0,155,188,0.8995215311004785,43,0.2057416267942583,74,0.354066985645933,209.0,209.0,4.727272727272728,4.254721298455835,0.1903050501068177,0.8136363636363637,11.0,7.0,0.6363636363636364,4.0,0.3636363636363636,3.0,0.2727272727272727,1.0,0.0909090909090909,2,4,5,6,3.1818181818181817,5.3226476975652535,9.818181818181818,108.0,0.1581615879665545,0
1148,842,214,3,2025,4,308.484,True,0,7,154.0,133.0,0.8636363636363636,21.0,0.1363636363636363,14.0,0.0909090909090909,7.0,0.0454545454545454,0.0,0.0,0.9090909090909092,1,5,70,8.779220779220779,4.8953287477613925,426.0,2.7662337662337664,0.1696258245784385,2.389020070838253,180.0,153.0,0.85,27.0,0.15,19.0,0.1055555555555555,8.0,0.0444444444444444,0.0,0.0,0.8944444444444445,1,6,96,8.622222222222222,4.939810562669559,498.0,2.7666666666666666,0.1683555375123891,2.3516666666666666,18.0,17.0,0.9444444444444444,1.0,0.0555555555555555,0.0,0.0,1.0,0.0555555555555555,0.0,0.0,0.9444444444444444,0.0,1.0,4.0,10.444444444444445,4.323350324076381,10.0,0.5555555555555556,0.1878516233427683,0.5246913580246914,153.0,153.0,18,73,0.477124183006536,0,0.0,0,0.0,153.0,153.0,11.15032679738562,4.500938524976961,0.1817871614924451,0.492483660130719,8.0,7.0,0.875,1.0,0.125,1.0,0.125,0.0,0.0,0,0,1,4,9.125,5.754074643241952,3.25,26.0,0.1480587723442749,0
1148,839,210,3,2025,4,308.484,True,0,7,156.0,133.0,0.8525641025641025,23.0,0.1474358974358974,14.0,0.0897435897435897,9.0,0.0576923076923076,0.0,0.0,0.9102564102564102,1,4,85,8.429487179487179,5.100417503633805,440.0,2.8205128205128207,0.1639232067976224,2.4046679815910585,380.0,311.0,0.8184210526315789,69.0,0.181578947368421,27.0,0.0710526315789473,30.0,0.0789473684210526,12.0,0.031578947368421,0.9289473684210526,0,0,73,10.839473684210526,6.092101852903443,293.0,0.7710526315789473,0.1410019230886551,0.6310457063711911,18.0,17.0,0.9444444444444444,1.0,0.0555555555555555,0.0,0.0,0.0,0.0,1.0,0.0555555555555555,0.9444444444444444,0.0,0.0,2.0,11.72222222222222,4.3051075035687525,5.0,0.2777777777777778,0.1884975939370312,0.2623456790123457,155.0,155.0,11,67,0.432258064516129,0,0.0,0,0.0,155.0,155.0,11.593548387096774,4.460141433015033,0.1831454390454883,0.4703225806451613,8.0,7.0,0.875,1.0,0.125,1.0,0.125,0.0,0.0,0,1,1,5,8.5,5.172040216394301,3.5,28.0,0.1620209792774485,0
1148,852,9,3,2025,4,308.484,True,0,7,90.0,74.0,0.8222222222222222,16.0,0.1777777777777777,8.0,0.0888888888888888,6.0,0.0666666666666666,2.0,0.0222222222222222,0.9111111111111112,0,0,26,10.088888888888889,5.60088176479471,87.0,0.9666666666666668,0.1514949116848937,0.7948148148148148,418.0,360.0,0.861244019138756,58.0,0.138755980861244,31.0,0.0741626794258373,23.0,0.055023923444976,3.0,0.0071770334928229,0.9258373205741628,72,166,334,3.985645933014354,3.775998830310016,4807.5,11.501196172248804,0.2093802857851808,9.905336416290837,18.0,17.0,0.9444444444444444,1.0,0.0555555555555555,0.0,0.0,1.0,0.0555555555555555,0.0,0.0,0.9444444444444444,0.0,0.0,2.0,13.11111111111111,4.45831169949753,4.0,0.2222222222222222,0.1832068330015041,0.2098765432098765,90.0,90.0,1,29,0.3222222222222222,0,0.0,0,0.0,90.0,90.0,12.744444444444444,3.8774593947615625,0.2050247719281906,0.4127777777777778,4.0,4.0,1.0,0.0,0.0,0.0,0.0,0.0,0.0,0,0,0,2,10.5,2.29128784747792,1.5,6.0,0.303832434700687,0
1148,860,210,3,2025,4,308.484,True,0,7,3.0,3.0,1.0,0.0,0.0,0.0,0.0,0.0,0.0,0.0,0.0,1.0,0,0,2,9.666666666666666,2.0548046676563305,7.0,2.333333333333333,0.327353172720928,2.333333333333333,380.0,311.0,0.8184210526315789,69.0,0.181578947368421,27.0,0.0710526315789473,30.0,0.0789473684210526,12.0,0.031578947368421,0.9289473684210526,0,0,73,10.839473684210526,6.092101852903443,293.0,0.7710526315789473,0.1410019230886551,0.6310457063711911,1.0,1.0,1.0,0.0,0.0,0.0,0.0,0.0,0.0,0.0,0.0,1.0,0.0,0.0,0.0,14.0,0.0,0.0,0.0,1.0,0.0,3.0,3.0,0,0,0.0,0,0.0,0,0.0,3.0,3.0,13.0,2.8284271247461903,0.2612038749637414,0.4,1.0,1.0,1.0,0.0,0.0,0.0,0.0,0.0,0.0,0,0,0,0,14.0,0.0,0.0,0.0,1.0,0
1148,863,131,3,2025,4,308.484,True,0,7,7.0,5.0,0.7142857142857143,2.0,0.2857142857142857,0.0,0.0,2.0,0.2857142857142857,0.0,0.0,1.0,0,0,0,16.142857142857142,2.4159335036125453,0.0,0.0,0.2927457454726336,0.0,418.0,393.0,0.9401913875598086,25.0,0.0598086124401913,14.0,0.0334928229665071,11.0,0.0263157894736842,0.0,0.0,0.9665071770334928,100,235,376,3.425837320574163,3.0834490090995863,6009.5,14.376794258373206,0.2448910217249175,13.516938142441791,2.0,2.0,1.0,0.0,0.0,0.0,0.0,0.0,0.0,0.0,0.0,1.0,0.0,0.0,0.0,18.0,2.0,0.0,0.0,0.3333333333333333,0.0,7.0,7.0,0,0,0.0,0,0.0,0,0.0,7.0,7.0,16.142857142857142,2.9965967090575765,0.2502128868128419,0.2428571428571428,1.0,1.0,1.0,0.0,0.0,0.0,0.0,0.0,0.0,0,0,1,1,4.0,0.0,12.0,12.0,1.0,0
1148,848,3,3,2025,4,308.484,True,0,7,105.0,88.0,0.8380952380952381,17.0,0.1619047619047619,6.0,0.0571428571428571,9.0,0.0857142857142857,2.0,0.019047619047619,0.9428571428571428,0,2,39,8.895238095238096,5.215222790335468,238.0,2.2666666666666666,0.1608952782119053,1.89968253968254,417.0,348.0,0.8345323741007195,69.0,0.1654676258992805,28.0,0.0671462829736211,33.0,0.079136690647482,8.0,0.0191846522781774,0.9328537170263788,0,7,103,10.5947242206235,6.120004622434692,560.0,1.3429256594724222,0.140449347019953,1.1207149388402948,15.0,14.0,0.9333333333333332,1.0,0.0666666666666666,0.0,0.0,0.0,0.0,1.0,0.0666666666666666,0.9333333333333332,0.0,0.0,1.0,12.533333333333331,4.716872787015662,2.0,0.1333333333333333,0.1749208067514167,0.1244444444444444,104.0,104.0,9,38,0.3653846153846153,0,0.0,0,0.0,104.0,104.0,11.961538461538462,4.369745365145779,0.1862285698854272,0.4519230769230769,6.0,6.0,1.0,0.0,0.0,0.0,0.0,0.0,0.0,0,1,1,4,9.333333333333334,4.027681991198188,4.333333333333333,26.0,0.1988988169400272,0
1148,865,215,3,2025,4,308.484,True,0,7,24.0,19.0,0.7916666666666666,5.0,0.2083333333333333,1.0,0.0416666666666666,4.0,0.1666666666666666,0.0,0.0,0.9583333333333334,0,0,5,14.25,3.9712508524812864,19.0,0.7916666666666666,0.2011566162469698,0.626736111111111,48.0,42.0,0.875,6.0,0.125,1.0,0.0208333333333333,2.0,0.0416666666666666,3.0,0.0625,0.9791666666666666,0,0,14,10.875,5.048205126577168,40.0,0.8333333333333334,0.1653383076585442,0.7291666666666667,6.0,6.0,1.0,0.0,0.0,0.0,0.0,0.0,0.0,0.0,0.0,1.0,0.0,0.0,0.0,13.666666666666666,3.5433819375782187,0.0,0.0,0.2201003599827301,0.0,23.0,23.0,0,5,0.217391304347826,0,0.0,0,0.0,23.0,23.0,13.956521739130435,3.735589830262708,0.21116693713833,0.3521739130434782,1.0,0.0,0.0,1.0,1.0,0.0,0.0,1.0,1.0,0,0,0,0,20.0,0.0,0.0,0.0,1.0,0
1148,862,214,3,2025,4,308.484,True,0,7,1.0,1.0,1.0,0.0,0.0,0.0,0.0,0.0,0.0,0.0,0.0,1.0,0,0,0,15.0,0.0,0.0,0.0,1.0,0.0,180.0,153.0,0.85,27.0,0.15,19.0,0.1055555555555555,8.0,0.0444444444444444,0.0,0.0,0.8944444444444445,1,6,96,8.622222222222222,4.939810562669559,498.0,2.7666666666666666,0.1683555375123891,2.3516666666666666,7.0,6.0,0.8571428571428571,1.0,0.1428571428571428,0.0,0.0,0.0,0.0,1.0,0.1428571428571428,0.8571428571428572,0.0,0.0,0.0,16.428571428571427,3.374574803147923,0.0,0.0,0.2285936450967543,0.0,1.0,1.0,0,0,0.0,0,0.0,0,0.0,1.0,1.0,20.0,0.0,1.0,0.05,1.0,0.0,0.0,1.0,1.0,0.0,0.0,1.0,1.0,0,0,0,0,19.0,0.0,0.0,0.0,1.0,0
1148,4,117,3,2025,4,308.484,True,0,7,168.0,132.0,0.7857142857142857,36.0,0.2142857142857142,25.0,0.1488095238095238,7.0,0.0416666666666666,2.0,0.0119047619047619,0.8511904761904762,0,9,87,7.434523809523809,5.181974114719561,562.0,3.345238095238096,0.1617606255611706,2.628401360544218,180.0,160.0,0.8888888888888888,20.0,0.1111111111111111,6.0,0.0333333333333333,9.0,0.05,5.0,0.0277777777777777,0.9666666666666668,0,9,85,9.077777777777778,4.894958353648232,492.0,2.7333333333333334,0.1696364825683843,2.4296296296296296,18.0,15.0,0.8333333333333334,3.0,0.1666666666666666,1.0,0.0555555555555555,1.0,0.0555555555555555,1.0,0.0555555555555555,0.8333333333333334,0.0,0.0,4.0,11.055555555555555,5.854459100380213,8.0,0.4444444444444444,0.1458904321049243,0.3703703703703703,167.0,167.0,16,82,0.4910179640718562,0,0.0,3,0.0179640718562874,167.0,167.0,10.874251497005988,4.100795367161849,0.1960478568573538,0.5062874251497006,7.0,6.0,0.8571428571428571,1.0,0.1428571428571428,1.0,0.1428571428571428,0.0,0.0,0,1,1,4,7.571428571428571,4.403152859263554,3.571428571428572,25.0,0.1850771255315363,0
1148,859,215,3,2025,4,308.484,True,0,7,11.0,11.0,1.0,0.0,0.0,0.0,0.0,0.0,0.0,0.0,0.0,1.0,0,0,3,12.909090909090908,3.117532399905868,6.0,0.5454545454545454,0.24286390558162,0.5454545454545454,48.0,42.0,0.875,6.0,0.125,1.0,0.0208333333333333,2.0,0.0416666666666666,3.0,0.0625,0.9791666666666666,0,0,14,10.875,5.048205126577168,40.0,0.8333333333333334,0.1653383076585442,0.7291666666666667,4.0,3.0,0.75,1.0,0.25,0.0,0.0,0.0,0.0,1.0,0.25,0.75,0.0,0.0,0.0,10.25,6.5717197140474575,0.0,0.0,0.1320703932218656,0.0,11.0,11.0,1,2,0.1818181818181818,0,0.0,0,0.0,11.0,11.0,13.363636363636363,4.006193552096493,0.1997525644171748,0.3818181818181818,1.0,0.0,0.0,1.0,1.0,0.0,0.0,1.0,1.0,0,0,0,0,15.0,0.0,0.0,0.0,1.0,0
1148,840,117,3,2025,4,308.484,True,0,7,168.0,142.0,0.8452380952380952,26.0,0.1547619047619047,9.0,0.0535714285714285,14.0,0.0833333333333333,3.0,0.0178571428571428,0.9464285714285714,0,3,60,9.613095238095235,5.285791371166777,286.0,1.7023809523809523,0.1590889580884035,1.4389172335600906,180.0,160.0,0.8888888888888888,20.0,0.1111111111111111,6.0,0.0333333333333333,9.0,0.05,5.0,0.0277777777777777,0.9666666666666668,0,9,85,9.077777777777778,4.894958353648232,492.0,2.7333333333333334,0.1696364825683843,2.4296296296296296,18.0,16.0,0.8888888888888888,2.0,0.1111111111111111,1.0,0.0555555555555555,0.0,0.0,1.0,0.0555555555555555,0.8888888888888888,0.0,0.0,2.0,12.11111111111111,4.5447025191594586,6.0,0.3333333333333333,0.1803523266657764,0.2962962962962963,168.0,168.0,5,40,0.238095238095238,1,0.0059523809523809,1,0.0059523809523809,168.0,168.0,14.023809523809524,4.314913756452565,0.1881498074707141,0.3488095238095238,9.0,7.0,0.7777777777777778,2.0,0.2222222222222222,0.0,0.0,2.0,0.2222222222222222,0,1,1,4,7.666666666666667,5.29150262212918,2.7777777777777777,25.0,0.15894454156034,0
1148,864,15,3,2025,4,308.484,True,0,7,24.0,20.0,0.8333333333333334,4.0,0.1666666666666666,2.0,0.0833333333333333,2.0,0.0833333333333333,0.0,0.0,0.9166666666666666,0,3,14,9.833333333333334,5.763872155263526,135.0,5.625,0.1478443082667991,4.6875,210.0,172.0,0.819047619047619,38.0,0.1809523809523809,15.0,0.0714285714285714,18.0,0.0857142857142857,4.0,0.019047619047619,0.9285714285714286,0,0,31,11.057142857142855,6.005281122524093,95.0,0.4523809523809524,0.1427494460978444,0.3705215419501134,6.0,6.0,1.0,0.0,0.0,0.0,0.0,0.0,0.0,0.0,0.0,1.0,0.0,1.0,5.0,7.833333333333333,4.524623986832743,15.0,2.5,0.1810077939029653,2.5,24.0,24.0,8,16,0.6666666666666666,0,0.0,1,0.0416666666666666,24.0,24.0,8.583333333333334,4.846963539738622,0.1710289440328378,0.6208333333333333,1.0,0.0,0.0,1.0,1.0,0.0,0.0,1.0,1.0,0,0,0,0,16.0,0.0,0.0,0.0,1.0,0
1148,832,3,3,2025,4,308.484,True,0,7,208.0,171.0,0.8221153846153846,37.0,0.1778846153846154,20.0,0.0961538461538461,15.0,0.0721153846153846,2.0,0.0096153846153846,0.903846153846154,4,27,139,5.908653846153846,4.283950607004526,1203.5,5.7860576923076925,0.1892523368167706,4.756807045118343,417.0,348.0,0.8345323741007195,69.0,0.1654676258992805,28.0,0.0671462829736211,33.0,0.079136690647482,8.0,0.0191846522781774,0.9328537170263788,0,7,103,10.5947242206235,6.120004622434692,560.0,1.3429256594724222,0.140449347019953,1.1207149388402948,18.0,18.0,1.0,0.0,0.0,0.0,0.0,0.0,0.0,0.0,0.0,1.0,0.0,5.0,17.0,4.888888888888889,2.157387537660844,69.0,3.8333333333333335,0.316717535643677,3.8333333333333335,207.0,207.0,58,142,0.6859903381642513,5,0.0241545893719806,15,0.072463768115942,207.0,207.0,8.51207729468599,4.390217389643142,0.1855212745076697,0.6243961352657005,11.0,8.0,0.7272727272727273,3.0,0.2727272727272727,1.0,0.0909090909090909,1.0,0.0909090909090909,0,2,5,6,3.363636363636364,3.4449627857266214,6.454545454545454,71.0,0.2249737620326396,0
1148,807,15,3,2025,4,308.484,True,0,7,153.0,123.0,0.803921568627451,30.0,0.196078431372549,15.0,0.0980392156862745,14.0,0.0915032679738562,1.0,0.0065359477124183,0.9019607843137256,0,0,65,8.267973856209151,5.366327520580533,331.0,2.1633986928104574,0.1570764301345294,1.73920287069076,210.0,172.0,0.819047619047619,38.0,0.1809523809523809,15.0,0.0714285714285714,18.0,0.0857142857142857,4.0,0.019047619047619,0.9285714285714286,0,0,31,11.057142857142855,6.005281122524093,95.0,0.4523809523809524,0.1427494460978444,0.3705215419501134,12.0,10.0,0.8333333333333334,2.0,0.1666666666666666,1.0,0.0833333333333333,0.0,0.0,1.0,0.0833333333333333,0.8333333333333334,0.0,0.0,4.0,12.583333333333334,6.343741447722751,8.0,0.6666666666666666,0.1361703713452621,0.5555555555555556,153.0,153.0,7,80,0.5228758169934641,0,0.0,1,0.0065359477124183,153.0,153.0,10.673202614379084,3.70449305954654,0.2125627538063344,0.5163398692810458,8.0,8.0,1.0,0.0,0.0,0.0,0.0,0.0,0.0,0,0,0,2,11.375,5.543859215384171,1.25,10.0,0.1528150235336768,0
1149,857,1,77,2025,5,308.7,True,1,15,46.0,43.0,0.9347826086956522,3.0,0.0652173913043478,2.0,0.0434782608695652,1.0,0.0217391304347826,0.0,0.0,0.9565217391304348,2,10,34,6.652173913043479,4.564596231033249,347.0,7.543478260869565,0.1797075580116829,7.051512287334594,418.0,348.0,0.8325358851674641,70.0,0.1674641148325359,41.0,0.0980861244019138,21.0,0.0502392344497607,5.0,0.0119617224880382,0.901913875598086,7,39,223,7.375598086124402,5.10371641972893,1841.0,4.404306220095694,0.1638346101348546,3.666742977495936,12.0,12.0,1.0,0.0,0.0,0.0,0.0,0.0,0.0,0.0,0.0,1.0,2.0,5.0,7.0,6.0,3.958114029012639,42.0,3.5,0.2016895928872254,3.5,46.0,46.0,18,38,0.8260869565217391,0,0.0,7,0.1521739130434782,46.0,46.0,7.543478260869565,4.803560824779208,0.1723080071342311,0.6728260869565217,2.0,2.0,1.0,0.0,0.0,0.0,0.0,0.0,0.0,0,0,1,1,9.5,5.5,6.0,12.0,0.1538461538461538,0
1149,830,9,77,2025,5,308.7,True,1,15,209.0,179.0,0.8564593301435407,30.0,0.1435406698564593,17.0,0.0813397129186602,13.0,0.062200956937799,0.0,0.0,0.9186602870813396,63,112,172,3.0382775119617227,3.2750278715380032,2912.5,13.935406698564591,0.2339166035987118,11.935109086330442,418.0,360.0,0.861244019138756,58.0,0.138755980861244,31.0,0.0741626794258373,23.0,0.055023923444976,3.0,0.0071770334928229,0.9258373205741628,72,166,334,3.985645933014354,3.775998830310016,4807.5,11.501196172248804,0.2093802857851808,9.905336416290837,18.0,18.0,1.0,0.0,0.0,0.0,0.0,0.0,0.0,0.0,0.0,1.0,11.0,15.0,18.0,2.0,1.7638342073763935,111.0,6.166666666666667,0.3618162034940813,6.166666666666667,209.0,209.0,155,188,0.8995215311004785,43,0.2057416267942583,74,0.354066985645933,209.0,209.0,4.727272727272728,4.254721298455835,0.1903050501068177,0.8136363636363637,4.0,4.0,1.0,0.0,0.0,0.0,0.0,0.0,0.0,2,4,4,4,1.5,0.5,21.75,87.0,0.6666666666666666,0
1149,844,6,77,2025,5,308.7,True,1,15,149.0,127.0,0.8523489932885906,22.0,0.1476510067114094,10.0,0.0671140939597315,11.0,0.0738255033557047,0.0,0.0,0.9328859060402684,8,43,112,4.6375838926174495,3.971737004582008,1363.0,9.14765100671141,0.2011369465195743,7.796991126525833,418.0,364.0,0.8708133971291866,54.0,0.1291866028708134,23.0,0.055023923444976,27.0,0.0645933014354067,0.0,0.0,0.944976076555024,27,149,336,4.160287081339713,3.418308699831697,4353.5,10.415071770334928,0.2263309487718891,9.06958402966965,18.0,18.0,1.0,0.0,0.0,0.0,0.0,0.0,0.0,0.0,0.0,1.0,0.0,6.0,16.0,5.055555555555555,2.933943539224644,67.0,3.7222222222222223,0.2541978526201964,3.7222222222222223,149.0,149.0,82,119,0.7986577181208053,23,0.1543624161073825,40,0.2684563758389262,149.0,149.0,6.208053691275167,4.672172608436389,0.1762992893609532,0.7395973154362416,4.0,4.0,1.0,0.0,0.0,0.0,0.0,0.0,0.0,0,2,2,4,4.75,2.277608394786075,11.75,47.0,0.3051005121877193,0
1149,846,1,77,2025,5,308.7,True,1,15,128.0,118.0,0.921875,10.0,0.078125,4.0,0.03125,5.0,0.0390625,1.0,0.0078125,0.96875,4,26,100,6.5546875,4.371085022891198,950.0,7.421875,0.1861821206959242,6.842041015625,418.0,348.0,0.8325358851674641,70.0,0.1674641148325359,41.0,0.0980861244019138,21.0,0.0502392344497607,5.0,0.0119617224880382,0.901913875598086,7,39,223,7.375598086124402,5.10371641972893,1841.0,4.404306220095694,0.1638346101348546,3.666742977495936,18.0,17.0,0.9444444444444444,1.0,0.0555555555555555,0.0,0.0,0.0,0.0,1.0,0.0555555555555555,0.9444444444444444,1.0,6.0,14.0,6.333333333333333,4.96655480858378,57.0,3.1666666666666665,0.1676009074049484,2.9907407407407405,128.0,128.0,45,104,0.8125,9,0.0703125,14,0.109375,128.0,128.0,7.21875,4.029069177552056,0.19884395395944,0.6890625,4.0,4.0,1.0,0.0,0.0,0.0,0.0,0.0,0.0,0,0,0,3,10.5,3.905124837953327,2.75,11.0,0.2038684096809352,0
1149,847,131,77,2025,5,308.7,True,1,15,128.0,113.0,0.8828125,15.0,0.1171875,8.0,0.0625,6.0,0.046875,1.0,0.0078125,0.9375,3,15,63,8.125,5.955564624785798,664.0,5.1875,0.1437697805921537,4.57958984375,418.0,393.0,0.9401913875598086,25.0,0.0598086124401913,14.0,0.0334928229665071,11.0,0.0263157894736842,0.0,0.0,0.9665071770334928,100,235,376,3.425837320574163,3.0834490090995863,6009.5,14.376794258373206,0.2448910217249175,13.516938142441791,18.0,18.0,1.0,0.0,0.0,0.0,0.0,0.0,0.0,0.0,0.0,1.0,1.0,2.0,13.0,7.277777777777778,4.174067501391519,50.0,2.7777777777777777,0.1932715411484405,2.7777777777777777,128.0,128.0,33,65,0.5078125,4,0.03125,12,0.09375,128.0,128.0,10.328125,5.89903246171565,0.1449478612471001,0.53359375,4.0,3.0,0.75,1.0,0.25,0.0,0.0,1.0,0.25,0,0,2,3,3.75,2.277608394786075,7.5,30.0,0.3051005121877193,0
1149,863,131,77,2025,5,308.7,True,1,15,7.0,5.0,0.7142857142857143,2.0,0.2857142857142857,0.0,0.0,2.0,0.2857142857142857,0.0,0.0,1.0,0,0,0,16.142857142857142,2.4159335036125453,0.0,0.0,0.2927457454726336,0.0,418.0,393.0,0.9401913875598086,25.0,0.0598086124401913,14.0,0.0334928229665071,11.0,0.0263157894736842,0.0,0.0,0.9665071770334928,100,235,376,3.425837320574163,3.0834490090995863,6009.5,14.376794258373206,0.2448910217249175,13.516938142441791,2.0,2.0,1.0,0.0,0.0,0.0,0.0,0.0,0.0,0.0,0.0,1.0,0.0,0.0,0.0,18.0,2.0,0.0,0.0,0.3333333333333333,0.0,7.0,7.0,0,0,0.0,0,0.0,0,0.0,7.0,7.0,16.142857142857142,2.9965967090575765,0.2502128868128419,0.2428571428571428,1.0,1.0,1.0,0.0,0.0,0.0,0.0,0.0,0.0,0,0,1,1,4.0,0.0,12.0,12.0,1.0,0
1149,1,6,77,2025,5,308.7,True,1,15,208.0,199.0,0.9567307692307692,9.0,0.0432692307692307,4.0,0.0192307692307692,5.0,0.0240384615384615,0.0,0.0,0.9807692307692308,72,132,194,3.0865384615384617,2.881007358957429,3334.5,16.03125,0.2576650615443909,15.33759014423077,418.0,364.0,0.8708133971291866,54.0,0.1291866028708134,23.0,0.055023923444976,27.0,0.0645933014354067,0.0,0.0,0.944976076555024,27,149,336,4.160287081339713,3.418308699831697,4353.5,10.415071770334928,0.2263309487718891,9.06958402966965,18.0,18.0,1.0,0.0,0.0,0.0,0.0,0.0,0.0,0.0,0.0,1.0,0.0,4.0,14.0,6.777777777777778,3.808697000222802,42.0,2.333333333333333,0.2079565420640283,2.333333333333333,208.0,208.0,159,191,0.9182692307692308,69,0.3317307692307692,107,0.5144230769230769,208.0,208.0,4.057692307692308,4.176000393910521,0.1931993670588749,0.8471153846153847,4.0,4.0,1.0,0.0,0.0,0.0,0.0,0.0,0.0,1,1,2,4,6.25,3.561951712193752,9.75,39.0,0.2192044245727274,0
1149,832,3,77,2025,5,308.7,True,1,15,208.0,171.0,0.8221153846153846,37.0,0.1778846153846154,20.0,0.0961538461538461,15.0,0.0721153846153846,2.0,0.0096153846153846,0.903846153846154,4,27,139,5.908653846153846,4.283950607004526,1203.5,5.7860576923076925,0.1892523368167706,4.756807045118343,417.0,348.0,0.8345323741007195,69.0,0.1654676258992805,28.0,0.0671462829736211,33.0,0.079136690647482,8.0,0.0191846522781774,0.9328537170263788,0,7,103,10.5947242206235,6.120004622434692,560.0,1.3429256594724222,0.140449347019953,1.1207149388402948,18.0,18.0,1.0,0.0,0.0,0.0,0.0,0.0,0.0,0.0,0.0,1.0,0.0,5.0,17.0,4.888888888888889,2.157387537660844,69.0,3.8333333333333335,0.316717535643677,3.8333333333333335,207.0,207.0,58,142,0.6859903381642513,5,0.0241545893719806,15,0.072463768115942,207.0,207.0,8.51207729468599,4.390217389643142,0.1855212745076697,0.6243961352657005,3.0,3.0,1.0,0.0,0.0,0.0,0.0,0.0,0.0,0,1,1,3,5.666666666666667,2.054804667656325,9.0,27.0,0.3273531727209286,0
1149,848,3,77,2025,5,308.7,True,1,15,105.0,88.0,0.8380952380952381,17.0,0.1619047619047619,6.0,0.0571428571428571,9.0,0.0857142857142857,2.0,0.019047619047619,0.9428571428571428,0,2,39,8.895238095238096,5.215222790335468,238.0,2.2666666666666666,0.1608952782119053,1.89968253968254,417.0,348.0,0.8345323741007195,69.0,0.1654676258992805,28.0,0.0671462829736211,33.0,0.079136690647482,8.0,0.0191846522781774,0.9328537170263788,0,7,103,10.5947242206235,6.120004622434692,560.0,1.3429256594724222,0.140449347019953,1.1207149388402948,15.0,14.0,0.9333333333333332,1.0,0.0666666666666666,0.0,0.0,0.0,0.0,1.0,0.0666666666666666,0.9333333333333332,0.0,0.0,1.0,12.533333333333331,4.716872787015662,2.0,0.1333333333333333,0.1749208067514167,0.1244444444444444,104.0,104.0,9,38,0.3653846153846153,0,0.0,0,0.0,104.0,104.0,11.961538461538462,4.369745365145779,0.1862285698854272,0.4519230769230769,3.0,2.0,0.6666666666666666,1.0,0.3333333333333333,1.0,0.3333333333333333,0.0,0.0,0,0,0,0,8.333333333333334,6.018490028422596,0.0,0.0,0.1424807894504838,0
1149,865,215,77,2025,5,308.7,True,1,15,24.0,19.0,0.7916666666666666,5.0,0.2083333333333333,1.0,0.0416666666666666,4.0,0.1666666666666666,0.0,0.0,0.9583333333333334,0,0,5,14.25,3.9712508524812864,19.0,0.7916666666666666,0.2011566162469698,0.626736111111111,48.0,42.0,0.875,6.0,0.125,1.0,0.0208333333333333,2.0,0.0416666666666666,3.0,0.0625,0.9791666666666666,0,0,14,10.875,5.048205126577168,40.0,0.8333333333333334,0.1653383076585442,0.7291666666666667,6.0,6.0,1.0,0.0,0.0,0.0,0.0,0.0,0.0,0.0,0.0,1.0,0.0,0.0,0.0,13.666666666666666,3.5433819375782187,0.0,0.0,0.2201003599827301,0.0,23.0,23.0,0,5,0.217391304347826,0,0.0,0,0.0,23.0,23.0,13.956521739130435,3.735589830262708,0.21116693713833,0.3521739130434782,1.0,1.0,1.0,0.0,0.0,0.0,0.0,0.0,0.0,0,0,0,1,10.0,0.0,1.0,1.0,1.0,0
1149,4,117,77,2025,5,308.7,True,1,15,168.0,132.0,0.7857142857142857,36.0,0.2142857142857142,25.0,0.1488095238095238,7.0,0.0416666666666666,2.0,0.0119047619047619,0.8511904761904762,0,9,87,7.434523809523809,5.181974114719561,562.0,3.345238095238096,0.1617606255611706,2.628401360544218,180.0,160.0,0.8888888888888888,20.0,0.1111111111111111,6.0,0.0333333333333333,9.0,0.05,5.0,0.0277777777777777,0.9666666666666668,0,9,85,9.077777777777778,4.894958353648232,492.0,2.7333333333333334,0.1696364825683843,2.4296296296296296,18.0,15.0,0.8333333333333334,3.0,0.1666666666666666,1.0,0.0555555555555555,1.0,0.0555555555555555,1.0,0.0555555555555555,0.8333333333333334,0.0,0.0,4.0,11.055555555555555,5.854459100380213,8.0,0.4444444444444444,0.1458904321049243,0.3703703703703703,167.0,167.0,16,82,0.4910179640718562,0,0.0,3,0.0179640718562874,167.0,167.0,10.874251497005988,4.100795367161849,0.1960478568573538,0.5062874251497006,4.0,3.0,0.75,1.0,0.25,1.0,0.25,0.0,0.0,0,1,2,2,5.25,4.815340071064556,6.25,25.0,0.1719589891184025,0
1149,859,215,77,2025,5,308.7,True,1,15,11.0,11.0,1.0,0.0,0.0,0.0,0.0,0.0,0.0,0.0,0.0,1.0,0,0,3,12.909090909090908,3.117532399905868,6.0,0.5454545454545454,0.24286390558162,0.5454545454545454,48.0,42.0,0.875,6.0,0.125,1.0,0.0208333333333333,2.0,0.0416666666666666,3.0,0.0625,0.9791666666666666,0,0,14,10.875,5.048205126577168,40.0,0.8333333333333334,0.1653383076585442,0.7291666666666667,4.0,3.0,0.75,1.0,0.25,0.0,0.0,0.0,0.0,1.0,0.25,0.75,0.0,0.0,0.0,10.25,6.5717197140474575,0.0,0.0,0.1320703932218656,0.0,11.0,11.0,1,2,0.1818181818181818,0,0.0,0,0.0,11.0,11.0,13.363636363636363,4.006193552096493,0.1997525644171748,0.3818181818181818,1.0,1.0,1.0,0.0,0.0,0.0,0.0,0.0,0.0,0,0,1,1,5.0,0.0,10.0,10.0,1.0,0
1149,860,210,77,2025,5,308.7,True,1,15,3.0,3.0,1.0,0.0,0.0,0.0,0.0,0.0,0.0,0.0,0.0,1.0,0,0,2,9.666666666666666,2.0548046676563305,7.0,2.333333333333333,0.327353172720928,2.333333333333333,380.0,311.0,0.8184210526315789,69.0,0.181578947368421,27.0,0.0710526315789473,30.0,0.0789473684210526,12.0,0.031578947368421,0.9289473684210526,0,0,73,10.839473684210526,6.092101852903443,293.0,0.7710526315789473,0.1410019230886551,0.6310457063711911,1.0,1.0,1.0,0.0,0.0,0.0,0.0,0.0,0.0,0.0,0.0,1.0,0.0,0.0,0.0,14.0,0.0,0.0,0.0,1.0,0.0,3.0,3.0,0,0,0.0,0,0.0,0,0.0,3.0,3.0,13.0,2.8284271247461903,0.2612038749637414,0.4,1.0,1.0,1.0,0.0,0.0,0.0,0.0,0.0,0.0,0,0,0,1,7.0,0.0,6.0,6.0,1.0,0
1149,839,210,77,2025,5,308.7,True,1,15,156.0,133.0,0.8525641025641025,23.0,0.1474358974358974,14.0,0.0897435897435897,9.0,0.0576923076923076,0.0,0.0,0.9102564102564102,1,4,85,8.429487179487179,5.100417503633805,440.0,2.8205128205128207,0.1639232067976224,2.4046679815910585,380.0,311.0,0.8184210526315789,69.0,0.181578947368421,27.0,0.0710526315789473,30.0,0.0789473684210526,12.0,0.031578947368421,0.9289473684210526,0,0,73,10.839473684210526,6.092101852903443,293.0,0.7710526315789473,0.1410019230886551,0.6310457063711911,18.0,17.0,0.9444444444444444,1.0,0.0555555555555555,0.0,0.0,0.0,0.0,1.0,0.0555555555555555,0.9444444444444444,0.0,0.0,2.0,11.72222222222222,4.3051075035687525,5.0,0.2777777777777778,0.1884975939370312,0.2623456790123457,155.0,155.0,11,67,0.432258064516129,0,0.0,0,0.0,155.0,155.0,11.593548387096774,4.460141433015033,0.1831454390454883,0.4703225806451613,4.0,4.0,1.0,0.0,0.0,0.0,0.0,0.0,0.0,0,0,1,3,7.75,3.344772040064913,6.0,24.0,0.2301616726444086,0
1149,807,15,77,2025,5,308.7,True,1,15,153.0,123.0,0.803921568627451,30.0,0.196078431372549,15.0,0.0980392156862745,14.0,0.0915032679738562,1.0,0.0065359477124183,0.9019607843137256,0,0,65,8.267973856209151,5.366327520580533,331.0,2.1633986928104574,0.1570764301345294,1.73920287069076,210.0,172.0,0.819047619047619,38.0,0.1809523809523809,15.0,0.0714285714285714,18.0,0.0857142857142857,4.0,0.019047619047619,0.9285714285714286,0,0,31,11.057142857142855,6.005281122524093,95.0,0.4523809523809524,0.1427494460978444,0.3705215419501134,12.0,10.0,0.8333333333333334,2.0,0.1666666666666666,1.0,0.0833333333333333,0.0,0.0,1.0,0.0833333333333333,0.8333333333333334,0.0,0.0,4.0,12.583333333333334,6.343741447722751,8.0,0.6666666666666666,0.1361703713452621,0.5555555555555556,153.0,153.0,7,80,0.5228758169934641,0,0.0,1,0.0065359477124183,153.0,153.0,10.673202614379084,3.70449305954654,0.2125627538063344,0.5163398692810458,3.0,3.0,1.0,0.0,0.0,0.0,0.0,0.0,0.0,0,0,0,1,11.333333333333334,0.9428090415820616,0.3333333333333333,1.0,0.5147186257614301,0
1149,840,117,77,2025,5,308.7,True,1,15,168.0,142.0,0.8452380952380952,26.0,0.1547619047619047,9.0,0.0535714285714285,14.0,0.0833333333333333,3.0,0.0178571428571428,0.9464285714285714,0,3,60,9.613095238095235,5.285791371166777,286.0,1.7023809523809523,0.1590889580884035,1.4389172335600906,180.0,160.0,0.8888888888888888,20.0,0.1111111111111111,6.0,0.0333333333333333,9.0,0.05,5.0,0.0277777777777777,0.9666666666666668,0,9,85,9.077777777777778,4.894958353648232,492.0,2.7333333333333334,0.1696364825683843,2.4296296296296296,18.0,16.0,0.8888888888888888,2.0,0.1111111111111111,1.0,0.0555555555555555,0.0,0.0,1.0,0.0555555555555555,0.8888888888888888,0.0,0.0,2.0,12.11111111111111,4.5447025191594586,6.0,0.3333333333333333,0.1803523266657764,0.2962962962962963,168.0,168.0,5,40,0.238095238095238,1,0.0059523809523809,1,0.0059523809523809,168.0,168.0,14.023809523809524,4.314913756452565,0.1881498074707141,0.3488095238095238,4.0,2.0,0.5,2.0,0.5,1.0,0.25,1.0,0.25,0,0,0,0,6.0,6.041522986797286,0.0,0.0,0.1420147320224587,0
1149,862,214,77,2025,5,308.7,True,1,15,1.0,1.0,1.0,0.0,0.0,0.0,0.0,0.0,0.0,0.0,0.0,1.0,0,0,0,15.0,0.0,0.0,0.0,1.0,0.0,180.0,153.0,0.85,27.0,0.15,19.0,0.1055555555555555,8.0,0.0444444444444444,0.0,0.0,0.8944444444444445,1,6,96,8.622222222222222,4.939810562669559,498.0,2.7666666666666666,0.1683555375123891,2.3516666666666666,7.0,6.0,0.8571428571428571,1.0,0.1428571428571428,0.0,0.0,0.0,0.0,1.0,0.1428571428571428,0.8571428571428572,0.0,0.0,0.0,16.428571428571427,3.374574803147923,0.0,0.0,0.2285936450967543,0.0,1.0,1.0,0,0,0.0,0,0.0,0,0.0,1.0,1.0,20.0,0.0,1.0,0.05,1.0,1.0,1.0,0.0,0.0,0.0,0.0,0.0,0.0,0,0,0,0,15.0,0.0,0.0,0.0,1.0,0
1149,864,15,77,2025,5,308.7,True,1,15,24.0,20.0,0.8333333333333334,4.0,0.1666666666666666,2.0,0.0833333333333333,2.0,0.0833333333333333,0.0,0.0,0.9166666666666666,0,3,14,9.833333333333334,5.763872155263526,135.0,5.625,0.1478443082667991,4.6875,210.0,172.0,0.819047619047619,38.0,0.1809523809523809,15.0,0.0714285714285714,18.0,0.0857142857142857,4.0,0.019047619047619,0.9285714285714286,0,0,31,11.057142857142855,6.005281122524093,95.0,0.4523809523809524,0.1427494460978444,0.3705215419501134,6.0,6.0,1.0,0.0,0.0,0.0,0.0,0.0,0.0,0.0,0.0,1.0,0.0,1.0,5.0,7.833333333333333,4.524623986832743,15.0,2.5,0.1810077939029653,2.5,24.0,24.0,8,16,0.6666666666666666,0,0.0,1,0.0416666666666666,24.0,24.0,8.583333333333334,4.846963539738622,0.1710289440328378,0.6208333333333333,1.0,1.0,1.0,0.0,0.0,0.0,0.0,0.0,0.0,0,0,0,0,11.0,0.0,0.0,0.0,1.0,0
1149,852,9,77,2025,5,308.7,True,1,15,90.0,74.0,0.8222222222222222,16.0,0.1777777777777777,8.0,0.0888888888888888,6.0,0.0666666666666666,2.0,0.0222222222222222,0.9111111111111112,0,0,26,10.088888888888889,5.60088176479471,87.0,0.9666666666666668,0.1514949116848937,0.7948148148148148,418.0,360.0,0.861244019138756,58.0,0.138755980861244,31.0,0.0741626794258373,23.0,0.055023923444976,3.0,0.0071770334928229,0.9258373205741628,72,166,334,3.985645933014354,3.775998830310016,4807.5,11.501196172248804,0.2093802857851808,9.905336416290837,18.0,17.0,0.9444444444444444,1.0,0.0555555555555555,0.0,0.0,1.0,0.0555555555555555,0.0,0.0,0.9444444444444444,0.0,0.0,2.0,13.11111111111111,4.45831169949753,4.0,0.2222222222222222,0.1832068330015041,0.2098765432098765,90.0,90.0,1,29,0.3222222222222222,0,0.0,0,0.0,90.0,90.0,12.744444444444444,3.8774593947615625,0.2050247719281906,0.4127777777777778,4.0,3.0,0.75,1.0,0.25,1.0,0.25,0.0,0.0,0,0,0,0,10.0,5.958187643906492,0.0,0.0,0.1437155838813476,0
1149,842,214,77,2025,5,308.7,True,1,15,154.0,133.0,0.8636363636363636,21.0,0.1363636363636363,14.0,0.0909090909090909,7.0,0.0454545454545454,0.0,0.0,0.9090909090909092,1,5,70,8.779220779220779,4.8953287477613925,426.0,2.7662337662337664,0.1696258245784385,2.389020070838253,180.0,153.0,0.85,27.0,0.15,19.0,0.1055555555555555,8.0,0.0444444444444444,0.0,0.0,0.8944444444444445,1,6,96,8.622222222222222,4.939810562669559,498.0,2.7666666666666666,0.1683555375123891,2.3516666666666666,18.0,17.0,0.9444444444444444,1.0,0.0555555555555555,0.0,0.0,1.0,0.0555555555555555,0.0,0.0,0.9444444444444444,0.0,1.0,4.0,10.444444444444445,4.323350324076381,10.0,0.5555555555555556,0.1878516233427683,0.5246913580246914,153.0,153.0,18,73,0.477124183006536,0,0.0,0,0.0,153.0,153.0,11.15032679738562,4.500938524976961,0.1817871614924451,0.492483660130719,4.0,3.0,0.75,1.0,0.25,1.0,0.25,0.0,0.0,0,0,0,3,5.75,3.491060010942235,3.5,14.0,0.2226645819836635,0
1150,857,1,79,2025,6,308.484,False,2,0,46.0,43.0,0.9347826086956522,3.0,0.0652173913043478,2.0,0.0434782608695652,1.0,0.0217391304347826,0.0,0.0,0.9565217391304348,2,10,34,6.652173913043479,4.564596231033249,347.0,7.543478260869565,0.1797075580116829,7.051512287334594,418.0,348.0,0.8325358851674641,70.0,0.1674641148325359,41.0,0.0980861244019138,21.0,0.0502392344497607,5.0,0.0119617224880382,0.901913875598086,7,39,223,7.375598086124402,5.10371641972893,1841.0,4.404306220095694,0.1638346101348546,3.666742977495936,12.0,12.0,1.0,0.0,0.0,0.0,0.0,0.0,0.0,0.0,0.0,1.0,2.0,5.0,7.0,6.0,3.958114029012639,42.0,3.5,0.2016895928872254,3.5,46.0,46.0,18,38,0.8260869565217391,0,0.0,7,0.1521739130434782,46.0,46.0,7.543478260869565,4.803560824779208,0.1723080071342311,0.6728260869565217,2.0,2.0,1.0,0.0,0.0,0.0,0.0,0.0,0.0,0,0,0,0,16.0,3.0,0.0,0.0,0.25,1
1150,846,1,79,2025,6,308.484,False,2,0,128.0,118.0,0.921875,10.0,0.078125,4.0,0.03125,5.0,0.0390625,1.0,0.0078125,0.96875,4,26,100,6.5546875,4.371085022891198,950.0,7.421875,0.1861821206959242,6.842041015625,418.0,348.0,0.8325358851674641,70.0,0.1674641148325359,41.0,0.0980861244019138,21.0,0.0502392344497607,5.0,0.0119617224880382,0.901913875598086,7,39,223,7.375598086124402,5.10371641972893,1841.0,4.404306220095694,0.1638346101348546,3.666742977495936,18.0,17.0,0.9444444444444444,1.0,0.0555555555555555,0.0,0.0,0.0,0.0,1.0,0.0555555555555555,0.9444444444444444,1.0,6.0,14.0,6.333333333333333,4.96655480858378,57.0,3.1666666666666665,0.1676009074049484,2.9907407407407405,128.0,128.0,45,104,0.8125,9,0.0703125,14,0.109375,128.0,128.0,7.21875,4.029069177552056,0.19884395395944,0.6890625,3.0,2.0,0.6666666666666666,1.0,0.3333333333333333,0.0,0.0,1.0,0.3333333333333333,1,1,1,1,6.0,7.788880963698615,8.333333333333334,25.0,0.113780127883217,1
1150,847,131,79,2025,6,308.484,False,2,0,128.0,113.0,0.8828125,15.0,0.1171875,8.0,0.0625,6.0,0.046875,1.0,0.0078125,0.9375,3,15,63,8.125,5.955564624785798,664.0,5.1875,0.1437697805921537,4.57958984375,418.0,393.0,0.9401913875598086,25.0,0.0598086124401913,14.0,0.0334928229665071,11.0,0.0263157894736842,0.0,0.0,0.9665071770334928,100,235,376,3.425837320574163,3.0834490090995863,6009.5,14.376794258373206,0.2448910217249175,13.516938142441791,18.0,18.0,1.0,0.0,0.0,0.0,0.0,0.0,0.0,0.0,0.0,1.0,1.0,2.0,13.0,7.277777777777778,4.174067501391519,50.0,2.7777777777777777,0.1932715411484405,2.7777777777777777,128.0,128.0,33,65,0.5078125,4,0.03125,12,0.09375,128.0,128.0,10.328125,5.89903246171565,0.1449478612471001,0.53359375,3.0,3.0,1.0,0.0,0.0,0.0,0.0,0.0,0.0,0,0,2,3,5.666666666666667,1.699673171197594,8.666666666666666,26.0,0.3704152082810797,1
1150,830,9,79,2025,6,308.484,False,2,0,209.0,179.0,0.8564593301435407,30.0,0.1435406698564593,17.0,0.0813397129186602,13.0,0.062200956937799,0.0,0.0,0.9186602870813396,63,112,172,3.0382775119617227,3.2750278715380032,2912.5,13.935406698564591,0.2339166035987118,11.935109086330442,418.0,360.0,0.861244019138756,58.0,0.138755980861244,31.0,0.0741626794258373,23.0,0.055023923444976,3.0,0.0071770334928229,0.9258373205741628,72,166,334,3.985645933014354,3.775998830310016,4807.5,11.501196172248804,0.2093802857851808,9.905336416290837,18.0,18.0,1.0,0.0,0.0,0.0,0.0,0.0,0.0,0.0,0.0,1.0,11.0,15.0,18.0,2.0,1.7638342073763935,111.0,6.166666666666667,0.3618162034940813,6.166666666666667,209.0,209.0,155,188,0.8995215311004785,43,0.2057416267942583,74,0.354066985645933,209.0,209.0,4.727272727272728,4.254721298455835,0.1903050501068177,0.8136363636363637,3.0,3.0,1.0,0.0,0.0,0.0,0.0,0.0,0.0,2,3,3,3,1.3333333333333333,0.4714045207910318,23.33333333333333,70.0,0.6796227589829592,1
1150,848,3,79,2025,6,308.484,False,2,0,105.0,88.0,0.8380952380952381,17.0,0.1619047619047619,6.0,0.0571428571428571,9.0,0.0857142857142857,2.0,0.019047619047619,0.9428571428571428,0,2,39,8.895238095238096,5.215222790335468,238.0,2.2666666666666666,0.1608952782119053,1.89968253968254,417.0,348.0,0.8345323741007195,69.0,0.1654676258992805,28.0,0.0671462829736211,33.0,0.079136690647482,8.0,0.0191846522781774,0.9328537170263788,0,7,103,10.5947242206235,6.120004622434692,560.0,1.3429256594724222,0.140449347019953,1.1207149388402948,15.0,14.0,0.9333333333333332,1.0,0.0666666666666666,0.0,0.0,0.0,0.0,1.0,0.0666666666666666,0.9333333333333332,0.0,0.0,1.0,12.533333333333331,4.716872787015662,2.0,0.1333333333333333,0.1749208067514167,0.1244444444444444,104.0,104.0,9,38,0.3653846153846153,0,0.0,0,0.0,104.0,104.0,11.961538461538462,4.369745365145779,0.1862285698854272,0.4519230769230769,3.0,3.0,1.0,0.0,0.0,0.0,0.0,0.0,0.0,0,0,0,1,13.666666666666666,3.681787005729089,0.6666666666666666,2.0,0.2135936553235555,1
1150,863,131,79,2025,6,308.484,False,2,0,7.0,5.0,0.7142857142857143,2.0,0.2857142857142857,0.0,0.0,2.0,0.2857142857142857,0.0,0.0,1.0,0,0,0,16.142857142857142,2.4159335036125453,0.0,0.0,0.2927457454726336,0.0,418.0,393.0,0.9401913875598086,25.0,0.0598086124401913,14.0,0.0334928229665071,11.0,0.0263157894736842,0.0,0.0,0.9665071770334928,100,235,376,3.425837320574163,3.0834490090995863,6009.5,14.376794258373206,0.2448910217249175,13.516938142441791,2.0,2.0,1.0,0.0,0.0,0.0,0.0,0.0,0.0,0.0,0.0,1.0,0.0,0.0,0.0,18.0,2.0,0.0,0.0,0.3333333333333333,0.0,7.0,7.0,0,0,0.0,0,0.0,0,0.0,7.0,7.0,16.142857142857142,2.9965967090575765,0.2502128868128419,0.2428571428571428,1.0,1.0,1.0,0.0,0.0,0.0,0.0,0.0,0.0,0,0,1,1,5.0,0.0,10.0,10.0,1.0,1
1150,844,6,79,2025,6,308.484,False,2,0,149.0,127.0,0.8523489932885906,22.0,0.1476510067114094,10.0,0.0671140939597315,11.0,0.0738255033557047,0.0,0.0,0.9328859060402684,8,43,112,4.6375838926174495,3.971737004582008,1363.0,9.14765100671141,0.2011369465195743,7.796991126525833,418.0,364.0,0.8708133971291866,54.0,0.1291866028708134,23.0,0.055023923444976,27.0,0.0645933014354067,0.0,0.0,0.944976076555024,27,149,336,4.160287081339713,3.418308699831697,4353.5,10.415071770334928,0.2263309487718891,9.06958402966965,18.0,18.0,1.0,0.0,0.0,0.0,0.0,0.0,0.0,0.0,0.0,1.0,0.0,6.0,16.0,5.055555555555555,2.933943539224644,67.0,3.7222222222222223,0.2541978526201964,3.7222222222222223,149.0,149.0,82,119,0.7986577181208053,23,0.1543624161073825,40,0.2684563758389262,149.0,149.0,6.208053691275167,4.672172608436389,0.1762992893609532,0.7395973154362416,3.0,3.0,1.0,0.0,0.0,0.0,0.0,0.0,0.0,0,2,2,3,4.0,2.160246899469287,13.0,39.0,0.3164309725825327,1
1150,1,6,79,2025,6,308.484,False,2,0,208.0,199.0,0.9567307692307692,9.0,0.0432692307692307,4.0,0.0192307692307692,5.0,0.0240384615384615,0.0,0.0,0.9807692307692308,72,132,194,3.0865384615384617,2.881007358957429,3334.5,16.03125,0.2576650615443909,15.33759014423077,418.0,364.0,0.8708133971291866,54.0,0.1291866028708134,23.0,0.055023923444976,27.0,0.0645933014354067,0.0,0.0,0.944976076555024,27,149,336,4.160287081339713,3.418308699831697,4353.5,10.415071770334928,0.2263309487718891,9.06958402966965,18.0,18.0,1.0,0.0,0.0,0.0,0.0,0.0,0.0,0.0,0.0,1.0,0.0,4.0,14.0,6.777777777777778,3.808697000222802,42.0,2.333333333333333,0.2079565420640283,2.333333333333333,208.0,208.0,159,191,0.9182692307692308,69,0.3317307692307692,107,0.5144230769230769,208.0,208.0,4.057692307692308,4.176000393910521,0.1931993670588749,0.8471153846153847,3.0,3.0,1.0,0.0,0.0,0.0,0.0,0.0,0.0,0,0,0,3,6.0,0.0,8.0,24.0,1.0,1
1150,832,3,79,2025,6,308.484,False,2,0,208.0,171.0,0.8221153846153846,37.0,0.1778846153846154,20.0,0.0961538461538461,15.0,0.0721153846153846,2.0,0.0096153846153846,0.903846153846154,4,27,139,5.908653846153846,4.283950607004526,1203.5,5.7860576923076925,0.1892523368167706,4.756807045118343,417.0,348.0,0.8345323741007195,69.0,0.1654676258992805,28.0,0.0671462829736211,33.0,0.079136690647482,8.0,0.0191846522781774,0.9328537170263788,0,7,103,10.5947242206235,6.120004622434692,560.0,1.3429256594724222,0.140449347019953,1.1207149388402948,18.0,18.0,1.0,0.0,0.0,0.0,0.0,0.0,0.0,0.0,0.0,1.0,0.0,5.0,17.0,4.888888888888889,2.157387537660844,69.0,3.8333333333333335,0.316717535643677,3.8333333333333335,207.0,207.0,58,142,0.6859903381642513,5,0.0241545893719806,15,0.072463768115942,207.0,207.0,8.51207729468599,4.390217389643142,0.1855212745076697,0.6243961352657005,3.0,3.0,1.0,0.0,0.0,0.0,0.0,0.0,0.0,0,1,3,3,4.333333333333333,0.9428090415820656,11.666666666666666,35.0,0.5147186257614291,1
1150,852,9,79,2025,6,308.484,False,2,0,90.0,74.0,0.8222222222222222,16.0,0.1777777777777777,8.0,0.0888888888888888,6.0,0.0666666666666666,2.0,0.0222222222222222,0.9111111111111112,0,0,26,10.088888888888889,5.60088176479471,87.0,0.9666666666666668,0.1514949116848937,0.7948148148148148,418.0,360.0,0.861244019138756,58.0,0.138755980861244,31.0,0.0741626794258373,23.0,0.055023923444976,3.0,0.0071770334928229,0.9258373205741628,72,166,334,3.985645933014354,3.775998830310016,4807.5,11.501196172248804,0.2093802857851808,9.905336416290837,18.0,17.0,0.9444444444444444,1.0,0.0555555555555555,0.0,0.0,1.0,0.0555555555555555,0.0,0.0,0.9444444444444444,0.0,0.0,2.0,13.11111111111111,4.45831169949753,4.0,0.2222222222222222,0.1832068330015041,0.2098765432098765,90.0,90.0,1,29,0.3222222222222222,0,0.0,0,0.0,90.0,90.0,12.744444444444444,3.8774593947615625,0.2050247719281906,0.4127777777777778,3.0,3.0,1.0,0.0,0.0,0.0,0.0,0.0,0.0,0,0,0,1,10.0,2.160246899469288,2.0,6.0,0.3164309725825326,1
1150,865,215,79,2025,6,308.484,False,2,0,24.0,19.0,0.7916666666666666,5.0,0.2083333333333333,1.0,0.0416666666666666,4.0,0.1666666666666666,0.0,0.0,0.9583333333333334,0,0,5,14.25,3.9712508524812864,19.0,0.7916666666666666,0.2011566162469698,0.626736111111111,48.0,42.0,0.875,6.0,0.125,1.0,0.0208333333333333,2.0,0.0416666666666666,3.0,0.0625,0.9791666666666666,0,0,14,10.875,5.048205126577168,40.0,0.8333333333333334,0.1653383076585442,0.7291666666666667,6.0,6.0,1.0,0.0,0.0,0.0,0.0,0.0,0.0,0.0,0.0,1.0,0.0,0.0,0.0,13.666666666666666,3.5433819375782187,0.0,0.0,0.2201003599827301,0.0,23.0,23.0,0,5,0.217391304347826,0,0.0,0,0.0,23.0,23.0,13.956521739130435,3.735589830262708,0.21116693713833,0.3521739130434782,1.0,1.0,1.0,0.0,0.0,0.0,0.0,0.0,0.0,0,0,0,0,18.0,0.0,0.0,0.0,1.0,1
1150,839,210,79,2025,6,308.484,False,2,0,156.0,133.0,0.8525641025641025,23.0,0.1474358974358974,14.0,0.0897435897435897,9.0,0.0576923076923076,0.0,0.0,0.9102564102564102,1,4,85,8.429487179487179,5.100417503633805,440.0,2.8205128205128207,0.1639232067976224,2.4046679815910585,380.0,311.0,0.8184210526315789,69.0,0.181578947368421,27.0,0.0710526315789473,30.0,0.0789473684210526,12.0,0.031578947368421,0.9289473684210526,0,0,73,10.839473684210526,6.092101852903443,293.0,0.7710526315789473,0.1410019230886551,0.6310457063711911,18.0,17.0,0.9444444444444444,1.0,0.0555555555555555,0.0,0.0,0.0,0.0,1.0,0.0555555555555555,0.9444444444444444,0.0,0.0,2.0,11.72222222222222,4.3051075035687525,5.0,0.2777777777777778,0.1884975939370312,0.2623456790123457,155.0,155.0,11,67,0.432258064516129,0,0.0,0,0.0,155.0,155.0,11.593548387096774,4.460141433015033,0.1831454390454883,0.4703225806451613,3.0,3.0,1.0,0.0,0.0,0.0,0.0,0.0,0.0,0,0,0,3,9.0,0.8164965809277289,2.333333333333333,7.0,0.550510257216821,1
1150,842,214,79,2025,6,308.484,False,2,0,154.0,133.0,0.8636363636363636,21.0,0.1363636363636363,14.0,0.0909090909090909,7.0,0.0454545454545454,0.0,0.0,0.9090909090909092,1,5,70,8.779220779220779,4.8953287477613925,426.0,2.7662337662337664,0.1696258245784385,2.389020070838253,180.0,153.0,0.85,27.0,0.15,19.0,0.1055555555555555,8.0,0.0444444444444444,0.0,0.0,0.8944444444444445,1,6,96,8.622222222222222,4.939810562669559,498.0,2.7666666666666666,0.1683555375123891,2.3516666666666666,18.0,17.0,0.9444444444444444,1.0,0.0555555555555555,0.0,0.0,1.0,0.0555555555555555,0.0,0.0,0.9444444444444444,0.0,1.0,4.0,10.444444444444445,4.323350324076381,10.0,0.5555555555555556,0.1878516233427683,0.5246913580246914,153.0,153.0,18,73,0.477124183006536,0,0.0,0,0.0,153.0,153.0,11.15032679738562,4.500938524976961,0.1817871614924451,0.492483660130719,3.0,2.0,0.6666666666666666,1.0,0.3333333333333333,1.0,0.3333333333333333,0.0,0.0,0,0,0,1,6.666666666666667,4.988876515698587,1.3333333333333333,4.0,0.1669762262385456,1
1150,807,15,79,2025,6,308.484,False,2,0,153.0,123.0,0.803921568627451,30.0,0.196078431372549,15.0,0.0980392156862745,14.0,0.0915032679738562,1.0,0.0065359477124183,0.9019607843137256,0,0,65,8.267973856209151,5.366327520580533,331.0,2.1633986928104574,0.1570764301345294,1.73920287069076,210.0,172.0,0.819047619047619,38.0,0.1809523809523809,15.0,0.0714285714285714,18.0,0.0857142857142857,4.0,0.019047619047619,0.9285714285714286,0,0,31,11.057142857142855,6.005281122524093,95.0,0.4523809523809524,0.1427494460978444,0.3705215419501134,12.0,10.0,0.8333333333333334,2.0,0.1666666666666666,1.0,0.0833333333333333,0.0,0.0,1.0,0.0833333333333333,0.8333333333333334,0.0,0.0,4.0,12.583333333333334,6.343741447722751,8.0,0.6666666666666666,0.1361703713452621,0.5555555555555556,153.0,153.0,7,80,0.5228758169934641,0,0.0,1,0.0065359477124183,153.0,153.0,10.673202614379084,3.70449305954654,0.2125627538063344,0.5163398692810458,2.0,2.0,1.0,0.0,0.0,0.0,0.0,0.0,0.0,0,0,0,0,13.0,2.0,0.0,0.0,0.3333333333333333,1
1150,4,117,79,2025,6,308.484,False,2,0,168.0,132.0,0.7857142857142857,36.0,0.2142857142857142,25.0,0.1488095238095238,7.0,0.0416666666666666,2.0,0.0119047619047619,0.8511904761904762,0,9,87,7.434523809523809,5.181974114719561,562.0,3.345238095238096,0.1617606255611706,2.628401360544218,180.0,160.0,0.8888888888888888,20.0,0.1111111111111111,6.0,0.0333333333333333,9.0,0.05,5.0,0.0277777777777777,0.9666666666666668,0,9,85,9.077777777777778,4.894958353648232,492.0,2.7333333333333334,0.1696364825683843,2.4296296296296296,18.0,15.0,0.8333333333333334,3.0,0.1666666666666666,1.0,0.0555555555555555,1.0,0.0555555555555555,1.0,0.0555555555555555,0.8333333333333334,0.0,0.0,4.0,11.055555555555555,5.854459100380213,8.0,0.4444444444444444,0.1458904321049243,0.3703703703703703,167.0,167.0,16,82,0.4910179640718562,0,0.0,3,0.0179640718562874,167.0,167.0,10.874251497005988,4.100795367161849,0.1960478568573538,0.5062874251497006,3.0,3.0,1.0,0.0,0.0,0.0,0.0,0.0,0.0,0,1,1,2,7.666666666666667,3.399346342395188,5.666666666666667,17.0,0.2273064955953338,1
1150,840,117,79,2025,6,308.484,False,2,0,168.0,142.0,0.8452380952380952,26.0,0.1547619047619047,9.0,0.0535714285714285,14.0,0.0833333333333333,3.0,0.0178571428571428,0.9464285714285714,0,3,60,9.613095238095235,5.285791371166777,286.0,1.7023809523809523,0.1590889580884035,1.4389172335600906,180.0,160.0,0.8888888888888888,20.0,0.1111111111111111,6.0,0.0333333333333333,9.0,0.05,5.0,0.0277777777777777,0.9666666666666668,0,9,85,9.077777777777778,4.894958353648232,492.0,2.7333333333333334,0.1696364825683843,2.4296296296296296,18.0,16.0,0.8888888888888888,2.0,0.1111111111111111,1.0,0.0555555555555555,0.0,0.0,1.0,0.0555555555555555,0.8888888888888888,0.0,0.0,2.0,12.11111111111111,4.5447025191594586,6.0,0.3333333333333333,0.1803523266657764,0.2962962962962963,168.0,168.0,5,40,0.238095238095238,1,0.0059523809523809,1,0.0059523809523809,168.0,168.0,14.023809523809524,4.314913756452565,0.1881498074707141,0.3488095238095238,3.0,3.0,1.0,0.0,0.0,0.0,0.0,0.0,0.0,0,0,0,1,13.0,2.9439202887759475,0.3333333333333333,1.0,0.2535548202751239,1
1150,859,215,79,2025,6,308.484,False,2,0,11.0,11.0,1.0,0.0,0.0,0.0,0.0,0.0,0.0,0.0,0.0,1.0,0,0,3,12.909090909090908,3.117532399905868,6.0,0.5454545454545454,0.24286390558162,0.5454545454545454,48.0,42.0,0.875,6.0,0.125,1.0,0.0208333333333333,2.0,0.0416666666666666,3.0,0.0625,0.9791666666666666,0,0,14,10.875,5.048205126577168,40.0,0.8333333333333334,0.1653383076585442,0.7291666666666667,4.0,3.0,0.75,1.0,0.25,0.0,0.0,0.0,0.0,1.0,0.25,0.75,0.0,0.0,0.0,10.25,6.5717197140474575,0.0,0.0,0.1320703932218656,0.0,11.0,11.0,1,2,0.1818181818181818,0,0.0,0,0.0,11.0,11.0,13.363636363636363,4.006193552096493,0.1997525644171748,0.3818181818181818,3.0,3.0,1.0,0.0,0.0,0.0,0.0,0.0,0.0,0,0,0,1,13.333333333333334,3.299831645537217,0.6666666666666666,2.0,0.232567245054326,1
1150,864,15,79,2025,6,308.484,False,2,0,24.0,20.0,0.8333333333333334,4.0,0.1666666666666666,2.0,0.0833333333333333,2.0,0.0833333333333333,0.0,0.0,0.9166666666666666,0,3,14,9.833333333333334,5.763872155263526,135.0,5.625,0.1478443082667991,4.6875,210.0,172.0,0.819047619047619,38.0,0.1809523809523809,15.0,0.0714285714285714,18.0,0.0857142857142857,4.0,0.019047619047619,0.9285714285714286,0,0,31,11.057142857142855,6.005281122524093,95.0,0.4523809523809524,0.1427494460978444,0.3705215419501134,6.0,6.0,1.0,0.0,0.0,0.0,0.0,0.0,0.0,0.0,0.0,1.0,0.0,1.0,5.0,7.833333333333333,4.524623986832743,15.0,2.5,0.1810077939029653,2.5,24.0,24.0,8,16,0.6666666666666666,0,0.0,1,0.0416666666666666,24.0,24.0,8.583333333333334,4.846963539738622,0.1710289440328378,0.6208333333333333,1.0,1.0,1.0,0.0,0.0,0.0,0.0,0.0,0.0,0,0,0,0,13.0,0.0,0.0,0.0,1.0,1
1150,860,210,79,2025,6,308.484,False,2,0,3.0,3.0,1.0,0.0,0.0,0.0,0.0,0.0,0.0,0.0,0.0,1.0,0,0,2,9.666666666666666,2.0548046676563305,7.0,2.333333333333333,0.327353172720928,2.333333333333333,380.0,311.0,0.8184210526315789,69.0,0.181578947368421,27.0,0.0710526315789473,30.0,0.0789473684210526,12.0,0.031578947368421,0.9289473684210526,0,0,73,10.839473684210526,6.092101852903443,293.0,0.7710526315789473,0.1410019230886551,0.6310457063711911,1.0,1.0,1.0,0.0,0.0,0.0,0.0,0.0,0.0,0.0,0.0,1.0,0.0,0.0,0.0,14.0,0.0,0.0,0.0,1.0,0.0,3.0,3.0,0,0,0.0,0,0.0,0,0.0,3.0,3.0,13.0,2.8284271247461903,0.2612038749637414,0.4,1.0,0.0,0.0,1.0,1.0,1.0,1.0,0.0,0.0,0,0,0,0,19.0,0.0,0.0,0.0,1.0,1
1150,862,214,79,2025,6,308.484,False,2,0,1.0,1.0,1.0,0.0,0.0,0.0,0.0,0.0,0.0,0.0,0.0,1.0,0,0,0,15.0,0.0,0.0,0.0,1.0,0.0,180.0,153.0,0.85,27.0,0.15,19.0,0.1055555555555555,8.0,0.0444444444444444,0.0,0.0,0.8944444444444445,1,6,96,8.622222222222222,4.939810562669559,498.0,2.7666666666666666,0.1683555375123891,2.3516666666666666,7.0,6.0,0.8571428571428571,1.0,0.1428571428571428,0.0,0.0,0.0,0.0,1.0,0.1428571428571428,0.8571428571428572,0.0,0.0,0.0,16.428571428571427,3.374574803147923,0.0,0.0,0.2285936450967543,0.0,1.0,1.0,0,0,0.0,0,0.0,0,0.0,1.0,1.0,20.0,0.0,1.0,0.05,1.0,1.0,1.0,0.0,0.0,0.0,0.0,0.0,0.0,0,0,0,0,17.0,0.0,0.0,0.0,1.0,1
1151,830,9,21,2025,7,309.267,False,2,37,209.0,179.0,0.8564593301435407,30.0,0.1435406698564593,17.0,0.0813397129186602,13.0,0.062200956937799,0.0,0.0,0.9186602870813396,63,112,172,3.0382775119617227,3.2750278715380032,2912.5,13.935406698564591,0.2339166035987118,11.935109086330442,418.0,360.0,0.861244019138756,58.0,0.138755980861244,31.0,0.0741626794258373,23.0,0.055023923444976,3.0,0.0071770334928229,0.9258373205741628,72,166,334,3.985645933014354,3.775998830310016,4807.5,11.501196172248804,0.2093802857851808,9.905336416290837,18.0,18.0,1.0,0.0,0.0,0.0,0.0,0.0,0.0,0.0,0.0,1.0,11.0,15.0,18.0,2.0,1.7638342073763935,111.0,6.166666666666667,0.3618162034940813,6.166666666666667,209.0,209.0,155,188,0.8995215311004785,43,0.2057416267942583,74,0.354066985645933,209.0,209.0,4.727272727272728,4.254721298455835,0.1903050501068177,0.8136363636363637,4.0,3.0,0.75,1.0,0.25,1.0,0.25,0.0,0.0,3,3,3,3,0.75,0.4330127018922193,19.0,76.0,0.6978305207480379,0
1151,846,1,21,2025,7,309.267,False,2,37,128.0,118.0,0.921875,10.0,0.078125,4.0,0.03125,5.0,0.0390625,1.0,0.0078125,0.96875,4,26,100,6.5546875,4.371085022891198,950.0,7.421875,0.1861821206959242,6.842041015625,418.0,348.0,0.8325358851674641,70.0,0.1674641148325359,41.0,0.0980861244019138,21.0,0.0502392344497607,5.0,0.0119617224880382,0.901913875598086,7,39,223,7.375598086124402,5.10371641972893,1841.0,4.404306220095694,0.1638346101348546,3.666742977495936,18.0,17.0,0.9444444444444444,1.0,0.0555555555555555,0.0,0.0,0.0,0.0,1.0,0.0555555555555555,0.9444444444444444,1.0,6.0,14.0,6.333333333333333,4.96655480858378,57.0,3.1666666666666665,0.1676009074049484,2.9907407407407405,128.0,128.0,45,104,0.8125,9,0.0703125,14,0.109375,128.0,128.0,7.21875,4.029069177552056,0.19884395395944,0.6890625,4.0,4.0,1.0,0.0,0.0,0.0,0.0,0.0,0.0,0,3,3,4,4.0,2.345207879911715,13.0,52.0,0.2989350844248255,0
1151,857,1,21,2025,7,309.267,False,2,37,46.0,43.0,0.9347826086956522,3.0,0.0652173913043478,2.0,0.0434782608695652,1.0,0.0217391304347826,0.0,0.0,0.9565217391304348,2,10,34,6.652173913043479,4.564596231033249,347.0,7.543478260869565,0.1797075580116829,7.051512287334594,418.0,348.0,0.8325358851674641,70.0,0.1674641148325359,41.0,0.0980861244019138,21.0,0.0502392344497607,5.0,0.0119617224880382,0.901913875598086,7,39,223,7.375598086124402,5.10371641972893,1841.0,4.404306220095694,0.1638346101348546,3.666742977495936,12.0,12.0,1.0,0.0,0.0,0.0,0.0,0.0,0.0,0.0,0.0,1.0,2.0,5.0,7.0,6.0,3.958114029012639,42.0,3.5,0.2016895928872254,3.5,46.0,46.0,18,38,0.8260869565217391,0,0.0,7,0.1521739130434782,46.0,46.0,7.543478260869565,4.803560824779208,0.1723080071342311,0.6728260869565217,1.0,1.0,1.0,0.0,0.0,0.0,0.0,0.0,0.0,0,0,1,1,4.0,0.0,12.0,12.0,1.0,0
1151,1,6,21,2025,7,309.267,False,2,37,208.0,199.0,0.9567307692307692,9.0,0.0432692307692307,4.0,0.0192307692307692,5.0,0.0240384615384615,0.0,0.0,0.9807692307692308,72,132,194,3.0865384615384617,2.881007358957429,3334.5,16.03125,0.2576650615443909,15.33759014423077,418.0,364.0,0.8708133971291866,54.0,0.1291866028708134,23.0,0.055023923444976,27.0,0.0645933014354067,0.0,0.0,0.944976076555024,27,149,336,4.160287081339713,3.418308699831697,4353.5,10.415071770334928,0.2263309487718891,9.06958402966965,18.0,18.0,1.0,0.0,0.0,0.0,0.0,0.0,0.0,0.0,0.0,1.0,0.0,4.0,14.0,6.777777777777778,3.808697000222802,42.0,2.333333333333333,0.2079565420640283,2.333333333333333,208.0,208.0,159,191,0.9182692307692308,69,0.3317307692307692,107,0.5144230769230769,208.0,208.0,4.057692307692308,4.176000393910521,0.1931993670588749,0.8471153846153847,4.0,4.0,1.0,0.0,0.0,0.0,0.0,0.0,0.0,1,2,2,3,5.5,4.716990566028302,13.25,53.0,0.1749172031072142,0
1151,848,3,21,2025,7,309.267,False,2,37,105.0,88.0,0.8380952380952381,17.0,0.1619047619047619,6.0,0.0571428571428571,9.0,0.0857142857142857,2.0,0.019047619047619,0.9428571428571428,0,2,39,8.895238095238096,5.215222790335468,238.0,2.2666666666666666,0.1608952782119053,1.89968253968254,417.0,348.0,0.8345323741007195,69.0,0.1654676258992805,28.0,0.0671462829736211,33.0,0.079136690647482,8.0,0.0191846522781774,0.9328537170263788,0,7,103,10.5947242206235,6.120004622434692,560.0,1.3429256594724222,0.140449347019953,1.1207149388402948,15.0,14.0,0.9333333333333332,1.0,0.0666666666666666,0.0,0.0,0.0,0.0,1.0,0.0666666666666666,0.9333333333333332,0.0,0.0,1.0,12.533333333333331,4.716872787015662,2.0,0.1333333333333333,0.1749208067514167,0.1244444444444444,104.0,104.0,9,38,0.3653846153846153,0,0.0,0,0.0,104.0,104.0,11.961538461538462,4.369745365145779,0.1862285698854272,0.4519230769230769,3.0,2.0,0.6666666666666666,1.0,0.3333333333333333,0.0,0.0,0.0,0.0,0,0,0,0,8.666666666666666,6.342099196813483,0.0,0.0,0.1362008293805137,0
1151,844,6,21,2025,7,309.267,False,2,37,149.0,127.0,0.8523489932885906,22.0,0.1476510067114094,10.0,0.0671140939597315,11.0,0.0738255033557047,0.0,0.0,0.9328859060402684,8,43,112,4.6375838926174495,3.971737004582008,1363.0,9.14765100671141,0.2011369465195743,7.796991126525833,418.0,364.0,0.8708133971291866,54.0,0.1291866028708134,23.0,0.055023923444976,27.0,0.0645933014354067,0.0,0.0,0.944976076555024,27,149,336,4.160287081339713,3.418308699831697,4353.5,10.415071770334928,0.2263309487718891,9.06958402966965,18.0,18.0,1.0,0.0,0.0,0.0,0.0,0.0,0.0,0.0,0.0,1.0,0.0,6.0,16.0,5.055555555555555,2.933943539224644,67.0,3.7222222222222223,0.2541978526201964,3.7222222222222223,149.0,149.0,82,119,0.7986577181208053,23,0.1543624161073825,40,0.2684563758389262,149.0,149.0,6.208053691275167,4.672172608436389,0.1762992893609532,0.7395973154362416,4.0,4.0,1.0,0.0,0.0,0.0,0.0,0.0,0.0,0,1,3,4,4.5,1.118033988749895,11.25,45.0,0.4721359549995794,0
1151,847,131,21,2025,7,309.267,False,2,37,128.0,113.0,0.8828125,15.0,0.1171875,8.0,0.0625,6.0,0.046875,1.0,0.0078125,0.9375,3,15,63,8.125,5.955564624785798,664.0,5.1875,0.1437697805921537,4.57958984375,418.0,393.0,0.9401913875598086,25.0,0.0598086124401913,14.0,0.0334928229665071,11.0,0.0263157894736842,0.0,0.0,0.9665071770334928,100,235,376,3.425837320574163,3.0834490090995863,6009.5,14.376794258373206,0.2448910217249175,13.516938142441791,18.0,18.0,1.0,0.0,0.0,0.0,0.0,0.0,0.0,0.0,0.0,1.0,1.0,2.0,13.0,7.277777777777778,4.174067501391519,50.0,2.7777777777777777,0.1932715411484405,2.7777777777777777,128.0,128.0,33,65,0.5078125,4,0.03125,12,0.09375,128.0,128.0,10.328125,5.89903246171565,0.1449478612471001,0.53359375,4.0,2.0,0.5,2.0,0.5,0.0,0.0,2.0,0.5,0,0,1,2,2.75,2.947456530637899,4.75,19.0,0.2533276787821657,0
1151,832,3,21,2025,7,309.267,False,2,37,208.0,171.0,0.8221153846153846,37.0,0.1778846153846154,20.0,0.0961538461538461,15.0,0.0721153846153846,2.0,0.0096153846153846,0.903846153846154,4,27,139,5.908653846153846,4.283950607004526,1203.5,5.7860576923076925,0.1892523368167706,4.756807045118343,417.0,348.0,0.8345323741007195,69.0,0.1654676258992805,28.0,0.0671462829736211,33.0,0.079136690647482,8.0,0.0191846522781774,0.9328537170263788,0,7,103,10.5947242206235,6.120004622434692,560.0,1.3429256594724222,0.140449347019953,1.1207149388402948,18.0,18.0,1.0,0.0,0.0,0.0,0.0,0.0,0.0,0.0,0.0,1.0,0.0,5.0,17.0,4.888888888888889,2.157387537660844,69.0,3.8333333333333335,0.316717535643677,3.8333333333333335,207.0,207.0,58,142,0.6859903381642513,5,0.0241545893719806,15,0.072463768115942,207.0,207.0,8.51207729468599,4.390217389643142,0.1855212745076697,0.6243961352657005,4.0,3.0,0.75,1.0,0.25,0.0,0.0,1.0,0.25,0,0,2,3,4.25,2.5860201081971503,6.5,26.0,0.2788606783643341,0
1151,865,215,21,2025,7,309.267,False,2,37,24.0,19.0,0.7916666666666666,5.0,0.2083333333333333,1.0,0.0416666666666666,4.0,0.1666666666666666,0.0,0.0,0.9583333333333334,0,0,5,14.25,3.9712508524812864,19.0,0.7916666666666666,0.2011566162469698,0.626736111111111,48.0,42.0,0.875,6.0,0.125,1.0,0.0208333333333333,2.0,0.0416666666666666,3.0,0.0625,0.9791666666666666,0,0,14,10.875,5.048205126577168,40.0,0.8333333333333334,0.1653383076585442,0.7291666666666667,6.0,6.0,1.0,0.0,0.0,0.0,0.0,0.0,0.0,0.0,0.0,1.0,0.0,0.0,0.0,13.666666666666666,3.5433819375782187,0.0,0.0,0.2201003599827301,0.0,23.0,23.0,0,5,0.217391304347826,0,0.0,0,0.0,23.0,23.0,13.956521739130435,3.735589830262708,0.21116693713833,0.3521739130434782,1.0,1.0,1.0,0.0,0.0,0.0,0.0,0.0,0.0,0,0,0,1,8.0,0.0,4.0,4.0,1.0,0
1151,852,9,21,2025,7,309.267,False,2,37,90.0,74.0,0.8222222222222222,16.0,0.1777777777777777,8.0,0.0888888888888888,6.0,0.0666666666666666,2.0,0.0222222222222222,0.9111111111111112,0,0,26,10.088888888888889,5.60088176479471,87.0,0.9666666666666668,0.1514949116848937,0.7948148148148148,418.0,360.0,0.861244019138756,58.0,0.138755980861244,31.0,0.0741626794258373,23.0,0.055023923444976,3.0,0.0071770334928229,0.9258373205741628,72,166,334,3.985645933014354,3.775998830310016,4807.5,11.501196172248804,0.2093802857851808,9.905336416290837,18.0,17.0,0.9444444444444444,1.0,0.0555555555555555,0.0,0.0,1.0,0.0555555555555555,0.0,0.0,0.9444444444444444,0.0,0.0,2.0,13.11111111111111,4.45831169949753,4.0,0.2222222222222222,0.1832068330015041,0.2098765432098765,90.0,90.0,1,29,0.3222222222222222,0,0.0,0,0.0,90.0,90.0,12.744444444444444,3.8774593947615625,0.2050247719281906,0.4127777777777778,3.0,3.0,1.0,0.0,0.0,0.0,0.0,0.0,0.0,0,0,0,2,9.666666666666666,2.0548046676563305,2.333333333333333,7.0,0.327353172720928,0
1151,4,117,21,2025,7,309.267,False,2,37,168.0,132.0,0.7857142857142857,36.0,0.2142857142857142,25.0,0.1488095238095238,7.0,0.0416666666666666,2.0,0.0119047619047619,0.8511904761904762,0,9,87,7.434523809523809,5.181974114719561,562.0,3.345238095238096,0.1617606255611706,2.628401360544218,180.0,160.0,0.8888888888888888,20.0,0.1111111111111111,6.0,0.0333333333333333,9.0,0.05,5.0,0.0277777777777777,0.9666666666666668,0,9,85,9.077777777777778,4.894958353648232,492.0,2.7333333333333334,0.1696364825683843,2.4296296296296296,18.0,15.0,0.8333333333333334,3.0,0.1666666666666666,1.0,0.0555555555555555,1.0,0.0555555555555555,1.0,0.0555555555555555,0.8333333333333334,0.0,0.0,4.0,11.055555555555555,5.854459100380213,8.0,0.4444444444444444,0.1458904321049243,0.3703703703703703,167.0,167.0,16,82,0.4910179640718562,0,0.0,3,0.0179640718562874,167.0,167.0,10.874251497005988,4.100795367161849,0.1960478568573538,0.5062874251497006,3.0,2.0,0.6666666666666666,1.0,0.3333333333333333,0.0,0.0,1.0,0.3333333333333333,0,0,0,1,9.666666666666666,7.760297817881877,0.3333333333333333,1.0,0.1141513702831836,0
1151,807,15,21,2025,7,309.267,False,2,37,153.0,123.0,0.803921568627451,30.0,0.196078431372549,15.0,0.0980392156862745,14.0,0.0915032679738562,1.0,0.0065359477124183,0.9019607843137256,0,0,65,8.267973856209151,5.366327520580533,331.0,2.1633986928104574,0.1570764301345294,1.73920287069076,210.0,172.0,0.819047619047619,38.0,0.1809523809523809,15.0,0.0714285714285714,18.0,0.0857142857142857,4.0,0.019047619047619,0.9285714285714286,0,0,31,11.057142857142855,6.005281122524093,95.0,0.4523809523809524,0.1427494460978444,0.3705215419501134,12.0,10.0,0.8333333333333334,2.0,0.1666666666666666,1.0,0.0833333333333333,0.0,0.0,1.0,0.0833333333333333,0.8333333333333334,0.0,0.0,4.0,12.583333333333334,6.343741447722751,8.0,0.6666666666666666,0.1361703713452621,0.5555555555555556,153.0,153.0,7,80,0.5228758169934641,0,0.0,1,0.0065359477124183,153.0,153.0,10.673202614379084,3.70449305954654,0.2125627538063344,0.5163398692810458,1.0,1.0,1.0,0.0,0.0,0.0,0.0,0.0,0.0,0,0,0,0,11.0,0.0,0.0,0.0,1.0,0
1151,842,214,21,2025,7,309.267,False,2,37,154.0,133.0,0.8636363636363636,21.0,0.1363636363636363,14.0,0.0909090909090909,7.0,0.0454545454545454,0.0,0.0,0.9090909090909092,1,5,70,8.779220779220779,4.8953287477613925,426.0,2.7662337662337664,0.1696258245784385,2.389020070838253,180.0,153.0,0.85,27.0,0.15,19.0,0.1055555555555555,8.0,0.0444444444444444,0.0,0.0,0.8944444444444445,1,6,96,8.622222222222222,4.939810562669559,498.0,2.7666666666666666,0.1683555375123891,2.3516666666666666,18.0,17.0,0.9444444444444444,1.0,0.0555555555555555,0.0,0.0,1.0,0.0555555555555555,0.0,0.0,0.9444444444444444,0.0,1.0,4.0,10.444444444444445,4.323350324076381,10.0,0.5555555555555556,0.1878516233427683,0.5246913580246914,153.0,153.0,18,73,0.477124183006536,0,0.0,0,0.0,153.0,153.0,11.15032679738562,4.500938524976961,0.1817871614924451,0.492483660130719,4.0,3.0,0.75,1.0,0.25,1.0,0.25,0.0,0.0,0,0,0,1,8.75,5.973901572674261,1.5,6.0,0.1433917570500687,0
1151,859,215,21,2025,7,309.267,False,2,37,11.0,11.0,1.0,0.0,0.0,0.0,0.0,0.0,0.0,0.0,0.0,1.0,0,0,3,12.909090909090908,3.117532399905868,6.0,0.5454545454545454,0.24286390558162,0.5454545454545454,48.0,42.0,0.875,6.0,0.125,1.0,0.0208333333333333,2.0,0.0416666666666666,3.0,0.0625,0.9791666666666666,0,0,14,10.875,5.048205126577168,40.0,0.8333333333333334,0.1653383076585442,0.7291666666666667,4.0,3.0,0.75,1.0,0.25,0.0,0.0,0.0,0.0,1.0,0.25,0.75,0.0,0.0,0.0,10.25,6.5717197140474575,0.0,0.0,0.1320703932218656,0.0,11.0,11.0,1,2,0.1818181818181818,0,0.0,0,0.0,11.0,11.0,13.363636363636363,4.006193552096493,0.1997525644171748,0.3818181818181818,2.0,2.0,1.0,0.0,0.0,0.0,0.0,0.0,0.0,0,0,0,2,8.0,1.0,4.0,8.0,0.5,0
1151,840,117,21,2025,7,309.267,False,2,37,168.0,142.0,0.8452380952380952,26.0,0.1547619047619047,9.0,0.0535714285714285,14.0,0.0833333333333333,3.0,0.0178571428571428,0.9464285714285714,0,3,60,9.613095238095235,5.285791371166777,286.0,1.7023809523809523,0.1590889580884035,1.4389172335600906,180.0,160.0,0.8888888888888888,20.0,0.1111111111111111,6.0,0.0333333333333333,9.0,0.05,5.0,0.0277777777777777,0.9666666666666668,0,9,85,9.077777777777778,4.894958353648232,492.0,2.7333333333333334,0.1696364825683843,2.4296296296296296,18.0,16.0,0.8888888888888888,2.0,0.1111111111111111,1.0,0.0555555555555555,0.0,0.0,1.0,0.0555555555555555,0.8888888888888888,0.0,0.0,2.0,12.11111111111111,4.5447025191594586,6.0,0.3333333333333333,0.1803523266657764,0.2962962962962963,168.0,168.0,5,40,0.238095238095238,1,0.0059523809523809,1,0.0059523809523809,168.0,168.0,14.023809523809524,4.314913756452565,0.1881498074707141,0.3488095238095238,4.0,4.0,1.0,0.0,0.0,0.0,0.0,0.0,0.0,0,0,0,3,10.0,1.8708286933869709,1.75,7.0,0.3483314773547883,0
1151,861,214,21,2025,7,309.267,False,2,37,9.0,6.0,0.6666666666666666,3.0,0.3333333333333333,1.0,0.1111111111111111,2.0,0.2222222222222222,0.0,0.0,0.8888888888888888,0,0,2,7.444444444444445,5.479479113750201,5.0,0.5555555555555556,0.1543333935405216,0.3703703703703703,180.0,153.0,0.85,27.0,0.15,19.0,0.1055555555555555,8.0,0.0444444444444444,0.0,0.0,0.8944444444444445,1,6,96,8.622222222222222,4.939810562669559,498.0,2.7666666666666666,0.1683555375123891,2.3516666666666666,3.0,3.0,1.0,0.0,0.0,0.0,0.0,0.0,0.0,0.0,0.0,1.0,0.0,0.0,0.0,14.0,2.8284271247461903,0.0,0.0,0.2612038749637414,0.0,9.0,9.0,0,1,0.1111111111111111,0,0.0,0,0.0,9.0,9.0,15.77777777777778,3.258417399692255,0.2348290235880276,0.261111111111111,2.0,1.0,0.5,1.0,0.5,0.0,0.0,1.0,0.5,0,0,0,0,7.5,7.5,0.0,0.0,0.1176470588235294,0
1151,860,210,21,2025,7,309.267,False,2,37,3.0,3.0,1.0,0.0,0.0,0.0,0.0,0.0,0.0,0.0,0.0,1.0,0,0,2,9.666666666666666,2.0548046676563305,7.0,2.333333333333333,0.327353172720928,2.333333333333333,380.0,311.0,0.8184210526315789,69.0,0.181578947368421,27.0,0.0710526315789473,30.0,0.0789473684210526,12.0,0.031578947368421,0.9289473684210526,0,0,73,10.839473684210526,6.092101852903443,293.0,0.7710526315789473,0.1410019230886551,0.6310457063711911,1.0,1.0,1.0,0.0,0.0,0.0,0.0,0.0,0.0,0.0,0.0,1.0,0.0,0.0,0.0,14.0,0.0,0.0,0.0,1.0,0.0,3.0,3.0,0,0,0.0,0,0.0,0,0.0,3.0,3.0,13.0,2.8284271247461903,0.2612038749637414,0.4,2.0,2.0,1.0,0.0,0.0,0.0,0.0,0.0,0.0,0,0,0,1,9.0,3.0,4.0,8.0,0.25,0
1151,864,15,21,2025,7,309.267,False,2,37,24.0,20.0,0.8333333333333334,4.0,0.1666666666666666,2.0,0.0833333333333333,2.0,0.0833333333333333,0.0,0.0,0.9166666666666666,0,3,14,9.833333333333334,5.763872155263526,135.0,5.625,0.1478443082667991,4.6875,210.0,172.0,0.819047619047619,38.0,0.1809523809523809,15.0,0.0714285714285714,18.0,0.0857142857142857,4.0,0.019047619047619,0.9285714285714286,0,0,31,11.057142857142855,6.005281122524093,95.0,0.4523809523809524,0.1427494460978444,0.3705215419501134,6.0,6.0,1.0,0.0,0.0,0.0,0.0,0.0,0.0,0.0,0.0,1.0,0.0,1.0,5.0,7.833333333333333,4.524623986832743,15.0,2.5,0.1810077939029653,2.5,24.0,24.0,8,16,0.6666666666666666,0,0.0,1,0.0416666666666666,24.0,24.0,8.583333333333334,4.846963539738622,0.1710289440328378,0.6208333333333333,1.0,0.0,0.0,1.0,1.0,0.0,0.0,1.0,1.0,0,0,0,0,20.0,0.0,0.0,0.0,1.0,0
1151,863,131,21,2025,7,309.267,False,2,37,7.0,5.0,0.7142857142857143,2.0,0.2857142857142857,0.0,0.0,2.0,0.2857142857142857,0.0,0.0,1.0,0,0,0,16.142857142857142,2.4159335036125453,0.0,0.0,0.2927457454726336,0.0,418.0,393.0,0.9401913875598086,25.0,0.0598086124401913,14.0,0.0334928229665071,11.0,0.0263157894736842,0.0,0.0,0.9665071770334928,100,235,376,3.425837320574163,3.0834490090995863,6009.5,14.376794258373206,0.2448910217249175,13.516938142441791,2.0,2.0,1.0,0.0,0.0,0.0,0.0,0.0,0.0,0.0,0.0,1.0,0.0,0.0,0.0,18.0,2.0,0.0,0.0,0.3333333333333333,0.0,7.0,7.0,0,0,0.0,0,0.0,0,0.0,7.0,7.0,16.142857142857142,2.9965967090575765,0.2502128868128419,0.2428571428571428,1.0,1.0,1.0,0.0,0.0,0.0,0.0,0.0,0.0,0,1,1,1,2.0,0.0,18.0,18.0,1.0,0
1151,839,210,21,2025,7,309.267,False,2,37,156.0,133.0,0.8525641025641025,23.0,0.1474358974358974,14.0,0.0897435897435897,9.0,0.0576923076923076,0.0,0.0,0.9102564102564102,1,4,85,8.429487179487179,5.100417503633805,440.0,2.8205128205128207,0.1639232067976224,2.4046679815910585,380.0,311.0,0.8184210526315789,69.0,0.181578947368421,27.0,0.0710526315789473,30.0,0.0789473684210526,12.0,0.031578947368421,0.9289473684210526,0,0,73,10.839473684210526,6.092101852903443,293.0,0.7710526315789473,0.1410019230886551,0.6310457063711911,18.0,17.0,0.9444444444444444,1.0,0.0555555555555555,0.0,0.0,0.0,0.0,1.0,0.0555555555555555,0.9444444444444444,0.0,0.0,2.0,11.72222222222222,4.3051075035687525,5.0,0.2777777777777778,0.1884975939370312,0.2623456790123457,155.0,155.0,11,67,0.432258064516129,0,0.0,0,0.0,155.0,155.0,11.593548387096774,4.460141433015033,0.1831454390454883,0.4703225806451613,4.0,3.0,0.75,1.0,0.25,1.0,0.25,0.0,0.0,0,0,0,1,9.25,5.717298313014636,0.5,2.0,0.1488693747696926,0
1152,846,1,6,2025,8,260.286,False,2,7,128.0,118.0,0.921875,10.0,0.078125,4.0,0.03125,5.0,0.0390625,1.0,0.0078125,0.96875,4,26,100,6.5546875,4.371085022891198,950.0,7.421875,0.1861821206959242,6.842041015625,418.0,348.0,0.8325358851674641,70.0,0.1674641148325359,41.0,0.0980861244019138,21.0,0.0502392344497607,5.0,0.0119617224880382,0.901913875598086,7,39,223,7.375598086124402,5.10371641972893,1841.0,4.404306220095694,0.1638346101348546,3.666742977495936,18.0,17.0,0.9444444444444444,1.0,0.0555555555555555,0.0,0.0,0.0,0.0,1.0,0.0555555555555555,0.9444444444444444,1.0,6.0,14.0,6.333333333333333,4.96655480858378,57.0,3.1666666666666665,0.1676009074049484,2.9907407407407405,128.0,128.0,45,104,0.8125,9,0.0703125,14,0.109375,128.0,128.0,7.21875,4.029069177552056,0.19884395395944,0.6890625,5.0,5.0,1.0,0.0,0.0,0.0,0.0,0.0,0.0,0,1,2,4,6.6,3.0066592756745827,7.6,38.0,0.2495844870242016,0
1152,844,6,6,2025,8,260.286,False,2,7,149.0,127.0,0.8523489932885906,22.0,0.1476510067114094,10.0,0.0671140939597315,11.0,0.0738255033557047,0.0,0.0,0.9328859060402684,8,43,112,4.6375838926174495,3.971737004582008,1363.0,9.14765100671141,0.2011369465195743,7.796991126525833,418.0,364.0,0.8708133971291866,54.0,0.1291866028708134,23.0,0.055023923444976,27.0,0.0645933014354067,0.0,0.0,0.944976076555024,27,149,336,4.160287081339713,3.418308699831697,4353.5,10.415071770334928,0.2263309487718891,9.06958402966965,18.0,18.0,1.0,0.0,0.0,0.0,0.0,0.0,0.0,0.0,0.0,1.0,0.0,6.0,16.0,5.055555555555555,2.933943539224644,67.0,3.7222222222222223,0.2541978526201964,3.7222222222222223,149.0,149.0,82,119,0.7986577181208053,23,0.1543624161073825,40,0.2684563758389262,149.0,149.0,6.208053691275167,4.672172608436389,0.1762992893609532,0.7395973154362416,6.0,3.0,0.5,3.0,0.5,1.0,0.1666666666666666,2.0,0.3333333333333333,1,1,2,3,1.8333333333333333,2.3392781412697,7.5,45.0,0.2994659197870136,0
1152,857,1,6,2025,8,260.286,False,2,7,46.0,43.0,0.9347826086956522,3.0,0.0652173913043478,2.0,0.0434782608695652,1.0,0.0217391304347826,0.0,0.0,0.9565217391304348,2,10,34,6.652173913043479,4.564596231033249,347.0,7.543478260869565,0.1797075580116829,7.051512287334594,418.0,348.0,0.8325358851674641,70.0,0.1674641148325359,41.0,0.0980861244019138,21.0,0.0502392344497607,5.0,0.0119617224880382,0.901913875598086,7,39,223,7.375598086124402,5.10371641972893,1841.0,4.404306220095694,0.1638346101348546,3.666742977495936,12.0,12.0,1.0,0.0,0.0,0.0,0.0,0.0,0.0,0.0,0.0,1.0,2.0,5.0,7.0,6.0,3.958114029012639,42.0,3.5,0.2016895928872254,3.5,46.0,46.0,18,38,0.8260869565217391,0,0.0,7,0.1521739130434782,46.0,46.0,7.543478260869565,4.803560824779208,0.1723080071342311,0.6728260869565217,2.0,2.0,1.0,0.0,0.0,0.0,0.0,0.0,0.0,0,1,1,2,6.0,4.0,9.5,19.0,0.2,0
1152,830,9,6,2025,8,260.286,False,2,7,209.0,179.0,0.8564593301435407,30.0,0.1435406698564593,17.0,0.0813397129186602,13.0,0.062200956937799,0.0,0.0,0.9186602870813396,63,112,172,3.0382775119617227,3.2750278715380032,2912.5,13.935406698564591,0.2339166035987118,11.935109086330442,418.0,360.0,0.861244019138756,58.0,0.138755980861244,31.0,0.0741626794258373,23.0,0.055023923444976,3.0,0.0071770334928229,0.9258373205741628,72,166,334,3.985645933014354,3.775998830310016,4807.5,11.501196172248804,0.2093802857851808,9.905336416290837,18.0,18.0,1.0,0.0,0.0,0.0,0.0,0.0,0.0,0.0,0.0,1.0,11.0,15.0,18.0,2.0,1.7638342073763935,111.0,6.166666666666667,0.3618162034940813,6.166666666666667,209.0,209.0,155,188,0.8995215311004785,43,0.2057416267942583,74,0.354066985645933,209.0,209.0,4.727272727272728,4.254721298455835,0.1903050501068177,0.8136363636363637,9.0,7.0,0.7777777777777778,2.0,0.2222222222222222,0.0,0.0,2.0,0.2222222222222222,2,3,5,7,3.2222222222222223,2.8974232912011773,10.77777777777778,97.0,0.2565797772742827,0
1152,1,6,6,2025,8,260.286,False,2,7,208.0,199.0,0.9567307692307692,9.0,0.0432692307692307,4.0,0.0192307692307692,5.0,0.0240384615384615,0.0,0.0,0.9807692307692308,72,132,194,3.0865384615384617,2.881007358957429,3334.5,16.03125,0.2576650615443909,15.33759014423077,418.0,364.0,0.8708133971291866,54.0,0.1291866028708134,23.0,0.055023923444976,27.0,0.0645933014354067,0.0,0.0,0.944976076555024,27,149,336,4.160287081339713,3.418308699831697,4353.5,10.415071770334928,0.2263309487718891,9.06958402966965,18.0,18.0,1.0,0.0,0.0,0.0,0.0,0.0,0.0,0.0,0.0,1.0,0.0,4.0,14.0,6.777777777777778,3.808697000222802,42.0,2.333333333333333,0.2079565420640283,2.333333333333333,208.0,208.0,159,191,0.9182692307692308,69,0.3317307692307692,107,0.5144230769230769,208.0,208.0,4.057692307692308,4.176000393910521,0.1931993670588749,0.8471153846153847,9.0,9.0,1.0,0.0,0.0,0.0,0.0,0.0,0.0,2,4,5,9,4.555555555555555,2.586765939293959,13.0,117.0,0.2788026921536023,0
1152,865,215,6,2025,8,260.286,False,2,7,24.0,19.0,0.7916666666666666,5.0,0.2083333333333333,1.0,0.0416666666666666,4.0,0.1666666666666666,0.0,0.0,0.9583333333333334,0,0,5,14.25,3.9712508524812864,19.0,0.7916666666666666,0.2011566162469698,0.626736111111111,48.0,42.0,0.875,6.0,0.125,1.0,0.0208333333333333,2.0,0.0416666666666666,3.0,0.0625,0.9791666666666666,0,0,14,10.875,5.048205126577168,40.0,0.8333333333333334,0.1653383076585442,0.7291666666666667,6.0,6.0,1.0,0.0,0.0,0.0,0.0,0.0,0.0,0.0,0.0,1.0,0.0,0.0,0.0,13.666666666666666,3.5433819375782187,0.0,0.0,0.2201003599827301,0.0,23.0,23.0,0,5,0.217391304347826,0,0.0,0,0.0,23.0,23.0,13.956521739130435,3.735589830262708,0.21116693713833,0.3521739130434782,1.0,1.0,1.0,0.0,0.0,0.0,0.0,0.0,0.0,0,0,0,1,7.0,0.0,6.0,6.0,1.0,0
1152,839,210,6,2025,8,260.286,False,2,7,156.0,133.0,0.8525641025641025,23.0,0.1474358974358974,14.0,0.0897435897435897,9.0,0.0576923076923076,0.0,0.0,0.9102564102564102,1,4,85,8.429487179487179,5.100417503633805,440.0,2.8205128205128207,0.1639232067976224,2.4046679815910585,380.0,311.0,0.8184210526315789,69.0,0.181578947368421,27.0,0.0710526315789473,30.0,0.0789473684210526,12.0,0.031578947368421,0.9289473684210526,0,0,73,10.839473684210526,6.092101852903443,293.0,0.7710526315789473,0.1410019230886551,0.6310457063711911,18.0,17.0,0.9444444444444444,1.0,0.0555555555555555,0.0,0.0,0.0,0.0,1.0,0.0555555555555555,0.9444444444444444,0.0,0.0,2.0,11.72222222222222,4.3051075035687525,5.0,0.2777777777777778,0.1884975939370312,0.2623456790123457,155.0,155.0,11,67,0.432258064516129,0,0.0,0,0.0,155.0,155.0,11.593548387096774,4.460141433015033,0.1831454390454883,0.4703225806451613,6.0,5.0,0.8333333333333334,1.0,0.1666666666666666,0.0,0.0,1.0,0.1666666666666666,0,1,1,3,7.0,4.47213595499958,4.166666666666667,25.0,0.1827439976315568,0
1152,859,215,6,2025,8,260.286,False,2,7,11.0,11.0,1.0,0.0,0.0,0.0,0.0,0.0,0.0,0.0,0.0,1.0,0,0,3,12.909090909090908,3.117532399905868,6.0,0.5454545454545454,0.24286390558162,0.5454545454545454,48.0,42.0,0.875,6.0,0.125,1.0,0.0208333333333333,2.0,0.0416666666666666,3.0,0.0625,0.9791666666666666,0,0,14,10.875,5.048205126577168,40.0,0.8333333333333334,0.1653383076585442,0.7291666666666667,4.0,3.0,0.75,1.0,0.25,0.0,0.0,0.0,0.0,1.0,0.25,0.75,0.0,0.0,0.0,10.25,6.5717197140474575,0.0,0.0,0.1320703932218656,0.0,11.0,11.0,1,2,0.1818181818181818,0,0.0,0,0.0,11.0,11.0,13.363636363636363,4.006193552096493,0.1997525644171748,0.3818181818181818,1.0,1.0,1.0,0.0,0.0,0.0,0.0,0.0,0.0,0,0,0,0,11.0,0.0,0.0,0.0,1.0,0
1152,848,3,6,2025,8,260.286,False,2,7,105.0,88.0,0.8380952380952381,17.0,0.1619047619047619,6.0,0.0571428571428571,9.0,0.0857142857142857,2.0,0.019047619047619,0.9428571428571428,0,2,39,8.895238095238096,5.215222790335468,238.0,2.2666666666666666,0.1608952782119053,1.89968253968254,417.0,348.0,0.8345323741007195,69.0,0.1654676258992805,28.0,0.0671462829736211,33.0,0.079136690647482,8.0,0.0191846522781774,0.9328537170263788,0,7,103,10.5947242206235,6.120004622434692,560.0,1.3429256594724222,0.140449347019953,1.1207149388402948,15.0,14.0,0.9333333333333332,1.0,0.0666666666666666,0.0,0.0,0.0,0.0,1.0,0.0666666666666666,0.9333333333333332,0.0,0.0,1.0,12.533333333333331,4.716872787015662,2.0,0.1333333333333333,0.1749208067514167,0.1244444444444444,104.0,104.0,9,38,0.3653846153846153,0,0.0,0,0.0,104.0,104.0,11.961538461538462,4.369745365145779,0.1862285698854272,0.4519230769230769,4.0,3.0,0.75,1.0,0.25,1.0,0.25,0.0,0.0,0,0,0,2,7.75,5.018714974971183,1.5,6.0,0.1661484227378266,0
1152,832,3,6,2025,8,260.286,False,2,7,208.0,171.0,0.8221153846153846,37.0,0.1778846153846154,20.0,0.0961538461538461,15.0,0.0721153846153846,2.0,0.0096153846153846,0.903846153846154,4,27,139,5.908653846153846,4.283950607004526,1203.5,5.7860576923076925,0.1892523368167706,4.756807045118343,417.0,348.0,0.8345323741007195,69.0,0.1654676258992805,28.0,0.0671462829736211,33.0,0.079136690647482,8.0,0.0191846522781774,0.9328537170263788,0,7,103,10.5947242206235,6.120004622434692,560.0,1.3429256594724222,0.140449347019953,1.1207149388402948,18.0,18.0,1.0,0.0,0.0,0.0,0.0,0.0,0.0,0.0,0.0,1.0,0.0,5.0,17.0,4.888888888888889,2.157387537660844,69.0,3.8333333333333335,0.316717535643677,3.8333333333333335,207.0,207.0,58,142,0.6859903381642513,5,0.0241545893719806,15,0.072463768115942,207.0,207.0,8.51207729468599,4.390217389643142,0.1855212745076697,0.6243961352657005,9.0,9.0,1.0,0.0,0.0,0.0,0.0,0.0,0.0,0,3,3,9,6.111111111111111,2.997941680718232,8.555555555555555,77.0,0.2501287111872901,0
1152,847,131,6,2025,8,260.286,False,2,7,128.0,113.0,0.8828125,15.0,0.1171875,8.0,0.0625,6.0,0.046875,1.0,0.0078125,0.9375,3,15,63,8.125,5.955564624785798,664.0,5.1875,0.1437697805921537,4.57958984375,418.0,393.0,0.9401913875598086,25.0,0.0598086124401913,14.0,0.0334928229665071,11.0,0.0263157894736842,0.0,0.0,0.9665071770334928,100,235,376,3.425837320574163,3.0834490090995863,6009.5,14.376794258373206,0.2448910217249175,13.516938142441791,18.0,18.0,1.0,0.0,0.0,0.0,0.0,0.0,0.0,0.0,0.0,1.0,1.0,2.0,13.0,7.277777777777778,4.174067501391519,50.0,2.7777777777777777,0.1932715411484405,2.7777777777777777,128.0,128.0,33,65,0.5078125,4,0.03125,12,0.09375,128.0,128.0,10.328125,5.89903246171565,0.1449478612471001,0.53359375,5.0,5.0,1.0,0.0,0.0,0.0,0.0,0.0,0.0,0,0,3,3,8.8,4.664761515876239,6.0,30.0,0.1765299381443276,0
1152,860,210,6,2025,8,260.286,False,2,7,3.0,3.0,1.0,0.0,0.0,0.0,0.0,0.0,0.0,0.0,0.0,1.0,0,0,2,9.666666666666666,2.0548046676563305,7.0,2.333333333333333,0.327353172720928,2.333333333333333,380.0,311.0,0.8184210526315789,69.0,0.181578947368421,27.0,0.0710526315789473,30.0,0.0789473684210526,12.0,0.031578947368421,0.9289473684210526,0,0,73,10.839473684210526,6.092101852903443,293.0,0.7710526315789473,0.1410019230886551,0.6310457063711911,1.0,1.0,1.0,0.0,0.0,0.0,0.0,0.0,0.0,0.0,0.0,1.0,0.0,0.0,0.0,14.0,0.0,0.0,0.0,1.0,0.0,3.0,3.0,0,0,0.0,0,0.0,0,0.0,3.0,3.0,13.0,2.8284271247461903,0.2612038749637414,0.4,1.0,1.0,1.0,0.0,0.0,0.0,0.0,0.0,0.0,0,0,0,0,17.0,0.0,0.0,0.0,1.0,0
1152,861,214,6,2025,8,260.286,False,2,7,9.0,6.0,0.6666666666666666,3.0,0.3333333333333333,1.0,0.1111111111111111,2.0,0.2222222222222222,0.0,0.0,0.8888888888888888,0,0,2,7.444444444444445,5.479479113750201,5.0,0.5555555555555556,0.1543333935405216,0.3703703703703703,180.0,153.0,0.85,27.0,0.15,19.0,0.1055555555555555,8.0,0.0444444444444444,0.0,0.0,0.8944444444444445,1,6,96,8.622222222222222,4.939810562669559,498.0,2.7666666666666666,0.1683555375123891,2.3516666666666666,3.0,3.0,1.0,0.0,0.0,0.0,0.0,0.0,0.0,0.0,0.0,1.0,0.0,0.0,0.0,14.0,2.8284271247461903,0.0,0.0,0.2612038749637414,0.0,9.0,9.0,0,1,0.1111111111111111,0,0.0,0,0.0,9.0,9.0,15.77777777777778,3.258417399692255,0.2348290235880276,0.261111111111111,1.0,1.0,1.0,0.0,0.0,0.0,0.0,0.0,0.0,0,0,0,0,15.0,0.0,0.0,0.0,1.0,0
1152,864,15,6,2025,8,260.286,False,2,7,24.0,20.0,0.8333333333333334,4.0,0.1666666666666666,2.0,0.0833333333333333,2.0,0.0833333333333333,0.0,0.0,0.9166666666666666,0,3,14,9.833333333333334,5.763872155263526,135.0,5.625,0.1478443082667991,4.6875,210.0,172.0,0.819047619047619,38.0,0.1809523809523809,15.0,0.0714285714285714,18.0,0.0857142857142857,4.0,0.019047619047619,0.9285714285714286,0,0,31,11.057142857142855,6.005281122524093,95.0,0.4523809523809524,0.1427494460978444,0.3705215419501134,6.0,6.0,1.0,0.0,0.0,0.0,0.0,0.0,0.0,0.0,0.0,1.0,0.0,1.0,5.0,7.833333333333333,4.524623986832743,15.0,2.5,0.1810077939029653,2.5,24.0,24.0,8,16,0.6666666666666666,0,0.0,1,0.0416666666666666,24.0,24.0,8.583333333333334,4.846963539738622,0.1710289440328378,0.6208333333333333,1.0,1.0,1.0,0.0,0.0,0.0,0.0,0.0,0.0,0,0,0,0,12.0,0.0,0.0,0.0,1.0,0
1152,840,117,6,2025,8,260.286,False,2,7,168.0,142.0,0.8452380952380952,26.0,0.1547619047619047,9.0,0.0535714285714285,14.0,0.0833333333333333,3.0,0.0178571428571428,0.9464285714285714,0,3,60,9.613095238095235,5.285791371166777,286.0,1.7023809523809523,0.1590889580884035,1.4389172335600906,180.0,160.0,0.8888888888888888,20.0,0.1111111111111111,6.0,0.0333333333333333,9.0,0.05,5.0,0.0277777777777777,0.9666666666666668,0,9,85,9.077777777777778,4.894958353648232,492.0,2.7333333333333334,0.1696364825683843,2.4296296296296296,18.0,16.0,0.8888888888888888,2.0,0.1111111111111111,1.0,0.0555555555555555,0.0,0.0,1.0,0.0555555555555555,0.8888888888888888,0.0,0.0,2.0,12.11111111111111,4.5447025191594586,6.0,0.3333333333333333,0.1803523266657764,0.2962962962962963,168.0,168.0,5,40,0.238095238095238,1,0.0059523809523809,1,0.0059523809523809,168.0,168.0,14.023809523809524,4.314913756452565,0.1881498074707141,0.3488095238095238,7.0,6.0,0.8571428571428571,1.0,0.1428571428571428,0.0,0.0,1.0,0.1428571428571428,0,0,0,1,12.0,5.5805785670356025,0.5714285714285714,4.0,0.1519623221291432,0
1152,807,15,6,2025,8,260.286,False,2,7,153.0,123.0,0.803921568627451,30.0,0.196078431372549,15.0,0.0980392156862745,14.0,0.0915032679738562,1.0,0.0065359477124183,0.9019607843137256,0,0,65,8.267973856209151,5.366327520580533,331.0,2.1633986928104574,0.1570764301345294,1.73920287069076,210.0,172.0,0.819047619047619,38.0,0.1809523809523809,15.0,0.0714285714285714,18.0,0.0857142857142857,4.0,0.019047619047619,0.9285714285714286,0,0,31,11.057142857142855,6.005281122524093,95.0,0.4523809523809524,0.1427494460978444,0.3705215419501134,12.0,10.0,0.8333333333333334,2.0,0.1666666666666666,1.0,0.0833333333333333,0.0,0.0,1.0,0.0833333333333333,0.8333333333333334,0.0,0.0,4.0,12.583333333333334,6.343741447722751,8.0,0.6666666666666666,0.1361703713452621,0.5555555555555556,153.0,153.0,7,80,0.5228758169934641,0,0.0,1,0.0065359477124183,153.0,153.0,10.673202614379084,3.70449305954654,0.2125627538063344,0.5163398692810458,7.0,5.0,0.7142857142857143,2.0,0.2857142857142857,1.0,0.1428571428571428,1.0,0.1428571428571428,0,0,0,2,7.857142857142857,5.938459911664722,1.7142857142857142,12.0,0.1441242023058793,0
1152,852,9,6,2025,8,260.286,False,2,7,90.0,74.0,0.8222222222222222,16.0,0.1777777777777777,8.0,0.0888888888888888,6.0,0.0666666666666666,2.0,0.0222222222222222,0.9111111111111112,0,0,26,10.088888888888889,5.60088176479471,87.0,0.9666666666666668,0.1514949116848937,0.7948148148148148,418.0,360.0,0.861244019138756,58.0,0.138755980861244,31.0,0.0741626794258373,23.0,0.055023923444976,3.0,0.0071770334928229,0.9258373205741628,72,166,334,3.985645933014354,3.775998830310016,4807.5,11.501196172248804,0.2093802857851808,9.905336416290837,18.0,17.0,0.9444444444444444,1.0,0.0555555555555555,0.0,0.0,1.0,0.0555555555555555,0.0,0.0,0.9444444444444444,0.0,0.0,2.0,13.11111111111111,4.45831169949753,4.0,0.2222222222222222,0.1832068330015041,0.2098765432098765,90.0,90.0,1,29,0.3222222222222222,0,0.0,0,0.0,90.0,90.0,12.744444444444444,3.8774593947615625,0.2050247719281906,0.4127777777777778,4.0,4.0,1.0,0.0,0.0,0.0,0.0,0.0,0.0,0,0,0,1,14.0,3.5355339059327378,1.0,4.0,0.2204812092115424,0
1152,863,131,6,2025,8,260.286,False,2,7,7.0,5.0,0.7142857142857143,2.0,0.2857142857142857,0.0,0.0,2.0,0.2857142857142857,0.0,0.0,1.0,0,0,0,16.142857142857142,2.4159335036125453,0.0,0.0,0.2927457454726336,0.0,418.0,393.0,0.9401913875598086,25.0,0.0598086124401913,14.0,0.0334928229665071,11.0,0.0263157894736842,0.0,0.0,0.9665071770334928,100,235,376,3.425837320574163,3.0834490090995863,6009.5,14.376794258373206,0.2448910217249175,13.516938142441791,2.0,2.0,1.0,0.0,0.0,0.0,0.0,0.0,0.0,0.0,0.0,1.0,0.0,0.0,0.0,18.0,2.0,0.0,0.0,0.3333333333333333,0.0,7.0,7.0,0,0,0.0,0,0.0,0,0.0,7.0,7.0,16.142857142857142,2.9965967090575765,0.2502128868128419,0.2428571428571428,1.0,0.0,0.0,1.0,1.0,1.0,1.0,0.0,0.0,0,0,0,0,18.0,0.0,0.0,0.0,1.0,0
1152,4,117,6,2025,8,260.286,False,2,7,168.0,132.0,0.7857142857142857,36.0,0.2142857142857142,25.0,0.1488095238095238,7.0,0.0416666666666666,2.0,0.0119047619047619,0.8511904761904762,0,9,87,7.434523809523809,5.181974114719561,562.0,3.345238095238096,0.1617606255611706,2.628401360544218,180.0,160.0,0.8888888888888888,20.0,0.1111111111111111,6.0,0.0333333333333333,9.0,0.05,5.0,0.0277777777777777,0.9666666666666668,0,9,85,9.077777777777778,4.894958353648232,492.0,2.7333333333333334,0.1696364825683843,2.4296296296296296,18.0,15.0,0.8333333333333334,3.0,0.1666666666666666,1.0,0.0555555555555555,1.0,0.0555555555555555,1.0,0.0555555555555555,0.8333333333333334,0.0,0.0,4.0,11.055555555555555,5.854459100380213,8.0,0.4444444444444444,0.1458904321049243,0.3703703703703703,167.0,167.0,16,82,0.4910179640718562,0,0.0,3,0.0179640718562874,167.0,167.0,10.874251497005988,4.100795367161849,0.1960478568573538,0.5062874251497006,7.0,5.0,0.7142857142857143,2.0,0.2857142857142857,2.0,0.2857142857142857,0.0,0.0,0,1,2,3,5.428571428571429,4.806458240360206,4.857142857142857,34.0,0.1722220256487997,0
1152,842,214,6,2025,8,260.286,False,2,7,154.0,133.0,0.8636363636363636,21.0,0.1363636363636363,14.0,0.0909090909090909,7.0,0.0454545454545454,0.0,0.0,0.9090909090909092,1,5,70,8.779220779220779,4.8953287477613925,426.0,2.7662337662337664,0.1696258245784385,2.389020070838253,180.0,153.0,0.85,27.0,0.15,19.0,0.1055555555555555,8.0,0.0444444444444444,0.0,0.0,0.8944444444444445,1,6,96,8.622222222222222,4.939810562669559,498.0,2.7666666666666666,0.1683555375123891,2.3516666666666666,18.0,17.0,0.9444444444444444,1.0,0.0555555555555555,0.0,0.0,1.0,0.0555555555555555,0.0,0.0,0.9444444444444444,0.0,1.0,4.0,10.444444444444445,4.323350324076381,10.0,0.5555555555555556,0.1878516233427683,0.5246913580246914,153.0,153.0,18,73,0.477124183006536,0,0.0,0,0.0,153.0,153.0,11.15032679738562,4.500938524976961,0.1817871614924451,0.492483660130719,6.0,6.0,1.0,0.0,0.0,0.0,0.0,0.0,0.0,0,0,1,5,7.666666666666667,2.1343747458109483,5.333333333333333,32.0,0.3190428972593297,0
1153,857,1,4,2025,9,307.362,False,0,109,46.0,43.0,0.9347826086956522,3.0,0.0652173913043478,2.0,0.0434782608695652,1.0,0.0217391304347826,0.0,0.0,0.9565217391304348,2,10,34,6.652173913043479,4.564596231033249,347.0,7.543478260869565,0.1797075580116829,7.051512287334594,418.0,348.0,0.8325358851674641,70.0,0.1674641148325359,41.0,0.0980861244019138,21.0,0.0502392344497607,5.0,0.0119617224880382,0.901913875598086,7,39,223,7.375598086124402,5.10371641972893,1841.0,4.404306220095694,0.1638346101348546,3.666742977495936,12.0,12.0,1.0,0.0,0.0,0.0,0.0,0.0,0.0,0.0,0.0,1.0,2.0,5.0,7.0,6.0,3.958114029012639,42.0,3.5,0.2016895928872254,3.5,46.0,46.0,18,38,0.8260869565217391,0,0.0,7,0.1521739130434782,46.0,46.0,7.543478260869565,4.803560824779208,0.1723080071342311,0.6728260869565217,2.0,2.0,1.0,0.0,0.0,0.0,0.0,0.0,0.0,0,0,0,1,10.0,3.0,3.0,6.0,0.25,0
1153,846,1,4,2025,9,307.362,False,0,109,128.0,118.0,0.921875,10.0,0.078125,4.0,0.03125,5.0,0.0390625,1.0,0.0078125,0.96875,4,26,100,6.5546875,4.371085022891198,950.0,7.421875,0.1861821206959242,6.842041015625,418.0,348.0,0.8325358851674641,70.0,0.1674641148325359,41.0,0.0980861244019138,21.0,0.0502392344497607,5.0,0.0119617224880382,0.901913875598086,7,39,223,7.375598086124402,5.10371641972893,1841.0,4.404306220095694,0.1638346101348546,3.666742977495936,18.0,17.0,0.9444444444444444,1.0,0.0555555555555555,0.0,0.0,0.0,0.0,1.0,0.0555555555555555,0.9444444444444444,1.0,6.0,14.0,6.333333333333333,4.96655480858378,57.0,3.1666666666666665,0.1676009074049484,2.9907407407407405,128.0,128.0,45,104,0.8125,9,0.0703125,14,0.109375,128.0,128.0,7.21875,4.029069177552056,0.19884395395944,0.6890625,6.0,5.0,0.8333333333333334,1.0,0.1666666666666666,0.0,0.0,1.0,0.1666666666666666,0,1,1,4,7.5,5.530220007679019,4.666666666666667,28.0,0.1531341974426711,0
1153,844,6,4,2025,9,307.362,False,0,109,149.0,127.0,0.8523489932885906,22.0,0.1476510067114094,10.0,0.0671140939597315,11.0,0.0738255033557047,0.0,0.0,0.9328859060402684,8,43,112,4.6375838926174495,3.971737004582008,1363.0,9.14765100671141,0.2011369465195743,7.796991126525833,418.0,364.0,0.8708133971291866,54.0,0.1291866028708134,23.0,0.055023923444976,27.0,0.0645933014354067,0.0,0.0,0.944976076555024,27,149,336,4.160287081339713,3.418308699831697,4353.5,10.415071770334928,0.2263309487718891,9.06958402966965,18.0,18.0,1.0,0.0,0.0,0.0,0.0,0.0,0.0,0.0,0.0,1.0,0.0,6.0,16.0,5.055555555555555,2.933943539224644,67.0,3.7222222222222223,0.2541978526201964,3.7222222222222223,149.0,149.0,82,119,0.7986577181208053,23,0.1543624161073825,40,0.2684563758389262,149.0,149.0,6.208053691275167,4.672172608436389,0.1762992893609532,0.7395973154362416,7.0,5.0,0.7142857142857143,2.0,0.2857142857142857,2.0,0.2857142857142857,0.0,0.0,0,0,3,4,5.0,4.0,4.714285714285714,33.0,0.2,0
1153,847,131,4,2025,9,307.362,False,0,109,128.0,113.0,0.8828125,15.0,0.1171875,8.0,0.0625,6.0,0.046875,1.0,0.0078125,0.9375,3,15,63,8.125,5.955564624785798,664.0,5.1875,0.1437697805921537,4.57958984375,418.0,393.0,0.9401913875598086,25.0,0.0598086124401913,14.0,0.0334928229665071,11.0,0.0263157894736842,0.0,0.0,0.9665071770334928,100,235,376,3.425837320574163,3.0834490090995863,6009.5,14.376794258373206,0.2448910217249175,13.516938142441791,18.0,18.0,1.0,0.0,0.0,0.0,0.0,0.0,0.0,0.0,0.0,1.0,1.0,2.0,13.0,7.277777777777778,4.174067501391519,50.0,2.7777777777777777,0.1932715411484405,2.7777777777777777,128.0,128.0,33,65,0.5078125,4,0.03125,12,0.09375,128.0,128.0,10.328125,5.89903246171565,0.1449478612471001,0.53359375,6.0,6.0,1.0,0.0,0.0,0.0,0.0,0.0,0.0,0,2,3,3,9.666666666666666,6.420453428086074,7.0,42.0,0.1347626542894328,0
1153,807,15,4,2025,9,307.362,False,0,109,153.0,123.0,0.803921568627451,30.0,0.196078431372549,15.0,0.0980392156862745,14.0,0.0915032679738562,1.0,0.0065359477124183,0.9019607843137256,0,0,65,8.267973856209151,5.366327520580533,331.0,2.1633986928104574,0.1570764301345294,1.73920287069076,210.0,172.0,0.819047619047619,38.0,0.1809523809523809,15.0,0.0714285714285714,18.0,0.0857142857142857,4.0,0.019047619047619,0.9285714285714286,0,0,31,11.057142857142855,6.005281122524093,95.0,0.4523809523809524,0.1427494460978444,0.3705215419501134,12.0,10.0,0.8333333333333334,2.0,0.1666666666666666,1.0,0.0833333333333333,0.0,0.0,1.0,0.0833333333333333,0.8333333333333334,0.0,0.0,4.0,12.583333333333334,6.343741447722751,8.0,0.6666666666666666,0.1361703713452621,0.5555555555555556,153.0,153.0,7,80,0.5228758169934641,0,0.0,1,0.0065359477124183,153.0,153.0,10.673202614379084,3.70449305954654,0.2125627538063344,0.5163398692810458,7.0,5.0,0.7142857142857143,2.0,0.2857142857142857,1.0,0.1428571428571428,1.0,0.1428571428571428,0,0,0,1,8.571428571428571,6.1145527311522,1.1428571428571428,8.0,0.140556973542601,0
1153,1,6,4,2025,9,307.362,False,0,109,208.0,199.0,0.9567307692307692,9.0,0.0432692307692307,4.0,0.0192307692307692,5.0,0.0240384615384615,0.0,0.0,0.9807692307692308,72,132,194,3.0865384615384617,2.881007358957429,3334.5,16.03125,0.2576650615443909,15.33759014423077,418.0,364.0,0.8708133971291866,54.0,0.1291866028708134,23.0,0.055023923444976,27.0,0.0645933014354067,0.0,0.0,0.944976076555024,27,149,336,4.160287081339713,3.418308699831697,4353.5,10.415071770334928,0.2263309487718891,9.06958402966965,18.0,18.0,1.0,0.0,0.0,0.0,0.0,0.0,0.0,0.0,0.0,1.0,0.0,4.0,14.0,6.777777777777778,3.808697000222802,42.0,2.333333333333333,0.2079565420640283,2.333333333333333,208.0,208.0,159,191,0.9182692307692308,69,0.3317307692307692,107,0.5144230769230769,208.0,208.0,4.057692307692308,4.176000393910521,0.1931993670588749,0.8471153846153847,10.0,9.0,0.9,1.0,0.1,0.0,0.0,1.0,0.1,5,8,9,9,1.7,1.3453624047073711,18.7,187.0,0.4263733391449024,0
1153,865,215,4,2025,9,307.362,False,0,109,24.0,19.0,0.7916666666666666,5.0,0.2083333333333333,1.0,0.0416666666666666,4.0,0.1666666666666666,0.0,0.0,0.9583333333333334,0,0,5,14.25,3.9712508524812864,19.0,0.7916666666666666,0.2011566162469698,0.626736111111111,48.0,42.0,0.875,6.0,0.125,1.0,0.0208333333333333,2.0,0.0416666666666666,3.0,0.0625,0.9791666666666666,0,0,14,10.875,5.048205126577168,40.0,0.8333333333333334,0.1653383076585442,0.7291666666666667,6.0,6.0,1.0,0.0,0.0,0.0,0.0,0.0,0.0,0.0,0.0,1.0,0.0,0.0,0.0,13.666666666666666,3.5433819375782187,0.0,0.0,0.2201003599827301,0.0,23.0,23.0,0,5,0.217391304347826,0,0.0,0,0.0,23.0,23.0,13.956521739130435,3.735589830262708,0.21116693713833,0.3521739130434782,1.0,1.0,1.0,0.0,0.0,0.0,0.0,0.0,0.0,0,0,0,0,13.0,0.0,0.0,0.0,1.0,0
1153,842,214,4,2025,9,307.362,False,0,109,154.0,133.0,0.8636363636363636,21.0,0.1363636363636363,14.0,0.0909090909090909,7.0,0.0454545454545454,0.0,0.0,0.9090909090909092,1,5,70,8.779220779220779,4.8953287477613925,426.0,2.7662337662337664,0.1696258245784385,2.389020070838253,180.0,153.0,0.85,27.0,0.15,19.0,0.1055555555555555,8.0,0.0444444444444444,0.0,0.0,0.8944444444444445,1,6,96,8.622222222222222,4.939810562669559,498.0,2.7666666666666666,0.1683555375123891,2.3516666666666666,18.0,17.0,0.9444444444444444,1.0,0.0555555555555555,0.0,0.0,1.0,0.0555555555555555,0.0,0.0,0.9444444444444444,0.0,1.0,4.0,10.444444444444445,4.323350324076381,10.0,0.5555555555555556,0.1878516233427683,0.5246913580246914,153.0,153.0,18,73,0.477124183006536,0,0.0,0,0.0,153.0,153.0,11.15032679738562,4.500938524976961,0.1817871614924451,0.492483660130719,7.0,6.0,0.8571428571428571,1.0,0.1428571428571428,0.0,0.0,1.0,0.1428571428571428,0,0,0,5,8.142857142857142,3.833259389999641,2.0,14.0,0.2068997170044445,0
1153,4,117,4,2025,9,307.362,False,0,109,168.0,132.0,0.7857142857142857,36.0,0.2142857142857142,25.0,0.1488095238095238,7.0,0.0416666666666666,2.0,0.0119047619047619,0.8511904761904762,0,9,87,7.434523809523809,5.181974114719561,562.0,3.345238095238096,0.1617606255611706,2.628401360544218,180.0,160.0,0.8888888888888888,20.0,0.1111111111111111,6.0,0.0333333333333333,9.0,0.05,5.0,0.0277777777777777,0.9666666666666668,0,9,85,9.077777777777778,4.894958353648232,492.0,2.7333333333333334,0.1696364825683843,2.4296296296296296,18.0,15.0,0.8333333333333334,3.0,0.1666666666666666,1.0,0.0555555555555555,1.0,0.0555555555555555,1.0,0.0555555555555555,0.8333333333333334,0.0,0.0,4.0,11.055555555555555,5.854459100380213,8.0,0.4444444444444444,0.1458904321049243,0.3703703703703703,167.0,167.0,16,82,0.4910179640718562,0,0.0,3,0.0179640718562874,167.0,167.0,10.874251497005988,4.100795367161849,0.1960478568573538,0.5062874251497006,8.0,6.0,0.75,2.0,0.25,2.0,0.25,0.0,0.0,0,0,0,3,8.125,5.509934210133547,1.5,12.0,0.1536113834212597,0
1153,830,9,4,2025,9,307.362,False,0,109,209.0,179.0,0.8564593301435407,30.0,0.1435406698564593,17.0,0.0813397129186602,13.0,0.062200956937799,0.0,0.0,0.9186602870813396,63,112,172,3.0382775119617227,3.2750278715380032,2912.5,13.935406698564591,0.2339166035987118,11.935109086330442,418.0,360.0,0.861244019138756,58.0,0.138755980861244,31.0,0.0741626794258373,23.0,0.055023923444976,3.0,0.0071770334928229,0.9258373205741628,72,166,334,3.985645933014354,3.775998830310016,4807.5,11.501196172248804,0.2093802857851808,9.905336416290837,18.0,18.0,1.0,0.0,0.0,0.0,0.0,0.0,0.0,0.0,0.0,1.0,11.0,15.0,18.0,2.0,1.7638342073763935,111.0,6.166666666666667,0.3618162034940813,6.166666666666667,209.0,209.0,155,188,0.8995215311004785,43,0.2057416267942583,74,0.354066985645933,209.0,209.0,4.727272727272728,4.254721298455835,0.1903050501068177,0.8136363636363637,10.0,9.0,0.9,1.0,0.1,0.0,0.0,1.0,0.1,4,8,8,8,2.5,2.9748949561287032,16.8,168.0,0.2515789753030195,0
1153,859,215,4,2025,9,307.362,False,0,109,11.0,11.0,1.0,0.0,0.0,0.0,0.0,0.0,0.0,0.0,0.0,1.0,0,0,3,12.909090909090908,3.117532399905868,6.0,0.5454545454545454,0.24286390558162,0.5454545454545454,48.0,42.0,0.875,6.0,0.125,1.0,0.0208333333333333,2.0,0.0416666666666666,3.0,0.0625,0.9791666666666666,0,0,14,10.875,5.048205126577168,40.0,0.8333333333333334,0.1653383076585442,0.7291666666666667,4.0,3.0,0.75,1.0,0.25,0.0,0.0,0.0,0.0,1.0,0.25,0.75,0.0,0.0,0.0,10.25,6.5717197140474575,0.0,0.0,0.1320703932218656,0.0,11.0,11.0,1,2,0.1818181818181818,0,0.0,0,0.0,11.0,11.0,13.363636363636363,4.006193552096493,0.1997525644171748,0.3818181818181818,1.0,1.0,1.0,0.0,0.0,0.0,0.0,0.0,0.0,0,0,0,0,16.0,0.0,0.0,0.0,1.0,0
1153,864,15,4,2025,9,307.362,False,0,109,24.0,20.0,0.8333333333333334,4.0,0.1666666666666666,2.0,0.0833333333333333,2.0,0.0833333333333333,0.0,0.0,0.9166666666666666,0,3,14,9.833333333333334,5.763872155263526,135.0,5.625,0.1478443082667991,4.6875,210.0,172.0,0.819047619047619,38.0,0.1809523809523809,15.0,0.0714285714285714,18.0,0.0857142857142857,4.0,0.019047619047619,0.9285714285714286,0,0,31,11.057142857142855,6.005281122524093,95.0,0.4523809523809524,0.1427494460978444,0.3705215419501134,6.0,6.0,1.0,0.0,0.0,0.0,0.0,0.0,0.0,0.0,0.0,1.0,0.0,1.0,5.0,7.833333333333333,4.524623986832743,15.0,2.5,0.1810077939029653,2.5,24.0,24.0,8,16,0.6666666666666666,0,0.0,1,0.0416666666666666,24.0,24.0,8.583333333333334,4.846963539738622,0.1710289440328378,0.6208333333333333,1.0,1.0,1.0,0.0,0.0,0.0,0.0,0.0,0.0,0,0,0,0,18.0,0.0,0.0,0.0,1.0,0
1153,852,9,4,2025,9,307.362,False,0,109,90.0,74.0,0.8222222222222222,16.0,0.1777777777777777,8.0,0.0888888888888888,6.0,0.0666666666666666,2.0,0.0222222222222222,0.9111111111111112,0,0,26,10.088888888888889,5.60088176479471,87.0,0.9666666666666668,0.1514949116848937,0.7948148148148148,418.0,360.0,0.861244019138756,58.0,0.138755980861244,31.0,0.0741626794258373,23.0,0.055023923444976,3.0,0.0071770334928229,0.9258373205741628,72,166,334,3.985645933014354,3.775998830310016,4807.5,11.501196172248804,0.2093802857851808,9.905336416290837,18.0,17.0,0.9444444444444444,1.0,0.0555555555555555,0.0,0.0,1.0,0.0555555555555555,0.0,0.0,0.9444444444444444,0.0,0.0,2.0,13.11111111111111,4.45831169949753,4.0,0.2222222222222222,0.1832068330015041,0.2098765432098765,90.0,90.0,1,29,0.3222222222222222,0,0.0,0,0.0,90.0,90.0,12.744444444444444,3.8774593947615625,0.2050247719281906,0.4127777777777778,4.0,3.0,0.75,1.0,0.25,1.0,0.25,0.0,0.0,0,0,0,1,10.25,6.796138609534093,0.25,1.0,0.1282686275968817,0
1153,832,3,4,2025,9,307.362,False,0,109,208.0,171.0,0.8221153846153846,37.0,0.1778846153846154,20.0,0.0961538461538461,15.0,0.0721153846153846,2.0,0.0096153846153846,0.903846153846154,4,27,139,5.908653846153846,4.283950607004526,1203.5,5.7860576923076925,0.1892523368167706,4.756807045118343,417.0,348.0,0.8345323741007195,69.0,0.1654676258992805,28.0,0.0671462829736211,33.0,0.079136690647482,8.0,0.0191846522781774,0.9328537170263788,0,7,103,10.5947242206235,6.120004622434692,560.0,1.3429256594724222,0.140449347019953,1.1207149388402948,18.0,18.0,1.0,0.0,0.0,0.0,0.0,0.0,0.0,0.0,0.0,1.0,0.0,5.0,17.0,4.888888888888889,2.157387537660844,69.0,3.8333333333333335,0.316717535643677,3.8333333333333335,207.0,207.0,58,142,0.6859903381642513,5,0.0241545893719806,15,0.072463768115942,207.0,207.0,8.51207729468599,4.390217389643142,0.1855212745076697,0.6243961352657005,10.0,10.0,1.0,0.0,0.0,0.0,0.0,0.0,0.0,0,0,2,10,6.5,1.360147050873545,7.0,70.0,0.423702412792405,0
1153,861,214,4,2025,9,307.362,False,0,109,9.0,6.0,0.6666666666666666,3.0,0.3333333333333333,1.0,0.1111111111111111,2.0,0.2222222222222222,0.0,0.0,0.8888888888888888,0,0,2,7.444444444444445,5.479479113750201,5.0,0.5555555555555556,0.1543333935405216,0.3703703703703703,180.0,153.0,0.85,27.0,0.15,19.0,0.1055555555555555,8.0,0.0444444444444444,0.0,0.0,0.8944444444444445,1,6,96,8.622222222222222,4.939810562669559,498.0,2.7666666666666666,0.1683555375123891,2.3516666666666666,3.0,3.0,1.0,0.0,0.0,0.0,0.0,0.0,0.0,0.0,0.0,1.0,0.0,0.0,0.0,14.0,2.8284271247461903,0.0,0.0,0.2612038749637414,0.0,9.0,9.0,0,1,0.1111111111111111,0,0.0,0,0.0,9.0,9.0,15.77777777777778,3.258417399692255,0.2348290235880276,0.261111111111111,1.0,1.0,1.0,0.0,0.0,0.0,0.0,0.0,0.0,0,0,0,1,10.0,0.0,1.0,1.0,1.0,0
1153,839,210,4,2025,9,307.362,False,0,109,156.0,133.0,0.8525641025641025,23.0,0.1474358974358974,14.0,0.0897435897435897,9.0,0.0576923076923076,0.0,0.0,0.9102564102564102,1,4,85,8.429487179487179,5.100417503633805,440.0,2.8205128205128207,0.1639232067976224,2.4046679815910585,380.0,311.0,0.8184210526315789,69.0,0.181578947368421,27.0,0.0710526315789473,30.0,0.0789473684210526,12.0,0.031578947368421,0.9289473684210526,0,0,73,10.839473684210526,6.092101852903443,293.0,0.7710526315789473,0.1410019230886551,0.6310457063711911,18.0,17.0,0.9444444444444444,1.0,0.0555555555555555,0.0,0.0,0.0,0.0,1.0,0.0555555555555555,0.9444444444444444,0.0,0.0,2.0,11.72222222222222,4.3051075035687525,5.0,0.2777777777777778,0.1884975939370312,0.2623456790123457,155.0,155.0,11,67,0.432258064516129,0,0.0,0,0.0,155.0,155.0,11.593548387096774,4.460141433015033,0.1831454390454883,0.4703225806451613,7.0,6.0,0.8571428571428571,1.0,0.1428571428571428,1.0,0.1428571428571428,0.0,0.0,0,0,1,5,7.428571428571429,3.8119040183218087,3.2857142857142856,23.0,0.2078179440388668,0
1153,860,210,4,2025,9,307.362,False,0,109,3.0,3.0,1.0,0.0,0.0,0.0,0.0,0.0,0.0,0.0,0.0,1.0,0,0,2,9.666666666666666,2.0548046676563305,7.0,2.333333333333333,0.327353172720928,2.333333333333333,380.0,311.0,0.8184210526315789,69.0,0.181578947368421,27.0,0.0710526315789473,30.0,0.0789473684210526,12.0,0.031578947368421,0.9289473684210526,0,0,73,10.839473684210526,6.092101852903443,293.0,0.7710526315789473,0.1410019230886551,0.6310457063711911,1.0,1.0,1.0,0.0,0.0,0.0,0.0,0.0,0.0,0.0,0.0,1.0,0.0,0.0,0.0,14.0,0.0,0.0,0.0,1.0,0.0,3.0,3.0,0,0,0.0,0,0.0,0,0.0,3.0,3.0,13.0,2.8284271247461903,0.2612038749637414,0.4,1.0,1.0,1.0,0.0,0.0,0.0,0.0,0.0,0.0,0,0,0,1,10.0,0.0,1.0,1.0,1.0,0
1153,863,131,4,2025,9,307.362,False,0,109,7.0,5.0,0.7142857142857143,2.0,0.2857142857142857,0.0,0.0,2.0,0.2857142857142857,0.0,0.0,1.0,0,0,0,16.142857142857142,2.4159335036125453,0.0,0.0,0.2927457454726336,0.0,418.0,393.0,0.9401913875598086,25.0,0.0598086124401913,14.0,0.0334928229665071,11.0,0.0263157894736842,0.0,0.0,0.9665071770334928,100,235,376,3.425837320574163,3.0834490090995863,6009.5,14.376794258373206,0.2448910217249175,13.516938142441791,2.0,2.0,1.0,0.0,0.0,0.0,0.0,0.0,0.0,0.0,0.0,1.0,0.0,0.0,0.0,18.0,2.0,0.0,0.0,0.3333333333333333,0.0,7.0,7.0,0,0,0.0,0,0.0,0,0.0,7.0,7.0,16.142857142857142,2.9965967090575765,0.2502128868128419,0.2428571428571428,1.0,1.0,1.0,0.0,0.0,0.0,0.0,0.0,0.0,0,0,0,0,11.0,0.0,0.0,0.0,1.0,0
1153,848,3,4,2025,9,307.362,False,0,109,105.0,88.0,0.8380952380952381,17.0,0.1619047619047619,6.0,0.0571428571428571,9.0,0.0857142857142857,2.0,0.019047619047619,0.9428571428571428,0,2,39,8.895238095238096,5.215222790335468,238.0,2.2666666666666666,0.1608952782119053,1.89968253968254,417.0,348.0,0.8345323741007195,69.0,0.1654676258992805,28.0,0.0671462829736211,33.0,0.079136690647482,8.0,0.0191846522781774,0.9328537170263788,0,7,103,10.5947242206235,6.120004622434692,560.0,1.3429256594724222,0.140449347019953,1.1207149388402948,15.0,14.0,0.9333333333333332,1.0,0.0666666666666666,0.0,0.0,0.0,0.0,1.0,0.0666666666666666,0.9333333333333332,0.0,0.0,1.0,12.533333333333331,4.716872787015662,2.0,0.1333333333333333,0.1749208067514167,0.1244444444444444,104.0,104.0,9,38,0.3653846153846153,0,0.0,0,0.0,104.0,104.0,11.961538461538462,4.369745365145779,0.1862285698854272,0.4519230769230769,5.0,5.0,1.0,0.0,0.0,0.0,0.0,0.0,0.0,0,0,0,1,14.2,4.019950248448359,0.8,4.0,0.1992051615071473,0
1154,847,131,7,2025,10,305.27,False,0,13,128.0,113.0,0.8828125,15.0,0.1171875,8.0,0.0625,6.0,0.046875,1.0,0.0078125,0.9375,3,15,63,8.125,5.955564624785798,664.0,5.1875,0.1437697805921537,4.57958984375,418.0,393.0,0.9401913875598086,25.0,0.0598086124401913,14.0,0.0334928229665071,11.0,0.0263157894736842,0.0,0.0,0.9665071770334928,100,235,376,3.425837320574163,3.0834490090995863,6009.5,14.376794258373206,0.2448910217249175,13.516938142441791,18.0,18.0,1.0,0.0,0.0,0.0,0.0,0.0,0.0,0.0,0.0,1.0,1.0,2.0,13.0,7.277777777777778,4.174067501391519,50.0,2.7777777777777777,0.1932715411484405,2.7777777777777777,128.0,128.0,33,65,0.5078125,4,0.03125,12,0.09375,128.0,128.0,10.328125,5.89903246171565,0.1449478612471001,0.53359375,4.0,3.0,0.75,1.0,0.25,1.0,0.25,0.0,0.0,0,1,2,2,5.75,6.098155458825234,6.75,27.0,0.1408816707101964,0
1154,830,9,7,2025,10,305.27,False,0,13,209.0,179.0,0.8564593301435407,30.0,0.1435406698564593,17.0,0.0813397129186602,13.0,0.062200956937799,0.0,0.0,0.9186602870813396,63,112,172,3.0382775119617227,3.2750278715380032,2912.5,13.935406698564591,0.2339166035987118,11.935109086330442,418.0,360.0,0.861244019138756,58.0,0.138755980861244,31.0,0.0741626794258373,23.0,0.055023923444976,3.0,0.0071770334928229,0.9258373205741628,72,166,334,3.985645933014354,3.775998830310016,4807.5,11.501196172248804,0.2093802857851808,9.905336416290837,18.0,18.0,1.0,0.0,0.0,0.0,0.0,0.0,0.0,0.0,0.0,1.0,11.0,15.0,18.0,2.0,1.7638342073763935,111.0,6.166666666666667,0.3618162034940813,6.166666666666667,209.0,209.0,155,188,0.8995215311004785,43,0.2057416267942583,74,0.354066985645933,209.0,209.0,4.727272727272728,4.254721298455835,0.1903050501068177,0.8136363636363637,8.0,7.0,0.875,1.0,0.125,1.0,0.125,0.0,0.0,3,4,6,6,3.75,4.548351349665063,14.0,112.0,0.1802337193480666,0
1154,863,131,7,2025,10,305.27,False,0,13,7.0,5.0,0.7142857142857143,2.0,0.2857142857142857,0.0,0.0,2.0,0.2857142857142857,0.0,0.0,1.0,0,0,0,16.142857142857142,2.4159335036125453,0.0,0.0,0.2927457454726336,0.0,418.0,393.0,0.9401913875598086,25.0,0.0598086124401913,14.0,0.0334928229665071,11.0,0.0263157894736842,0.0,0.0,0.9665071770334928,100,235,376,3.425837320574163,3.0834490090995863,6009.5,14.376794258373206,0.2448910217249175,13.516938142441791,2.0,2.0,1.0,0.0,0.0,0.0,0.0,0.0,0.0,0.0,0.0,1.0,0.0,0.0,0.0,18.0,2.0,0.0,0.0,0.3333333333333333,0.0,7.0,7.0,0,0,0.0,0,0.0,0,0.0,7.0,7.0,16.142857142857142,2.9965967090575765,0.2502128868128419,0.2428571428571428,1.0,1.0,1.0,0.0,0.0,0.0,0.0,0.0,0.0,0,0,0,0,18.0,0.0,0.0,0.0,1.0,0
1154,857,1,7,2025,10,305.27,False,0,13,46.0,43.0,0.9347826086956522,3.0,0.0652173913043478,2.0,0.0434782608695652,1.0,0.0217391304347826,0.0,0.0,0.9565217391304348,2,10,34,6.652173913043479,4.564596231033249,347.0,7.543478260869565,0.1797075580116829,7.051512287334594,418.0,348.0,0.8325358851674641,70.0,0.1674641148325359,41.0,0.0980861244019138,21.0,0.0502392344497607,5.0,0.0119617224880382,0.901913875598086,7,39,223,7.375598086124402,5.10371641972893,1841.0,4.404306220095694,0.1638346101348546,3.666742977495936,12.0,12.0,1.0,0.0,0.0,0.0,0.0,0.0,0.0,0.0,0.0,1.0,2.0,5.0,7.0,6.0,3.958114029012639,42.0,3.5,0.2016895928872254,3.5,46.0,46.0,18,38,0.8260869565217391,0,0.0,7,0.1521739130434782,46.0,46.0,7.543478260869565,4.803560824779208,0.1723080071342311,0.6728260869565217,2.0,2.0,1.0,0.0,0.0,0.0,0.0,0.0,0.0,0,0,1,1,8.0,3.0,5.0,10.0,0.25,0
1154,844,6,7,2025,10,305.27,False,0,13,149.0,127.0,0.8523489932885906,22.0,0.1476510067114094,10.0,0.0671140939597315,11.0,0.0738255033557047,0.0,0.0,0.9328859060402684,8,43,112,4.6375838926174495,3.971737004582008,1363.0,9.14765100671141,0.2011369465195743,7.796991126525833,418.0,364.0,0.8708133971291866,54.0,0.1291866028708134,23.0,0.055023923444976,27.0,0.0645933014354067,0.0,0.0,0.944976076555024,27,149,336,4.160287081339713,3.418308699831697,4353.5,10.415071770334928,0.2263309487718891,9.06958402966965,18.0,18.0,1.0,0.0,0.0,0.0,0.0,0.0,0.0,0.0,0.0,1.0,0.0,6.0,16.0,5.055555555555555,2.933943539224644,67.0,3.7222222222222223,0.2541978526201964,3.7222222222222223,149.0,149.0,82,119,0.7986577181208053,23,0.1543624161073825,40,0.2684563758389262,149.0,149.0,6.208053691275167,4.672172608436389,0.1762992893609532,0.7395973154362416,5.0,4.0,0.8,1.0,0.2,1.0,0.2,0.0,0.0,0,1,3,4,4.4,3.261901286060018,7.6,38.0,0.2346370628692964,0
1154,1,6,7,2025,10,305.27,False,0,13,208.0,199.0,0.9567307692307692,9.0,0.0432692307692307,4.0,0.0192307692307692,5.0,0.0240384615384615,0.0,0.0,0.9807692307692308,72,132,194,3.0865384615384617,2.881007358957429,3334.5,16.03125,0.2576650615443909,15.33759014423077,418.0,364.0,0.8708133971291866,54.0,0.1291866028708134,23.0,0.055023923444976,27.0,0.0645933014354067,0.0,0.0,0.944976076555024,27,149,336,4.160287081339713,3.418308699831697,4353.5,10.415071770334928,0.2263309487718891,9.06958402966965,18.0,18.0,1.0,0.0,0.0,0.0,0.0,0.0,0.0,0.0,0.0,1.0,0.0,4.0,14.0,6.777777777777778,3.808697000222802,42.0,2.333333333333333,0.2079565420640283,2.333333333333333,208.0,208.0,159,191,0.9182692307692308,69,0.3317307692307692,107,0.5144230769230769,208.0,208.0,4.057692307692308,4.176000393910521,0.1931993670588749,0.8471153846153847,8.0,8.0,1.0,0.0,0.0,0.0,0.0,0.0,0.0,4,6,8,8,2.375,1.4947825928876748,19.125,153.0,0.400836530946977,0
1154,4,117,7,2025,10,305.27,False,0,13,168.0,132.0,0.7857142857142857,36.0,0.2142857142857142,25.0,0.1488095238095238,7.0,0.0416666666666666,2.0,0.0119047619047619,0.8511904761904762,0,9,87,7.434523809523809,5.181974114719561,562.0,3.345238095238096,0.1617606255611706,2.628401360544218,180.0,160.0,0.8888888888888888,20.0,0.1111111111111111,6.0,0.0333333333333333,9.0,0.05,5.0,0.0277777777777777,0.9666666666666668,0,9,85,9.077777777777778,4.894958353648232,492.0,2.7333333333333334,0.1696364825683843,2.4296296296296296,18.0,15.0,0.8333333333333334,3.0,0.1666666666666666,1.0,0.0555555555555555,1.0,0.0555555555555555,1.0,0.0555555555555555,0.8333333333333334,0.0,0.0,4.0,11.055555555555555,5.854459100380213,8.0,0.4444444444444444,0.1458904321049243,0.3703703703703703,167.0,167.0,16,82,0.4910179640718562,0,0.0,3,0.0179640718562874,167.0,167.0,10.874251497005988,4.100795367161849,0.1960478568573538,0.5062874251497006,7.0,5.0,0.7142857142857143,2.0,0.2857142857142857,2.0,0.2857142857142857,0.0,0.0,0,1,1,3,6.285714285714286,5.624291338579865,4.0,28.0,0.1509595440309216,0
1154,807,15,7,2025,10,305.27,False,0,13,153.0,123.0,0.803921568627451,30.0,0.196078431372549,15.0,0.0980392156862745,14.0,0.0915032679738562,1.0,0.0065359477124183,0.9019607843137256,0,0,65,8.267973856209151,5.366327520580533,331.0,2.1633986928104574,0.1570764301345294,1.73920287069076,210.0,172.0,0.819047619047619,38.0,0.1809523809523809,15.0,0.0714285714285714,18.0,0.0857142857142857,4.0,0.019047619047619,0.9285714285714286,0,0,31,11.057142857142855,6.005281122524093,95.0,0.4523809523809524,0.1427494460978444,0.3705215419501134,12.0,10.0,0.8333333333333334,2.0,0.1666666666666666,1.0,0.0833333333333333,0.0,0.0,1.0,0.0833333333333333,0.8333333333333334,0.0,0.0,4.0,12.583333333333334,6.343741447722751,8.0,0.6666666666666666,0.1361703713452621,0.5555555555555556,153.0,153.0,7,80,0.5228758169934641,0,0.0,1,0.0065359477124183,153.0,153.0,10.673202614379084,3.70449305954654,0.2125627538063344,0.5163398692810458,7.0,7.0,1.0,0.0,0.0,0.0,0.0,0.0,0.0,0,0,0,5,9.142857142857142,2.695423180587603,3.4285714285714284,24.0,0.2706050027647961,0
1154,839,210,7,2025,10,305.27,False,0,13,156.0,133.0,0.8525641025641025,23.0,0.1474358974358974,14.0,0.0897435897435897,9.0,0.0576923076923076,0.0,0.0,0.9102564102564102,1,4,85,8.429487179487179,5.100417503633805,440.0,2.8205128205128207,0.1639232067976224,2.4046679815910585,380.0,311.0,0.8184210526315789,69.0,0.181578947368421,27.0,0.0710526315789473,30.0,0.0789473684210526,12.0,0.031578947368421,0.9289473684210526,0,0,73,10.839473684210526,6.092101852903443,293.0,0.7710526315789473,0.1410019230886551,0.6310457063711911,18.0,17.0,0.9444444444444444,1.0,0.0555555555555555,0.0,0.0,0.0,0.0,1.0,0.0555555555555555,0.9444444444444444,0.0,0.0,2.0,11.72222222222222,4.3051075035687525,5.0,0.2777777777777778,0.1884975939370312,0.2623456790123457,155.0,155.0,11,67,0.432258064516129,0,0.0,0,0.0,155.0,155.0,11.593548387096774,4.460141433015033,0.1831454390454883,0.4703225806451613,5.0,5.0,1.0,0.0,0.0,0.0,0.0,0.0,0.0,0,0,0,5,7.8,1.6000000000000008,4.6,23.0,0.3846153846153845,0
1154,832,3,7,2025,10,305.27,False,0,13,208.0,171.0,0.8221153846153846,37.0,0.1778846153846154,20.0,0.0961538461538461,15.0,0.0721153846153846,2.0,0.0096153846153846,0.903846153846154,4,27,139,5.908653846153846,4.283950607004526,1203.5,5.7860576923076925,0.1892523368167706,4.756807045118343,417.0,348.0,0.8345323741007195,69.0,0.1654676258992805,28.0,0.0671462829736211,33.0,0.079136690647482,8.0,0.0191846522781774,0.9328537170263788,0,7,103,10.5947242206235,6.120004622434692,560.0,1.3429256594724222,0.140449347019953,1.1207149388402948,18.0,18.0,1.0,0.0,0.0,0.0,0.0,0.0,0.0,0.0,0.0,1.0,0.0,5.0,17.0,4.888888888888889,2.157387537660844,69.0,3.8333333333333335,0.316717535643677,3.8333333333333335,207.0,207.0,58,142,0.6859903381642513,5,0.0241545893719806,15,0.072463768115942,207.0,207.0,8.51207729468599,4.390217389643142,0.1855212745076697,0.6243961352657005,8.0,6.0,0.75,2.0,0.25,0.0,0.0,2.0,0.25,0,1,2,4,5.875,4.512136411945011,4.375,35.0,0.1814178614725429,0
1154,860,210,7,2025,10,305.27,False,0,13,3.0,3.0,1.0,0.0,0.0,0.0,0.0,0.0,0.0,0.0,0.0,1.0,0,0,2,9.666666666666666,2.0548046676563305,7.0,2.333333333333333,0.327353172720928,2.333333333333333,380.0,311.0,0.8184210526315789,69.0,0.181578947368421,27.0,0.0710526315789473,30.0,0.0789473684210526,12.0,0.031578947368421,0.9289473684210526,0,0,73,10.839473684210526,6.092101852903443,293.0,0.7710526315789473,0.1410019230886551,0.6310457063711911,1.0,1.0,1.0,0.0,0.0,0.0,0.0,0.0,0.0,0.0,0.0,1.0,0.0,0.0,0.0,14.0,0.0,0.0,0.0,1.0,0.0,3.0,3.0,0,0,0.0,0,0.0,0,0.0,3.0,3.0,13.0,2.8284271247461903,0.2612038749637414,0.4,1.0,1.0,1.0,0.0,0.0,0.0,0.0,0.0,0.0,0,0,0,0,12.0,0.0,0.0,0.0,1.0,0
1154,852,9,7,2025,10,305.27,False,0,13,90.0,74.0,0.8222222222222222,16.0,0.1777777777777777,8.0,0.0888888888888888,6.0,0.0666666666666666,2.0,0.0222222222222222,0.9111111111111112,0,0,26,10.088888888888889,5.60088176479471,87.0,0.9666666666666668,0.1514949116848937,0.7948148148148148,418.0,360.0,0.861244019138756,58.0,0.138755980861244,31.0,0.0741626794258373,23.0,0.055023923444976,3.0,0.0071770334928229,0.9258373205741628,72,166,334,3.985645933014354,3.775998830310016,4807.5,11.501196172248804,0.2093802857851808,9.905336416290837,18.0,17.0,0.9444444444444444,1.0,0.0555555555555555,0.0,0.0,1.0,0.0555555555555555,0.0,0.0,0.9444444444444444,0.0,0.0,2.0,13.11111111111111,4.45831169949753,4.0,0.2222222222222222,0.1832068330015041,0.2098765432098765,90.0,90.0,1,29,0.3222222222222222,0,0.0,0,0.0,90.0,90.0,12.744444444444444,3.8774593947615625,0.2050247719281906,0.4127777777777778,3.0,2.0,0.6666666666666666,1.0,0.3333333333333333,0.0,0.0,1.0,0.3333333333333333,0,0,0,0,9.333333333333334,6.5996632910744415,0.0,0.0,0.1315847770748564,0
1154,861,214,7,2025,10,305.27,False,0,13,9.0,6.0,0.6666666666666666,3.0,0.3333333333333333,1.0,0.1111111111111111,2.0,0.2222222222222222,0.0,0.0,0.8888888888888888,0,0,2,7.444444444444445,5.479479113750201,5.0,0.5555555555555556,0.1543333935405216,0.3703703703703703,180.0,153.0,0.85,27.0,0.15,19.0,0.1055555555555555,8.0,0.0444444444444444,0.0,0.0,0.8944444444444445,1,6,96,8.622222222222222,4.939810562669559,498.0,2.7666666666666666,0.1683555375123891,2.3516666666666666,3.0,3.0,1.0,0.0,0.0,0.0,0.0,0.0,0.0,0.0,0.0,1.0,0.0,0.0,0.0,14.0,2.8284271247461903,0.0,0.0,0.2612038749637414,0.0,9.0,9.0,0,1,0.1111111111111111,0,0.0,0,0.0,9.0,9.0,15.77777777777778,3.258417399692255,0.2348290235880276,0.261111111111111,1.0,1.0,1.0,0.0,0.0,0.0,0.0,0.0,0.0,0,0,0,0,13.0,0.0,0.0,0.0,1.0,0
1154,864,15,7,2025,10,305.27,False,0,13,24.0,20.0,0.8333333333333334,4.0,0.1666666666666666,2.0,0.0833333333333333,2.0,0.0833333333333333,0.0,0.0,0.9166666666666666,0,3,14,9.833333333333334,5.763872155263526,135.0,5.625,0.1478443082667991,4.6875,210.0,172.0,0.819047619047619,38.0,0.1809523809523809,15.0,0.0714285714285714,18.0,0.0857142857142857,4.0,0.019047619047619,0.9285714285714286,0,0,31,11.057142857142855,6.005281122524093,95.0,0.4523809523809524,0.1427494460978444,0.3705215419501134,6.0,6.0,1.0,0.0,0.0,0.0,0.0,0.0,0.0,0.0,0.0,1.0,0.0,1.0,5.0,7.833333333333333,4.524623986832743,15.0,2.5,0.1810077939029653,2.5,24.0,24.0,8,16,0.6666666666666666,0,0.0,1,0.0416666666666666,24.0,24.0,8.583333333333334,4.846963539738622,0.1710289440328378,0.6208333333333333,1.0,1.0,1.0,0.0,0.0,0.0,0.0,0.0,0.0,0,0,0,0,14.0,0.0,0.0,0.0,1.0,0
1154,842,214,7,2025,10,305.27,False,0,13,154.0,133.0,0.8636363636363636,21.0,0.1363636363636363,14.0,0.0909090909090909,7.0,0.0454545454545454,0.0,0.0,0.9090909090909092,1,5,70,8.779220779220779,4.8953287477613925,426.0,2.7662337662337664,0.1696258245784385,2.389020070838253,180.0,153.0,0.85,27.0,0.15,19.0,0.1055555555555555,8.0,0.0444444444444444,0.0,0.0,0.8944444444444445,1,6,96,8.622222222222222,4.939810562669559,498.0,2.7666666666666666,0.1683555375123891,2.3516666666666666,18.0,17.0,0.9444444444444444,1.0,0.0555555555555555,0.0,0.0,1.0,0.0555555555555555,0.0,0.0,0.9444444444444444,0.0,1.0,4.0,10.444444444444445,4.323350324076381,10.0,0.5555555555555556,0.1878516233427683,0.5246913580246914,153.0,153.0,18,73,0.477124183006536,0,0.0,0,0.0,153.0,153.0,11.15032679738562,4.500938524976961,0.1817871614924451,0.492483660130719,5.0,5.0,1.0,0.0,0.0,0.0,0.0,0.0,0.0,0,0,0,2,10.8,2.13541565040626,1.2,6.0,0.3189369804511975,0
1154,865,215,7,2025,10,305.27,False,0,13,24.0,19.0,0.7916666666666666,5.0,0.2083333333333333,1.0,0.0416666666666666,4.0,0.1666666666666666,0.0,0.0,0.9583333333333334,0,0,5,14.25,3.9712508524812864,19.0,0.7916666666666666,0.2011566162469698,0.626736111111111,48.0,42.0,0.875,6.0,0.125,1.0,0.0208333333333333,2.0,0.0416666666666666,3.0,0.0625,0.9791666666666666,0,0,14,10.875,5.048205126577168,40.0,0.8333333333333334,0.1653383076585442,0.7291666666666667,6.0,6.0,1.0,0.0,0.0,0.0,0.0,0.0,0.0,0.0,0.0,1.0,0.0,0.0,0.0,13.666666666666666,3.5433819375782187,0.0,0.0,0.2201003599827301,0.0,23.0,23.0,0,5,0.217391304347826,0,0.0,0,0.0,23.0,23.0,13.956521739130435,3.735589830262708,0.21116693713833,0.3521739130434782,1.0,1.0,1.0,0.0,0.0,0.0,0.0,0.0,0.0,0,0,0,1,6.0,0.0,8.0,8.0,1.0,0
1154,840,117,7,2025,10,305.27,False,0,13,168.0,142.0,0.8452380952380952,26.0,0.1547619047619047,9.0,0.0535714285714285,14.0,0.0833333333333333,3.0,0.0178571428571428,0.9464285714285714,0,3,60,9.613095238095235,5.285791371166777,286.0,1.7023809523809523,0.1590889580884035,1.4389172335600906,180.0,160.0,0.8888888888888888,20.0,0.1111111111111111,6.0,0.0333333333333333,9.0,0.05,5.0,0.0277777777777777,0.9666666666666668,0,9,85,9.077777777777778,4.894958353648232,492.0,2.7333333333333334,0.1696364825683843,2.4296296296296296,18.0,16.0,0.8888888888888888,2.0,0.1111111111111111,1.0,0.0555555555555555,0.0,0.0,1.0,0.0555555555555555,0.8888888888888888,0.0,0.0,2.0,12.11111111111111,4.5447025191594586,6.0,0.3333333333333333,0.1803523266657764,0.2962962962962963,168.0,168.0,5,40,0.238095238095238,1,0.0059523809523809,1,0.0059523809523809,168.0,168.0,14.023809523809524,4.314913756452565,0.1881498074707141,0.3488095238095238,6.0,5.0,0.8333333333333334,1.0,0.1666666666666666,0.0,0.0,1.0,0.1666666666666666,0,0,0,5,7.333333333333333,3.39934634239519,2.1666666666666665,13.0,0.2273064955953337,0
1154,846,1,7,2025,10,305.27,False,0,13,128.0,118.0,0.921875,10.0,0.078125,4.0,0.03125,5.0,0.0390625,1.0,0.0078125,0.96875,4,26,100,6.5546875,4.371085022891198,950.0,7.421875,0.1861821206959242,6.842041015625,418.0,348.0,0.8325358851674641,70.0,0.1674641148325359,41.0,0.0980861244019138,21.0,0.0502392344497607,5.0,0.0119617224880382,0.901913875598086,7,39,223,7.375598086124402,5.10371641972893,1841.0,4.404306220095694,0.1638346101348546,3.666742977495936,18.0,17.0,0.9444444444444444,1.0,0.0555555555555555,0.0,0.0,0.0,0.0,1.0,0.0555555555555555,0.9444444444444444,1.0,6.0,14.0,6.333333333333333,4.96655480858378,57.0,3.1666666666666665,0.1676009074049484,2.9907407407407405,128.0,128.0,45,104,0.8125,9,0.0703125,14,0.109375,128.0,128.0,7.21875,4.029069177552056,0.19884395395944,0.6890625,4.0,3.0,0.75,1.0,0.25,1.0,0.25,0.0,0.0,0,1,1,1,7.5,6.576473218982953,4.5,18.0,0.1319875318102474,0
1154,859,215,7,2025,10,305.27,False,0,13,11.0,11.0,1.0,0.0,0.0,0.0,0.0,0.0,0.0,0.0,0.0,1.0,0,0,3,12.909090909090908,3.117532399905868,6.0,0.5454545454545454,0.24286390558162,0.5454545454545454,48.0,42.0,0.875,6.0,0.125,1.0,0.0208333333333333,2.0,0.0416666666666666,3.0,0.0625,0.9791666666666666,0,0,14,10.875,5.048205126577168,40.0,0.8333333333333334,0.1653383076585442,0.7291666666666667,4.0,3.0,0.75,1.0,0.25,0.0,0.0,0.0,0.0,1.0,0.25,0.75,0.0,0.0,0.0,10.25,6.5717197140474575,0.0,0.0,0.1320703932218656,0.0,11.0,11.0,1,2,0.1818181818181818,0,0.0,0,0.0,11.0,11.0,13.363636363636363,4.006193552096493,0.1997525644171748,0.3818181818181818,1.0,1.0,1.0,0.0,0.0,0.0,0.0,0.0,0.0,0,0,0,1,8.0,0.0,4.0,4.0,1.0,0
1154,848,3,7,2025,10,305.27,False,0,13,105.0,88.0,0.8380952380952381,17.0,0.1619047619047619,6.0,0.0571428571428571,9.0,0.0857142857142857,2.0,0.019047619047619,0.9428571428571428,0,2,39,8.895238095238096,5.215222790335468,238.0,2.2666666666666666,0.1608952782119053,1.89968253968254,417.0,348.0,0.8345323741007195,69.0,0.1654676258992805,28.0,0.0671462829736211,33.0,0.079136690647482,8.0,0.0191846522781774,0.9328537170263788,0,7,103,10.5947242206235,6.120004622434692,560.0,1.3429256594724222,0.140449347019953,1.1207149388402948,15.0,14.0,0.9333333333333332,1.0,0.0666666666666666,0.0,0.0,0.0,0.0,1.0,0.0666666666666666,0.9333333333333332,0.0,0.0,1.0,12.533333333333331,4.716872787015662,2.0,0.1333333333333333,0.1749208067514167,0.1244444444444444,104.0,104.0,9,38,0.3653846153846153,0,0.0,0,0.0,104.0,104.0,11.961538461538462,4.369745365145779,0.1862285698854272,0.4519230769230769,4.0,2.0,0.5,2.0,0.5,0.0,0.0,2.0,0.5,0,0,0,1,5.0,5.431390245600108,1.5,6.0,0.1554873770386002,0
1155,846,1,70,2025,11,302.82,False,1,678,128.0,118.0,0.921875,10.0,0.078125,4.0,0.03125,5.0,0.0390625,1.0,0.0078125,0.96875,4,26,100,6.5546875,4.371085022891198,950.0,7.421875,0.1861821206959242,6.842041015625,418.0,348.0,0.8325358851674641,70.0,0.1674641148325359,41.0,0.0980861244019138,21.0,0.0502392344497607,5.0,0.0119617224880382,0.901913875598086,7,39,223,7.375598086124402,5.10371641972893,1841.0,4.404306220095694,0.1638346101348546,3.666742977495936,18.0,17.0,0.9444444444444444,1.0,0.0555555555555555,0.0,0.0,0.0,0.0,1.0,0.0555555555555555,0.9444444444444444,1.0,6.0,14.0,6.333333333333333,4.96655480858378,57.0,3.1666666666666665,0.1676009074049484,2.9907407407407405,128.0,128.0,45,104,0.8125,9,0.0703125,14,0.109375,128.0,128.0,7.21875,4.029069177552056,0.19884395395944,0.6890625,8.0,8.0,1.0,0.0,0.0,0.0,0.0,0.0,0.0,0,2,5,7,6.625,5.218656436287025,9.625,77.0,0.1608064395011135,0
1155,857,1,70,2025,11,302.82,False,1,678,46.0,43.0,0.9347826086956522,3.0,0.0652173913043478,2.0,0.0434782608695652,1.0,0.0217391304347826,0.0,0.0,0.9565217391304348,2,10,34,6.652173913043479,4.564596231033249,347.0,7.543478260869565,0.1797075580116829,7.051512287334594,418.0,348.0,0.8325358851674641,70.0,0.1674641148325359,41.0,0.0980861244019138,21.0,0.0502392344497607,5.0,0.0119617224880382,0.901913875598086,7,39,223,7.375598086124402,5.10371641972893,1841.0,4.404306220095694,0.1638346101348546,3.666742977495936,12.0,12.0,1.0,0.0,0.0,0.0,0.0,0.0,0.0,0.0,0.0,1.0,2.0,5.0,7.0,6.0,3.958114029012639,42.0,3.5,0.2016895928872254,3.5,46.0,46.0,18,38,0.8260869565217391,0,0.0,7,0.1521739130434782,46.0,46.0,7.543478260869565,4.803560824779208,0.1723080071342311,0.6728260869565217,2.0,2.0,1.0,0.0,0.0,0.0,0.0,0.0,0.0,0,1,1,1,9.0,7.0,9.0,18.0,0.125,0
1155,844,6,70,2025,11,302.82,False,1,678,149.0,127.0,0.8523489932885906,22.0,0.1476510067114094,10.0,0.0671140939597315,11.0,0.0738255033557047,0.0,0.0,0.9328859060402684,8,43,112,4.6375838926174495,3.971737004582008,1363.0,9.14765100671141,0.2011369465195743,7.796991126525833,418.0,364.0,0.8708133971291866,54.0,0.1291866028708134,23.0,0.055023923444976,27.0,0.0645933014354067,0.0,0.0,0.944976076555024,27,149,336,4.160287081339713,3.418308699831697,4353.5,10.415071770334928,0.2263309487718891,9.06958402966965,18.0,18.0,1.0,0.0,0.0,0.0,0.0,0.0,0.0,0.0,0.0,1.0,0.0,6.0,16.0,5.055555555555555,2.933943539224644,67.0,3.7222222222222223,0.2541978526201964,3.7222222222222223,149.0,149.0,82,119,0.7986577181208053,23,0.1543624161073825,40,0.2684563758389262,149.0,149.0,6.208053691275167,4.672172608436389,0.1762992893609532,0.7395973154362416,9.0,8.0,0.8888888888888888,1.0,0.1111111111111111,0.0,0.0,1.0,0.1111111111111111,1,4,4,7,4.666666666666667,3.829708431025352,10.11111111111111,91.0,0.2070518364164892,0
1155,1,6,70,2025,11,302.82,False,1,678,208.0,199.0,0.9567307692307692,9.0,0.0432692307692307,4.0,0.0192307692307692,5.0,0.0240384615384615,0.0,0.0,0.9807692307692308,72,132,194,3.0865384615384617,2.881007358957429,3334.5,16.03125,0.2576650615443909,15.33759014423077,418.0,364.0,0.8708133971291866,54.0,0.1291866028708134,23.0,0.055023923444976,27.0,0.0645933014354067,0.0,0.0,0.944976076555024,27,149,336,4.160287081339713,3.418308699831697,4353.5,10.415071770334928,0.2263309487718891,9.06958402966965,18.0,18.0,1.0,0.0,0.0,0.0,0.0,0.0,0.0,0.0,0.0,1.0,0.0,4.0,14.0,6.777777777777778,3.808697000222802,42.0,2.333333333333333,0.2079565420640283,2.333333333333333,208.0,208.0,159,191,0.9182692307692308,69,0.3317307692307692,107,0.5144230769230769,208.0,208.0,4.057692307692308,4.176000393910521,0.1931993670588749,0.8471153846153847,12.0,11.0,0.9166666666666666,1.0,0.0833333333333333,1.0,0.0833333333333333,0.0,0.0,2,5,10,11,3.1666666666666665,2.074983266331456,13.666666666666666,164.0,0.325205021747331,0
1155,847,131,70,2025,11,302.82,False,1,678,128.0,113.0,0.8828125,15.0,0.1171875,8.0,0.0625,6.0,0.046875,1.0,0.0078125,0.9375,3,15,63,8.125,5.955564624785798,664.0,5.1875,0.1437697805921537,4.57958984375,418.0,393.0,0.9401913875598086,25.0,0.0598086124401913,14.0,0.0334928229665071,11.0,0.0263157894736842,0.0,0.0,0.9665071770334928,100,235,376,3.425837320574163,3.0834490090995863,6009.5,14.376794258373206,0.2448910217249175,13.516938142441791,18.0,18.0,1.0,0.0,0.0,0.0,0.0,0.0,0.0,0.0,0.0,1.0,1.0,2.0,13.0,7.277777777777778,4.174067501391519,50.0,2.7777777777777777,0.1932715411484405,2.7777777777777777,128.0,128.0,33,65,0.5078125,4,0.03125,12,0.09375,128.0,128.0,10.328125,5.89903246171565,0.1449478612471001,0.53359375,8.0,6.0,0.75,2.0,0.25,2.0,0.25,0.0,0.0,1,1,2,3,7.125,6.716351316004844,5.375,43.0,0.1295949288786078,0
1155,859,215,70,2025,11,302.82,False,1,678,11.0,11.0,1.0,0.0,0.0,0.0,0.0,0.0,0.0,0.0,0.0,1.0,0,0,3,12.909090909090908,3.117532399905868,6.0,0.5454545454545454,0.24286390558162,0.5454545454545454,48.0,42.0,0.875,6.0,0.125,1.0,0.0208333333333333,2.0,0.0416666666666666,3.0,0.0625,0.9791666666666666,0,0,14,10.875,5.048205126577168,40.0,0.8333333333333334,0.1653383076585442,0.7291666666666667,4.0,3.0,0.75,1.0,0.25,0.0,0.0,0.0,0.0,1.0,0.25,0.75,0.0,0.0,0.0,10.25,6.5717197140474575,0.0,0.0,0.1320703932218656,0.0,11.0,11.0,1,2,0.1818181818181818,0,0.0,0,0.0,11.0,11.0,13.363636363636363,4.006193552096493,0.1997525644171748,0.3818181818181818,2.0,2.0,1.0,0.0,0.0,0.0,0.0,0.0,0.0,0,0,0,1,10.0,1.0,1.0,2.0,0.5,0
1155,4,117,70,2025,11,302.82,False,1,678,168.0,132.0,0.7857142857142857,36.0,0.2142857142857142,25.0,0.1488095238095238,7.0,0.0416666666666666,2.0,0.0119047619047619,0.8511904761904762,0,9,87,7.434523809523809,5.181974114719561,562.0,3.345238095238096,0.1617606255611706,2.628401360544218,180.0,160.0,0.8888888888888888,20.0,0.1111111111111111,6.0,0.0333333333333333,9.0,0.05,5.0,0.0277777777777777,0.9666666666666668,0,9,85,9.077777777777778,4.894958353648232,492.0,2.7333333333333334,0.1696364825683843,2.4296296296296296,18.0,15.0,0.8333333333333334,3.0,0.1666666666666666,1.0,0.0555555555555555,1.0,0.0555555555555555,1.0,0.0555555555555555,0.8333333333333334,0.0,0.0,4.0,11.055555555555555,5.854459100380213,8.0,0.4444444444444444,0.1458904321049243,0.3703703703703703,167.0,167.0,16,82,0.4910179640718562,0,0.0,3,0.0179640718562874,167.0,167.0,10.874251497005988,4.100795367161849,0.1960478568573538,0.5062874251497006,9.0,7.0,0.7777777777777778,2.0,0.2222222222222222,0.0,0.0,2.0,0.2222222222222222,0,0,1,5,8.666666666666666,6.164414002968978,2.0,18.0,0.1395787568369993,0
1155,864,15,70,2025,11,302.82,False,1,678,24.0,20.0,0.8333333333333334,4.0,0.1666666666666666,2.0,0.0833333333333333,2.0,0.0833333333333333,0.0,0.0,0.9166666666666666,0,3,14,9.833333333333334,5.763872155263526,135.0,5.625,0.1478443082667991,4.6875,210.0,172.0,0.819047619047619,38.0,0.1809523809523809,15.0,0.0714285714285714,18.0,0.0857142857142857,4.0,0.019047619047619,0.9285714285714286,0,0,31,11.057142857142855,6.005281122524093,95.0,0.4523809523809524,0.1427494460978444,0.3705215419501134,6.0,6.0,1.0,0.0,0.0,0.0,0.0,0.0,0.0,0.0,0.0,1.0,0.0,1.0,5.0,7.833333333333333,4.524623986832743,15.0,2.5,0.1810077939029653,2.5,24.0,24.0,8,16,0.6666666666666666,0,0.0,1,0.0416666666666666,24.0,24.0,8.583333333333334,4.846963539738622,0.1710289440328378,0.6208333333333333,1.0,1.0,1.0,0.0,0.0,0.0,0.0,0.0,0.0,0,0,0,0,18.0,0.0,0.0,0.0,1.0,0
1155,807,15,70,2025,11,302.82,False,1,678,153.0,123.0,0.803921568627451,30.0,0.196078431372549,15.0,0.0980392156862745,14.0,0.0915032679738562,1.0,0.0065359477124183,0.9019607843137256,0,0,65,8.267973856209151,5.366327520580533,331.0,2.1633986928104574,0.1570764301345294,1.73920287069076,210.0,172.0,0.819047619047619,38.0,0.1809523809523809,15.0,0.0714285714285714,18.0,0.0857142857142857,4.0,0.019047619047619,0.9285714285714286,0,0,31,11.057142857142855,6.005281122524093,95.0,0.4523809523809524,0.1427494460978444,0.3705215419501134,12.0,10.0,0.8333333333333334,2.0,0.1666666666666666,1.0,0.0833333333333333,0.0,0.0,1.0,0.0833333333333333,0.8333333333333334,0.0,0.0,4.0,12.583333333333334,6.343741447722751,8.0,0.6666666666666666,0.1361703713452621,0.5555555555555556,153.0,153.0,7,80,0.5228758169934641,0,0.0,1,0.0065359477124183,153.0,153.0,10.673202614379084,3.70449305954654,0.2125627538063344,0.5163398692810458,7.0,5.0,0.7142857142857143,2.0,0.2857142857142857,2.0,0.2857142857142857,0.0,0.0,0,0,0,2,8.142857142857142,6.620931557860839,2.2857142857142856,16.0,0.1312175542330543,0
1155,839,210,70,2025,11,302.82,False,1,678,156.0,133.0,0.8525641025641025,23.0,0.1474358974358974,14.0,0.0897435897435897,9.0,0.0576923076923076,0.0,0.0,0.9102564102564102,1,4,85,8.429487179487179,5.100417503633805,440.0,2.8205128205128207,0.1639232067976224,2.4046679815910585,380.0,311.0,0.8184210526315789,69.0,0.181578947368421,27.0,0.0710526315789473,30.0,0.0789473684210526,12.0,0.031578947368421,0.9289473684210526,0,0,73,10.839473684210526,6.092101852903443,293.0,0.7710526315789473,0.1410019230886551,0.6310457063711911,18.0,17.0,0.9444444444444444,1.0,0.0555555555555555,0.0,0.0,0.0,0.0,1.0,0.0555555555555555,0.9444444444444444,0.0,0.0,2.0,11.72222222222222,4.3051075035687525,5.0,0.2777777777777778,0.1884975939370312,0.2623456790123457,155.0,155.0,11,67,0.432258064516129,0,0.0,0,0.0,155.0,155.0,11.593548387096774,4.460141433015033,0.1831454390454883,0.4703225806451613,9.0,7.0,0.7777777777777778,2.0,0.2222222222222222,1.0,0.1111111111111111,1.0,0.1111111111111111,0,0,1,4,7.444444444444445,5.013561854523768,2.888888888888889,26.0,0.1662907980646676,0
1155,860,210,70,2025,11,302.82,False,1,678,3.0,3.0,1.0,0.0,0.0,0.0,0.0,0.0,0.0,0.0,0.0,1.0,0,0,2,9.666666666666666,2.0548046676563305,7.0,2.333333333333333,0.327353172720928,2.333333333333333,380.0,311.0,0.8184210526315789,69.0,0.181578947368421,27.0,0.0710526315789473,30.0,0.0789473684210526,12.0,0.031578947368421,0.9289473684210526,0,0,73,10.839473684210526,6.092101852903443,293.0,0.7710526315789473,0.1410019230886551,0.6310457063711911,1.0,1.0,1.0,0.0,0.0,0.0,0.0,0.0,0.0,0.0,0.0,1.0,0.0,0.0,0.0,14.0,0.0,0.0,0.0,1.0,0.0,3.0,3.0,0,0,0.0,0,0.0,0,0.0,3.0,3.0,13.0,2.8284271247461903,0.2612038749637414,0.4,1.0,1.0,1.0,0.0,0.0,0.0,0.0,0.0,0.0,0,0,0,1,9.0,0.0,2.0,2.0,1.0,0
1155,865,215,70,2025,11,302.82,False,1,678,24.0,19.0,0.7916666666666666,5.0,0.2083333333333333,1.0,0.0416666666666666,4.0,0.1666666666666666,0.0,0.0,0.9583333333333334,0,0,5,14.25,3.9712508524812864,19.0,0.7916666666666666,0.2011566162469698,0.626736111111111,48.0,42.0,0.875,6.0,0.125,1.0,0.0208333333333333,2.0,0.0416666666666666,3.0,0.0625,0.9791666666666666,0,0,14,10.875,5.048205126577168,40.0,0.8333333333333334,0.1653383076585442,0.7291666666666667,6.0,6.0,1.0,0.0,0.0,0.0,0.0,0.0,0.0,0.0,0.0,1.0,0.0,0.0,0.0,13.666666666666666,3.5433819375782187,0.0,0.0,0.2201003599827301,0.0,23.0,23.0,0,5,0.217391304347826,0,0.0,0,0.0,23.0,23.0,13.956521739130435,3.735589830262708,0.21116693713833,0.3521739130434782,1.0,1.0,1.0,0.0,0.0,0.0,0.0,0.0,0.0,0,0,0,0,16.0,0.0,0.0,0.0,1.0,0
1155,842,214,70,2025,11,302.82,False,1,678,154.0,133.0,0.8636363636363636,21.0,0.1363636363636363,14.0,0.0909090909090909,7.0,0.0454545454545454,0.0,0.0,0.9090909090909092,1,5,70,8.779220779220779,4.8953287477613925,426.0,2.7662337662337664,0.1696258245784385,2.389020070838253,180.0,153.0,0.85,27.0,0.15,19.0,0.1055555555555555,8.0,0.0444444444444444,0.0,0.0,0.8944444444444445,1,6,96,8.622222222222222,4.939810562669559,498.0,2.7666666666666666,0.1683555375123891,2.3516666666666666,18.0,17.0,0.9444444444444444,1.0,0.0555555555555555,0.0,0.0,1.0,0.0555555555555555,0.0,0.0,0.9444444444444444,0.0,1.0,4.0,10.444444444444445,4.323350324076381,10.0,0.5555555555555556,0.1878516233427683,0.5246913580246914,153.0,153.0,18,73,0.477124183006536,0,0.0,0,0.0,153.0,153.0,11.15032679738562,4.500938524976961,0.1817871614924451,0.492483660130719,9.0,8.0,0.8888888888888888,1.0,0.1111111111111111,0.0,0.0,1.0,0.1111111111111111,0,0,0,5,9.333333333333334,4.29469957557504,1.7777777777777777,16.0,0.1888681285361489,0
1155,840,117,70,2025,11,302.82,False,1,678,168.0,142.0,0.8452380952380952,26.0,0.1547619047619047,9.0,0.0535714285714285,14.0,0.0833333333333333,3.0,0.0178571428571428,0.9464285714285714,0,3,60,9.613095238095235,5.285791371166777,286.0,1.7023809523809523,0.1590889580884035,1.4389172335600906,180.0,160.0,0.8888888888888888,20.0,0.1111111111111111,6.0,0.0333333333333333,9.0,0.05,5.0,0.0277777777777777,0.9666666666666668,0,9,85,9.077777777777778,4.894958353648232,492.0,2.7333333333333334,0.1696364825683843,2.4296296296296296,18.0,16.0,0.8888888888888888,2.0,0.1111111111111111,1.0,0.0555555555555555,0.0,0.0,1.0,0.0555555555555555,0.8888888888888888,0.0,0.0,2.0,12.11111111111111,4.5447025191594586,6.0,0.3333333333333333,0.1803523266657764,0.2962962962962963,168.0,168.0,5,40,0.238095238095238,1,0.0059523809523809,1,0.0059523809523809,168.0,168.0,14.023809523809524,4.314913756452565,0.1881498074707141,0.3488095238095238,10.0,9.0,0.9,1.0,0.1,1.0,0.1,0.0,0.0,0,0,0,4,10.1,4.158124577258359,1.3,13.0,0.1938689120477813,0
1155,861,214,70,2025,11,302.82,False,1,678,9.0,6.0,0.6666666666666666,3.0,0.3333333333333333,1.0,0.1111111111111111,2.0,0.2222222222222222,0.0,0.0,0.8888888888888888,0,0,2,7.444444444444445,5.479479113750201,5.0,0.5555555555555556,0.1543333935405216,0.3703703703703703,180.0,153.0,0.85,27.0,0.15,19.0,0.1055555555555555,8.0,0.0444444444444444,0.0,0.0,0.8944444444444445,1,6,96,8.622222222222222,4.939810562669559,498.0,2.7666666666666666,0.1683555375123891,2.3516666666666666,3.0,3.0,1.0,0.0,0.0,0.0,0.0,0.0,0.0,0.0,0.0,1.0,0.0,0.0,0.0,14.0,2.8284271247461903,0.0,0.0,0.2612038749637414,0.0,9.0,9.0,0,1,0.1111111111111111,0,0.0,0,0.0,9.0,9.0,15.77777777777778,3.258417399692255,0.2348290235880276,0.261111111111111,2.0,2.0,1.0,0.0,0.0,0.0,0.0,0.0,0.0,0,0,0,1,13.5,3.5,0.5,1.0,0.2222222222222222,0
1155,852,9,70,2025,11,302.82,False,1,678,90.0,74.0,0.8222222222222222,16.0,0.1777777777777777,8.0,0.0888888888888888,6.0,0.0666666666666666,2.0,0.0222222222222222,0.9111111111111112,0,0,26,10.088888888888889,5.60088176479471,87.0,0.9666666666666668,0.1514949116848937,0.7948148148148148,418.0,360.0,0.861244019138756,58.0,0.138755980861244,31.0,0.0741626794258373,23.0,0.055023923444976,3.0,0.0071770334928229,0.9258373205741628,72,166,334,3.985645933014354,3.775998830310016,4807.5,11.501196172248804,0.2093802857851808,9.905336416290837,18.0,17.0,0.9444444444444444,1.0,0.0555555555555555,0.0,0.0,1.0,0.0555555555555555,0.0,0.0,0.9444444444444444,0.0,0.0,2.0,13.11111111111111,4.45831169949753,4.0,0.2222222222222222,0.1832068330015041,0.2098765432098765,90.0,90.0,1,29,0.3222222222222222,0,0.0,0,0.0,90.0,90.0,12.744444444444444,3.8774593947615625,0.2050247719281906,0.4127777777777778,5.0,5.0,1.0,0.0,0.0,0.0,0.0,0.0,0.0,0,0,0,1,14.2,3.124099870362665,0.2,1.0,0.2424771541509886,0
1155,848,3,70,2025,11,302.82,False,1,678,105.0,88.0,0.8380952380952381,17.0,0.1619047619047619,6.0,0.0571428571428571,9.0,0.0857142857142857,2.0,0.019047619047619,0.9428571428571428,0,2,39,8.895238095238096,5.215222790335468,238.0,2.2666666666666666,0.1608952782119053,1.89968253968254,417.0,348.0,0.8345323741007195,69.0,0.1654676258992805,28.0,0.0671462829736211,33.0,0.079136690647482,8.0,0.0191846522781774,0.9328537170263788,0,7,103,10.5947242206235,6.120004622434692,560.0,1.3429256594724222,0.140449347019953,1.1207149388402948,15.0,14.0,0.9333333333333332,1.0,0.0666666666666666,0.0,0.0,0.0,0.0,1.0,0.0666666666666666,0.9333333333333332,0.0,0.0,1.0,12.533333333333331,4.716872787015662,2.0,0.1333333333333333,0.1749208067514167,0.1244444444444444,104.0,104.0,9,38,0.3653846153846153,0,0.0,0,0.0,104.0,104.0,11.961538461538462,4.369745365145779,0.1862285698854272,0.4519230769230769,6.0,6.0,1.0,0.0,0.0,0.0,0.0,0.0,0.0,0,0,1,1,11.666666666666666,3.726779962499653,2.0,12.0,0.2115605143318692,0
1155,830,9,70,2025,11,302.82,False,1,678,209.0,179.0,0.8564593301435407,30.0,0.1435406698564593,17.0,0.0813397129186602,13.0,0.062200956937799,0.0,0.0,0.9186602870813396,63,112,172,3.0382775119617227,3.2750278715380032,2912.5,13.935406698564591,0.2339166035987118,11.935109086330442,418.0,360.0,0.861244019138756,58.0,0.138755980861244,31.0,0.0741626794258373,23.0,0.055023923444976,3.0,0.0071770334928229,0.9258373205741628,72,166,334,3.985645933014354,3.775998830310016,4807.5,11.501196172248804,0.2093802857851808,9.905336416290837,18.0,18.0,1.0,0.0,0.0,0.0,0.0,0.0,0.0,0.0,0.0,1.0,11.0,15.0,18.0,2.0,1.7638342073763935,111.0,6.166666666666667,0.3618162034940813,6.166666666666667,209.0,209.0,155,188,0.8995215311004785,43,0.2057416267942583,74,0.354066985645933,209.0,209.0,4.727272727272728,4.254721298455835,0.1903050501068177,0.8136363636363637,12.0,10.0,0.8333333333333334,2.0,0.1666666666666666,1.0,0.0833333333333333,1.0,0.0833333333333333,5,8,9,10,2.083333333333333,2.215789300051388,16.166666666666668,194.0,0.3109656469047956,0
1155,863,131,70,2025,11,302.82,False,1,678,7.0,5.0,0.7142857142857143,2.0,0.2857142857142857,0.0,0.0,2.0,0.2857142857142857,0.0,0.0,1.0,0,0,0,16.142857142857142,2.4159335036125453,0.0,0.0,0.2927457454726336,0.0,418.0,393.0,0.9401913875598086,25.0,0.0598086124401913,14.0,0.0334928229665071,11.0,0.0263157894736842,0.0,0.0,0.9665071770334928,100,235,376,3.425837320574163,3.0834490090995863,6009.5,14.376794258373206,0.2448910217249175,13.516938142441791,2.0,2.0,1.0,0.0,0.0,0.0,0.0,0.0,0.0,0.0,0.0,1.0,0.0,0.0,0.0,18.0,2.0,0.0,0.0,0.3333333333333333,0.0,7.0,7.0,0,0,0.0,0,0.0,0,0.0,7.0,7.0,16.142857142857142,2.9965967090575765,0.2502128868128419,0.2428571428571428,1.0,1.0,1.0,0.0,0.0,0.0,0.0,0.0,0.0,0,0,0,0,13.0,0.0,0.0,0.0,1.0,0
1155,832,3,70,2025,11,302.82,False,1,678,208.0,171.0,0.8221153846153846,37.0,0.1778846153846154,20.0,0.0961538461538461,15.0,0.0721153846153846,2.0,0.0096153846153846,0.903846153846154,4,27,139,5.908653846153846,4.283950607004526,1203.5,5.7860576923076925,0.1892523368167706,4.756807045118343,417.0,348.0,0.8345323741007195,69.0,0.1654676258992805,28.0,0.0671462829736211,33.0,0.079136690647482,8.0,0.0191846522781774,0.9328537170263788,0,7,103,10.5947242206235,6.120004622434692,560.0,1.3429256594724222,0.140449347019953,1.1207149388402948,18.0,18.0,1.0,0.0,0.0,0.0,0.0,0.0,0.0,0.0,0.0,1.0,0.0,5.0,17.0,4.888888888888889,2.157387537660844,69.0,3.8333333333333335,0.316717535643677,3.8333333333333335,207.0,207.0,58,142,0.6859903381642513,5,0.0241545893719806,15,0.072463768115942,207.0,207.0,8.51207729468599,4.390217389643142,0.1855212745076697,0.6243961352657005,12.0,9.0,0.75,3.0,0.25,3.0,0.25,0.0,0.0,0,1,3,8,5.166666666666667,3.693086634360057,5.166666666666667,62.0,0.2130793820592572,0
1156,846,1,9,2025,12,306.332,False,1,153,128.0,118.0,0.921875,10.0,0.078125,4.0,0.03125,5.0,0.0390625,1.0,0.0078125,0.96875,4,26,100,6.5546875,4.371085022891198,950.0,7.421875,0.1861821206959242,6.842041015625,418.0,348.0,0.8325358851674641,70.0,0.1674641148325359,41.0,0.0980861244019138,21.0,0.0502392344497607,5.0,0.0119617224880382,0.901913875598086,7,39,223,7.375598086124402,5.10371641972893,1841.0,4.404306220095694,0.1638346101348546,3.666742977495936,18.0,17.0,0.9444444444444444,1.0,0.0555555555555555,0.0,0.0,0.0,0.0,1.0,0.0555555555555555,0.9444444444444444,1.0,6.0,14.0,6.333333333333333,4.96655480858378,57.0,3.1666666666666665,0.1676009074049484,2.9907407407407405,128.0,128.0,45,104,0.8125,9,0.0703125,14,0.109375,128.0,128.0,7.21875,4.029069177552056,0.19884395395944,0.6890625,7.0,7.0,1.0,0.0,0.0,0.0,0.0,0.0,0.0,0,2,4,6,5.714285714285714,3.010186786529354,9.285714285714286,65.0,0.2493649431390844,0
1156,857,1,9,2025,12,306.332,False,1,153,46.0,43.0,0.9347826086956522,3.0,0.0652173913043478,2.0,0.0434782608695652,1.0,0.0217391304347826,0.0,0.0,0.9565217391304348,2,10,34,6.652173913043479,4.564596231033249,347.0,7.543478260869565,0.1797075580116829,7.051512287334594,418.0,348.0,0.8325358851674641,70.0,0.1674641148325359,41.0,0.0980861244019138,21.0,0.0502392344497607,5.0,0.0119617224880382,0.901913875598086,7,39,223,7.375598086124402,5.10371641972893,1841.0,4.404306220095694,0.1638346101348546,3.666742977495936,12.0,12.0,1.0,0.0,0.0,0.0,0.0,0.0,0.0,0.0,0.0,1.0,2.0,5.0,7.0,6.0,3.958114029012639,42.0,3.5,0.2016895928872254,3.5,46.0,46.0,18,38,0.8260869565217391,0,0.0,7,0.1521739130434782,46.0,46.0,7.543478260869565,4.803560824779208,0.1723080071342311,0.6728260869565217,2.0,2.0,1.0,0.0,0.0,0.0,0.0,0.0,0.0,0,0,2,2,4.0,0.0,12.0,24.0,1.0,0
1156,807,15,9,2025,12,306.332,False,1,153,153.0,123.0,0.803921568627451,30.0,0.196078431372549,15.0,0.0980392156862745,14.0,0.0915032679738562,1.0,0.0065359477124183,0.9019607843137256,0,0,65,8.267973856209151,5.366327520580533,331.0,2.1633986928104574,0.1570764301345294,1.73920287069076,210.0,172.0,0.819047619047619,38.0,0.1809523809523809,15.0,0.0714285714285714,18.0,0.0857142857142857,4.0,0.019047619047619,0.9285714285714286,0,0,31,11.057142857142855,6.005281122524093,95.0,0.4523809523809524,0.1427494460978444,0.3705215419501134,12.0,10.0,0.8333333333333334,2.0,0.1666666666666666,1.0,0.0833333333333333,0.0,0.0,1.0,0.0833333333333333,0.8333333333333334,0.0,0.0,4.0,12.583333333333334,6.343741447722751,8.0,0.6666666666666666,0.1361703713452621,0.5555555555555556,153.0,153.0,7,80,0.5228758169934641,0,0.0,1,0.0065359477124183,153.0,153.0,10.673202614379084,3.70449305954654,0.2125627538063344,0.5163398692810458,9.0,8.0,0.8888888888888888,1.0,0.1111111111111111,1.0,0.1111111111111111,0.0,0.0,0,0,0,7,6.888888888888889,3.2810717911629763,4.777777777777778,43.0,0.2335863654667526,0
1156,1,6,9,2025,12,306.332,False,1,153,208.0,199.0,0.9567307692307692,9.0,0.0432692307692307,4.0,0.0192307692307692,5.0,0.0240384615384615,0.0,0.0,0.9807692307692308,72,132,194,3.0865384615384617,2.881007358957429,3334.5,16.03125,0.2576650615443909,15.33759014423077,418.0,364.0,0.8708133971291866,54.0,0.1291866028708134,23.0,0.055023923444976,27.0,0.0645933014354067,0.0,0.0,0.944976076555024,27,149,336,4.160287081339713,3.418308699831697,4353.5,10.415071770334928,0.2263309487718891,9.06958402966965,18.0,18.0,1.0,0.0,0.0,0.0,0.0,0.0,0.0,0.0,0.0,1.0,0.0,4.0,14.0,6.777777777777778,3.808697000222802,42.0,2.333333333333333,0.2079565420640283,2.333333333333333,208.0,208.0,159,191,0.9182692307692308,69,0.3317307692307692,107,0.5144230769230769,208.0,208.0,4.057692307692308,4.176000393910521,0.1931993670588749,0.8471153846153847,11.0,11.0,1.0,0.0,0.0,0.0,0.0,0.0,0.0,7,11,11,11,1.5454545454545454,0.782029569731148,22.181818181818183,244.0,0.561157916224066,0
1156,830,9,9,2025,12,306.332,False,1,153,209.0,179.0,0.8564593301435407,30.0,0.1435406698564593,17.0,0.0813397129186602,13.0,0.062200956937799,0.0,0.0,0.9186602870813396,63,112,172,3.0382775119617227,3.2750278715380032,2912.5,13.935406698564591,0.2339166035987118,11.935109086330442,418.0,360.0,0.861244019138756,58.0,0.138755980861244,31.0,0.0741626794258373,23.0,0.055023923444976,3.0,0.0071770334928229,0.9258373205741628,72,166,334,3.985645933014354,3.775998830310016,4807.5,11.501196172248804,0.2093802857851808,9.905336416290837,18.0,18.0,1.0,0.0,0.0,0.0,0.0,0.0,0.0,0.0,0.0,1.0,11.0,15.0,18.0,2.0,1.7638342073763935,111.0,6.166666666666667,0.3618162034940813,6.166666666666667,209.0,209.0,155,188,0.8995215311004785,43,0.2057416267942583,74,0.354066985645933,209.0,209.0,4.727272727272728,4.254721298455835,0.1903050501068177,0.8136363636363637,11.0,8.0,0.7272727272727273,3.0,0.2727272727272727,1.0,0.0909090909090909,2.0,0.1818181818181818,2,5,7,8,2.1818181818181817,2.1666136886932703,12.181818181818182,134.0,0.3157947568945988,0
1156,842,214,9,2025,12,306.332,False,1,153,154.0,133.0,0.8636363636363636,21.0,0.1363636363636363,14.0,0.0909090909090909,7.0,0.0454545454545454,0.0,0.0,0.9090909090909092,1,5,70,8.779220779220779,4.8953287477613925,426.0,2.7662337662337664,0.1696258245784385,2.389020070838253,180.0,153.0,0.85,27.0,0.15,19.0,0.1055555555555555,8.0,0.0444444444444444,0.0,0.0,0.8944444444444445,1,6,96,8.622222222222222,4.939810562669559,498.0,2.7666666666666666,0.1683555375123891,2.3516666666666666,18.0,17.0,0.9444444444444444,1.0,0.0555555555555555,0.0,0.0,1.0,0.0555555555555555,0.0,0.0,0.9444444444444444,0.0,1.0,4.0,10.444444444444445,4.323350324076381,10.0,0.5555555555555556,0.1878516233427683,0.5246913580246914,153.0,153.0,18,73,0.477124183006536,0,0.0,0,0.0,153.0,153.0,11.15032679738562,4.500938524976961,0.1817871614924451,0.492483660130719,8.0,5.0,0.625,3.0,0.375,1.0,0.125,2.0,0.25,0,0,1,2,8.0,6.0,2.25,18.0,0.1428571428571428,0
1156,840,117,9,2025,12,306.332,False,1,153,168.0,142.0,0.8452380952380952,26.0,0.1547619047619047,9.0,0.0535714285714285,14.0,0.0833333333333333,3.0,0.0178571428571428,0.9464285714285714,0,3,60,9.613095238095235,5.285791371166777,286.0,1.7023809523809523,0.1590889580884035,1.4389172335600906,180.0,160.0,0.8888888888888888,20.0,0.1111111111111111,6.0,0.0333333333333333,9.0,0.05,5.0,0.0277777777777777,0.9666666666666668,0,9,85,9.077777777777778,4.894958353648232,492.0,2.7333333333333334,0.1696364825683843,2.4296296296296296,18.0,16.0,0.8888888888888888,2.0,0.1111111111111111,1.0,0.0555555555555555,0.0,0.0,1.0,0.0555555555555555,0.8888888888888888,0.0,0.0,2.0,12.11111111111111,4.5447025191594586,6.0,0.3333333333333333,0.1803523266657764,0.2962962962962963,168.0,168.0,5,40,0.238095238095238,1,0.0059523809523809,1,0.0059523809523809,168.0,168.0,14.023809523809524,4.314913756452565,0.1881498074707141,0.3488095238095238,9.0,9.0,1.0,0.0,0.0,0.0,0.0,0.0,0.0,0,0,0,4,10.666666666666666,3.197221015541814,2.2222222222222223,20.0,0.238252881203329,0
1156,848,3,9,2025,12,306.332,False,1,153,105.0,88.0,0.8380952380952381,17.0,0.1619047619047619,6.0,0.0571428571428571,9.0,0.0857142857142857,2.0,0.019047619047619,0.9428571428571428,0,2,39,8.895238095238096,5.215222790335468,238.0,2.2666666666666666,0.1608952782119053,1.89968253968254,417.0,348.0,0.8345323741007195,69.0,0.1654676258992805,28.0,0.0671462829736211,33.0,0.079136690647482,8.0,0.0191846522781774,0.9328537170263788,0,7,103,10.5947242206235,6.120004622434692,560.0,1.3429256594724222,0.140449347019953,1.1207149388402948,15.0,14.0,0.9333333333333332,1.0,0.0666666666666666,0.0,0.0,0.0,0.0,1.0,0.0666666666666666,0.9333333333333332,0.0,0.0,1.0,12.533333333333331,4.716872787015662,2.0,0.1333333333333333,0.1749208067514167,0.1244444444444444,104.0,104.0,9,38,0.3653846153846153,0,0.0,0,0.0,104.0,104.0,11.961538461538462,4.369745365145779,0.1862285698854272,0.4519230769230769,6.0,5.0,0.8333333333333334,1.0,0.1666666666666666,0.0,0.0,1.0,0.1666666666666666,0,0,1,4,7.0,3.741657386773941,3.333333333333333,20.0,0.2108967220595339,0
1156,4,117,9,2025,12,306.332,False,1,153,168.0,132.0,0.7857142857142857,36.0,0.2142857142857142,25.0,0.1488095238095238,7.0,0.0416666666666666,2.0,0.0119047619047619,0.8511904761904762,0,9,87,7.434523809523809,5.181974114719561,562.0,3.345238095238096,0.1617606255611706,2.628401360544218,180.0,160.0,0.8888888888888888,20.0,0.1111111111111111,6.0,0.0333333333333333,9.0,0.05,5.0,0.0277777777777777,0.9666666666666668,0,9,85,9.077777777777778,4.894958353648232,492.0,2.7333333333333334,0.1696364825683843,2.4296296296296296,18.0,15.0,0.8333333333333334,3.0,0.1666666666666666,1.0,0.0555555555555555,1.0,0.0555555555555555,1.0,0.0555555555555555,0.8333333333333334,0.0,0.0,4.0,11.055555555555555,5.854459100380213,8.0,0.4444444444444444,0.1458904321049243,0.3703703703703703,167.0,167.0,16,82,0.4910179640718562,0,0.0,3,0.0179640718562874,167.0,167.0,10.874251497005988,4.100795367161849,0.1960478568573538,0.5062874251497006,8.0,7.0,0.875,1.0,0.125,1.0,0.125,0.0,0.0,0,0,1,6,7.25,3.526683994916471,3.875,31.0,0.2209122618506204,0
1156,847,131,9,2025,12,306.332,False,1,153,128.0,113.0,0.8828125,15.0,0.1171875,8.0,0.0625,6.0,0.046875,1.0,0.0078125,0.9375,3,15,63,8.125,5.955564624785798,664.0,5.1875,0.1437697805921537,4.57958984375,418.0,393.0,0.9401913875598086,25.0,0.0598086124401913,14.0,0.0334928229665071,11.0,0.0263157894736842,0.0,0.0,0.9665071770334928,100,235,376,3.425837320574163,3.0834490090995863,6009.5,14.376794258373206,0.2448910217249175,13.516938142441791,18.0,18.0,1.0,0.0,0.0,0.0,0.0,0.0,0.0,0.0,0.0,1.0,1.0,2.0,13.0,7.277777777777778,4.174067501391519,50.0,2.7777777777777777,0.1932715411484405,2.7777777777777777,128.0,128.0,33,65,0.5078125,4,0.03125,12,0.09375,128.0,128.0,10.328125,5.89903246171565,0.1449478612471001,0.53359375,7.0,5.0,0.7142857142857143,2.0,0.2857142857142857,1.0,0.1428571428571428,1.0,0.1428571428571428,0,0,1,1,8.714285714285714,6.562105187346202,1.4285714285714286,10.0,0.1322383086753827,0
1156,860,210,9,2025,12,306.332,False,1,153,3.0,3.0,1.0,0.0,0.0,0.0,0.0,0.0,0.0,0.0,0.0,1.0,0,0,2,9.666666666666666,2.0548046676563305,7.0,2.333333333333333,0.327353172720928,2.333333333333333,380.0,311.0,0.8184210526315789,69.0,0.181578947368421,27.0,0.0710526315789473,30.0,0.0789473684210526,12.0,0.031578947368421,0.9289473684210526,0,0,73,10.839473684210526,6.092101852903443,293.0,0.7710526315789473,0.1410019230886551,0.6310457063711911,1.0,1.0,1.0,0.0,0.0,0.0,0.0,0.0,0.0,0.0,0.0,1.0,0.0,0.0,0.0,14.0,0.0,0.0,0.0,1.0,0.0,3.0,3.0,0,0,0.0,0,0.0,0,0.0,3.0,3.0,13.0,2.8284271247461903,0.2612038749637414,0.4,1.0,1.0,1.0,0.0,0.0,0.0,0.0,0.0,0.0,0,0,0,0,11.0,0.0,0.0,0.0,1.0,0
1156,832,3,9,2025,12,306.332,False,1,153,208.0,171.0,0.8221153846153846,37.0,0.1778846153846154,20.0,0.0961538461538461,15.0,0.0721153846153846,2.0,0.0096153846153846,0.903846153846154,4,27,139,5.908653846153846,4.283950607004526,1203.5,5.7860576923076925,0.1892523368167706,4.756807045118343,417.0,348.0,0.8345323741007195,69.0,0.1654676258992805,28.0,0.0671462829736211,33.0,0.079136690647482,8.0,0.0191846522781774,0.9328537170263788,0,7,103,10.5947242206235,6.120004622434692,560.0,1.3429256594724222,0.140449347019953,1.1207149388402948,18.0,18.0,1.0,0.0,0.0,0.0,0.0,0.0,0.0,0.0,0.0,1.0,0.0,5.0,17.0,4.888888888888889,2.157387537660844,69.0,3.8333333333333335,0.316717535643677,3.8333333333333335,207.0,207.0,58,142,0.6859903381642513,5,0.0241545893719806,15,0.072463768115942,207.0,207.0,8.51207729468599,4.390217389643142,0.1855212745076697,0.6243961352657005,11.0,8.0,0.7272727272727273,3.0,0.2727272727272727,1.0,0.0909090909090909,2.0,0.1818181818181818,1,1,2,6,5.636363636363637,4.772510817602432,5.181818181818182,57.0,0.1732348420986316,0
1156,839,210,9,2025,12,306.332,False,1,153,156.0,133.0,0.8525641025641025,23.0,0.1474358974358974,14.0,0.0897435897435897,9.0,0.0576923076923076,0.0,0.0,0.9102564102564102,1,4,85,8.429487179487179,5.100417503633805,440.0,2.8205128205128207,0.1639232067976224,2.4046679815910585,380.0,311.0,0.8184210526315789,69.0,0.181578947368421,27.0,0.0710526315789473,30.0,0.0789473684210526,12.0,0.031578947368421,0.9289473684210526,0,0,73,10.839473684210526,6.092101852903443,293.0,0.7710526315789473,0.1410019230886551,0.6310457063711911,18.0,17.0,0.9444444444444444,1.0,0.0555555555555555,0.0,0.0,0.0,0.0,1.0,0.0555555555555555,0.9444444444444444,0.0,0.0,2.0,11.72222222222222,4.3051075035687525,5.0,0.2777777777777778,0.1884975939370312,0.2623456790123457,155.0,155.0,11,67,0.432258064516129,0,0.0,0,0.0,155.0,155.0,11.593548387096774,4.460141433015033,0.1831454390454883,0.4703225806451613,8.0,6.0,0.75,2.0,0.25,2.0,0.25,0.0,0.0,0,0,0,5,6.75,4.815340071064556,3.0,24.0,0.1719589891184025,0
1156,844,6,9,2025,12,306.332,False,1,153,149.0,127.0,0.8523489932885906,22.0,0.1476510067114094,10.0,0.0671140939597315,11.0,0.0738255033557047,0.0,0.0,0.9328859060402684,8,43,112,4.6375838926174495,3.971737004582008,1363.0,9.14765100671141,0.2011369465195743,7.796991126525833,418.0,364.0,0.8708133971291866,54.0,0.1291866028708134,23.0,0.055023923444976,27.0,0.0645933014354067,0.0,0.0,0.944976076555024,27,149,336,4.160287081339713,3.418308699831697,4353.5,10.415071770334928,0.2263309487718891,9.06958402966965,18.0,18.0,1.0,0.0,0.0,0.0,0.0,0.0,0.0,0.0,0.0,1.0,0.0,6.0,16.0,5.055555555555555,2.933943539224644,67.0,3.7222222222222223,0.2541978526201964,3.7222222222222223,149.0,149.0,82,119,0.7986577181208053,23,0.1543624161073825,40,0.2684563758389262,149.0,149.0,6.208053691275167,4.672172608436389,0.1762992893609532,0.7395973154362416,8.0,7.0,0.875,1.0,0.125,0.0,0.0,0.0,0.0,0,3,5,6,4.875,4.19635258289863,9.25,74.0,0.192442676674988,0
1156,852,9,9,2025,12,306.332,False,1,153,90.0,74.0,0.8222222222222222,16.0,0.1777777777777777,8.0,0.0888888888888888,6.0,0.0666666666666666,2.0,0.0222222222222222,0.9111111111111112,0,0,26,10.088888888888889,5.60088176479471,87.0,0.9666666666666668,0.1514949116848937,0.7948148148148148,418.0,360.0,0.861244019138756,58.0,0.138755980861244,31.0,0.0741626794258373,23.0,0.055023923444976,3.0,0.0071770334928229,0.9258373205741628,72,166,334,3.985645933014354,3.775998830310016,4807.5,11.501196172248804,0.2093802857851808,9.905336416290837,18.0,17.0,0.9444444444444444,1.0,0.0555555555555555,0.0,0.0,1.0,0.0555555555555555,0.0,0.0,0.9444444444444444,0.0,0.0,2.0,13.11111111111111,4.45831169949753,4.0,0.2222222222222222,0.1832068330015041,0.2098765432098765,90.0,90.0,1,29,0.3222222222222222,0,0.0,0,0.0,90.0,90.0,12.744444444444444,3.8774593947615625,0.2050247719281906,0.4127777777777778,4.0,4.0,1.0,0.0,0.0,0.0,0.0,0.0,0.0,0,0,0,2,12.5,2.598076211353316,0.5,2.0,0.2779262976266636,0
1156,863,131,9,2025,12,306.332,False,1,153,7.0,5.0,0.7142857142857143,2.0,0.2857142857142857,0.0,0.0,2.0,0.2857142857142857,0.0,0.0,1.0,0,0,0,16.142857142857142,2.4159335036125453,0.0,0.0,0.2927457454726336,0.0,418.0,393.0,0.9401913875598086,25.0,0.0598086124401913,14.0,0.0334928229665071,11.0,0.0263157894736842,0.0,0.0,0.9665071770334928,100,235,376,3.425837320574163,3.0834490090995863,6009.5,14.376794258373206,0.2448910217249175,13.516938142441791,2.0,2.0,1.0,0.0,0.0,0.0,0.0,0.0,0.0,0.0,0.0,1.0,0.0,0.0,0.0,18.0,2.0,0.0,0.0,0.3333333333333333,0.0,7.0,7.0,0,0,0.0,0,0.0,0,0.0,7.0,7.0,16.142857142857142,2.9965967090575765,0.2502128868128419,0.2428571428571428,1.0,1.0,1.0,0.0,0.0,0.0,0.0,0.0,0.0,0,1,1,1,3.0,0.0,15.0,15.0,1.0,0
1156,865,215,9,2025,12,306.332,False,1,153,24.0,19.0,0.7916666666666666,5.0,0.2083333333333333,1.0,0.0416666666666666,4.0,0.1666666666666666,0.0,0.0,0.9583333333333334,0,0,5,14.25,3.9712508524812864,19.0,0.7916666666666666,0.2011566162469698,0.626736111111111,48.0,42.0,0.875,6.0,0.125,1.0,0.0208333333333333,2.0,0.0416666666666666,3.0,0.0625,0.9791666666666666,0,0,14,10.875,5.048205126577168,40.0,0.8333333333333334,0.1653383076585442,0.7291666666666667,6.0,6.0,1.0,0.0,0.0,0.0,0.0,0.0,0.0,0.0,0.0,1.0,0.0,0.0,0.0,13.666666666666666,3.5433819375782187,0.0,0.0,0.2201003599827301,0.0,23.0,23.0,0,5,0.217391304347826,0,0.0,0,0.0,23.0,23.0,13.956521739130435,3.735589830262708,0.21116693713833,0.3521739130434782,1.0,1.0,1.0,0.0,0.0,0.0,0.0,0.0,0.0,0,0,0,0,16.0,0.0,0.0,0.0,1.0,0
1156,864,15,9,2025,12,306.332,False,1,153,24.0,20.0,0.8333333333333334,4.0,0.1666666666666666,2.0,0.0833333333333333,2.0,0.0833333333333333,0.0,0.0,0.9166666666666666,0,3,14,9.833333333333334,5.763872155263526,135.0,5.625,0.1478443082667991,4.6875,210.0,172.0,0.819047619047619,38.0,0.1809523809523809,15.0,0.0714285714285714,18.0,0.0857142857142857,4.0,0.019047619047619,0.9285714285714286,0,0,31,11.057142857142855,6.005281122524093,95.0,0.4523809523809524,0.1427494460978444,0.3705215419501134,6.0,6.0,1.0,0.0,0.0,0.0,0.0,0.0,0.0,0.0,0.0,1.0,0.0,1.0,5.0,7.833333333333333,4.524623986832743,15.0,2.5,0.1810077939029653,2.5,24.0,24.0,8,16,0.6666666666666666,0,0.0,1,0.0416666666666666,24.0,24.0,8.583333333333334,4.846963539738622,0.1710289440328378,0.6208333333333333,1.0,1.0,1.0,0.0,0.0,0.0,0.0,0.0,0.0,0,0,0,0,14.0,0.0,0.0,0.0,1.0,0
1156,859,215,9,2025,12,306.332,False,1,153,11.0,11.0,1.0,0.0,0.0,0.0,0.0,0.0,0.0,0.0,0.0,1.0,0,0,3,12.909090909090908,3.117532399905868,6.0,0.5454545454545454,0.24286390558162,0.5454545454545454,48.0,42.0,0.875,6.0,0.125,1.0,0.0208333333333333,2.0,0.0416666666666666,3.0,0.0625,0.9791666666666666,0,0,14,10.875,5.048205126577168,40.0,0.8333333333333334,0.1653383076585442,0.7291666666666667,4.0,3.0,0.75,1.0,0.25,0.0,0.0,0.0,0.0,1.0,0.25,0.75,0.0,0.0,0.0,10.25,6.5717197140474575,0.0,0.0,0.1320703932218656,0.0,11.0,11.0,1,2,0.1818181818181818,0,0.0,0,0.0,11.0,11.0,13.363636363636363,4.006193552096493,0.1997525644171748,0.3818181818181818,1.0,0.0,0.0,1.0,1.0,1.0,1.0,0.0,0.0,0,0,0,0,19.0,0.0,0.0,0.0,1.0,0
1156,861,214,9,2025,12,306.332,False,1,153,9.0,6.0,0.6666666666666666,3.0,0.3333333333333333,1.0,0.1111111111111111,2.0,0.2222222222222222,0.0,0.0,0.8888888888888888,0,0,2,7.444444444444445,5.479479113750201,5.0,0.5555555555555556,0.1543333935405216,0.3703703703703703,180.0,153.0,0.85,27.0,0.15,19.0,0.1055555555555555,8.0,0.0444444444444444,0.0,0.0,0.8944444444444445,1,6,96,8.622222222222222,4.939810562669559,498.0,2.7666666666666666,0.1683555375123891,2.3516666666666666,3.0,3.0,1.0,0.0,0.0,0.0,0.0,0.0,0.0,0.0,0.0,1.0,0.0,0.0,0.0,14.0,2.8284271247461903,0.0,0.0,0.2612038749637414,0.0,9.0,9.0,0,1,0.1111111111111111,0,0.0,0,0.0,9.0,9.0,15.77777777777778,3.258417399692255,0.2348290235880276,0.261111111111111,1.0,1.0,1.0,0.0,0.0,0.0,0.0,0.0,0.0,0,0,0,0,13.0,0.0,0.0,0.0,1.0,0
1157,857,1,13,2025,13,308.176,False,1,401,46.0,43.0,0.9347826086956522,3.0,0.0652173913043478,2.0,0.0434782608695652,1.0,0.0217391304347826,0.0,0.0,0.9565217391304348,2,10,34,6.652173913043479,4.564596231033249,347.0,7.543478260869565,0.1797075580116829,7.051512287334594,418.0,348.0,0.8325358851674641,70.0,0.1674641148325359,41.0,0.0980861244019138,21.0,0.0502392344497607,5.0,0.0119617224880382,0.901913875598086,7,39,223,7.375598086124402,5.10371641972893,1841.0,4.404306220095694,0.1638346101348546,3.666742977495936,12.0,12.0,1.0,0.0,0.0,0.0,0.0,0.0,0.0,0.0,0.0,1.0,2.0,5.0,7.0,6.0,3.958114029012639,42.0,3.5,0.2016895928872254,3.5,46.0,46.0,18,38,0.8260869565217391,0,0.0,7,0.1521739130434782,46.0,46.0,7.543478260869565,4.803560824779208,0.1723080071342311,0.6728260869565217,2.0,1.0,0.5,1.0,0.5,0.0,0.0,1.0,0.5,0,1,1,1,1.0,1.0,9.0,18.0,0.5,1
1157,846,1,13,2025,13,308.176,False,1,401,128.0,118.0,0.921875,10.0,0.078125,4.0,0.03125,5.0,0.0390625,1.0,0.0078125,0.96875,4,26,100,6.5546875,4.371085022891198,950.0,7.421875,0.1861821206959242,6.842041015625,418.0,348.0,0.8325358851674641,70.0,0.1674641148325359,41.0,0.0980861244019138,21.0,0.0502392344497607,5.0,0.0119617224880382,0.901913875598086,7,39,223,7.375598086124402,5.10371641972893,1841.0,4.404306220095694,0.1638346101348546,3.666742977495936,18.0,17.0,0.9444444444444444,1.0,0.0555555555555555,0.0,0.0,0.0,0.0,1.0,0.0555555555555555,0.9444444444444444,1.0,6.0,14.0,6.333333333333333,4.96655480858378,57.0,3.1666666666666665,0.1676009074049484,2.9907407407407405,128.0,128.0,45,104,0.8125,9,0.0703125,14,0.109375,128.0,128.0,7.21875,4.029069177552056,0.19884395395944,0.6890625,6.0,6.0,1.0,0.0,0.0,0.0,0.0,0.0,0.0,0,0,1,3,9.333333333333334,3.197221015541809,3.6666666666666665,22.0,0.2382528812033293,1
1157,844,6,13,2025,13,308.176,False,1,401,149.0,127.0,0.8523489932885906,22.0,0.1476510067114094,10.0,0.0671140939597315,11.0,0.0738255033557047,0.0,0.0,0.9328859060402684,8,43,112,4.6375838926174495,3.971737004582008,1363.0,9.14765100671141,0.2011369465195743,7.796991126525833,418.0,364.0,0.8708133971291866,54.0,0.1291866028708134,23.0,0.055023923444976,27.0,0.0645933014354067,0.0,0.0,0.944976076555024,27,149,336,4.160287081339713,3.418308699831697,4353.5,10.415071770334928,0.2263309487718891,9.06958402966965,18.0,18.0,1.0,0.0,0.0,0.0,0.0,0.0,0.0,0.0,0.0,1.0,0.0,6.0,16.0,5.055555555555555,2.933943539224644,67.0,3.7222222222222223,0.2541978526201964,3.7222222222222223,149.0,149.0,82,119,0.7986577181208053,23,0.1543624161073825,40,0.2684563758389262,149.0,149.0,6.208053691275167,4.672172608436389,0.1762992893609532,0.7395973154362416,7.0,6.0,0.8571428571428571,1.0,0.1428571428571428,0.0,0.0,1.0,0.1428571428571428,1,3,3,5,5.0,4.47213595499958,9.285714285714286,65.0,0.1827439976315568,1
1157,830,9,13,2025,13,308.176,False,1,401,209.0,179.0,0.8564593301435407,30.0,0.1435406698564593,17.0,0.0813397129186602,13.0,0.062200956937799,0.0,0.0,0.9186602870813396,63,112,172,3.0382775119617227,3.2750278715380032,2912.5,13.935406698564591,0.2339166035987118,11.935109086330442,418.0,360.0,0.861244019138756,58.0,0.138755980861244,31.0,0.0741626794258373,23.0,0.055023923444976,3.0,0.0071770334928229,0.9258373205741628,72,166,334,3.985645933014354,3.775998830310016,4807.5,11.501196172248804,0.2093802857851808,9.905336416290837,18.0,18.0,1.0,0.0,0.0,0.0,0.0,0.0,0.0,0.0,0.0,1.0,11.0,15.0,18.0,2.0,1.7638342073763935,111.0,6.166666666666667,0.3618162034940813,6.166666666666667,209.0,209.0,155,188,0.8995215311004785,43,0.2057416267942583,74,0.354066985645933,209.0,209.0,4.727272727272728,4.254721298455835,0.1903050501068177,0.8136363636363637,10.0,8.0,0.8,2.0,0.2,1.0,0.1,1.0,0.1,3,5,6,7,3.2,3.458323293158116,10.95,109.5,0.2242995705436237,1
1157,847,131,13,2025,13,308.176,False,1,401,128.0,113.0,0.8828125,15.0,0.1171875,8.0,0.0625,6.0,0.046875,1.0,0.0078125,0.9375,3,15,63,8.125,5.955564624785798,664.0,5.1875,0.1437697805921537,4.57958984375,418.0,393.0,0.9401913875598086,25.0,0.0598086124401913,14.0,0.0334928229665071,11.0,0.0263157894736842,0.0,0.0,0.9665071770334928,100,235,376,3.425837320574163,3.0834490090995863,6009.5,14.376794258373206,0.2448910217249175,13.516938142441791,18.0,18.0,1.0,0.0,0.0,0.0,0.0,0.0,0.0,0.0,0.0,1.0,1.0,2.0,13.0,7.277777777777778,4.174067501391519,50.0,2.7777777777777777,0.1932715411484405,2.7777777777777777,128.0,128.0,33,65,0.5078125,4,0.03125,12,0.09375,128.0,128.0,10.328125,5.89903246171565,0.1449478612471001,0.53359375,6.0,5.0,0.8333333333333334,1.0,0.1666666666666666,0.0,0.0,0.0,0.0,0,1,2,3,4.5,5.155902766086006,4.833333333333333,29.0,0.1624457107264888,1
1157,848,3,13,2025,13,308.176,False,1,401,105.0,88.0,0.8380952380952381,17.0,0.1619047619047619,6.0,0.0571428571428571,9.0,0.0857142857142857,2.0,0.019047619047619,0.9428571428571428,0,2,39,8.895238095238096,5.215222790335468,238.0,2.2666666666666666,0.1608952782119053,1.89968253968254,417.0,348.0,0.8345323741007195,69.0,0.1654676258992805,28.0,0.0671462829736211,33.0,0.079136690647482,8.0,0.0191846522781774,0.9328537170263788,0,7,103,10.5947242206235,6.120004622434692,560.0,1.3429256594724222,0.140449347019953,1.1207149388402948,15.0,14.0,0.9333333333333332,1.0,0.0666666666666666,0.0,0.0,0.0,0.0,1.0,0.0666666666666666,0.9333333333333332,0.0,0.0,1.0,12.533333333333331,4.716872787015662,2.0,0.1333333333333333,0.1749208067514167,0.1244444444444444,104.0,104.0,9,38,0.3653846153846153,0,0.0,0,0.0,104.0,104.0,11.961538461538462,4.369745365145779,0.1862285698854272,0.4519230769230769,5.0,5.0,1.0,0.0,0.0,0.0,0.0,0.0,0.0,0,0,1,3,9.4,3.440930106817049,3.8,19.0,0.2251780541344143,1
1157,1,6,13,2025,13,308.176,False,1,401,208.0,199.0,0.9567307692307692,9.0,0.0432692307692307,4.0,0.0192307692307692,5.0,0.0240384615384615,0.0,0.0,0.9807692307692308,72,132,194,3.0865384615384617,2.881007358957429,3334.5,16.03125,0.2576650615443909,15.33759014423077,418.0,364.0,0.8708133971291866,54.0,0.1291866028708134,23.0,0.055023923444976,27.0,0.0645933014354067,0.0,0.0,0.944976076555024,27,149,336,4.160287081339713,3.418308699831697,4353.5,10.415071770334928,0.2263309487718891,9.06958402966965,18.0,18.0,1.0,0.0,0.0,0.0,0.0,0.0,0.0,0.0,0.0,1.0,0.0,4.0,14.0,6.777777777777778,3.808697000222802,42.0,2.333333333333333,0.2079565420640283,2.333333333333333,208.0,208.0,159,191,0.9182692307692308,69,0.3317307692307692,107,0.5144230769230769,208.0,208.0,4.057692307692308,4.176000393910521,0.1931993670588749,0.8471153846153847,10.0,9.0,0.9,1.0,0.1,0.0,0.0,1.0,0.1,4,8,9,9,1.8,1.1661903789690595,17.15,171.5,0.4616399415807225,1
1157,859,215,13,2025,13,308.176,False,1,401,11.0,11.0,1.0,0.0,0.0,0.0,0.0,0.0,0.0,0.0,0.0,1.0,0,0,3,12.909090909090908,3.117532399905868,6.0,0.5454545454545454,0.24286390558162,0.5454545454545454,48.0,42.0,0.875,6.0,0.125,1.0,0.0208333333333333,2.0,0.0416666666666666,3.0,0.0625,0.9791666666666666,0,0,14,10.875,5.048205126577168,40.0,0.8333333333333334,0.1653383076585442,0.7291666666666667,4.0,3.0,0.75,1.0,0.25,0.0,0.0,0.0,0.0,1.0,0.25,0.75,0.0,0.0,0.0,10.25,6.5717197140474575,0.0,0.0,0.1320703932218656,0.0,11.0,11.0,1,2,0.1818181818181818,0,0.0,0,0.0,11.0,11.0,13.363636363636363,4.006193552096493,0.1997525644171748,0.3818181818181818,1.0,1.0,1.0,0.0,0.0,0.0,0.0,0.0,0.0,0,0,0,1,8.0,0.0,4.0,4.0,1.0,1
1157,864,15,13,2025,13,308.176,False,1,401,24.0,20.0,0.8333333333333334,4.0,0.1666666666666666,2.0,0.0833333333333333,2.0,0.0833333333333333,0.0,0.0,0.9166666666666666,0,3,14,9.833333333333334,5.763872155263526,135.0,5.625,0.1478443082667991,4.6875,210.0,172.0,0.819047619047619,38.0,0.1809523809523809,15.0,0.0714285714285714,18.0,0.0857142857142857,4.0,0.019047619047619,0.9285714285714286,0,0,31,11.057142857142855,6.005281122524093,95.0,0.4523809523809524,0.1427494460978444,0.3705215419501134,6.0,6.0,1.0,0.0,0.0,0.0,0.0,0.0,0.0,0.0,0.0,1.0,0.0,1.0,5.0,7.833333333333333,4.524623986832743,15.0,2.5,0.1810077939029653,2.5,24.0,24.0,8,16,0.6666666666666666,0,0.0,1,0.0416666666666666,24.0,24.0,8.583333333333334,4.846963539738622,0.1710289440328378,0.6208333333333333,1.0,1.0,1.0,0.0,0.0,0.0,0.0,0.0,0.0,0,0,0,1,6.0,0.0,8.0,8.0,1.0,1
1157,842,214,13,2025,13,308.176,False,1,401,154.0,133.0,0.8636363636363636,21.0,0.1363636363636363,14.0,0.0909090909090909,7.0,0.0454545454545454,0.0,0.0,0.9090909090909092,1,5,70,8.779220779220779,4.8953287477613925,426.0,2.7662337662337664,0.1696258245784385,2.389020070838253,180.0,153.0,0.85,27.0,0.15,19.0,0.1055555555555555,8.0,0.0444444444444444,0.0,0.0,0.8944444444444445,1,6,96,8.622222222222222,4.939810562669559,498.0,2.7666666666666666,0.1683555375123891,2.3516666666666666,18.0,17.0,0.9444444444444444,1.0,0.0555555555555555,0.0,0.0,1.0,0.0555555555555555,0.0,0.0,0.9444444444444444,0.0,1.0,4.0,10.444444444444445,4.323350324076381,10.0,0.5555555555555556,0.1878516233427683,0.5246913580246914,153.0,153.0,18,73,0.477124183006536,0,0.0,0,0.0,153.0,153.0,11.15032679738562,4.500938524976961,0.1817871614924451,0.492483660130719,7.0,7.0,1.0,0.0,0.0,0.0,0.0,0.0,0.0,0,0,0,5,9.285714285714286,2.05038572777247,2.0,14.0,0.327827392744276,1
1157,860,210,13,2025,13,308.176,False,1,401,3.0,3.0,1.0,0.0,0.0,0.0,0.0,0.0,0.0,0.0,0.0,1.0,0,0,2,9.666666666666666,2.0548046676563305,7.0,2.333333333333333,0.327353172720928,2.333333333333333,380.0,311.0,0.8184210526315789,69.0,0.181578947368421,27.0,0.0710526315789473,30.0,0.0789473684210526,12.0,0.031578947368421,0.9289473684210526,0,0,73,10.839473684210526,6.092101852903443,293.0,0.7710526315789473,0.1410019230886551,0.6310457063711911,1.0,1.0,1.0,0.0,0.0,0.0,0.0,0.0,0.0,0.0,0.0,1.0,0.0,0.0,0.0,14.0,0.0,0.0,0.0,1.0,0.0,3.0,3.0,0,0,0.0,0,0.0,0,0.0,3.0,3.0,13.0,2.8284271247461903,0.2612038749637414,0.4,1.0,0.0,0.0,1.0,1.0,1.0,1.0,0.0,0.0,0,0,0,0,20.0,0.0,0.0,0.0,1.0,1
1157,807,15,13,2025,13,308.176,False,1,401,153.0,123.0,0.803921568627451,30.0,0.196078431372549,15.0,0.0980392156862745,14.0,0.0915032679738562,1.0,0.0065359477124183,0.9019607843137256,0,0,65,8.267973856209151,5.366327520580533,331.0,2.1633986928104574,0.1570764301345294,1.73920287069076,210.0,172.0,0.819047619047619,38.0,0.1809523809523809,15.0,0.0714285714285714,18.0,0.0857142857142857,4.0,0.019047619047619,0.9285714285714286,0,0,31,11.057142857142855,6.005281122524093,95.0,0.4523809523809524,0.1427494460978444,0.3705215419501134,12.0,10.0,0.8333333333333334,2.0,0.1666666666666666,1.0,0.0833333333333333,0.0,0.0,1.0,0.0833333333333333,0.8333333333333334,0.0,0.0,4.0,12.583333333333334,6.343741447722751,8.0,0.6666666666666666,0.1361703713452621,0.5555555555555556,153.0,153.0,7,80,0.5228758169934641,0,0.0,1,0.0065359477124183,153.0,153.0,10.673202614379084,3.70449305954654,0.2125627538063344,0.5163398692810458,7.0,5.0,0.7142857142857143,2.0,0.2857142857142857,1.0,0.1428571428571428,1.0,0.1428571428571428,0,0,1,3,7.714285714285714,7.045044574821687,3.4285714285714284,24.0,0.1243001192472776,1
1157,852,9,13,2025,13,308.176,False,1,401,90.0,74.0,0.8222222222222222,16.0,0.1777777777777777,8.0,0.0888888888888888,6.0,0.0666666666666666,2.0,0.0222222222222222,0.9111111111111112,0,0,26,10.088888888888889,5.60088176479471,87.0,0.9666666666666668,0.1514949116848937,0.7948148148148148,418.0,360.0,0.861244019138756,58.0,0.138755980861244,31.0,0.0741626794258373,23.0,0.055023923444976,3.0,0.0071770334928229,0.9258373205741628,72,166,334,3.985645933014354,3.775998830310016,4807.5,11.501196172248804,0.2093802857851808,9.905336416290837,18.0,17.0,0.9444444444444444,1.0,0.0555555555555555,0.0,0.0,1.0,0.0555555555555555,0.0,0.0,0.9444444444444444,0.0,0.0,2.0,13.11111111111111,4.45831169949753,4.0,0.2222222222222222,0.1832068330015041,0.2098765432098765,90.0,90.0,1,29,0.3222222222222222,0,0.0,0,0.0,90.0,90.0,12.744444444444444,3.8774593947615625,0.2050247719281906,0.4127777777777778,4.0,4.0,1.0,0.0,0.0,0.0,0.0,0.0,0.0,0,0,0,1,13.5,2.29128784747792,0.25,1.0,0.303832434700687,1
1157,840,117,13,2025,13,308.176,False,1,401,168.0,142.0,0.8452380952380952,26.0,0.1547619047619047,9.0,0.0535714285714285,14.0,0.0833333333333333,3.0,0.0178571428571428,0.9464285714285714,0,3,60,9.613095238095235,5.285791371166777,286.0,1.7023809523809523,0.1590889580884035,1.4389172335600906,180.0,160.0,0.8888888888888888,20.0,0.1111111111111111,6.0,0.0333333333333333,9.0,0.05,5.0,0.0277777777777777,0.9666666666666668,0,9,85,9.077777777777778,4.894958353648232,492.0,2.7333333333333334,0.1696364825683843,2.4296296296296296,18.0,16.0,0.8888888888888888,2.0,0.1111111111111111,1.0,0.0555555555555555,0.0,0.0,1.0,0.0555555555555555,0.8888888888888888,0.0,0.0,2.0,12.11111111111111,4.5447025191594586,6.0,0.3333333333333333,0.1803523266657764,0.2962962962962963,168.0,168.0,5,40,0.238095238095238,1,0.0059523809523809,1,0.0059523809523809,168.0,168.0,14.023809523809524,4.314913756452565,0.1881498074707141,0.3488095238095238,8.0,8.0,1.0,0.0,0.0,0.0,0.0,0.0,0.0,0,0,0,3,11.75,3.344772040064913,0.625,5.0,0.2301616726444086,1
1157,839,210,13,2025,13,308.176,False,1,401,156.0,133.0,0.8525641025641025,23.0,0.1474358974358974,14.0,0.0897435897435897,9.0,0.0576923076923076,0.0,0.0,0.9102564102564102,1,4,85,8.429487179487179,5.100417503633805,440.0,2.8205128205128207,0.1639232067976224,2.4046679815910585,380.0,311.0,0.8184210526315789,69.0,0.181578947368421,27.0,0.0710526315789473,30.0,0.0789473684210526,12.0,0.031578947368421,0.9289473684210526,0,0,73,10.839473684210526,6.092101852903443,293.0,0.7710526315789473,0.1410019230886551,0.6310457063711911,18.0,17.0,0.9444444444444444,1.0,0.0555555555555555,0.0,0.0,0.0,0.0,1.0,0.0555555555555555,0.9444444444444444,0.0,0.0,2.0,11.72222222222222,4.3051075035687525,5.0,0.2777777777777778,0.1884975939370312,0.2623456790123457,155.0,155.0,11,67,0.432258064516129,0,0.0,0,0.0,155.0,155.0,11.593548387096774,4.460141433015033,0.1831454390454883,0.4703225806451613,8.0,8.0,1.0,0.0,0.0,0.0,0.0,0.0,0.0,0,0,1,7,8.375,3.159806164941134,4.375,35.0,0.240395816619535,1
1157,863,131,13,2025,13,308.176,False,1,401,7.0,5.0,0.7142857142857143,2.0,0.2857142857142857,0.0,0.0,2.0,0.2857142857142857,0.0,0.0,1.0,0,0,0,16.142857142857142,2.4159335036125453,0.0,0.0,0.2927457454726336,0.0,418.0,393.0,0.9401913875598086,25.0,0.0598086124401913,14.0,0.0334928229665071,11.0,0.0263157894736842,0.0,0.0,0.9665071770334928,100,235,376,3.425837320574163,3.0834490090995863,6009.5,14.376794258373206,0.2448910217249175,13.516938142441791,2.0,2.0,1.0,0.0,0.0,0.0,0.0,0.0,0.0,0.0,0.0,1.0,0.0,0.0,0.0,18.0,2.0,0.0,0.0,0.3333333333333333,0.0,7.0,7.0,0,0,0.0,0,0.0,0,0.0,7.0,7.0,16.142857142857142,2.9965967090575765,0.2502128868128419,0.2428571428571428,1.0,1.0,1.0,0.0,0.0,0.0,0.0,0.0,0.0,0,0,0,1,10.0,0.0,1.0,1.0,1.0,1
1157,4,117,13,2025,13,308.176,False,1,401,168.0,132.0,0.7857142857142857,36.0,0.2142857142857142,25.0,0.1488095238095238,7.0,0.0416666666666666,2.0,0.0119047619047619,0.8511904761904762,0,9,87,7.434523809523809,5.181974114719561,562.0,3.345238095238096,0.1617606255611706,2.628401360544218,180.0,160.0,0.8888888888888888,20.0,0.1111111111111111,6.0,0.0333333333333333,9.0,0.05,5.0,0.0277777777777777,0.9666666666666668,0,9,85,9.077777777777778,4.894958353648232,492.0,2.7333333333333334,0.1696364825683843,2.4296296296296296,18.0,15.0,0.8333333333333334,3.0,0.1666666666666666,1.0,0.0555555555555555,1.0,0.0555555555555555,1.0,0.0555555555555555,0.8333333333333334,0.0,0.0,4.0,11.055555555555555,5.854459100380213,8.0,0.4444444444444444,0.1458904321049243,0.3703703703703703,167.0,167.0,16,82,0.4910179640718562,0,0.0,3,0.0179640718562874,167.0,167.0,10.874251497005988,4.100795367161849,0.1960478568573538,0.5062874251497006,8.0,6.0,0.75,2.0,0.25,1.0,0.125,1.0,0.125,0,0,2,4,6.125,4.371427112511428,3.75,30.0,0.1861702633310883,1
1157,832,3,13,2025,13,308.176,False,1,401,208.0,171.0,0.8221153846153846,37.0,0.1778846153846154,20.0,0.0961538461538461,15.0,0.0721153846153846,2.0,0.0096153846153846,0.903846153846154,4,27,139,5.908653846153846,4.283950607004526,1203.5,5.7860576923076925,0.1892523368167706,4.756807045118343,417.0,348.0,0.8345323741007195,69.0,0.1654676258992805,28.0,0.0671462829736211,33.0,0.079136690647482,8.0,0.0191846522781774,0.9328537170263788,0,7,103,10.5947242206235,6.120004622434692,560.0,1.3429256594724222,0.140449347019953,1.1207149388402948,18.0,18.0,1.0,0.0,0.0,0.0,0.0,0.0,0.0,0.0,0.0,1.0,0.0,5.0,17.0,4.888888888888889,2.157387537660844,69.0,3.8333333333333335,0.316717535643677,3.8333333333333335,207.0,207.0,58,142,0.6859903381642513,5,0.0241545893719806,15,0.072463768115942,207.0,207.0,8.51207729468599,4.390217389643142,0.1855212745076697,0.6243961352657005,10.0,5.0,0.5,5.0,0.5,4.0,0.4,1.0,0.1,0,1,1,4,4.0,4.538722287164087,2.45,24.5,0.1805470554675554,1
1157,861,214,13,2025,13,308.176,False,1,401,9.0,6.0,0.6666666666666666,3.0,0.3333333333333333,1.0,0.1111111111111111,2.0,0.2222222222222222,0.0,0.0,0.8888888888888888,0,0,2,7.444444444444445,5.479479113750201,5.0,0.5555555555555556,0.1543333935405216,0.3703703703703703,180.0,153.0,0.85,27.0,0.15,19.0,0.1055555555555555,8.0,0.0444444444444444,0.0,0.0,0.8944444444444445,1,6,96,8.622222222222222,4.939810562669559,498.0,2.7666666666666666,0.1683555375123891,2.3516666666666666,3.0,3.0,1.0,0.0,0.0,0.0,0.0,0.0,0.0,0.0,0.0,1.0,0.0,0.0,0.0,14.0,2.8284271247461903,0.0,0.0,0.2612038749637414,0.0,9.0,9.0,0,1,0.1111111111111111,0,0.0,0,0.0,9.0,9.0,15.77777777777778,3.258417399692255,0.2348290235880276,0.261111111111111,1.0,1.0,1.0,0.0,0.0,0.0,0.0,0.0,0.0,0,0,0,0,18.0,0.0,0.0,0.0,1.0,1
1157,865,215,13,2025,13,308.176,False,1,401,24.0,19.0,0.7916666666666666,5.0,0.2083333333333333,1.0,0.0416666666666666,4.0,0.1666666666666666,0.0,0.0,0.9583333333333334,0,0,5,14.25,3.9712508524812864,19.0,0.7916666666666666,0.2011566162469698,0.626736111111111,48.0,42.0,0.875,6.0,0.125,1.0,0.0208333333333333,2.0,0.0416666666666666,3.0,0.0625,0.9791666666666666,0,0,14,10.875,5.048205126577168,40.0,0.8333333333333334,0.1653383076585442,0.7291666666666667,6.0,6.0,1.0,0.0,0.0,0.0,0.0,0.0,0.0,0.0,0.0,1.0,0.0,0.0,0.0,13.666666666666666,3.5433819375782187,0.0,0.0,0.2201003599827301,0.0,23.0,23.0,0,5,0.217391304347826,0,0.0,0,0.0,23.0,23.0,13.956521739130435,3.735589830262708,0.21116693713833,0.3521739130434782,1.0,1.0,1.0,0.0,0.0,0.0,0.0,0.0,0.0,0,0,0,0,11.0,0.0,0.0,0.0,1.0,1
1158,846,1,11,2025,14,306.67,False,2,264,128.0,118.0,0.921875,10.0,0.078125,4.0,0.03125,5.0,0.0390625,1.0,0.0078125,0.96875,4,26,100,6.5546875,4.371085022891198,950.0,7.421875,0.1861821206959242,6.842041015625,418.0,348.0,0.8325358851674641,70.0,0.1674641148325359,41.0,0.0980861244019138,21.0,0.0502392344497607,5.0,0.0119617224880382,0.901913875598086,7,39,223,7.375598086124402,5.10371641972893,1841.0,4.404306220095694,0.1638346101348546,3.666742977495936,18.0,17.0,0.9444444444444444,1.0,0.0555555555555555,0.0,0.0,0.0,0.0,1.0,0.0555555555555555,0.9444444444444444,1.0,6.0,14.0,6.333333333333333,4.96655480858378,57.0,3.1666666666666665,0.1676009074049484,2.9907407407407405,128.0,128.0,45,104,0.8125,9,0.0703125,14,0.109375,128.0,128.0,7.21875,4.029069177552056,0.19884395395944,0.6890625,6.0,5.0,0.8333333333333334,1.0,0.1666666666666666,0.0,0.0,1.0,0.1666666666666666,0,2,2,4,5.5,4.573474244670748,7.333333333333333,44.0,0.1794213009876526,0
1158,857,1,11,2025,14,306.67,False,2,264,46.0,43.0,0.9347826086956522,3.0,0.0652173913043478,2.0,0.0434782608695652,1.0,0.0217391304347826,0.0,0.0,0.9565217391304348,2,10,34,6.652173913043479,4.564596231033249,347.0,7.543478260869565,0.1797075580116829,7.051512287334594,418.0,348.0,0.8325358851674641,70.0,0.1674641148325359,41.0,0.0980861244019138,21.0,0.0502392344497607,5.0,0.0119617224880382,0.901913875598086,7,39,223,7.375598086124402,5.10371641972893,1841.0,4.404306220095694,0.1638346101348546,3.666742977495936,12.0,12.0,1.0,0.0,0.0,0.0,0.0,0.0,0.0,0.0,0.0,1.0,2.0,5.0,7.0,6.0,3.958114029012639,42.0,3.5,0.2016895928872254,3.5,46.0,46.0,18,38,0.8260869565217391,0,0.0,7,0.1521739130434782,46.0,46.0,7.543478260869565,4.803560824779208,0.1723080071342311,0.6728260869565217,2.0,2.0,1.0,0.0,0.0,0.0,0.0,0.0,0.0,1,1,2,2,3.0,2.0,17.5,35.0,0.3333333333333333,0
1158,847,131,11,2025,14,306.67,False,2,264,128.0,113.0,0.8828125,15.0,0.1171875,8.0,0.0625,6.0,0.046875,1.0,0.0078125,0.9375,3,15,63,8.125,5.955564624785798,664.0,5.1875,0.1437697805921537,4.57958984375,418.0,393.0,0.9401913875598086,25.0,0.0598086124401913,14.0,0.0334928229665071,11.0,0.0263157894736842,0.0,0.0,0.9665071770334928,100,235,376,3.425837320574163,3.0834490090995863,6009.5,14.376794258373206,0.2448910217249175,13.516938142441791,18.0,18.0,1.0,0.0,0.0,0.0,0.0,0.0,0.0,0.0,0.0,1.0,1.0,2.0,13.0,7.277777777777778,4.174067501391519,50.0,2.7777777777777777,0.1932715411484405,2.7777777777777777,128.0,128.0,33,65,0.5078125,4,0.03125,12,0.09375,128.0,128.0,10.328125,5.89903246171565,0.1449478612471001,0.53359375,6.0,6.0,1.0,0.0,0.0,0.0,0.0,0.0,0.0,0,1,1,4,9.833333333333334,5.367080729368205,5.333333333333333,32.0,0.1570578484088466,0
1158,844,6,11,2025,14,306.67,False,2,264,149.0,127.0,0.8523489932885906,22.0,0.1476510067114094,10.0,0.0671140939597315,11.0,0.0738255033557047,0.0,0.0,0.9328859060402684,8,43,112,4.6375838926174495,3.971737004582008,1363.0,9.14765100671141,0.2011369465195743,7.796991126525833,418.0,364.0,0.8708133971291866,54.0,0.1291866028708134,23.0,0.055023923444976,27.0,0.0645933014354067,0.0,0.0,0.944976076555024,27,149,336,4.160287081339713,3.418308699831697,4353.5,10.415071770334928,0.2263309487718891,9.06958402966965,18.0,18.0,1.0,0.0,0.0,0.0,0.0,0.0,0.0,0.0,0.0,1.0,0.0,6.0,16.0,5.055555555555555,2.933943539224644,67.0,3.7222222222222223,0.2541978526201964,3.7222222222222223,149.0,149.0,82,119,0.7986577181208053,23,0.1543624161073825,40,0.2684563758389262,149.0,149.0,6.208053691275167,4.672172608436389,0.1762992893609532,0.7395973154362416,7.0,5.0,0.7142857142857143,2.0,0.2857142857142857,1.0,0.1428571428571428,1.0,0.1428571428571428,0,0,2,4,4.571428571428571,3.619674131234265,5.428571428571429,38.0,0.2164654847056981,0
1158,4,117,11,2025,14,306.67,False,2,264,168.0,132.0,0.7857142857142857,36.0,0.2142857142857142,25.0,0.1488095238095238,7.0,0.0416666666666666,2.0,0.0119047619047619,0.8511904761904762,0,9,87,7.434523809523809,5.181974114719561,562.0,3.345238095238096,0.1617606255611706,2.628401360544218,180.0,160.0,0.8888888888888888,20.0,0.1111111111111111,6.0,0.0333333333333333,9.0,0.05,5.0,0.0277777777777777,0.9666666666666668,0,9,85,9.077777777777778,4.894958353648232,492.0,2.7333333333333334,0.1696364825683843,2.4296296296296296,18.0,15.0,0.8333333333333334,3.0,0.1666666666666666,1.0,0.0555555555555555,1.0,0.0555555555555555,1.0,0.0555555555555555,0.8333333333333334,0.0,0.0,4.0,11.055555555555555,5.854459100380213,8.0,0.4444444444444444,0.1458904321049243,0.3703703703703703,167.0,167.0,16,82,0.4910179640718562,0,0.0,3,0.0179640718562874,167.0,167.0,10.874251497005988,4.100795367161849,0.1960478568573538,0.5062874251497006,8.0,8.0,1.0,0.0,0.0,0.0,0.0,0.0,0.0,0,0,2,7,7.25,2.1065374432940898,5.75,46.0,0.3219018016855533,0
1158,864,15,11,2025,14,306.67,False,2,264,24.0,20.0,0.8333333333333334,4.0,0.1666666666666666,2.0,0.0833333333333333,2.0,0.0833333333333333,0.0,0.0,0.9166666666666666,0,3,14,9.833333333333334,5.763872155263526,135.0,5.625,0.1478443082667991,4.6875,210.0,172.0,0.819047619047619,38.0,0.1809523809523809,15.0,0.0714285714285714,18.0,0.0857142857142857,4.0,0.019047619047619,0.9285714285714286,0,0,31,11.057142857142855,6.005281122524093,95.0,0.4523809523809524,0.1427494460978444,0.3705215419501134,6.0,6.0,1.0,0.0,0.0,0.0,0.0,0.0,0.0,0.0,0.0,1.0,0.0,1.0,5.0,7.833333333333333,4.524623986832743,15.0,2.5,0.1810077939029653,2.5,24.0,24.0,8,16,0.6666666666666666,0,0.0,1,0.0416666666666666,24.0,24.0,8.583333333333334,4.846963539738622,0.1710289440328378,0.6208333333333333,1.0,0.0,0.0,1.0,1.0,0.0,0.0,1.0,1.0,0,0,0,0,18.0,0.0,0.0,0.0,1.0,0
1158,840,117,11,2025,14,306.67,False,2,264,168.0,142.0,0.8452380952380952,26.0,0.1547619047619047,9.0,0.0535714285714285,14.0,0.0833333333333333,3.0,0.0178571428571428,0.9464285714285714,0,3,60,9.613095238095235,5.285791371166777,286.0,1.7023809523809523,0.1590889580884035,1.4389172335600906,180.0,160.0,0.8888888888888888,20.0,0.1111111111111111,6.0,0.0333333333333333,9.0,0.05,5.0,0.0277777777777777,0.9666666666666668,0,9,85,9.077777777777778,4.894958353648232,492.0,2.7333333333333334,0.1696364825683843,2.4296296296296296,18.0,16.0,0.8888888888888888,2.0,0.1111111111111111,1.0,0.0555555555555555,0.0,0.0,1.0,0.0555555555555555,0.8888888888888888,0.0,0.0,2.0,12.11111111111111,4.5447025191594586,6.0,0.3333333333333333,0.1803523266657764,0.2962962962962963,168.0,168.0,5,40,0.238095238095238,1,0.0059523809523809,1,0.0059523809523809,168.0,168.0,14.023809523809524,4.314913756452565,0.1881498074707141,0.3488095238095238,8.0,7.0,0.875,1.0,0.125,0.0,0.0,1.0,0.125,0,0,1,3,10.375,5.588772226527039,1.75,14.0,0.1517733449600674,0
1158,859,215,11,2025,14,306.67,False,2,264,11.0,11.0,1.0,0.0,0.0,0.0,0.0,0.0,0.0,0.0,0.0,1.0,0,0,3,12.909090909090908,3.117532399905868,6.0,0.5454545454545454,0.24286390558162,0.5454545454545454,48.0,42.0,0.875,6.0,0.125,1.0,0.0208333333333333,2.0,0.0416666666666666,3.0,0.0625,0.9791666666666666,0,0,14,10.875,5.048205126577168,40.0,0.8333333333333334,0.1653383076585442,0.7291666666666667,4.0,3.0,0.75,1.0,0.25,0.0,0.0,0.0,0.0,1.0,0.25,0.75,0.0,0.0,0.0,10.25,6.5717197140474575,0.0,0.0,0.1320703932218656,0.0,11.0,11.0,1,2,0.1818181818181818,0,0.0,0,0.0,11.0,11.0,13.363636363636363,4.006193552096493,0.1997525644171748,0.3818181818181818,1.0,0.0,0.0,1.0,1.0,0.0,0.0,1.0,1.0,0,0,0,0,19.0,0.0,0.0,0.0,1.0,0
1158,830,9,11,2025,14,306.67,False,2,264,209.0,179.0,0.8564593301435407,30.0,0.1435406698564593,17.0,0.0813397129186602,13.0,0.062200956937799,0.0,0.0,0.9186602870813396,63,112,172,3.0382775119617227,3.2750278715380032,2912.5,13.935406698564591,0.2339166035987118,11.935109086330442,418.0,360.0,0.861244019138756,58.0,0.138755980861244,31.0,0.0741626794258373,23.0,0.055023923444976,3.0,0.0071770334928229,0.9258373205741628,72,166,334,3.985645933014354,3.775998830310016,4807.5,11.501196172248804,0.2093802857851808,9.905336416290837,18.0,18.0,1.0,0.0,0.0,0.0,0.0,0.0,0.0,0.0,0.0,1.0,11.0,15.0,18.0,2.0,1.7638342073763935,111.0,6.166666666666667,0.3618162034940813,6.166666666666667,209.0,209.0,155,188,0.8995215311004785,43,0.2057416267942583,74,0.354066985645933,209.0,209.0,4.727272727272728,4.254721298455835,0.1903050501068177,0.8136363636363637,10.0,9.0,0.9,1.0,0.1,1.0,0.1,0.0,0.0,2,4,8,9,3.4,2.576819745345025,13.2,132.0,0.2795779690328058,0
1158,863,131,11,2025,14,306.67,False,2,264,7.0,5.0,0.7142857142857143,2.0,0.2857142857142857,0.0,0.0,2.0,0.2857142857142857,0.0,0.0,1.0,0,0,0,16.142857142857142,2.4159335036125453,0.0,0.0,0.2927457454726336,0.0,418.0,393.0,0.9401913875598086,25.0,0.0598086124401913,14.0,0.0334928229665071,11.0,0.0263157894736842,0.0,0.0,0.9665071770334928,100,235,376,3.425837320574163,3.0834490090995863,6009.5,14.376794258373206,0.2448910217249175,13.516938142441791,2.0,2.0,1.0,0.0,0.0,0.0,0.0,0.0,0.0,0.0,0.0,1.0,0.0,0.0,0.0,18.0,2.0,0.0,0.0,0.3333333333333333,0.0,7.0,7.0,0,0,0.0,0,0.0,0,0.0,7.0,7.0,16.142857142857142,2.9965967090575765,0.2502128868128419,0.2428571428571428,1.0,0.0,0.0,1.0,1.0,0.0,0.0,1.0,1.0,0,0,0,0,16.0,0.0,0.0,0.0,1.0,0
1158,865,215,11,2025,14,306.67,False,2,264,24.0,19.0,0.7916666666666666,5.0,0.2083333333333333,1.0,0.0416666666666666,4.0,0.1666666666666666,0.0,0.0,0.9583333333333334,0,0,5,14.25,3.9712508524812864,19.0,0.7916666666666666,0.2011566162469698,0.626736111111111,48.0,42.0,0.875,6.0,0.125,1.0,0.0208333333333333,2.0,0.0416666666666666,3.0,0.0625,0.9791666666666666,0,0,14,10.875,5.048205126577168,40.0,0.8333333333333334,0.1653383076585442,0.7291666666666667,6.0,6.0,1.0,0.0,0.0,0.0,0.0,0.0,0.0,0.0,0.0,1.0,0.0,0.0,0.0,13.666666666666666,3.5433819375782187,0.0,0.0,0.2201003599827301,0.0,23.0,23.0,0,5,0.217391304347826,0,0.0,0,0.0,23.0,23.0,13.956521739130435,3.735589830262708,0.21116693713833,0.3521739130434782,1.0,0.0,0.0,1.0,1.0,0.0,0.0,1.0,1.0,0,0,0,0,17.0,0.0,0.0,0.0,1.0,0
1158,1,6,11,2025,14,306.67,False,2,264,208.0,199.0,0.9567307692307692,9.0,0.0432692307692307,4.0,0.0192307692307692,5.0,0.0240384615384615,0.0,0.0,0.9807692307692308,72,132,194,3.0865384615384617,2.881007358957429,3334.5,16.03125,0.2576650615443909,15.33759014423077,418.0,364.0,0.8708133971291866,54.0,0.1291866028708134,23.0,0.055023923444976,27.0,0.0645933014354067,0.0,0.0,0.944976076555024,27,149,336,4.160287081339713,3.418308699831697,4353.5,10.415071770334928,0.2263309487718891,9.06958402966965,18.0,18.0,1.0,0.0,0.0,0.0,0.0,0.0,0.0,0.0,0.0,1.0,0.0,4.0,14.0,6.777777777777778,3.808697000222802,42.0,2.333333333333333,0.2079565420640283,2.333333333333333,208.0,208.0,159,191,0.9182692307692308,69,0.3317307692307692,107,0.5144230769230769,208.0,208.0,4.057692307692308,4.176000393910521,0.1931993670588749,0.8471153846153847,10.0,10.0,1.0,0.0,0.0,0.0,0.0,0.0,0.0,4,7,9,10,2.5,1.6278820596099708,18.5,185.0,0.3805345815818003,0
1158,807,15,11,2025,14,306.67,False,2,264,153.0,123.0,0.803921568627451,30.0,0.196078431372549,15.0,0.0980392156862745,14.0,0.0915032679738562,1.0,0.0065359477124183,0.9019607843137256,0,0,65,8.267973856209151,5.366327520580533,331.0,2.1633986928104574,0.1570764301345294,1.73920287069076,210.0,172.0,0.819047619047619,38.0,0.1809523809523809,15.0,0.0714285714285714,18.0,0.0857142857142857,4.0,0.019047619047619,0.9285714285714286,0,0,31,11.057142857142855,6.005281122524093,95.0,0.4523809523809524,0.1427494460978444,0.3705215419501134,12.0,10.0,0.8333333333333334,2.0,0.1666666666666666,1.0,0.0833333333333333,0.0,0.0,1.0,0.0833333333333333,0.8333333333333334,0.0,0.0,4.0,12.583333333333334,6.343741447722751,8.0,0.6666666666666666,0.1361703713452621,0.5555555555555556,153.0,153.0,7,80,0.5228758169934641,0,0.0,1,0.0065359477124183,153.0,153.0,10.673202614379084,3.70449305954654,0.2125627538063344,0.5163398692810458,7.0,6.0,0.8571428571428571,1.0,0.1428571428571428,1.0,0.1428571428571428,0.0,0.0,0,0,0,1,11.142857142857142,4.969293465978883,0.1428571428571428,1.0,0.1675240136373515,0
1158,832,3,11,2025,14,306.67,False,2,264,208.0,171.0,0.8221153846153846,37.0,0.1778846153846154,20.0,0.0961538461538461,15.0,0.0721153846153846,2.0,0.0096153846153846,0.903846153846154,4,27,139,5.908653846153846,4.283950607004526,1203.5,5.7860576923076925,0.1892523368167706,4.756807045118343,417.0,348.0,0.8345323741007195,69.0,0.1654676258992805,28.0,0.0671462829736211,33.0,0.079136690647482,8.0,0.0191846522781774,0.9328537170263788,0,7,103,10.5947242206235,6.120004622434692,560.0,1.3429256594724222,0.140449347019953,1.1207149388402948,18.0,18.0,1.0,0.0,0.0,0.0,0.0,0.0,0.0,0.0,0.0,1.0,0.0,5.0,17.0,4.888888888888889,2.157387537660844,69.0,3.8333333333333335,0.316717535643677,3.8333333333333335,207.0,207.0,58,142,0.6859903381642513,5,0.0241545893719806,15,0.072463768115942,207.0,207.0,8.51207729468599,4.390217389643142,0.1855212745076697,0.6243961352657005,10.0,9.0,0.9,1.0,0.1,1.0,0.1,0.0,0.0,0,1,3,9,5.9,2.773084924772409,6.3,63.0,0.2650351158105246,0
1158,848,3,11,2025,14,306.67,False,2,264,105.0,88.0,0.8380952380952381,17.0,0.1619047619047619,6.0,0.0571428571428571,9.0,0.0857142857142857,2.0,0.019047619047619,0.9428571428571428,0,2,39,8.895238095238096,5.215222790335468,238.0,2.2666666666666666,0.1608952782119053,1.89968253968254,417.0,348.0,0.8345323741007195,69.0,0.1654676258992805,28.0,0.0671462829736211,33.0,0.079136690647482,8.0,0.0191846522781774,0.9328537170263788,0,7,103,10.5947242206235,6.120004622434692,560.0,1.3429256594724222,0.140449347019953,1.1207149388402948,15.0,14.0,0.9333333333333332,1.0,0.0666666666666666,0.0,0.0,0.0,0.0,1.0,0.0666666666666666,0.9333333333333332,0.0,0.0,1.0,12.533333333333331,4.716872787015662,2.0,0.1333333333333333,0.1749208067514167,0.1244444444444444,104.0,104.0,9,38,0.3653846153846153,0,0.0,0,0.0,104.0,104.0,11.961538461538462,4.369745365145779,0.1862285698854272,0.4519230769230769,5.0,5.0,1.0,0.0,0.0,0.0,0.0,0.0,0.0,0,0,1,2,11.4,4.029888335921974,2.2,11.0,0.198811570598555,0
1158,839,210,11,2025,14,306.67,False,2,264,156.0,133.0,0.8525641025641025,23.0,0.1474358974358974,14.0,0.0897435897435897,9.0,0.0576923076923076,0.0,0.0,0.9102564102564102,1,4,85,8.429487179487179,5.100417503633805,440.0,2.8205128205128207,0.1639232067976224,2.4046679815910585,380.0,311.0,0.8184210526315789,69.0,0.181578947368421,27.0,0.0710526315789473,30.0,0.0789473684210526,12.0,0.031578947368421,0.9289473684210526,0,0,73,10.839473684210526,6.092101852903443,293.0,0.7710526315789473,0.1410019230886551,0.6310457063711911,18.0,17.0,0.9444444444444444,1.0,0.0555555555555555,0.0,0.0,0.0,0.0,1.0,0.0555555555555555,0.9444444444444444,0.0,0.0,2.0,11.72222222222222,4.3051075035687525,5.0,0.2777777777777778,0.1884975939370312,0.2623456790123457,155.0,155.0,11,67,0.432258064516129,0,0.0,0,0.0,155.0,155.0,11.593548387096774,4.460141433015033,0.1831454390454883,0.4703225806451613,7.0,6.0,0.8571428571428571,1.0,0.1428571428571428,0.0,0.0,1.0,0.1428571428571428,1,1,1,3,9.142857142857142,6.174337938564088,4.142857142857143,29.0,0.1393856838865532,0
1158,852,9,11,2025,14,306.67,False,2,264,90.0,74.0,0.8222222222222222,16.0,0.1777777777777777,8.0,0.0888888888888888,6.0,0.0666666666666666,2.0,0.0222222222222222,0.9111111111111112,0,0,26,10.088888888888889,5.60088176479471,87.0,0.9666666666666668,0.1514949116848937,0.7948148148148148,418.0,360.0,0.861244019138756,58.0,0.138755980861244,31.0,0.0741626794258373,23.0,0.055023923444976,3.0,0.0071770334928229,0.9258373205741628,72,166,334,3.985645933014354,3.775998830310016,4807.5,11.501196172248804,0.2093802857851808,9.905336416290837,18.0,17.0,0.9444444444444444,1.0,0.0555555555555555,0.0,0.0,1.0,0.0555555555555555,0.0,0.0,0.9444444444444444,0.0,0.0,2.0,13.11111111111111,4.45831169949753,4.0,0.2222222222222222,0.1832068330015041,0.2098765432098765,90.0,90.0,1,29,0.3222222222222222,0,0.0,0,0.0,90.0,90.0,12.744444444444444,3.8774593947615625,0.2050247719281906,0.4127777777777778,4.0,4.0,1.0,0.0,0.0,0.0,0.0,0.0,0.0,0,0,0,2,12.25,5.068283733178324,2.5,10.0,0.1647912398249447,0
1158,861,214,11,2025,14,306.67,False,2,264,9.0,6.0,0.6666666666666666,3.0,0.3333333333333333,1.0,0.1111111111111111,2.0,0.2222222222222222,0.0,0.0,0.8888888888888888,0,0,2,7.444444444444445,5.479479113750201,5.0,0.5555555555555556,0.1543333935405216,0.3703703703703703,180.0,153.0,0.85,27.0,0.15,19.0,0.1055555555555555,8.0,0.0444444444444444,0.0,0.0,0.8944444444444445,1,6,96,8.622222222222222,4.939810562669559,498.0,2.7666666666666666,0.1683555375123891,2.3516666666666666,3.0,3.0,1.0,0.0,0.0,0.0,0.0,0.0,0.0,0.0,0.0,1.0,0.0,0.0,0.0,14.0,2.8284271247461903,0.0,0.0,0.2612038749637414,0.0,9.0,9.0,0,1,0.1111111111111111,0,0.0,0,0.0,9.0,9.0,15.77777777777778,3.258417399692255,0.2348290235880276,0.261111111111111,1.0,0.0,0.0,1.0,1.0,1.0,1.0,0.0,0.0,0,0,0,0,20.0,0.0,0.0,0.0,1.0,0
1158,842,214,11,2025,14,306.67,False,2,264,154.0,133.0,0.8636363636363636,21.0,0.1363636363636363,14.0,0.0909090909090909,7.0,0.0454545454545454,0.0,0.0,0.9090909090909092,1,5,70,8.779220779220779,4.8953287477613925,426.0,2.7662337662337664,0.1696258245784385,2.389020070838253,180.0,153.0,0.85,27.0,0.15,19.0,0.1055555555555555,8.0,0.0444444444444444,0.0,0.0,0.8944444444444445,1,6,96,8.622222222222222,4.939810562669559,498.0,2.7666666666666666,0.1683555375123891,2.3516666666666666,18.0,17.0,0.9444444444444444,1.0,0.0555555555555555,0.0,0.0,1.0,0.0555555555555555,0.0,0.0,0.9444444444444444,0.0,1.0,4.0,10.444444444444445,4.323350324076381,10.0,0.5555555555555556,0.1878516233427683,0.5246913580246914,153.0,153.0,18,73,0.477124183006536,0,0.0,0,0.0,153.0,153.0,11.15032679738562,4.500938524976961,0.1817871614924451,0.492483660130719,7.0,4.0,0.5714285714285714,3.0,0.4285714285714285,2.0,0.2857142857142857,1.0,0.1428571428571428,0,0,1,3,4.142857142857143,4.15515416349971,3.857142857142857,27.0,0.1939806198387526,0
1158,860,210,11,2025,14,306.67,False,2,264,3.0,3.0,1.0,0.0,0.0,0.0,0.0,0.0,0.0,0.0,0.0,1.0,0,0,2,9.666666666666666,2.0548046676563305,7.0,2.333333333333333,0.327353172720928,2.333333333333333,380.0,311.0,0.8184210526315789,69.0,0.181578947368421,27.0,0.0710526315789473,30.0,0.0789473684210526,12.0,0.031578947368421,0.9289473684210526,0,0,73,10.839473684210526,6.092101852903443,293.0,0.7710526315789473,0.1410019230886551,0.6310457063711911,1.0,1.0,1.0,0.0,0.0,0.0,0.0,0.0,0.0,0.0,0.0,1.0,0.0,0.0,0.0,14.0,0.0,0.0,0.0,1.0,0.0,3.0,3.0,0,0,0.0,0,0.0,0,0.0,3.0,3.0,13.0,2.8284271247461903,0.2612038749637414,0.4,1.0,1.0,1.0,0.0,0.0,0.0,0.0,0.0,0.0,0,0,0,0,11.0,0.0,0.0,0.0,1.0,0
1159,857,1,39,2025,15,306.648,False,0,6,46.0,43.0,0.9347826086956522,3.0,0.0652173913043478,2.0,0.0434782608695652,1.0,0.0217391304347826,0.0,0.0,0.9565217391304348,2,10,34,6.652173913043479,4.564596231033249,347.0,7.543478260869565,0.1797075580116829,7.051512287334594,418.0,348.0,0.8325358851674641,70.0,0.1674641148325359,41.0,0.0980861244019138,21.0,0.0502392344497607,5.0,0.0119617224880382,0.901913875598086,7,39,223,7.375598086124402,5.10371641972893,1841.0,4.404306220095694,0.1638346101348546,3.666742977495936,12.0,12.0,1.0,0.0,0.0,0.0,0.0,0.0,0.0,0.0,0.0,1.0,2.0,5.0,7.0,6.0,3.958114029012639,42.0,3.5,0.2016895928872254,3.5,46.0,46.0,18,38,0.8260869565217391,0,0.0,7,0.1521739130434782,46.0,46.0,7.543478260869565,4.803560824779208,0.1723080071342311,0.6728260869565217,2.0,2.0,1.0,0.0,0.0,0.0,0.0,0.0,0.0,0,0,1,2,6.5,2.5,7.0,14.0,0.2857142857142857,0
1159,830,9,39,2025,15,306.648,False,0,6,209.0,179.0,0.8564593301435407,30.0,0.1435406698564593,17.0,0.0813397129186602,13.0,0.062200956937799,0.0,0.0,0.9186602870813396,63,112,172,3.0382775119617227,3.2750278715380032,2912.5,13.935406698564591,0.2339166035987118,11.935109086330442,418.0,360.0,0.861244019138756,58.0,0.138755980861244,31.0,0.0741626794258373,23.0,0.055023923444976,3.0,0.0071770334928229,0.9258373205741628,72,166,334,3.985645933014354,3.775998830310016,4807.5,11.501196172248804,0.2093802857851808,9.905336416290837,18.0,18.0,1.0,0.0,0.0,0.0,0.0,0.0,0.0,0.0,0.0,1.0,11.0,15.0,18.0,2.0,1.7638342073763935,111.0,6.166666666666667,0.3618162034940813,6.166666666666667,209.0,209.0,155,188,0.8995215311004785,43,0.2057416267942583,74,0.354066985645933,209.0,209.0,4.727272727272728,4.254721298455835,0.1903050501068177,0.8136363636363637,4.0,4.0,1.0,0.0,0.0,0.0,0.0,0.0,0.0,3,4,4,4,1.25,0.4330127018922193,23.5,94.0,0.6978305207480379,0
1159,865,215,39,2025,15,306.648,False,0,6,24.0,19.0,0.7916666666666666,5.0,0.2083333333333333,1.0,0.0416666666666666,4.0,0.1666666666666666,0.0,0.0,0.9583333333333334,0,0,5,14.25,3.9712508524812864,19.0,0.7916666666666666,0.2011566162469698,0.626736111111111,48.0,42.0,0.875,6.0,0.125,1.0,0.0208333333333333,2.0,0.0416666666666666,3.0,0.0625,0.9791666666666666,0,0,14,10.875,5.048205126577168,40.0,0.8333333333333334,0.1653383076585442,0.7291666666666667,6.0,6.0,1.0,0.0,0.0,0.0,0.0,0.0,0.0,0.0,0.0,1.0,0.0,0.0,0.0,13.666666666666666,3.5433819375782187,0.0,0.0,0.2201003599827301,0.0,23.0,23.0,0,5,0.217391304347826,0,0.0,0,0.0,23.0,23.0,13.956521739130435,3.735589830262708,0.21116693713833,0.3521739130434782,1.0,1.0,1.0,0.0,0.0,0.0,0.0,0.0,0.0,0,0,0,0,13.0,0.0,0.0,0.0,1.0,0
1159,847,131,39,2025,15,306.648,False,0,6,128.0,113.0,0.8828125,15.0,0.1171875,8.0,0.0625,6.0,0.046875,1.0,0.0078125,0.9375,3,15,63,8.125,5.955564624785798,664.0,5.1875,0.1437697805921537,4.57958984375,418.0,393.0,0.9401913875598086,25.0,0.0598086124401913,14.0,0.0334928229665071,11.0,0.0263157894736842,0.0,0.0,0.9665071770334928,100,235,376,3.425837320574163,3.0834490090995863,6009.5,14.376794258373206,0.2448910217249175,13.516938142441791,18.0,18.0,1.0,0.0,0.0,0.0,0.0,0.0,0.0,0.0,0.0,1.0,1.0,2.0,13.0,7.277777777777778,4.174067501391519,50.0,2.7777777777777777,0.1932715411484405,2.7777777777777777,128.0,128.0,33,65,0.5078125,4,0.03125,12,0.09375,128.0,128.0,10.328125,5.89903246171565,0.1449478612471001,0.53359375,4.0,4.0,1.0,0.0,0.0,0.0,0.0,0.0,0.0,0,1,1,2,10.75,6.49519052838329,6.0,24.0,0.133418889915224,0
1159,848,3,39,2025,15,306.648,False,0,6,105.0,88.0,0.8380952380952381,17.0,0.1619047619047619,6.0,0.0571428571428571,9.0,0.0857142857142857,2.0,0.019047619047619,0.9428571428571428,0,2,39,8.895238095238096,5.215222790335468,238.0,2.2666666666666666,0.1608952782119053,1.89968253968254,417.0,348.0,0.8345323741007195,69.0,0.1654676258992805,28.0,0.0671462829736211,33.0,0.079136690647482,8.0,0.0191846522781774,0.9328537170263788,0,7,103,10.5947242206235,6.120004622434692,560.0,1.3429256594724222,0.140449347019953,1.1207149388402948,15.0,14.0,0.9333333333333332,1.0,0.0666666666666666,0.0,0.0,0.0,0.0,1.0,0.0666666666666666,0.9333333333333332,0.0,0.0,1.0,12.533333333333331,4.716872787015662,2.0,0.1333333333333333,0.1749208067514167,0.1244444444444444,104.0,104.0,9,38,0.3653846153846153,0,0.0,0,0.0,104.0,104.0,11.961538461538462,4.369745365145779,0.1862285698854272,0.4519230769230769,3.0,3.0,1.0,0.0,0.0,0.0,0.0,0.0,0.0,0,0,0,1,11.333333333333334,2.4944382578492896,1.3333333333333333,4.0,0.2861690280988014,0
1159,860,210,39,2025,15,306.648,False,0,6,3.0,3.0,1.0,0.0,0.0,0.0,0.0,0.0,0.0,0.0,0.0,1.0,0,0,2,9.666666666666666,2.0548046676563305,7.0,2.333333333333333,0.327353172720928,2.333333333333333,380.0,311.0,0.8184210526315789,69.0,0.181578947368421,27.0,0.0710526315789473,30.0,0.0789473684210526,12.0,0.031578947368421,0.9289473684210526,0,0,73,10.839473684210526,6.092101852903443,293.0,0.7710526315789473,0.1410019230886551,0.6310457063711911,1.0,1.0,1.0,0.0,0.0,0.0,0.0,0.0,0.0,0.0,0.0,1.0,0.0,0.0,0.0,14.0,0.0,0.0,0.0,1.0,0.0,3.0,3.0,0,0,0.0,0,0.0,0,0.0,3.0,3.0,13.0,2.8284271247461903,0.2612038749637414,0.4,1.0,1.0,1.0,0.0,0.0,0.0,0.0,0.0,0.0,0,0,1,1,4.0,0.0,12.0,12.0,1.0,0
1159,840,117,39,2025,15,306.648,False,0,6,168.0,142.0,0.8452380952380952,26.0,0.1547619047619047,9.0,0.0535714285714285,14.0,0.0833333333333333,3.0,0.0178571428571428,0.9464285714285714,0,3,60,9.613095238095235,5.285791371166777,286.0,1.7023809523809523,0.1590889580884035,1.4389172335600906,180.0,160.0,0.8888888888888888,20.0,0.1111111111111111,6.0,0.0333333333333333,9.0,0.05,5.0,0.0277777777777777,0.9666666666666668,0,9,85,9.077777777777778,4.894958353648232,492.0,2.7333333333333334,0.1696364825683843,2.4296296296296296,18.0,16.0,0.8888888888888888,2.0,0.1111111111111111,1.0,0.0555555555555555,0.0,0.0,1.0,0.0555555555555555,0.8888888888888888,0.0,0.0,2.0,12.11111111111111,4.5447025191594586,6.0,0.3333333333333333,0.1803523266657764,0.2962962962962963,168.0,168.0,5,40,0.238095238095238,1,0.0059523809523809,1,0.0059523809523809,168.0,168.0,14.023809523809524,4.314913756452565,0.1881498074707141,0.3488095238095238,4.0,4.0,1.0,0.0,0.0,0.0,0.0,0.0,0.0,0,0,0,1,11.5,1.118033988749895,0.25,1.0,0.4721359549995794,0
1159,4,117,39,2025,15,306.648,False,0,6,168.0,132.0,0.7857142857142857,36.0,0.2142857142857142,25.0,0.1488095238095238,7.0,0.0416666666666666,2.0,0.0119047619047619,0.8511904761904762,0,9,87,7.434523809523809,5.181974114719561,562.0,3.345238095238096,0.1617606255611706,2.628401360544218,180.0,160.0,0.8888888888888888,20.0,0.1111111111111111,6.0,0.0333333333333333,9.0,0.05,5.0,0.0277777777777777,0.9666666666666668,0,9,85,9.077777777777778,4.894958353648232,492.0,2.7333333333333334,0.1696364825683843,2.4296296296296296,18.0,15.0,0.8333333333333334,3.0,0.1666666666666666,1.0,0.0555555555555555,1.0,0.0555555555555555,1.0,0.0555555555555555,0.8333333333333334,0.0,0.0,4.0,11.055555555555555,5.854459100380213,8.0,0.4444444444444444,0.1458904321049243,0.3703703703703703,167.0,167.0,16,82,0.4910179640718562,0,0.0,3,0.0179640718562874,167.0,167.0,10.874251497005988,4.100795367161849,0.1960478568573538,0.5062874251497006,4.0,4.0,1.0,0.0,0.0,0.0,0.0,0.0,0.0,0,1,1,4,6.0,2.8284271247461903,9.0,36.0,0.2612038749637414,0
1159,852,9,39,2025,15,306.648,False,0,6,90.0,74.0,0.8222222222222222,16.0,0.1777777777777777,8.0,0.0888888888888888,6.0,0.0666666666666666,2.0,0.0222222222222222,0.9111111111111112,0,0,26,10.088888888888889,5.60088176479471,87.0,0.9666666666666668,0.1514949116848937,0.7948148148148148,418.0,360.0,0.861244019138756,58.0,0.138755980861244,31.0,0.0741626794258373,23.0,0.055023923444976,3.0,0.0071770334928229,0.9258373205741628,72,166,334,3.985645933014354,3.775998830310016,4807.5,11.501196172248804,0.2093802857851808,9.905336416290837,18.0,17.0,0.9444444444444444,1.0,0.0555555555555555,0.0,0.0,1.0,0.0555555555555555,0.0,0.0,0.9444444444444444,0.0,0.0,2.0,13.11111111111111,4.45831169949753,4.0,0.2222222222222222,0.1832068330015041,0.2098765432098765,90.0,90.0,1,29,0.3222222222222222,0,0.0,0,0.0,90.0,90.0,12.744444444444444,3.8774593947615625,0.2050247719281906,0.4127777777777778,4.0,2.0,0.5,2.0,0.5,2.0,0.5,0.0,0.0,0,0,0,0,8.0,8.031189202104505,0.0,0.0,0.1107273890095197,0
1159,839,210,39,2025,15,306.648,False,0,6,156.0,133.0,0.8525641025641025,23.0,0.1474358974358974,14.0,0.0897435897435897,9.0,0.0576923076923076,0.0,0.0,0.9102564102564102,1,4,85,8.429487179487179,5.100417503633805,440.0,2.8205128205128207,0.1639232067976224,2.4046679815910585,380.0,311.0,0.8184210526315789,69.0,0.181578947368421,27.0,0.0710526315789473,30.0,0.0789473684210526,12.0,0.031578947368421,0.9289473684210526,0,0,73,10.839473684210526,6.092101852903443,293.0,0.7710526315789473,0.1410019230886551,0.6310457063711911,18.0,17.0,0.9444444444444444,1.0,0.0555555555555555,0.0,0.0,0.0,0.0,1.0,0.0555555555555555,0.9444444444444444,0.0,0.0,2.0,11.72222222222222,4.3051075035687525,5.0,0.2777777777777778,0.1884975939370312,0.2623456790123457,155.0,155.0,11,67,0.432258064516129,0,0.0,0,0.0,155.0,155.0,11.593548387096774,4.460141433015033,0.1831454390454883,0.4703225806451613,4.0,4.0,1.0,0.0,0.0,0.0,0.0,0.0,0.0,0,0,0,3,10.75,2.48746859276655,1.25,5.0,0.286740933545359,0
1159,861,214,39,2025,15,306.648,False,0,6,9.0,6.0,0.6666666666666666,3.0,0.3333333333333333,1.0,0.1111111111111111,2.0,0.2222222222222222,0.0,0.0,0.8888888888888888,0,0,2,7.444444444444445,5.479479113750201,5.0,0.5555555555555556,0.1543333935405216,0.3703703703703703,180.0,153.0,0.85,27.0,0.15,19.0,0.1055555555555555,8.0,0.0444444444444444,0.0,0.0,0.8944444444444445,1,6,96,8.622222222222222,4.939810562669559,498.0,2.7666666666666666,0.1683555375123891,2.3516666666666666,3.0,3.0,1.0,0.0,0.0,0.0,0.0,0.0,0.0,0.0,0.0,1.0,0.0,0.0,0.0,14.0,2.8284271247461903,0.0,0.0,0.2612038749637414,0.0,9.0,9.0,0,1,0.1111111111111111,0,0.0,0,0.0,9.0,9.0,15.77777777777778,3.258417399692255,0.2348290235880276,0.261111111111111,2.0,2.0,1.0,0.0,0.0,0.0,0.0,0.0,0.0,0,0,0,0,14.0,2.0,0.0,0.0,0.3333333333333333,0
1159,859,215,39,2025,15,306.648,False,0,6,11.0,11.0,1.0,0.0,0.0,0.0,0.0,0.0,0.0,0.0,0.0,1.0,0,0,3,12.909090909090908,3.117532399905868,6.0,0.5454545454545454,0.24286390558162,0.5454545454545454,48.0,42.0,0.875,6.0,0.125,1.0,0.0208333333333333,2.0,0.0416666666666666,3.0,0.0625,0.9791666666666666,0,0,14,10.875,5.048205126577168,40.0,0.8333333333333334,0.1653383076585442,0.7291666666666667,4.0,3.0,0.75,1.0,0.25,0.0,0.0,0.0,0.0,1.0,0.25,0.75,0.0,0.0,0.0,10.25,6.5717197140474575,0.0,0.0,0.1320703932218656,0.0,11.0,11.0,1,2,0.1818181818181818,0,0.0,0,0.0,11.0,11.0,13.363636363636363,4.006193552096493,0.1997525644171748,0.3818181818181818,1.0,1.0,1.0,0.0,0.0,0.0,0.0,0.0,0.0,0,0,0,0,13.0,0.0,0.0,0.0,1.0,0
1159,832,3,39,2025,15,306.648,False,0,6,208.0,171.0,0.8221153846153846,37.0,0.1778846153846154,20.0,0.0961538461538461,15.0,0.0721153846153846,2.0,0.0096153846153846,0.903846153846154,4,27,139,5.908653846153846,4.283950607004526,1203.5,5.7860576923076925,0.1892523368167706,4.756807045118343,417.0,348.0,0.8345323741007195,69.0,0.1654676258992805,28.0,0.0671462829736211,33.0,0.079136690647482,8.0,0.0191846522781774,0.9328537170263788,0,7,103,10.5947242206235,6.120004622434692,560.0,1.3429256594724222,0.140449347019953,1.1207149388402948,18.0,18.0,1.0,0.0,0.0,0.0,0.0,0.0,0.0,0.0,0.0,1.0,0.0,5.0,17.0,4.888888888888889,2.157387537660844,69.0,3.8333333333333335,0.316717535643677,3.8333333333333335,207.0,207.0,58,142,0.6859903381642513,5,0.0241545893719806,15,0.072463768115942,207.0,207.0,8.51207729468599,4.390217389643142,0.1855212745076697,0.6243961352657005,4.0,4.0,1.0,0.0,0.0,0.0,0.0,0.0,0.0,0,0,2,4,6.25,1.299038105676658,7.5,30.0,0.4349645173478661,0
1159,807,15,39,2025,15,306.648,False,0,6,153.0,123.0,0.803921568627451,30.0,0.196078431372549,15.0,0.0980392156862745,14.0,0.0915032679738562,1.0,0.0065359477124183,0.9019607843137256,0,0,65,8.267973856209151,5.366327520580533,331.0,2.1633986928104574,0.1570764301345294,1.73920287069076,210.0,172.0,0.819047619047619,38.0,0.1809523809523809,15.0,0.0714285714285714,18.0,0.0857142857142857,4.0,0.019047619047619,0.9285714285714286,0,0,31,11.057142857142855,6.005281122524093,95.0,0.4523809523809524,0.1427494460978444,0.3705215419501134,12.0,10.0,0.8333333333333334,2.0,0.1666666666666666,1.0,0.0833333333333333,0.0,0.0,1.0,0.0833333333333333,0.8333333333333334,0.0,0.0,4.0,12.583333333333334,6.343741447722751,8.0,0.6666666666666666,0.1361703713452621,0.5555555555555556,153.0,153.0,7,80,0.5228758169934641,0,0.0,1,0.0065359477124183,153.0,153.0,10.673202614379084,3.70449305954654,0.2125627538063344,0.5163398692810458,2.0,2.0,1.0,0.0,0.0,0.0,0.0,0.0,0.0,0,0,0,0,11.5,0.5,0.0,0.0,0.6666666666666666,0
1159,864,15,39,2025,15,306.648,False,0,6,24.0,20.0,0.8333333333333334,4.0,0.1666666666666666,2.0,0.0833333333333333,2.0,0.0833333333333333,0.0,0.0,0.9166666666666666,0,3,14,9.833333333333334,5.763872155263526,135.0,5.625,0.1478443082667991,4.6875,210.0,172.0,0.819047619047619,38.0,0.1809523809523809,15.0,0.0714285714285714,18.0,0.0857142857142857,4.0,0.019047619047619,0.9285714285714286,0,0,31,11.057142857142855,6.005281122524093,95.0,0.4523809523809524,0.1427494460978444,0.3705215419501134,6.0,6.0,1.0,0.0,0.0,0.0,0.0,0.0,0.0,0.0,0.0,1.0,0.0,1.0,5.0,7.833333333333333,4.524623986832743,15.0,2.5,0.1810077939029653,2.5,24.0,24.0,8,16,0.6666666666666666,0,0.0,1,0.0416666666666666,24.0,24.0,8.583333333333334,4.846963539738622,0.1710289440328378,0.6208333333333333,1.0,1.0,1.0,0.0,0.0,0.0,0.0,0.0,0.0,0,0,0,1,10.0,0.0,1.0,1.0,1.0,0
1159,863,131,39,2025,15,306.648,False,0,6,7.0,5.0,0.7142857142857143,2.0,0.2857142857142857,0.0,0.0,2.0,0.2857142857142857,0.0,0.0,1.0,0,0,0,16.142857142857142,2.4159335036125453,0.0,0.0,0.2927457454726336,0.0,418.0,393.0,0.9401913875598086,25.0,0.0598086124401913,14.0,0.0334928229665071,11.0,0.0263157894736842,0.0,0.0,0.9665071770334928,100,235,376,3.425837320574163,3.0834490090995863,6009.5,14.376794258373206,0.2448910217249175,13.516938142441791,2.0,2.0,1.0,0.0,0.0,0.0,0.0,0.0,0.0,0.0,0.0,1.0,0.0,0.0,0.0,18.0,2.0,0.0,0.0,0.3333333333333333,0.0,7.0,7.0,0,0,0.0,0,0.0,0,0.0,7.0,7.0,16.142857142857142,2.9965967090575765,0.2502128868128419,0.2428571428571428,1.0,1.0,1.0,0.0,0.0,0.0,0.0,0.0,0.0,0,0,0,1,6.0,0.0,8.0,8.0,1.0,0
1159,842,214,39,2025,15,306.648,False,0,6,154.0,133.0,0.8636363636363636,21.0,0.1363636363636363,14.0,0.0909090909090909,7.0,0.0454545454545454,0.0,0.0,0.9090909090909092,1,5,70,8.779220779220779,4.8953287477613925,426.0,2.7662337662337664,0.1696258245784385,2.389020070838253,180.0,153.0,0.85,27.0,0.15,19.0,0.1055555555555555,8.0,0.0444444444444444,0.0,0.0,0.8944444444444445,1,6,96,8.622222222222222,4.939810562669559,498.0,2.7666666666666666,0.1683555375123891,2.3516666666666666,18.0,17.0,0.9444444444444444,1.0,0.0555555555555555,0.0,0.0,1.0,0.0555555555555555,0.0,0.0,0.9444444444444444,0.0,1.0,4.0,10.444444444444445,4.323350324076381,10.0,0.5555555555555556,0.1878516233427683,0.5246913580246914,153.0,153.0,18,73,0.477124183006536,0,0.0,0,0.0,153.0,153.0,11.15032679738562,4.500938524976961,0.1817871614924451,0.492483660130719,4.0,4.0,1.0,0.0,0.0,0.0,0.0,0.0,0.0,0,1,2,3,6.75,3.344772040064913,7.25,29.0,0.2301616726444086,0
1159,846,1,39,2025,15,306.648,False,0,6,128.0,118.0,0.921875,10.0,0.078125,4.0,0.03125,5.0,0.0390625,1.0,0.0078125,0.96875,4,26,100,6.5546875,4.371085022891198,950.0,7.421875,0.1861821206959242,6.842041015625,418.0,348.0,0.8325358851674641,70.0,0.1674641148325359,41.0,0.0980861244019138,21.0,0.0502392344497607,5.0,0.0119617224880382,0.901913875598086,7,39,223,7.375598086124402,5.10371641972893,1841.0,4.404306220095694,0.1638346101348546,3.666742977495936,18.0,17.0,0.9444444444444444,1.0,0.0555555555555555,0.0,0.0,0.0,0.0,1.0,0.0555555555555555,0.9444444444444444,1.0,6.0,14.0,6.333333333333333,4.96655480858378,57.0,3.1666666666666665,0.1676009074049484,2.9907407407407405,128.0,128.0,45,104,0.8125,9,0.0703125,14,0.109375,128.0,128.0,7.21875,4.029069177552056,0.19884395395944,0.6890625,4.0,4.0,1.0,0.0,0.0,0.0,0.0,0.0,0.0,1,1,1,4,6.25,3.2691742076555053,9.75,39.0,0.2342373375644392,0
1159,844,6,39,2025,15,306.648,False,0,6,149.0,127.0,0.8523489932885906,22.0,0.1476510067114094,10.0,0.0671140939597315,11.0,0.0738255033557047,0.0,0.0,0.9328859060402684,8,43,112,4.6375838926174495,3.971737004582008,1363.0,9.14765100671141,0.2011369465195743,7.796991126525833,418.0,364.0,0.8708133971291866,54.0,0.1291866028708134,23.0,0.055023923444976,27.0,0.0645933014354067,0.0,0.0,0.944976076555024,27,149,336,4.160287081339713,3.418308699831697,4353.5,10.415071770334928,0.2263309487718891,9.06958402966965,18.0,18.0,1.0,0.0,0.0,0.0,0.0,0.0,0.0,0.0,0.0,1.0,0.0,6.0,16.0,5.055555555555555,2.933943539224644,67.0,3.7222222222222223,0.2541978526201964,3.7222222222222223,149.0,149.0,82,119,0.7986577181208053,23,0.1543624161073825,40,0.2684563758389262,149.0,149.0,6.208053691275167,4.672172608436389,0.1762992893609532,0.7395973154362416,4.0,3.0,0.75,1.0,0.25,1.0,0.25,0.0,0.0,0,2,3,3,2.75,1.7853571071357126,10.0,40.0,0.3590203918334685,0
1159,1,6,39,2025,15,306.648,False,0,6,208.0,199.0,0.9567307692307692,9.0,0.0432692307692307,4.0,0.0192307692307692,5.0,0.0240384615384615,0.0,0.0,0.9807692307692308,72,132,194,3.0865384615384617,2.881007358957429,3334.5,16.03125,0.2576650615443909,15.33759014423077,418.0,364.0,0.8708133971291866,54.0,0.1291866028708134,23.0,0.055023923444976,27.0,0.0645933014354067,0.0,0.0,0.944976076555024,27,149,336,4.160287081339713,3.418308699831697,4353.5,10.415071770334928,0.2263309487718891,9.06958402966965,18.0,18.0,1.0,0.0,0.0,0.0,0.0,0.0,0.0,0.0,0.0,1.0,0.0,4.0,14.0,6.777777777777778,3.808697000222802,42.0,2.333333333333333,0.2079565420640283,2.333333333333333,208.0,208.0,159,191,0.9182692307692308,69,0.3317307692307692,107,0.5144230769230769,208.0,208.0,4.057692307692308,4.176000393910521,0.1931993670588749,0.8471153846153847,4.0,4.0,1.0,0.0,0.0,0.0,0.0,0.0,0.0,0,1,2,4,5.0,2.23606797749979,10.75,43.0,0.3090169943749474,0
1160,830,9,14,2025,16,307.029,False,1,162,209.0,179.0,0.8564593301435407,30.0,0.1435406698564593,17.0,0.0813397129186602,13.0,0.062200956937799,0.0,0.0,0.9186602870813396,63,112,172,3.0382775119617227,3.2750278715380032,2912.5,13.935406698564591,0.2339166035987118,11.935109086330442,418.0,360.0,0.861244019138756,58.0,0.138755980861244,31.0,0.0741626794258373,23.0,0.055023923444976,3.0,0.0071770334928229,0.9258373205741628,72,166,334,3.985645933014354,3.775998830310016,4807.5,11.501196172248804,0.2093802857851808,9.905336416290837,18.0,18.0,1.0,0.0,0.0,0.0,0.0,0.0,0.0,0.0,0.0,1.0,11.0,15.0,18.0,2.0,1.7638342073763935,111.0,6.166666666666667,0.3618162034940813,6.166666666666667,209.0,209.0,155,188,0.8995215311004785,43,0.2057416267942583,74,0.354066985645933,209.0,209.0,4.727272727272728,4.254721298455835,0.1903050501068177,0.8136363636363637,10.0,8.0,0.8,2.0,0.2,1.0,0.1,1.0,0.1,2,2,3,7,5.0,4.123105625617661,7.9,79.0,0.1951941016011038,0
1160,846,1,14,2025,16,307.029,False,1,162,128.0,118.0,0.921875,10.0,0.078125,4.0,0.03125,5.0,0.0390625,1.0,0.0078125,0.96875,4,26,100,6.5546875,4.371085022891198,950.0,7.421875,0.1861821206959242,6.842041015625,418.0,348.0,0.8325358851674641,70.0,0.1674641148325359,41.0,0.0980861244019138,21.0,0.0502392344497607,5.0,0.0119617224880382,0.901913875598086,7,39,223,7.375598086124402,5.10371641972893,1841.0,4.404306220095694,0.1638346101348546,3.666742977495936,18.0,17.0,0.9444444444444444,1.0,0.0555555555555555,0.0,0.0,0.0,0.0,1.0,0.0555555555555555,0.9444444444444444,1.0,6.0,14.0,6.333333333333333,4.96655480858378,57.0,3.1666666666666665,0.1676009074049484,2.9907407407407405,128.0,128.0,45,104,0.8125,9,0.0703125,14,0.109375,128.0,128.0,7.21875,4.029069177552056,0.19884395395944,0.6890625,6.0,6.0,1.0,0.0,0.0,0.0,0.0,0.0,0.0,0,2,3,6,5.666666666666667,2.867441755680876,9.5,57.0,0.2585688584788905,0
1160,857,1,14,2025,16,307.029,False,1,162,46.0,43.0,0.9347826086956522,3.0,0.0652173913043478,2.0,0.0434782608695652,1.0,0.0217391304347826,0.0,0.0,0.9565217391304348,2,10,34,6.652173913043479,4.564596231033249,347.0,7.543478260869565,0.1797075580116829,7.051512287334594,418.0,348.0,0.8325358851674641,70.0,0.1674641148325359,41.0,0.0980861244019138,21.0,0.0502392344497607,5.0,0.0119617224880382,0.901913875598086,7,39,223,7.375598086124402,5.10371641972893,1841.0,4.404306220095694,0.1638346101348546,3.666742977495936,12.0,12.0,1.0,0.0,0.0,0.0,0.0,0.0,0.0,0.0,0.0,1.0,2.0,5.0,7.0,6.0,3.958114029012639,42.0,3.5,0.2016895928872254,3.5,46.0,46.0,18,38,0.8260869565217391,0,0.0,7,0.1521739130434782,46.0,46.0,7.543478260869565,4.803560824779208,0.1723080071342311,0.6728260869565217,2.0,2.0,1.0,0.0,0.0,0.0,0.0,0.0,0.0,0,1,1,1,7.0,5.0,9.0,18.0,0.1666666666666666,0
1160,844,6,14,2025,16,307.029,False,1,162,149.0,127.0,0.8523489932885906,22.0,0.1476510067114094,10.0,0.0671140939597315,11.0,0.0738255033557047,0.0,0.0,0.9328859060402684,8,43,112,4.6375838926174495,3.971737004582008,1363.0,9.14765100671141,0.2011369465195743,7.796991126525833,418.0,364.0,0.8708133971291866,54.0,0.1291866028708134,23.0,0.055023923444976,27.0,0.0645933014354067,0.0,0.0,0.944976076555024,27,149,336,4.160287081339713,3.418308699831697,4353.5,10.415071770334928,0.2263309487718891,9.06958402966965,18.0,18.0,1.0,0.0,0.0,0.0,0.0,0.0,0.0,0.0,0.0,1.0,0.0,6.0,16.0,5.055555555555555,2.933943539224644,67.0,3.7222222222222223,0.2541978526201964,3.7222222222222223,149.0,149.0,82,119,0.7986577181208053,23,0.1543624161073825,40,0.2684563758389262,149.0,149.0,6.208053691275167,4.672172608436389,0.1762992893609532,0.7395973154362416,7.0,6.0,0.8571428571428571,1.0,0.1428571428571428,0.0,0.0,1.0,0.1428571428571428,2,3,5,5,3.2857142857142856,3.4522988495984497,13.142857142857142,92.0,0.2246030722062131,0
1160,847,131,14,2025,16,307.029,False,1,162,128.0,113.0,0.8828125,15.0,0.1171875,8.0,0.0625,6.0,0.046875,1.0,0.0078125,0.9375,3,15,63,8.125,5.955564624785798,664.0,5.1875,0.1437697805921537,4.57958984375,418.0,393.0,0.9401913875598086,25.0,0.0598086124401913,14.0,0.0334928229665071,11.0,0.0263157894736842,0.0,0.0,0.9665071770334928,100,235,376,3.425837320574163,3.0834490090995863,6009.5,14.376794258373206,0.2448910217249175,13.516938142441791,18.0,18.0,1.0,0.0,0.0,0.0,0.0,0.0,0.0,0.0,0.0,1.0,1.0,2.0,13.0,7.277777777777778,4.174067501391519,50.0,2.7777777777777777,0.1932715411484405,2.7777777777777777,128.0,128.0,33,65,0.5078125,4,0.03125,12,0.09375,128.0,128.0,10.328125,5.89903246171565,0.1449478612471001,0.53359375,6.0,6.0,1.0,0.0,0.0,0.0,0.0,0.0,0.0,0,1,2,4,8.666666666666666,4.1899350299921805,5.5,33.0,0.1926806393955006,0
1160,1,6,14,2025,16,307.029,False,1,162,208.0,199.0,0.9567307692307692,9.0,0.0432692307692307,4.0,0.0192307692307692,5.0,0.0240384615384615,0.0,0.0,0.9807692307692308,72,132,194,3.0865384615384617,2.881007358957429,3334.5,16.03125,0.2576650615443909,15.33759014423077,418.0,364.0,0.8708133971291866,54.0,0.1291866028708134,23.0,0.055023923444976,27.0,0.0645933014354067,0.0,0.0,0.944976076555024,27,149,336,4.160287081339713,3.418308699831697,4353.5,10.415071770334928,0.2263309487718891,9.06958402966965,18.0,18.0,1.0,0.0,0.0,0.0,0.0,0.0,0.0,0.0,0.0,1.0,0.0,4.0,14.0,6.777777777777778,3.808697000222802,42.0,2.333333333333333,0.2079565420640283,2.333333333333333,208.0,208.0,159,191,0.9182692307692308,69,0.3317307692307692,107,0.5144230769230769,208.0,208.0,4.057692307692308,4.176000393910521,0.1931993670588749,0.8471153846153847,10.0,9.0,0.9,1.0,0.1,0.0,0.0,1.0,0.1,3,5,7,9,3.1,2.343074902771996,14.4,144.0,0.2991258135349658,0
1160,848,3,14,2025,16,307.029,False,1,162,105.0,88.0,0.8380952380952381,17.0,0.1619047619047619,6.0,0.0571428571428571,9.0,0.0857142857142857,2.0,0.019047619047619,0.9428571428571428,0,2,39,8.895238095238096,5.215222790335468,238.0,2.2666666666666666,0.1608952782119053,1.89968253968254,417.0,348.0,0.8345323741007195,69.0,0.1654676258992805,28.0,0.0671462829736211,33.0,0.079136690647482,8.0,0.0191846522781774,0.9328537170263788,0,7,103,10.5947242206235,6.120004622434692,560.0,1.3429256594724222,0.140449347019953,1.1207149388402948,15.0,14.0,0.9333333333333332,1.0,0.0666666666666666,0.0,0.0,0.0,0.0,1.0,0.0666666666666666,0.9333333333333332,0.0,0.0,1.0,12.533333333333331,4.716872787015662,2.0,0.1333333333333333,0.1749208067514167,0.1244444444444444,104.0,104.0,9,38,0.3653846153846153,0,0.0,0,0.0,104.0,104.0,11.961538461538462,4.369745365145779,0.1862285698854272,0.4519230769230769,4.0,4.0,1.0,0.0,0.0,0.0,0.0,0.0,0.0,0,0,0,3,9.25,3.491060010942235,4.0,16.0,0.2226645819836635,0
1160,864,15,14,2025,16,307.029,False,1,162,24.0,20.0,0.8333333333333334,4.0,0.1666666666666666,2.0,0.0833333333333333,2.0,0.0833333333333333,0.0,0.0,0.9166666666666666,0,3,14,9.833333333333334,5.763872155263526,135.0,5.625,0.1478443082667991,4.6875,210.0,172.0,0.819047619047619,38.0,0.1809523809523809,15.0,0.0714285714285714,18.0,0.0857142857142857,4.0,0.019047619047619,0.9285714285714286,0,0,31,11.057142857142855,6.005281122524093,95.0,0.4523809523809524,0.1427494460978444,0.3705215419501134,6.0,6.0,1.0,0.0,0.0,0.0,0.0,0.0,0.0,0.0,0.0,1.0,0.0,1.0,5.0,7.833333333333333,4.524623986832743,15.0,2.5,0.1810077939029653,2.5,24.0,24.0,8,16,0.6666666666666666,0,0.0,1,0.0416666666666666,24.0,24.0,8.583333333333334,4.846963539738622,0.1710289440328378,0.6208333333333333,1.0,1.0,1.0,0.0,0.0,0.0,0.0,0.0,0.0,0,0,0,1,9.0,0.0,2.0,2.0,1.0,0
1160,863,131,14,2025,16,307.029,False,1,162,7.0,5.0,0.7142857142857143,2.0,0.2857142857142857,0.0,0.0,2.0,0.2857142857142857,0.0,0.0,1.0,0,0,0,16.142857142857142,2.4159335036125453,0.0,0.0,0.2927457454726336,0.0,418.0,393.0,0.9401913875598086,25.0,0.0598086124401913,14.0,0.0334928229665071,11.0,0.0263157894736842,0.0,0.0,0.9665071770334928,100,235,376,3.425837320574163,3.0834490090995863,6009.5,14.376794258373206,0.2448910217249175,13.516938142441791,2.0,2.0,1.0,0.0,0.0,0.0,0.0,0.0,0.0,0.0,0.0,1.0,0.0,0.0,0.0,18.0,2.0,0.0,0.0,0.3333333333333333,0.0,7.0,7.0,0,0,0.0,0,0.0,0,0.0,7.0,7.0,16.142857142857142,2.9965967090575765,0.2502128868128419,0.2428571428571428,1.0,1.0,1.0,0.0,0.0,0.0,0.0,0.0,0.0,0,0,0,0,16.0,0.0,0.0,0.0,1.0,0
1160,865,215,14,2025,16,307.029,False,1,162,24.0,19.0,0.7916666666666666,5.0,0.2083333333333333,1.0,0.0416666666666666,4.0,0.1666666666666666,0.0,0.0,0.9583333333333334,0,0,5,14.25,3.9712508524812864,19.0,0.7916666666666666,0.2011566162469698,0.626736111111111,48.0,42.0,0.875,6.0,0.125,1.0,0.0208333333333333,2.0,0.0416666666666666,3.0,0.0625,0.9791666666666666,0,0,14,10.875,5.048205126577168,40.0,0.8333333333333334,0.1653383076585442,0.7291666666666667,6.0,6.0,1.0,0.0,0.0,0.0,0.0,0.0,0.0,0.0,0.0,1.0,0.0,0.0,0.0,13.666666666666666,3.5433819375782187,0.0,0.0,0.2201003599827301,0.0,23.0,23.0,0,5,0.217391304347826,0,0.0,0,0.0,23.0,23.0,13.956521739130435,3.735589830262708,0.21116693713833,0.3521739130434782,1.0,1.0,1.0,0.0,0.0,0.0,0.0,0.0,0.0,0,0,0,0,20.0,0.0,0.0,0.0,1.0,0
1160,832,3,14,2025,16,307.029,False,1,162,208.0,171.0,0.8221153846153846,37.0,0.1778846153846154,20.0,0.0961538461538461,15.0,0.0721153846153846,2.0,0.0096153846153846,0.903846153846154,4,27,139,5.908653846153846,4.283950607004526,1203.5,5.7860576923076925,0.1892523368167706,4.756807045118343,417.0,348.0,0.8345323741007195,69.0,0.1654676258992805,28.0,0.0671462829736211,33.0,0.079136690647482,8.0,0.0191846522781774,0.9328537170263788,0,7,103,10.5947242206235,6.120004622434692,560.0,1.3429256594724222,0.140449347019953,1.1207149388402948,18.0,18.0,1.0,0.0,0.0,0.0,0.0,0.0,0.0,0.0,0.0,1.0,0.0,5.0,17.0,4.888888888888889,2.157387537660844,69.0,3.8333333333333335,0.316717535643677,3.8333333333333335,207.0,207.0,58,142,0.6859903381642513,5,0.0241545893719806,15,0.072463768115942,207.0,207.0,8.51207729468599,4.390217389643142,0.1855212745076697,0.6243961352657005,10.0,9.0,0.9,1.0,0.1,1.0,0.1,0.0,0.0,0,2,4,6,6.7,4.879549159502341,6.9,69.0,0.1700810679308347,0
1160,860,210,14,2025,16,307.029,False,1,162,3.0,3.0,1.0,0.0,0.0,0.0,0.0,0.0,0.0,0.0,0.0,1.0,0,0,2,9.666666666666666,2.0548046676563305,7.0,2.333333333333333,0.327353172720928,2.333333333333333,380.0,311.0,0.8184210526315789,69.0,0.181578947368421,27.0,0.0710526315789473,30.0,0.0789473684210526,12.0,0.031578947368421,0.9289473684210526,0,0,73,10.839473684210526,6.092101852903443,293.0,0.7710526315789473,0.1410019230886551,0.6310457063711911,1.0,1.0,1.0,0.0,0.0,0.0,0.0,0.0,0.0,0.0,0.0,1.0,0.0,0.0,0.0,14.0,0.0,0.0,0.0,1.0,0.0,3.0,3.0,0,0,0.0,0,0.0,0,0.0,3.0,3.0,13.0,2.8284271247461903,0.2612038749637414,0.4,1.0,1.0,1.0,0.0,0.0,0.0,0.0,0.0,0.0,0,0,0,0,11.0,0.0,0.0,0.0,1.0,0
1160,852,9,14,2025,16,307.029,False,1,162,90.0,74.0,0.8222222222222222,16.0,0.1777777777777777,8.0,0.0888888888888888,6.0,0.0666666666666666,2.0,0.0222222222222222,0.9111111111111112,0,0,26,10.088888888888889,5.60088176479471,87.0,0.9666666666666668,0.1514949116848937,0.7948148148148148,418.0,360.0,0.861244019138756,58.0,0.138755980861244,31.0,0.0741626794258373,23.0,0.055023923444976,3.0,0.0071770334928229,0.9258373205741628,72,166,334,3.985645933014354,3.775998830310016,4807.5,11.501196172248804,0.2093802857851808,9.905336416290837,18.0,17.0,0.9444444444444444,1.0,0.0555555555555555,0.0,0.0,1.0,0.0555555555555555,0.0,0.0,0.9444444444444444,0.0,0.0,2.0,13.11111111111111,4.45831169949753,4.0,0.2222222222222222,0.1832068330015041,0.2098765432098765,90.0,90.0,1,29,0.3222222222222222,0,0.0,0,0.0,90.0,90.0,12.744444444444444,3.8774593947615625,0.2050247719281906,0.4127777777777778,4.0,1.0,0.25,3.0,0.75,3.0,0.75,0.0,0.0,0,0,0,0,3.5,6.06217782649107,0.0,0.0,0.141599379761988,0
1160,859,215,14,2025,16,307.029,False,1,162,11.0,11.0,1.0,0.0,0.0,0.0,0.0,0.0,0.0,0.0,0.0,1.0,0,0,3,12.909090909090908,3.117532399905868,6.0,0.5454545454545454,0.24286390558162,0.5454545454545454,48.0,42.0,0.875,6.0,0.125,1.0,0.0208333333333333,2.0,0.0416666666666666,3.0,0.0625,0.9791666666666666,0,0,14,10.875,5.048205126577168,40.0,0.8333333333333334,0.1653383076585442,0.7291666666666667,4.0,3.0,0.75,1.0,0.25,0.0,0.0,0.0,0.0,1.0,0.25,0.75,0.0,0.0,0.0,10.25,6.5717197140474575,0.0,0.0,0.1320703932218656,0.0,11.0,11.0,1,2,0.1818181818181818,0,0.0,0,0.0,11.0,11.0,13.363636363636363,4.006193552096493,0.1997525644171748,0.3818181818181818,1.0,1.0,1.0,0.0,0.0,0.0,0.0,0.0,0.0,0,0,0,0,11.0,0.0,0.0,0.0,1.0,0
1160,839,210,14,2025,16,307.029,False,1,162,156.0,133.0,0.8525641025641025,23.0,0.1474358974358974,14.0,0.0897435897435897,9.0,0.0576923076923076,0.0,0.0,0.9102564102564102,1,4,85,8.429487179487179,5.100417503633805,440.0,2.8205128205128207,0.1639232067976224,2.4046679815910585,380.0,311.0,0.8184210526315789,69.0,0.181578947368421,27.0,0.0710526315789473,30.0,0.0789473684210526,12.0,0.031578947368421,0.9289473684210526,0,0,73,10.839473684210526,6.092101852903443,293.0,0.7710526315789473,0.1410019230886551,0.6310457063711911,18.0,17.0,0.9444444444444444,1.0,0.0555555555555555,0.0,0.0,0.0,0.0,1.0,0.0555555555555555,0.9444444444444444,0.0,0.0,2.0,11.72222222222222,4.3051075035687525,5.0,0.2777777777777778,0.1884975939370312,0.2623456790123457,155.0,155.0,11,67,0.432258064516129,0,0.0,0,0.0,155.0,155.0,11.593548387096774,4.460141433015033,0.1831454390454883,0.4703225806451613,8.0,7.0,0.875,1.0,0.125,1.0,0.125,0.0,0.0,0,0,0,4,9.125,5.134138194478212,2.625,21.0,0.1630220853028993,0
1160,842,214,14,2025,16,307.029,False,1,162,154.0,133.0,0.8636363636363636,21.0,0.1363636363636363,14.0,0.0909090909090909,7.0,0.0454545454545454,0.0,0.0,0.9090909090909092,1,5,70,8.779220779220779,4.8953287477613925,426.0,2.7662337662337664,0.1696258245784385,2.389020070838253,180.0,153.0,0.85,27.0,0.15,19.0,0.1055555555555555,8.0,0.0444444444444444,0.0,0.0,0.8944444444444445,1,6,96,8.622222222222222,4.939810562669559,498.0,2.7666666666666666,0.1683555375123891,2.3516666666666666,18.0,17.0,0.9444444444444444,1.0,0.0555555555555555,0.0,0.0,1.0,0.0555555555555555,0.0,0.0,0.9444444444444444,0.0,1.0,4.0,10.444444444444445,4.323350324076381,10.0,0.5555555555555556,0.1878516233427683,0.5246913580246914,153.0,153.0,18,73,0.477124183006536,0,0.0,0,0.0,153.0,153.0,11.15032679738562,4.500938524976961,0.1817871614924451,0.492483660130719,7.0,6.0,0.8571428571428571,1.0,0.1428571428571428,1.0,0.1428571428571428,0.0,0.0,1,1,1,2,9.142857142857142,5.938459911664723,4.142857142857143,29.0,0.1441242023058793,0
1160,861,214,14,2025,16,307.029,False,1,162,9.0,6.0,0.6666666666666666,3.0,0.3333333333333333,1.0,0.1111111111111111,2.0,0.2222222222222222,0.0,0.0,0.8888888888888888,0,0,2,7.444444444444445,5.479479113750201,5.0,0.5555555555555556,0.1543333935405216,0.3703703703703703,180.0,153.0,0.85,27.0,0.15,19.0,0.1055555555555555,8.0,0.0444444444444444,0.0,0.0,0.8944444444444445,1,6,96,8.622222222222222,4.939810562669559,498.0,2.7666666666666666,0.1683555375123891,2.3516666666666666,3.0,3.0,1.0,0.0,0.0,0.0,0.0,0.0,0.0,0.0,0.0,1.0,0.0,0.0,0.0,14.0,2.8284271247461903,0.0,0.0,0.2612038749637414,0.0,9.0,9.0,0,1,0.1111111111111111,0,0.0,0,0.0,9.0,9.0,15.77777777777778,3.258417399692255,0.2348290235880276,0.261111111111111,1.0,1.0,1.0,0.0,0.0,0.0,0.0,0.0,0.0,0,0,0,0,12.0,0.0,0.0,0.0,1.0,0
1160,840,117,14,2025,16,307.029,False,1,162,168.0,142.0,0.8452380952380952,26.0,0.1547619047619047,9.0,0.0535714285714285,14.0,0.0833333333333333,3.0,0.0178571428571428,0.9464285714285714,0,3,60,9.613095238095235,5.285791371166777,286.0,1.7023809523809523,0.1590889580884035,1.4389172335600906,180.0,160.0,0.8888888888888888,20.0,0.1111111111111111,6.0,0.0333333333333333,9.0,0.05,5.0,0.0277777777777777,0.9666666666666668,0,9,85,9.077777777777778,4.894958353648232,492.0,2.7333333333333334,0.1696364825683843,2.4296296296296296,18.0,16.0,0.8888888888888888,2.0,0.1111111111111111,1.0,0.0555555555555555,0.0,0.0,1.0,0.0555555555555555,0.8888888888888888,0.0,0.0,2.0,12.11111111111111,4.5447025191594586,6.0,0.3333333333333333,0.1803523266657764,0.2962962962962963,168.0,168.0,5,40,0.238095238095238,1,0.0059523809523809,1,0.0059523809523809,168.0,168.0,14.023809523809524,4.314913756452565,0.1881498074707141,0.3488095238095238,8.0,7.0,0.875,1.0,0.125,1.0,0.125,0.0,0.0,0,1,1,4,9.125,5.946374946133148,3.625,29.0,0.1439599802421652,0
1160,4,117,14,2025,16,307.029,False,1,162,168.0,132.0,0.7857142857142857,36.0,0.2142857142857142,25.0,0.1488095238095238,7.0,0.0416666666666666,2.0,0.0119047619047619,0.8511904761904762,0,9,87,7.434523809523809,5.181974114719561,562.0,3.345238095238096,0.1617606255611706,2.628401360544218,180.0,160.0,0.8888888888888888,20.0,0.1111111111111111,6.0,0.0333333333333333,9.0,0.05,5.0,0.0277777777777777,0.9666666666666668,0,9,85,9.077777777777778,4.894958353648232,492.0,2.7333333333333334,0.1696364825683843,2.4296296296296296,18.0,15.0,0.8333333333333334,3.0,0.1666666666666666,1.0,0.0555555555555555,1.0,0.0555555555555555,1.0,0.0555555555555555,0.8333333333333334,0.0,0.0,4.0,11.055555555555555,5.854459100380213,8.0,0.4444444444444444,0.1458904321049243,0.3703703703703703,167.0,167.0,16,82,0.4910179640718562,0,0.0,3,0.0179640718562874,167.0,167.0,10.874251497005988,4.100795367161849,0.1960478568573538,0.5062874251497006,8.0,5.0,0.625,3.0,0.375,2.0,0.25,0.0,0.0,0,0,0,2,9.625,6.460214779711275,0.75,6.0,0.1340443981210286,0
1160,807,15,14,2025,16,307.029,False,1,162,153.0,123.0,0.803921568627451,30.0,0.196078431372549,15.0,0.0980392156862745,14.0,0.0915032679738562,1.0,0.0065359477124183,0.9019607843137256,0,0,65,8.267973856209151,5.366327520580533,331.0,2.1633986928104574,0.1570764301345294,1.73920287069076,210.0,172.0,0.819047619047619,38.0,0.1809523809523809,15.0,0.0714285714285714,18.0,0.0857142857142857,4.0,0.019047619047619,0.9285714285714286,0,0,31,11.057142857142855,6.005281122524093,95.0,0.4523809523809524,0.1427494460978444,0.3705215419501134,12.0,10.0,0.8333333333333334,2.0,0.1666666666666666,1.0,0.0833333333333333,0.0,0.0,1.0,0.0833333333333333,0.8333333333333334,0.0,0.0,4.0,12.583333333333334,6.343741447722751,8.0,0.6666666666666666,0.1361703713452621,0.5555555555555556,153.0,153.0,7,80,0.5228758169934641,0,0.0,1,0.0065359477124183,153.0,153.0,10.673202614379084,3.70449305954654,0.2125627538063344,0.5163398692810458,7.0,7.0,1.0,0.0,0.0,0.0,0.0,0.0,0.0,0,0,1,3,11.714285714285714,4.299976269512121,2.4285714285714284,17.0,0.1886800900887907,0
1161,830,9,73,2025,17,306.153,False,1,-7,209.0,179.0,0.8564593301435407,30.0,0.1435406698564593,17.0,0.0813397129186602,13.0,0.062200956937799,0.0,0.0,0.9186602870813396,63,112,172,3.0382775119617227,3.2750278715380032,2912.5,13.935406698564591,0.2339166035987118,11.935109086330442,418.0,360.0,0.861244019138756,58.0,0.138755980861244,31.0,0.0741626794258373,23.0,0.055023923444976,3.0,0.0071770334928229,0.9258373205741628,72,166,334,3.985645933014354,3.775998830310016,4807.5,11.501196172248804,0.2093802857851808,9.905336416290837,18.0,18.0,1.0,0.0,0.0,0.0,0.0,0.0,0.0,0.0,0.0,1.0,11.0,15.0,18.0,2.0,1.7638342073763935,111.0,6.166666666666667,0.3618162034940813,6.166666666666667,209.0,209.0,155,188,0.8995215311004785,43,0.2057416267942583,74,0.354066985645933,209.0,209.0,4.727272727272728,4.254721298455835,0.1903050501068177,0.8136363636363637,8.0,5.0,0.625,3.0,0.375,1.0,0.125,2.0,0.25,1,2,4,5,2.5,2.7386127875258306,8.625,69.0,0.2674788903885893,0
1161,847,131,73,2025,17,306.153,False,1,-7,128.0,113.0,0.8828125,15.0,0.1171875,8.0,0.0625,6.0,0.046875,1.0,0.0078125,0.9375,3,15,63,8.125,5.955564624785798,664.0,5.1875,0.1437697805921537,4.57958984375,418.0,393.0,0.9401913875598086,25.0,0.0598086124401913,14.0,0.0334928229665071,11.0,0.0263157894736842,0.0,0.0,0.9665071770334928,100,235,376,3.425837320574163,3.0834490090995863,6009.5,14.376794258373206,0.2448910217249175,13.516938142441791,18.0,18.0,1.0,0.0,0.0,0.0,0.0,0.0,0.0,0.0,0.0,1.0,1.0,2.0,13.0,7.277777777777778,4.174067501391519,50.0,2.7777777777777777,0.1932715411484405,2.7777777777777777,128.0,128.0,33,65,0.5078125,4,0.03125,12,0.09375,128.0,128.0,10.328125,5.89903246171565,0.1449478612471001,0.53359375,5.0,5.0,1.0,0.0,0.0,0.0,0.0,0.0,0.0,0,2,2,3,5.8,5.268775948927796,7.0,35.0,0.1595207753709939,0
1161,832,3,73,2025,17,306.153,False,1,-7,208.0,171.0,0.8221153846153846,37.0,0.1778846153846154,20.0,0.0961538461538461,15.0,0.0721153846153846,2.0,0.0096153846153846,0.903846153846154,4,27,139,5.908653846153846,4.283950607004526,1203.5,5.7860576923076925,0.1892523368167706,4.756807045118343,417.0,348.0,0.8345323741007195,69.0,0.1654676258992805,28.0,0.0671462829736211,33.0,0.079136690647482,8.0,0.0191846522781774,0.9328537170263788,0,7,103,10.5947242206235,6.120004622434692,560.0,1.3429256594724222,0.140449347019953,1.1207149388402948,18.0,18.0,1.0,0.0,0.0,0.0,0.0,0.0,0.0,0.0,0.0,1.0,0.0,5.0,17.0,4.888888888888889,2.157387537660844,69.0,3.8333333333333335,0.316717535643677,3.8333333333333335,207.0,207.0,58,142,0.6859903381642513,5,0.0241545893719806,15,0.072463768115942,207.0,207.0,8.51207729468599,4.390217389643142,0.1855212745076697,0.6243961352657005,8.0,6.0,0.75,2.0,0.25,2.0,0.25,0.0,0.0,0,0,2,5,6.375,5.31360282670807,4.25,34.0,0.1583881703438419,0
1161,863,131,73,2025,17,306.153,False,1,-7,7.0,5.0,0.7142857142857143,2.0,0.2857142857142857,0.0,0.0,2.0,0.2857142857142857,0.0,0.0,1.0,0,0,0,16.142857142857142,2.4159335036125453,0.0,0.0,0.2927457454726336,0.0,418.0,393.0,0.9401913875598086,25.0,0.0598086124401913,14.0,0.0334928229665071,11.0,0.0263157894736842,0.0,0.0,0.9665071770334928,100,235,376,3.425837320574163,3.0834490090995863,6009.5,14.376794258373206,0.2448910217249175,13.516938142441791,2.0,2.0,1.0,0.0,0.0,0.0,0.0,0.0,0.0,0.0,0.0,1.0,0.0,0.0,0.0,18.0,2.0,0.0,0.0,0.3333333333333333,0.0,7.0,7.0,0,0,0.0,0,0.0,0,0.0,7.0,7.0,16.142857142857142,2.9965967090575765,0.2502128868128419,0.2428571428571428,1.0,0.0,0.0,1.0,1.0,0.0,0.0,1.0,1.0,0,0,0,0,19.0,0.0,0.0,0.0,1.0,0
1161,859,215,73,2025,17,306.153,False,1,-7,11.0,11.0,1.0,0.0,0.0,0.0,0.0,0.0,0.0,0.0,0.0,1.0,0,0,3,12.909090909090908,3.117532399905868,6.0,0.5454545454545454,0.24286390558162,0.5454545454545454,48.0,42.0,0.875,6.0,0.125,1.0,0.0208333333333333,2.0,0.0416666666666666,3.0,0.0625,0.9791666666666666,0,0,14,10.875,5.048205126577168,40.0,0.8333333333333334,0.1653383076585442,0.7291666666666667,4.0,3.0,0.75,1.0,0.25,0.0,0.0,0.0,0.0,1.0,0.25,0.75,0.0,0.0,0.0,10.25,6.5717197140474575,0.0,0.0,0.1320703932218656,0.0,11.0,11.0,1,2,0.1818181818181818,0,0.0,0,0.0,11.0,11.0,13.363636363636363,4.006193552096493,0.1997525644171748,0.3818181818181818,1.0,1.0,1.0,0.0,0.0,0.0,0.0,0.0,0.0,0,0,0,1,6.0,0.0,8.0,8.0,1.0,0
1161,852,9,73,2025,17,306.153,False,1,-7,90.0,74.0,0.8222222222222222,16.0,0.1777777777777777,8.0,0.0888888888888888,6.0,0.0666666666666666,2.0,0.0222222222222222,0.9111111111111112,0,0,26,10.088888888888889,5.60088176479471,87.0,0.9666666666666668,0.1514949116848937,0.7948148148148148,418.0,360.0,0.861244019138756,58.0,0.138755980861244,31.0,0.0741626794258373,23.0,0.055023923444976,3.0,0.0071770334928229,0.9258373205741628,72,166,334,3.985645933014354,3.775998830310016,4807.5,11.501196172248804,0.2093802857851808,9.905336416290837,18.0,17.0,0.9444444444444444,1.0,0.0555555555555555,0.0,0.0,1.0,0.0555555555555555,0.0,0.0,0.9444444444444444,0.0,0.0,2.0,13.11111111111111,4.45831169949753,4.0,0.2222222222222222,0.1832068330015041,0.2098765432098765,90.0,90.0,1,29,0.3222222222222222,0,0.0,0,0.0,90.0,90.0,12.744444444444444,3.8774593947615625,0.2050247719281906,0.4127777777777778,4.0,3.0,0.75,1.0,0.25,0.0,0.0,0.0,0.0,0,0,0,2,7.5,4.8218253804964775,1.75,7.0,0.1717674328313023,0
1161,846,1,73,2025,17,306.153,False,1,-7,128.0,118.0,0.921875,10.0,0.078125,4.0,0.03125,5.0,0.0390625,1.0,0.0078125,0.96875,4,26,100,6.5546875,4.371085022891198,950.0,7.421875,0.1861821206959242,6.842041015625,418.0,348.0,0.8325358851674641,70.0,0.1674641148325359,41.0,0.0980861244019138,21.0,0.0502392344497607,5.0,0.0119617224880382,0.901913875598086,7,39,223,7.375598086124402,5.10371641972893,1841.0,4.404306220095694,0.1638346101348546,3.666742977495936,18.0,17.0,0.9444444444444444,1.0,0.0555555555555555,0.0,0.0,0.0,0.0,1.0,0.0555555555555555,0.9444444444444444,1.0,6.0,14.0,6.333333333333333,4.96655480858378,57.0,3.1666666666666665,0.1676009074049484,2.9907407407407405,128.0,128.0,45,104,0.8125,9,0.0703125,14,0.109375,128.0,128.0,7.21875,4.029069177552056,0.19884395395944,0.6890625,5.0,5.0,1.0,0.0,0.0,0.0,0.0,0.0,0.0,0,0,2,5,7.0,2.097617696340303,6.2,31.0,0.3228287342177362,0
1161,1,6,73,2025,17,306.153,False,1,-7,208.0,199.0,0.9567307692307692,9.0,0.0432692307692307,4.0,0.0192307692307692,5.0,0.0240384615384615,0.0,0.0,0.9807692307692308,72,132,194,3.0865384615384617,2.881007358957429,3334.5,16.03125,0.2576650615443909,15.33759014423077,418.0,364.0,0.8708133971291866,54.0,0.1291866028708134,23.0,0.055023923444976,27.0,0.0645933014354067,0.0,0.0,0.944976076555024,27,149,336,4.160287081339713,3.418308699831697,4353.5,10.415071770334928,0.2263309487718891,9.06958402966965,18.0,18.0,1.0,0.0,0.0,0.0,0.0,0.0,0.0,0.0,0.0,1.0,0.0,4.0,14.0,6.777777777777778,3.808697000222802,42.0,2.333333333333333,0.2079565420640283,2.333333333333333,208.0,208.0,159,191,0.9182692307692308,69,0.3317307692307692,107,0.5144230769230769,208.0,208.0,4.057692307692308,4.176000393910521,0.1931993670588749,0.8471153846153847,8.0,8.0,1.0,0.0,0.0,0.0,0.0,0.0,0.0,1,2,5,7,5.875,4.136348026943574,10.625,85.0,0.1946908571526564,0
1161,844,6,73,2025,17,306.153,False,1,-7,149.0,127.0,0.8523489932885906,22.0,0.1476510067114094,10.0,0.0671140939597315,11.0,0.0738255033557047,0.0,0.0,0.9328859060402684,8,43,112,4.6375838926174495,3.971737004582008,1363.0,9.14765100671141,0.2011369465195743,7.796991126525833,418.0,364.0,0.8708133971291866,54.0,0.1291866028708134,23.0,0.055023923444976,27.0,0.0645933014354067,0.0,0.0,0.944976076555024,27,149,336,4.160287081339713,3.418308699831697,4353.5,10.415071770334928,0.2263309487718891,9.06958402966965,18.0,18.0,1.0,0.0,0.0,0.0,0.0,0.0,0.0,0.0,0.0,1.0,0.0,6.0,16.0,5.055555555555555,2.933943539224644,67.0,3.7222222222222223,0.2541978526201964,3.7222222222222223,149.0,149.0,82,119,0.7986577181208053,23,0.1543624161073825,40,0.2684563758389262,149.0,149.0,6.208053691275167,4.672172608436389,0.1762992893609532,0.7395973154362416,6.0,5.0,0.8333333333333334,1.0,0.1666666666666666,1.0,0.1666666666666666,0.0,0.0,0,2,4,5,3.333333333333333,1.9720265943665385,10.666666666666666,64.0,0.3364707442038019,0
1161,865,215,73,2025,17,306.153,False,1,-7,24.0,19.0,0.7916666666666666,5.0,0.2083333333333333,1.0,0.0416666666666666,4.0,0.1666666666666666,0.0,0.0,0.9583333333333334,0,0,5,14.25,3.9712508524812864,19.0,0.7916666666666666,0.2011566162469698,0.626736111111111,48.0,42.0,0.875,6.0,0.125,1.0,0.0208333333333333,2.0,0.0416666666666666,3.0,0.0625,0.9791666666666666,0,0,14,10.875,5.048205126577168,40.0,0.8333333333333334,0.1653383076585442,0.7291666666666667,6.0,6.0,1.0,0.0,0.0,0.0,0.0,0.0,0.0,0.0,0.0,1.0,0.0,0.0,0.0,13.666666666666666,3.5433819375782187,0.0,0.0,0.2201003599827301,0.0,23.0,23.0,0,5,0.217391304347826,0,0.0,0,0.0,23.0,23.0,13.956521739130435,3.735589830262708,0.21116693713833,0.3521739130434782,1.0,1.0,1.0,0.0,0.0,0.0,0.0,0.0,0.0,0,0,0,0,12.0,0.0,0.0,0.0,1.0,0
1161,864,15,73,2025,17,306.153,False,1,-7,24.0,20.0,0.8333333333333334,4.0,0.1666666666666666,2.0,0.0833333333333333,2.0,0.0833333333333333,0.0,0.0,0.9166666666666666,0,3,14,9.833333333333334,5.763872155263526,135.0,5.625,0.1478443082667991,4.6875,210.0,172.0,0.819047619047619,38.0,0.1809523809523809,15.0,0.0714285714285714,18.0,0.0857142857142857,4.0,0.019047619047619,0.9285714285714286,0,0,31,11.057142857142855,6.005281122524093,95.0,0.4523809523809524,0.1427494460978444,0.3705215419501134,6.0,6.0,1.0,0.0,0.0,0.0,0.0,0.0,0.0,0.0,0.0,1.0,0.0,1.0,5.0,7.833333333333333,4.524623986832743,15.0,2.5,0.1810077939029653,2.5,24.0,24.0,8,16,0.6666666666666666,0,0.0,1,0.0416666666666666,24.0,24.0,8.583333333333334,4.846963539738622,0.1710289440328378,0.6208333333333333,1.0,1.0,1.0,0.0,0.0,0.0,0.0,0.0,0.0,0,0,0,1,8.0,0.0,4.0,4.0,1.0,0
1161,860,210,73,2025,17,306.153,False,1,-7,3.0,3.0,1.0,0.0,0.0,0.0,0.0,0.0,0.0,0.0,0.0,1.0,0,0,2,9.666666666666666,2.0548046676563305,7.0,2.333333333333333,0.327353172720928,2.333333333333333,380.0,311.0,0.8184210526315789,69.0,0.181578947368421,27.0,0.0710526315789473,30.0,0.0789473684210526,12.0,0.031578947368421,0.9289473684210526,0,0,73,10.839473684210526,6.092101852903443,293.0,0.7710526315789473,0.1410019230886551,0.6310457063711911,1.0,1.0,1.0,0.0,0.0,0.0,0.0,0.0,0.0,0.0,0.0,1.0,0.0,0.0,0.0,14.0,0.0,0.0,0.0,1.0,0.0,3.0,3.0,0,0,0.0,0,0.0,0,0.0,3.0,3.0,13.0,2.8284271247461903,0.2612038749637414,0.4,1.0,1.0,1.0,0.0,0.0,0.0,0.0,0.0,0.0,0,0,0,1,10.0,0.0,1.0,1.0,1.0,0
1161,848,3,73,2025,17,306.153,False,1,-7,105.0,88.0,0.8380952380952381,17.0,0.1619047619047619,6.0,0.0571428571428571,9.0,0.0857142857142857,2.0,0.019047619047619,0.9428571428571428,0,2,39,8.895238095238096,5.215222790335468,238.0,2.2666666666666666,0.1608952782119053,1.89968253968254,417.0,348.0,0.8345323741007195,69.0,0.1654676258992805,28.0,0.0671462829736211,33.0,0.079136690647482,8.0,0.0191846522781774,0.9328537170263788,0,7,103,10.5947242206235,6.120004622434692,560.0,1.3429256594724222,0.140449347019953,1.1207149388402948,15.0,14.0,0.9333333333333332,1.0,0.0666666666666666,0.0,0.0,0.0,0.0,1.0,0.0666666666666666,0.9333333333333332,0.0,0.0,1.0,12.533333333333331,4.716872787015662,2.0,0.1333333333333333,0.1749208067514167,0.1244444444444444,104.0,104.0,9,38,0.3653846153846153,0,0.0,0,0.0,104.0,104.0,11.961538461538462,4.369745365145779,0.1862285698854272,0.4519230769230769,4.0,4.0,1.0,0.0,0.0,0.0,0.0,0.0,0.0,0,0,0,1,10.5,2.0615528128088303,1.5,6.0,0.3266316347104093,0
1161,839,210,73,2025,17,306.153,False,1,-7,156.0,133.0,0.8525641025641025,23.0,0.1474358974358974,14.0,0.0897435897435897,9.0,0.0576923076923076,0.0,0.0,0.9102564102564102,1,4,85,8.429487179487179,5.100417503633805,440.0,2.8205128205128207,0.1639232067976224,2.4046679815910585,380.0,311.0,0.8184210526315789,69.0,0.181578947368421,27.0,0.0710526315789473,30.0,0.0789473684210526,12.0,0.031578947368421,0.9289473684210526,0,0,73,10.839473684210526,6.092101852903443,293.0,0.7710526315789473,0.1410019230886551,0.6310457063711911,18.0,17.0,0.9444444444444444,1.0,0.0555555555555555,0.0,0.0,0.0,0.0,1.0,0.0555555555555555,0.9444444444444444,0.0,0.0,2.0,11.72222222222222,4.3051075035687525,5.0,0.2777777777777778,0.1884975939370312,0.2623456790123457,155.0,155.0,11,67,0.432258064516129,0,0.0,0,0.0,155.0,155.0,11.593548387096774,4.460141433015033,0.1831454390454883,0.4703225806451613,6.0,4.0,0.6666666666666666,2.0,0.3333333333333333,1.0,0.1666666666666666,1.0,0.1666666666666666,0,0,0,2,7.666666666666667,6.236095644623235,1.5,9.0,0.1381960727319915,0
1161,4,117,73,2025,17,306.153,False,1,-7,168.0,132.0,0.7857142857142857,36.0,0.2142857142857142,25.0,0.1488095238095238,7.0,0.0416666666666666,2.0,0.0119047619047619,0.8511904761904762,0,9,87,7.434523809523809,5.181974114719561,562.0,3.345238095238096,0.1617606255611706,2.628401360544218,180.0,160.0,0.8888888888888888,20.0,0.1111111111111111,6.0,0.0333333333333333,9.0,0.05,5.0,0.0277777777777777,0.9666666666666668,0,9,85,9.077777777777778,4.894958353648232,492.0,2.7333333333333334,0.1696364825683843,2.4296296296296296,18.0,15.0,0.8333333333333334,3.0,0.1666666666666666,1.0,0.0555555555555555,1.0,0.0555555555555555,1.0,0.0555555555555555,0.8333333333333334,0.0,0.0,4.0,11.055555555555555,5.854459100380213,8.0,0.4444444444444444,0.1458904321049243,0.3703703703703703,167.0,167.0,16,82,0.4910179640718562,0,0.0,3,0.0179640718562874,167.0,167.0,10.874251497005988,4.100795367161849,0.1960478568573538,0.5062874251497006,7.0,6.0,0.8571428571428571,1.0,0.1428571428571428,1.0,0.1428571428571428,0.0,0.0,0,0,1,6,5.571428571428571,2.6649654437396624,6.0,42.0,0.2728538687064996,0
1161,807,15,73,2025,17,306.153,False,1,-7,153.0,123.0,0.803921568627451,30.0,0.196078431372549,15.0,0.0980392156862745,14.0,0.0915032679738562,1.0,0.0065359477124183,0.9019607843137256,0,0,65,8.267973856209151,5.366327520580533,331.0,2.1633986928104574,0.1570764301345294,1.73920287069076,210.0,172.0,0.819047619047619,38.0,0.1809523809523809,15.0,0.0714285714285714,18.0,0.0857142857142857,4.0,0.019047619047619,0.9285714285714286,0,0,31,11.057142857142855,6.005281122524093,95.0,0.4523809523809524,0.1427494460978444,0.3705215419501134,12.0,10.0,0.8333333333333334,2.0,0.1666666666666666,1.0,0.0833333333333333,0.0,0.0,1.0,0.0833333333333333,0.8333333333333334,0.0,0.0,4.0,12.583333333333334,6.343741447722751,8.0,0.6666666666666666,0.1361703713452621,0.5555555555555556,153.0,153.0,7,80,0.5228758169934641,0,0.0,1,0.0065359477124183,153.0,153.0,10.673202614379084,3.70449305954654,0.2125627538063344,0.5163398692810458,6.0,4.0,0.6666666666666666,2.0,0.3333333333333333,0.0,0.0,2.0,0.3333333333333333,0,0,0,1,8.5,6.5,0.3333333333333333,2.0,0.1333333333333333,0
1161,840,117,73,2025,17,306.153,False,1,-7,168.0,142.0,0.8452380952380952,26.0,0.1547619047619047,9.0,0.0535714285714285,14.0,0.0833333333333333,3.0,0.0178571428571428,0.9464285714285714,0,3,60,9.613095238095235,5.285791371166777,286.0,1.7023809523809523,0.1590889580884035,1.4389172335600906,180.0,160.0,0.8888888888888888,20.0,0.1111111111111111,6.0,0.0333333333333333,9.0,0.05,5.0,0.0277777777777777,0.9666666666666668,0,9,85,9.077777777777778,4.894958353648232,492.0,2.7333333333333334,0.1696364825683843,2.4296296296296296,18.0,16.0,0.8888888888888888,2.0,0.1111111111111111,1.0,0.0555555555555555,0.0,0.0,1.0,0.0555555555555555,0.8888888888888888,0.0,0.0,2.0,12.11111111111111,4.5447025191594586,6.0,0.3333333333333333,0.1803523266657764,0.2962962962962963,168.0,168.0,5,40,0.238095238095238,1,0.0059523809523809,1,0.0059523809523809,168.0,168.0,14.023809523809524,4.314913756452565,0.1881498074707141,0.3488095238095238,7.0,5.0,0.7142857142857143,2.0,0.2857142857142857,0.0,0.0,1.0,0.1428571428571428,0,1,1,4,8.857142857142858,6.220440302022068,3.857142857142857,27.0,0.1384957091494756,0
1161,842,214,73,2025,17,306.153,False,1,-7,154.0,133.0,0.8636363636363636,21.0,0.1363636363636363,14.0,0.0909090909090909,7.0,0.0454545454545454,0.0,0.0,0.9090909090909092,1,5,70,8.779220779220779,4.8953287477613925,426.0,2.7662337662337664,0.1696258245784385,2.389020070838253,180.0,153.0,0.85,27.0,0.15,19.0,0.1055555555555555,8.0,0.0444444444444444,0.0,0.0,0.8944444444444445,1,6,96,8.622222222222222,4.939810562669559,498.0,2.7666666666666666,0.1683555375123891,2.3516666666666666,18.0,17.0,0.9444444444444444,1.0,0.0555555555555555,0.0,0.0,1.0,0.0555555555555555,0.0,0.0,0.9444444444444444,0.0,1.0,4.0,10.444444444444445,4.323350324076381,10.0,0.5555555555555556,0.1878516233427683,0.5246913580246914,153.0,153.0,18,73,0.477124183006536,0,0.0,0,0.0,153.0,153.0,11.15032679738562,4.500938524976961,0.1817871614924451,0.492483660130719,6.0,5.0,0.8333333333333334,1.0,0.1666666666666666,1.0,0.1666666666666666,0.0,0.0,0,1,2,2,7.666666666666667,5.24933858267454,4.166666666666667,25.0,0.1600169340756103,0
1161,861,214,73,2025,17,306.153,False,1,-7,9.0,6.0,0.6666666666666666,3.0,0.3333333333333333,1.0,0.1111111111111111,2.0,0.2222222222222222,0.0,0.0,0.8888888888888888,0,0,2,7.444444444444445,5.479479113750201,5.0,0.5555555555555556,0.1543333935405216,0.3703703703703703,180.0,153.0,0.85,27.0,0.15,19.0,0.1055555555555555,8.0,0.0444444444444444,0.0,0.0,0.8944444444444445,1,6,96,8.622222222222222,4.939810562669559,498.0,2.7666666666666666,0.1683555375123891,2.3516666666666666,3.0,3.0,1.0,0.0,0.0,0.0,0.0,0.0,0.0,0.0,0.0,1.0,0.0,0.0,0.0,14.0,2.8284271247461903,0.0,0.0,0.2612038749637414,0.0,9.0,9.0,0,1,0.1111111111111111,0,0.0,0,0.0,9.0,9.0,15.77777777777778,3.258417399692255,0.2348290235880276,0.261111111111111,1.0,1.0,1.0,0.0,0.0,0.0,0.0,0.0,0.0,0,0,0,1,8.0,0.0,4.0,4.0,1.0,0
1161,857,1,73,2025,17,306.153,False,1,-7,46.0,43.0,0.9347826086956522,3.0,0.0652173913043478,2.0,0.0434782608695652,1.0,0.0217391304347826,0.0,0.0,0.9565217391304348,2,10,34,6.652173913043479,4.564596231033249,347.0,7.543478260869565,0.1797075580116829,7.051512287334594,418.0,348.0,0.8325358851674641,70.0,0.1674641148325359,41.0,0.0980861244019138,21.0,0.0502392344497607,5.0,0.0119617224880382,0.901913875598086,7,39,223,7.375598086124402,5.10371641972893,1841.0,4.404306220095694,0.1638346101348546,3.666742977495936,12.0,12.0,1.0,0.0,0.0,0.0,0.0,0.0,0.0,0.0,0.0,1.0,2.0,5.0,7.0,6.0,3.958114029012639,42.0,3.5,0.2016895928872254,3.5,46.0,46.0,18,38,0.8260869565217391,0,0.0,7,0.1521739130434782,46.0,46.0,7.543478260869565,4.803560824779208,0.1723080071342311,0.6728260869565217,2.0,2.0,1.0,0.0,0.0,0.0,0.0,0.0,0.0,1,1,1,1,6.0,5.0,12.5,25.0,0.1666666666666666,0
1162,847,131,15,2025,18,305.474,True,2,18,128.0,113.0,0.8828125,15.0,0.1171875,8.0,0.0625,6.0,0.046875,1.0,0.0078125,0.9375,3,15,63,8.125,5.955564624785798,664.0,5.1875,0.1437697805921537,4.57958984375,418.0,393.0,0.9401913875598086,25.0,0.0598086124401913,14.0,0.0334928229665071,11.0,0.0263157894736842,0.0,0.0,0.9665071770334928,100,235,376,3.425837320574163,3.0834490090995863,6009.5,14.376794258373206,0.2448910217249175,13.516938142441791,18.0,18.0,1.0,0.0,0.0,0.0,0.0,0.0,0.0,0.0,0.0,1.0,1.0,2.0,13.0,7.277777777777778,4.174067501391519,50.0,2.7777777777777777,0.1932715411484405,2.7777777777777777,128.0,128.0,33,65,0.5078125,4,0.03125,12,0.09375,128.0,128.0,10.328125,5.89903246171565,0.1449478612471001,0.53359375,4.0,3.0,0.75,1.0,0.25,0.0,0.0,1.0,0.25,0,0,1,1,8.5,6.689544080129826,3.0,12.0,0.1300467218315388,0
1162,830,9,15,2025,18,305.474,True,2,18,209.0,179.0,0.8564593301435407,30.0,0.1435406698564593,17.0,0.0813397129186602,13.0,0.062200956937799,0.0,0.0,0.9186602870813396,63,112,172,3.0382775119617227,3.2750278715380032,2912.5,13.935406698564591,0.2339166035987118,11.935109086330442,418.0,360.0,0.861244019138756,58.0,0.138755980861244,31.0,0.0741626794258373,23.0,0.055023923444976,3.0,0.0071770334928229,0.9258373205741628,72,166,334,3.985645933014354,3.775998830310016,4807.5,11.501196172248804,0.2093802857851808,9.905336416290837,18.0,18.0,1.0,0.0,0.0,0.0,0.0,0.0,0.0,0.0,0.0,1.0,11.0,15.0,18.0,2.0,1.7638342073763935,111.0,6.166666666666667,0.3618162034940813,6.166666666666667,209.0,209.0,155,188,0.8995215311004785,43,0.2057416267942583,74,0.354066985645933,209.0,209.0,4.727272727272728,4.254721298455835,0.1903050501068177,0.8136363636363637,8.0,7.0,0.875,1.0,0.125,0.0,0.0,1.0,0.125,0,3,4,7,4.125,2.6190408549696205,9.875,79.0,0.2763163059148152,0
1162,846,1,15,2025,18,305.474,True,2,18,128.0,118.0,0.921875,10.0,0.078125,4.0,0.03125,5.0,0.0390625,1.0,0.0078125,0.96875,4,26,100,6.5546875,4.371085022891198,950.0,7.421875,0.1861821206959242,6.842041015625,418.0,348.0,0.8325358851674641,70.0,0.1674641148325359,41.0,0.0980861244019138,21.0,0.0502392344497607,5.0,0.0119617224880382,0.901913875598086,7,39,223,7.375598086124402,5.10371641972893,1841.0,4.404306220095694,0.1638346101348546,3.666742977495936,18.0,17.0,0.9444444444444444,1.0,0.0555555555555555,0.0,0.0,0.0,0.0,1.0,0.0555555555555555,0.9444444444444444,1.0,6.0,14.0,6.333333333333333,4.96655480858378,57.0,3.1666666666666665,0.1676009074049484,2.9907407407407405,128.0,128.0,45,104,0.8125,9,0.0703125,14,0.109375,128.0,128.0,7.21875,4.029069177552056,0.19884395395944,0.6890625,4.0,4.0,1.0,0.0,0.0,0.0,0.0,0.0,0.0,1,2,3,4,3.5,2.29128784747792,15.25,61.0,0.303832434700687,0
1162,857,1,15,2025,18,305.474,True,2,18,46.0,43.0,0.9347826086956522,3.0,0.0652173913043478,2.0,0.0434782608695652,1.0,0.0217391304347826,0.0,0.0,0.9565217391304348,2,10,34,6.652173913043479,4.564596231033249,347.0,7.543478260869565,0.1797075580116829,7.051512287334594,418.0,348.0,0.8325358851674641,70.0,0.1674641148325359,41.0,0.0980861244019138,21.0,0.0502392344497607,5.0,0.0119617224880382,0.901913875598086,7,39,223,7.375598086124402,5.10371641972893,1841.0,4.404306220095694,0.1638346101348546,3.666742977495936,12.0,12.0,1.0,0.0,0.0,0.0,0.0,0.0,0.0,0.0,0.0,1.0,2.0,5.0,7.0,6.0,3.958114029012639,42.0,3.5,0.2016895928872254,3.5,46.0,46.0,18,38,0.8260869565217391,0,0.0,7,0.1521739130434782,46.0,46.0,7.543478260869565,4.803560824779208,0.1723080071342311,0.6728260869565217,2.0,2.0,1.0,0.0,0.0,0.0,0.0,0.0,0.0,0,1,1,2,5.0,2.0,10.5,21.0,0.3333333333333333,0
1162,863,131,15,2025,18,305.474,True,2,18,7.0,5.0,0.7142857142857143,2.0,0.2857142857142857,0.0,0.0,2.0,0.2857142857142857,0.0,0.0,1.0,0,0,0,16.142857142857142,2.4159335036125453,0.0,0.0,0.2927457454726336,0.0,418.0,393.0,0.9401913875598086,25.0,0.0598086124401913,14.0,0.0334928229665071,11.0,0.0263157894736842,0.0,0.0,0.9665071770334928,100,235,376,3.425837320574163,3.0834490090995863,6009.5,14.376794258373206,0.2448910217249175,13.516938142441791,2.0,2.0,1.0,0.0,0.0,0.0,0.0,0.0,0.0,0.0,0.0,1.0,0.0,0.0,0.0,18.0,2.0,0.0,0.0,0.3333333333333333,0.0,7.0,7.0,0,0,0.0,0,0.0,0,0.0,7.0,7.0,16.142857142857142,2.9965967090575765,0.2502128868128419,0.2428571428571428,1.0,1.0,1.0,0.0,0.0,0.0,0.0,0.0,0.0,0,0,0,1,9.0,0.0,2.0,2.0,1.0,0
1162,844,6,15,2025,18,305.474,True,2,18,149.0,127.0,0.8523489932885906,22.0,0.1476510067114094,10.0,0.0671140939597315,11.0,0.0738255033557047,0.0,0.0,0.9328859060402684,8,43,112,4.6375838926174495,3.971737004582008,1363.0,9.14765100671141,0.2011369465195743,7.796991126525833,418.0,364.0,0.8708133971291866,54.0,0.1291866028708134,23.0,0.055023923444976,27.0,0.0645933014354067,0.0,0.0,0.944976076555024,27,149,336,4.160287081339713,3.418308699831697,4353.5,10.415071770334928,0.2263309487718891,9.06958402966965,18.0,18.0,1.0,0.0,0.0,0.0,0.0,0.0,0.0,0.0,0.0,1.0,0.0,6.0,16.0,5.055555555555555,2.933943539224644,67.0,3.7222222222222223,0.2541978526201964,3.7222222222222223,149.0,149.0,82,119,0.7986577181208053,23,0.1543624161073825,40,0.2684563758389262,149.0,149.0,6.208053691275167,4.672172608436389,0.1762992893609532,0.7395973154362416,5.0,5.0,1.0,0.0,0.0,0.0,0.0,0.0,0.0,0,2,4,5,4.4,2.5768197453450243,12.0,60.0,0.2795779690328059,0
1162,4,117,15,2025,18,305.474,True,2,18,168.0,132.0,0.7857142857142857,36.0,0.2142857142857142,25.0,0.1488095238095238,7.0,0.0416666666666666,2.0,0.0119047619047619,0.8511904761904762,0,9,87,7.434523809523809,5.181974114719561,562.0,3.345238095238096,0.1617606255611706,2.628401360544218,180.0,160.0,0.8888888888888888,20.0,0.1111111111111111,6.0,0.0333333333333333,9.0,0.05,5.0,0.0277777777777777,0.9666666666666668,0,9,85,9.077777777777778,4.894958353648232,492.0,2.7333333333333334,0.1696364825683843,2.4296296296296296,18.0,15.0,0.8333333333333334,3.0,0.1666666666666666,1.0,0.0555555555555555,1.0,0.0555555555555555,1.0,0.0555555555555555,0.8333333333333334,0.0,0.0,4.0,11.055555555555555,5.854459100380213,8.0,0.4444444444444444,0.1458904321049243,0.3703703703703703,167.0,167.0,16,82,0.4910179640718562,0,0.0,3,0.0179640718562874,167.0,167.0,10.874251497005988,4.100795367161849,0.1960478568573538,0.5062874251497006,7.0,4.0,0.5714285714285714,3.0,0.4285714285714285,2.0,0.2857142857142857,1.0,0.1428571428571428,0,0,0,3,5.285714285714286,5.229430062206608,2.2857142857142856,16.0,0.1605283292394452,0
1162,1,6,15,2025,18,305.474,True,2,18,208.0,199.0,0.9567307692307692,9.0,0.0432692307692307,4.0,0.0192307692307692,5.0,0.0240384615384615,0.0,0.0,0.9807692307692308,72,132,194,3.0865384615384617,2.881007358957429,3334.5,16.03125,0.2576650615443909,15.33759014423077,418.0,364.0,0.8708133971291866,54.0,0.1291866028708134,23.0,0.055023923444976,27.0,0.0645933014354067,0.0,0.0,0.944976076555024,27,149,336,4.160287081339713,3.418308699831697,4353.5,10.415071770334928,0.2263309487718891,9.06958402966965,18.0,18.0,1.0,0.0,0.0,0.0,0.0,0.0,0.0,0.0,0.0,1.0,0.0,4.0,14.0,6.777777777777778,3.808697000222802,42.0,2.333333333333333,0.2079565420640283,2.333333333333333,208.0,208.0,159,191,0.9182692307692308,69,0.3317307692307692,107,0.5144230769230769,208.0,208.0,4.057692307692308,4.176000393910521,0.1931993670588749,0.8471153846153847,8.0,7.0,0.875,1.0,0.125,1.0,0.125,0.0,0.0,2,4,5,7,3.375,2.7810744326608736,12.875,103.0,0.264475089768668,0
1162,860,210,15,2025,18,305.474,True,2,18,3.0,3.0,1.0,0.0,0.0,0.0,0.0,0.0,0.0,0.0,0.0,1.0,0,0,2,9.666666666666666,2.0548046676563305,7.0,2.333333333333333,0.327353172720928,2.333333333333333,380.0,311.0,0.8184210526315789,69.0,0.181578947368421,27.0,0.0710526315789473,30.0,0.0789473684210526,12.0,0.031578947368421,0.9289473684210526,0,0,73,10.839473684210526,6.092101852903443,293.0,0.7710526315789473,0.1410019230886551,0.6310457063711911,1.0,1.0,1.0,0.0,0.0,0.0,0.0,0.0,0.0,0.0,0.0,1.0,0.0,0.0,0.0,14.0,0.0,0.0,0.0,1.0,0.0,3.0,3.0,0,0,0.0,0,0.0,0,0.0,3.0,3.0,13.0,2.8284271247461903,0.2612038749637414,0.4,1.0,1.0,1.0,0.0,0.0,0.0,0.0,0.0,0.0,0,0,0,0,12.0,0.0,0.0,0.0,1.0,0
1162,832,3,15,2025,18,305.474,True,2,18,208.0,171.0,0.8221153846153846,37.0,0.1778846153846154,20.0,0.0961538461538461,15.0,0.0721153846153846,2.0,0.0096153846153846,0.903846153846154,4,27,139,5.908653846153846,4.283950607004526,1203.5,5.7860576923076925,0.1892523368167706,4.756807045118343,417.0,348.0,0.8345323741007195,69.0,0.1654676258992805,28.0,0.0671462829736211,33.0,0.079136690647482,8.0,0.0191846522781774,0.9328537170263788,0,7,103,10.5947242206235,6.120004622434692,560.0,1.3429256594724222,0.140449347019953,1.1207149388402948,18.0,18.0,1.0,0.0,0.0,0.0,0.0,0.0,0.0,0.0,0.0,1.0,0.0,5.0,17.0,4.888888888888889,2.157387537660844,69.0,3.8333333333333335,0.316717535643677,3.8333333333333335,207.0,207.0,58,142,0.6859903381642513,5,0.0241545893719806,15,0.072463768115942,207.0,207.0,8.51207729468599,4.390217389643142,0.1855212745076697,0.6243961352657005,8.0,8.0,1.0,0.0,0.0,0.0,0.0,0.0,0.0,1,2,3,6,7.25,4.175823272122517,8.0,64.0,0.1932059785321682,0
1162,865,215,15,2025,18,305.474,True,2,18,24.0,19.0,0.7916666666666666,5.0,0.2083333333333333,1.0,0.0416666666666666,4.0,0.1666666666666666,0.0,0.0,0.9583333333333334,0,0,5,14.25,3.9712508524812864,19.0,0.7916666666666666,0.2011566162469698,0.626736111111111,48.0,42.0,0.875,6.0,0.125,1.0,0.0208333333333333,2.0,0.0416666666666666,3.0,0.0625,0.9791666666666666,0,0,14,10.875,5.048205126577168,40.0,0.8333333333333334,0.1653383076585442,0.7291666666666667,6.0,6.0,1.0,0.0,0.0,0.0,0.0,0.0,0.0,0.0,0.0,1.0,0.0,0.0,0.0,13.666666666666666,3.5433819375782187,0.0,0.0,0.2201003599827301,0.0,23.0,23.0,0,5,0.217391304347826,0,0.0,0,0.0,23.0,23.0,13.956521739130435,3.735589830262708,0.21116693713833,0.3521739130434782,1.0,1.0,1.0,0.0,0.0,0.0,0.0,0.0,0.0,0,0,0,1,10.0,0.0,1.0,1.0,1.0,0
1162,852,9,15,2025,18,305.474,True,2,18,90.0,74.0,0.8222222222222222,16.0,0.1777777777777777,8.0,0.0888888888888888,6.0,0.0666666666666666,2.0,0.0222222222222222,0.9111111111111112,0,0,26,10.088888888888889,5.60088176479471,87.0,0.9666666666666668,0.1514949116848937,0.7948148148148148,418.0,360.0,0.861244019138756,58.0,0.138755980861244,31.0,0.0741626794258373,23.0,0.055023923444976,3.0,0.0071770334928229,0.9258373205741628,72,166,334,3.985645933014354,3.775998830310016,4807.5,11.501196172248804,0.2093802857851808,9.905336416290837,18.0,17.0,0.9444444444444444,1.0,0.0555555555555555,0.0,0.0,1.0,0.0555555555555555,0.0,0.0,0.9444444444444444,0.0,0.0,2.0,13.11111111111111,4.45831169949753,4.0,0.2222222222222222,0.1832068330015041,0.2098765432098765,90.0,90.0,1,29,0.3222222222222222,0,0.0,0,0.0,90.0,90.0,12.744444444444444,3.8774593947615625,0.2050247719281906,0.4127777777777778,3.0,1.0,0.3333333333333333,2.0,0.6666666666666666,0.0,0.0,2.0,0.6666666666666666,0,0,0,0,4.0,5.656854249492381,0.0,0.0,0.1502211048223348,0
1162,840,117,15,2025,18,305.474,True,2,18,168.0,142.0,0.8452380952380952,26.0,0.1547619047619047,9.0,0.0535714285714285,14.0,0.0833333333333333,3.0,0.0178571428571428,0.9464285714285714,0,3,60,9.613095238095235,5.285791371166777,286.0,1.7023809523809523,0.1590889580884035,1.4389172335600906,180.0,160.0,0.8888888888888888,20.0,0.1111111111111111,6.0,0.0333333333333333,9.0,0.05,5.0,0.0277777777777777,0.9666666666666668,0,9,85,9.077777777777778,4.894958353648232,492.0,2.7333333333333334,0.1696364825683843,2.4296296296296296,18.0,16.0,0.8888888888888888,2.0,0.1111111111111111,1.0,0.0555555555555555,0.0,0.0,1.0,0.0555555555555555,0.8888888888888888,0.0,0.0,2.0,12.11111111111111,4.5447025191594586,6.0,0.3333333333333333,0.1803523266657764,0.2962962962962963,168.0,168.0,5,40,0.238095238095238,1,0.0059523809523809,1,0.0059523809523809,168.0,168.0,14.023809523809524,4.314913756452565,0.1881498074707141,0.3488095238095238,6.0,5.0,0.8333333333333334,1.0,0.1666666666666666,0.0,0.0,0.0,0.0,0,0,0,2,9.166666666666666,5.112620550059323,2.0,12.0,0.1635959555824702,0
1162,848,3,15,2025,18,305.474,True,2,18,105.0,88.0,0.8380952380952381,17.0,0.1619047619047619,6.0,0.0571428571428571,9.0,0.0857142857142857,2.0,0.019047619047619,0.9428571428571428,0,2,39,8.895238095238096,5.215222790335468,238.0,2.2666666666666666,0.1608952782119053,1.89968253968254,417.0,348.0,0.8345323741007195,69.0,0.1654676258992805,28.0,0.0671462829736211,33.0,0.079136690647482,8.0,0.0191846522781774,0.9328537170263788,0,7,103,10.5947242206235,6.120004622434692,560.0,1.3429256594724222,0.140449347019953,1.1207149388402948,15.0,14.0,0.9333333333333332,1.0,0.0666666666666666,0.0,0.0,0.0,0.0,1.0,0.0666666666666666,0.9333333333333332,0.0,0.0,1.0,12.533333333333331,4.716872787015662,2.0,0.1333333333333333,0.1749208067514167,0.1244444444444444,104.0,104.0,9,38,0.3653846153846153,0,0.0,0,0.0,104.0,104.0,11.961538461538462,4.369745365145779,0.1862285698854272,0.4519230769230769,4.0,2.0,0.5,2.0,0.5,1.0,0.25,1.0,0.25,0,0,0,1,4.25,4.602988159880492,2.0,8.0,0.1784761936782906,0
1162,859,215,15,2025,18,305.474,True,2,18,11.0,11.0,1.0,0.0,0.0,0.0,0.0,0.0,0.0,0.0,0.0,1.0,0,0,3,12.909090909090908,3.117532399905868,6.0,0.5454545454545454,0.24286390558162,0.5454545454545454,48.0,42.0,0.875,6.0,0.125,1.0,0.0208333333333333,2.0,0.0416666666666666,3.0,0.0625,0.9791666666666666,0,0,14,10.875,5.048205126577168,40.0,0.8333333333333334,0.1653383076585442,0.7291666666666667,4.0,3.0,0.75,1.0,0.25,0.0,0.0,0.0,0.0,1.0,0.25,0.75,0.0,0.0,0.0,10.25,6.5717197140474575,0.0,0.0,0.1320703932218656,0.0,11.0,11.0,1,2,0.1818181818181818,0,0.0,0,0.0,11.0,11.0,13.363636363636363,4.006193552096493,0.1997525644171748,0.3818181818181818,1.0,1.0,1.0,0.0,0.0,0.0,0.0,0.0,0.0,0,0,0,1,9.0,0.0,2.0,2.0,1.0,0
1162,861,214,15,2025,18,305.474,True,2,18,9.0,6.0,0.6666666666666666,3.0,0.3333333333333333,1.0,0.1111111111111111,2.0,0.2222222222222222,0.0,0.0,0.8888888888888888,0,0,2,7.444444444444445,5.479479113750201,5.0,0.5555555555555556,0.1543333935405216,0.3703703703703703,180.0,153.0,0.85,27.0,0.15,19.0,0.1055555555555555,8.0,0.0444444444444444,0.0,0.0,0.8944444444444445,1,6,96,8.622222222222222,4.939810562669559,498.0,2.7666666666666666,0.1683555375123891,2.3516666666666666,3.0,3.0,1.0,0.0,0.0,0.0,0.0,0.0,0.0,0.0,0.0,1.0,0.0,0.0,0.0,14.0,2.8284271247461903,0.0,0.0,0.2612038749637414,0.0,9.0,9.0,0,1,0.1111111111111111,0,0.0,0,0.0,9.0,9.0,15.77777777777778,3.258417399692255,0.2348290235880276,0.261111111111111,1.0,1.0,1.0,0.0,0.0,0.0,0.0,0.0,0.0,0,0,0,0,11.0,0.0,0.0,0.0,1.0,0
1162,864,15,15,2025,18,305.474,True,2,18,24.0,20.0,0.8333333333333334,4.0,0.1666666666666666,2.0,0.0833333333333333,2.0,0.0833333333333333,0.0,0.0,0.9166666666666666,0,3,14,9.833333333333334,5.763872155263526,135.0,5.625,0.1478443082667991,4.6875,210.0,172.0,0.819047619047619,38.0,0.1809523809523809,15.0,0.0714285714285714,18.0,0.0857142857142857,4.0,0.019047619047619,0.9285714285714286,0,0,31,11.057142857142855,6.005281122524093,95.0,0.4523809523809524,0.1427494460978444,0.3705215419501134,6.0,6.0,1.0,0.0,0.0,0.0,0.0,0.0,0.0,0.0,0.0,1.0,0.0,1.0,5.0,7.833333333333333,4.524623986832743,15.0,2.5,0.1810077939029653,2.5,24.0,24.0,8,16,0.6666666666666666,0,0.0,1,0.0416666666666666,24.0,24.0,8.583333333333334,4.846963539738622,0.1710289440328378,0.6208333333333333,1.0,1.0,1.0,0.0,0.0,0.0,0.0,0.0,0.0,0,0,0,1,8.0,0.0,4.0,4.0,1.0,0
1162,839,210,15,2025,18,305.474,True,2,18,156.0,133.0,0.8525641025641025,23.0,0.1474358974358974,14.0,0.0897435897435897,9.0,0.0576923076923076,0.0,0.0,0.9102564102564102,1,4,85,8.429487179487179,5.100417503633805,440.0,2.8205128205128207,0.1639232067976224,2.4046679815910585,380.0,311.0,0.8184210526315789,69.0,0.181578947368421,27.0,0.0710526315789473,30.0,0.0789473684210526,12.0,0.031578947368421,0.9289473684210526,0,0,73,10.839473684210526,6.092101852903443,293.0,0.7710526315789473,0.1410019230886551,0.6310457063711911,18.0,17.0,0.9444444444444444,1.0,0.0555555555555555,0.0,0.0,0.0,0.0,1.0,0.0555555555555555,0.9444444444444444,0.0,0.0,2.0,11.72222222222222,4.3051075035687525,5.0,0.2777777777777778,0.1884975939370312,0.2623456790123457,155.0,155.0,11,67,0.432258064516129,0,0.0,0,0.0,155.0,155.0,11.593548387096774,4.460141433015033,0.1831454390454883,0.4703225806451613,6.0,3.0,0.5,3.0,0.5,2.0,0.3333333333333333,1.0,0.1666666666666666,0,0,0,1,6.833333333333333,7.22072634081149,0.1666666666666666,1.0,0.1216437524547602,0
1162,842,214,15,2025,18,305.474,True,2,18,154.0,133.0,0.8636363636363636,21.0,0.1363636363636363,14.0,0.0909090909090909,7.0,0.0454545454545454,0.0,0.0,0.9090909090909092,1,5,70,8.779220779220779,4.8953287477613925,426.0,2.7662337662337664,0.1696258245784385,2.389020070838253,180.0,153.0,0.85,27.0,0.15,19.0,0.1055555555555555,8.0,0.0444444444444444,0.0,0.0,0.8944444444444445,1,6,96,8.622222222222222,4.939810562669559,498.0,2.7666666666666666,0.1683555375123891,2.3516666666666666,18.0,17.0,0.9444444444444444,1.0,0.0555555555555555,0.0,0.0,1.0,0.0555555555555555,0.0,0.0,0.9444444444444444,0.0,1.0,4.0,10.444444444444445,4.323350324076381,10.0,0.5555555555555556,0.1878516233427683,0.5246913580246914,153.0,153.0,18,73,0.477124183006536,0,0.0,0,0.0,153.0,153.0,11.15032679738562,4.500938524976961,0.1817871614924451,0.492483660130719,5.0,5.0,1.0,0.0,0.0,0.0,0.0,0.0,0.0,0,0,0,3,10.8,3.867815921162741,2.6,13.0,0.2054309399113713,0
1162,807,15,15,2025,18,305.474,True,2,18,153.0,123.0,0.803921568627451,30.0,0.196078431372549,15.0,0.0980392156862745,14.0,0.0915032679738562,1.0,0.0065359477124183,0.9019607843137256,0,0,65,8.267973856209151,5.366327520580533,331.0,2.1633986928104574,0.1570764301345294,1.73920287069076,210.0,172.0,0.819047619047619,38.0,0.1809523809523809,15.0,0.0714285714285714,18.0,0.0857142857142857,4.0,0.019047619047619,0.9285714285714286,0,0,31,11.057142857142855,6.005281122524093,95.0,0.4523809523809524,0.1427494460978444,0.3705215419501134,12.0,10.0,0.8333333333333334,2.0,0.1666666666666666,1.0,0.0833333333333333,0.0,0.0,1.0,0.0833333333333333,0.8333333333333334,0.0,0.0,4.0,12.583333333333334,6.343741447722751,8.0,0.6666666666666666,0.1361703713452621,0.5555555555555556,153.0,153.0,7,80,0.5228758169934641,0,0.0,1,0.0065359477124183,153.0,153.0,10.673202614379084,3.70449305954654,0.2125627538063344,0.5163398692810458,7.0,4.0,0.5714285714285714,3.0,0.4285714285714285,1.0,0.1428571428571428,2.0,0.2857142857142857,0,0,0,3,5.857142857142857,5.221619109284876,0.7142857142857143,5.0,0.1607298650776681,0
1163,830,9,69,2025,19,308.728,False,0,161,209.0,179.0,0.8564593301435407,30.0,0.1435406698564593,17.0,0.0813397129186602,13.0,0.062200956937799,0.0,0.0,0.9186602870813396,63,112,172,3.0382775119617227,3.2750278715380032,2912.5,13.935406698564591,0.2339166035987118,11.935109086330442,418.0,360.0,0.861244019138756,58.0,0.138755980861244,31.0,0.0741626794258373,23.0,0.055023923444976,3.0,0.0071770334928229,0.9258373205741628,72,166,334,3.985645933014354,3.775998830310016,4807.5,11.501196172248804,0.2093802857851808,9.905336416290837,18.0,18.0,1.0,0.0,0.0,0.0,0.0,0.0,0.0,0.0,0.0,1.0,11.0,15.0,18.0,2.0,1.7638342073763935,111.0,6.166666666666667,0.3618162034940813,6.166666666666667,209.0,209.0,155,188,0.8995215311004785,43,0.2057416267942583,74,0.354066985645933,209.0,209.0,4.727272727272728,4.254721298455835,0.1903050501068177,0.8136363636363637,9.0,8.0,0.8888888888888888,1.0,0.1111111111111111,1.0,0.1111111111111111,0.0,0.0,3,6,8,8,2.111111111111111,1.3698697784375502,16.333333333333332,147.0,0.4219641134287545,1
1163,846,1,69,2025,19,308.728,False,0,161,128.0,118.0,0.921875,10.0,0.078125,4.0,0.03125,5.0,0.0390625,1.0,0.0078125,0.96875,4,26,100,6.5546875,4.371085022891198,950.0,7.421875,0.1861821206959242,6.842041015625,418.0,348.0,0.8325358851674641,70.0,0.1674641148325359,41.0,0.0980861244019138,21.0,0.0502392344497607,5.0,0.0119617224880382,0.901913875598086,7,39,223,7.375598086124402,5.10371641972893,1841.0,4.404306220095694,0.1638346101348546,3.666742977495936,18.0,17.0,0.9444444444444444,1.0,0.0555555555555555,0.0,0.0,0.0,0.0,1.0,0.0555555555555555,0.9444444444444444,1.0,6.0,14.0,6.333333333333333,4.96655480858378,57.0,3.1666666666666665,0.1676009074049484,2.9907407407407405,128.0,128.0,45,104,0.8125,9,0.0703125,14,0.109375,128.0,128.0,7.21875,4.029069177552056,0.19884395395944,0.6890625,5.0,5.0,1.0,0.0,0.0,0.0,0.0,0.0,0.0,0,1,2,5,5.4,2.1540659228538,9.6,48.0,0.3170510777070885,1
1163,844,6,69,2025,19,308.728,False,0,161,149.0,127.0,0.8523489932885906,22.0,0.1476510067114094,10.0,0.0671140939597315,11.0,0.0738255033557047,0.0,0.0,0.9328859060402684,8,43,112,4.6375838926174495,3.971737004582008,1363.0,9.14765100671141,0.2011369465195743,7.796991126525833,418.0,364.0,0.8708133971291866,54.0,0.1291866028708134,23.0,0.055023923444976,27.0,0.0645933014354067,0.0,0.0,0.944976076555024,27,149,336,4.160287081339713,3.418308699831697,4353.5,10.415071770334928,0.2263309487718891,9.06958402966965,18.0,18.0,1.0,0.0,0.0,0.0,0.0,0.0,0.0,0.0,0.0,1.0,0.0,6.0,16.0,5.055555555555555,2.933943539224644,67.0,3.7222222222222223,0.2541978526201964,3.7222222222222223,149.0,149.0,82,119,0.7986577181208053,23,0.1543624161073825,40,0.2684563758389262,149.0,149.0,6.208053691275167,4.672172608436389,0.1762992893609532,0.7395973154362416,6.0,5.0,0.8333333333333334,1.0,0.1666666666666666,0.0,0.0,1.0,0.1666666666666666,1,2,4,4,2.0,1.7320508075688772,10.833333333333334,65.0,0.3660254037844386,1
1163,1,6,69,2025,19,308.728,False,0,161,208.0,199.0,0.9567307692307692,9.0,0.0432692307692307,4.0,0.0192307692307692,5.0,0.0240384615384615,0.0,0.0,0.9807692307692308,72,132,194,3.0865384615384617,2.881007358957429,3334.5,16.03125,0.2576650615443909,15.33759014423077,418.0,364.0,0.8708133971291866,54.0,0.1291866028708134,23.0,0.055023923444976,27.0,0.0645933014354067,0.0,0.0,0.944976076555024,27,149,336,4.160287081339713,3.418308699831697,4353.5,10.415071770334928,0.2263309487718891,9.06958402966965,18.0,18.0,1.0,0.0,0.0,0.0,0.0,0.0,0.0,0.0,0.0,1.0,0.0,4.0,14.0,6.777777777777778,3.808697000222802,42.0,2.333333333333333,0.2079565420640283,2.333333333333333,208.0,208.0,159,191,0.9182692307692308,69,0.3317307692307692,107,0.5144230769230769,208.0,208.0,4.057692307692308,4.176000393910521,0.1931993670588749,0.8471153846153847,9.0,8.0,0.8888888888888888,1.0,0.1111111111111111,0.0,0.0,1.0,0.1111111111111111,3,7,7,7,1.3333333333333333,0.9428090415820634,16.11111111111111,145.0,0.5147186257614297,1
1163,857,1,69,2025,19,308.728,False,0,161,46.0,43.0,0.9347826086956522,3.0,0.0652173913043478,2.0,0.0434782608695652,1.0,0.0217391304347826,0.0,0.0,0.9565217391304348,2,10,34,6.652173913043479,4.564596231033249,347.0,7.543478260869565,0.1797075580116829,7.051512287334594,418.0,348.0,0.8325358851674641,70.0,0.1674641148325359,41.0,0.0980861244019138,21.0,0.0502392344497607,5.0,0.0119617224880382,0.901913875598086,7,39,223,7.375598086124402,5.10371641972893,1841.0,4.404306220095694,0.1638346101348546,3.666742977495936,12.0,12.0,1.0,0.0,0.0,0.0,0.0,0.0,0.0,0.0,0.0,1.0,2.0,5.0,7.0,6.0,3.958114029012639,42.0,3.5,0.2016895928872254,3.5,46.0,46.0,18,38,0.8260869565217391,0,0.0,7,0.1521739130434782,46.0,46.0,7.543478260869565,4.803560824779208,0.1723080071342311,0.6728260869565217,2.0,1.0,0.5,1.0,0.5,1.0,0.5,0.0,0.0,0,0,1,1,2.5,2.5,5.0,10.0,0.2857142857142857,1
1163,847,131,69,2025,19,308.728,False,0,161,128.0,113.0,0.8828125,15.0,0.1171875,8.0,0.0625,6.0,0.046875,1.0,0.0078125,0.9375,3,15,63,8.125,5.955564624785798,664.0,5.1875,0.1437697805921537,4.57958984375,418.0,393.0,0.9401913875598086,25.0,0.0598086124401913,14.0,0.0334928229665071,11.0,0.0263157894736842,0.0,0.0,0.9665071770334928,100,235,376,3.425837320574163,3.0834490090995863,6009.5,14.376794258373206,0.2448910217249175,13.516938142441791,18.0,18.0,1.0,0.0,0.0,0.0,0.0,0.0,0.0,0.0,0.0,1.0,1.0,2.0,13.0,7.277777777777778,4.174067501391519,50.0,2.7777777777777777,0.1932715411484405,2.7777777777777777,128.0,128.0,33,65,0.5078125,4,0.03125,12,0.09375,128.0,128.0,10.328125,5.89903246171565,0.1449478612471001,0.53359375,5.0,5.0,1.0,0.0,0.0,0.0,0.0,0.0,0.0,0,0,2,3,9.4,5.083306010855533,5.8,29.0,0.1643842999539265,1
1163,852,9,69,2025,19,308.728,False,0,161,90.0,74.0,0.8222222222222222,16.0,0.1777777777777777,8.0,0.0888888888888888,6.0,0.0666666666666666,2.0,0.0222222222222222,0.9111111111111112,0,0,26,10.088888888888889,5.60088176479471,87.0,0.9666666666666668,0.1514949116848937,0.7948148148148148,418.0,360.0,0.861244019138756,58.0,0.138755980861244,31.0,0.0741626794258373,23.0,0.055023923444976,3.0,0.0071770334928229,0.9258373205741628,72,166,334,3.985645933014354,3.775998830310016,4807.5,11.501196172248804,0.2093802857851808,9.905336416290837,18.0,17.0,0.9444444444444444,1.0,0.0555555555555555,0.0,0.0,1.0,0.0555555555555555,0.0,0.0,0.9444444444444444,0.0,0.0,2.0,13.11111111111111,4.45831169949753,4.0,0.2222222222222222,0.1832068330015041,0.2098765432098765,90.0,90.0,1,29,0.3222222222222222,0,0.0,0,0.0,90.0,90.0,12.744444444444444,3.8774593947615625,0.2050247719281906,0.4127777777777778,4.0,4.0,1.0,0.0,0.0,0.0,0.0,0.0,0.0,0,0,0,3,10.25,2.277608394786075,2.0,8.0,0.3051005121877193,1
1163,807,15,69,2025,19,308.728,False,0,161,153.0,123.0,0.803921568627451,30.0,0.196078431372549,15.0,0.0980392156862745,14.0,0.0915032679738562,1.0,0.0065359477124183,0.9019607843137256,0,0,65,8.267973856209151,5.366327520580533,331.0,2.1633986928104574,0.1570764301345294,1.73920287069076,210.0,172.0,0.819047619047619,38.0,0.1809523809523809,15.0,0.0714285714285714,18.0,0.0857142857142857,4.0,0.019047619047619,0.9285714285714286,0,0,31,11.057142857142855,6.005281122524093,95.0,0.4523809523809524,0.1427494460978444,0.3705215419501134,12.0,10.0,0.8333333333333334,2.0,0.1666666666666666,1.0,0.0833333333333333,0.0,0.0,1.0,0.0833333333333333,0.8333333333333334,0.0,0.0,4.0,12.583333333333334,6.343741447722751,8.0,0.6666666666666666,0.1361703713452621,0.5555555555555556,153.0,153.0,7,80,0.5228758169934641,0,0.0,1,0.0065359477124183,153.0,153.0,10.673202614379084,3.70449305954654,0.2125627538063344,0.5163398692810458,7.0,4.0,0.5714285714285714,3.0,0.4285714285714285,1.0,0.1428571428571428,2.0,0.2857142857142857,0,0,0,3,4.857142857142857,4.421653583012047,2.0,14.0,0.1844455726816174,1
1163,860,210,69,2025,19,308.728,False,0,161,3.0,3.0,1.0,0.0,0.0,0.0,0.0,0.0,0.0,0.0,0.0,1.0,0,0,2,9.666666666666666,2.0548046676563305,7.0,2.333333333333333,0.327353172720928,2.333333333333333,380.0,311.0,0.8184210526315789,69.0,0.181578947368421,27.0,0.0710526315789473,30.0,0.0789473684210526,12.0,0.031578947368421,0.9289473684210526,0,0,73,10.839473684210526,6.092101852903443,293.0,0.7710526315789473,0.1410019230886551,0.6310457063711911,1.0,1.0,1.0,0.0,0.0,0.0,0.0,0.0,0.0,0.0,0.0,1.0,0.0,0.0,0.0,14.0,0.0,0.0,0.0,1.0,0.0,3.0,3.0,0,0,0.0,0,0.0,0,0.0,3.0,3.0,13.0,2.8284271247461903,0.2612038749637414,0.4,1.0,1.0,1.0,0.0,0.0,0.0,0.0,0.0,0.0,0,0,0,1,6.0,0.0,8.0,8.0,1.0,1
1163,4,117,69,2025,19,308.728,False,0,161,168.0,132.0,0.7857142857142857,36.0,0.2142857142857142,25.0,0.1488095238095238,7.0,0.0416666666666666,2.0,0.0119047619047619,0.8511904761904762,0,9,87,7.434523809523809,5.181974114719561,562.0,3.345238095238096,0.1617606255611706,2.628401360544218,180.0,160.0,0.8888888888888888,20.0,0.1111111111111111,6.0,0.0333333333333333,9.0,0.05,5.0,0.0277777777777777,0.9666666666666668,0,9,85,9.077777777777778,4.894958353648232,492.0,2.7333333333333334,0.1696364825683843,2.4296296296296296,18.0,15.0,0.8333333333333334,3.0,0.1666666666666666,1.0,0.0555555555555555,1.0,0.0555555555555555,1.0,0.0555555555555555,0.8333333333333334,0.0,0.0,4.0,11.055555555555555,5.854459100380213,8.0,0.4444444444444444,0.1458904321049243,0.3703703703703703,167.0,167.0,16,82,0.4910179640718562,0,0.0,3,0.0179640718562874,167.0,167.0,10.874251497005988,4.100795367161849,0.1960478568573538,0.5062874251497006,8.0,4.0,0.5,4.0,0.5,3.0,0.375,1.0,0.125,0,0,1,2,4.5,5.024937810560445,2.0,16.0,0.1659768169303276,1
1163,859,215,69,2025,19,308.728,False,0,161,11.0,11.0,1.0,0.0,0.0,0.0,0.0,0.0,0.0,0.0,0.0,1.0,0,0,3,12.909090909090908,3.117532399905868,6.0,0.5454545454545454,0.24286390558162,0.5454545454545454,48.0,42.0,0.875,6.0,0.125,1.0,0.0208333333333333,2.0,0.0416666666666666,3.0,0.0625,0.9791666666666666,0,0,14,10.875,5.048205126577168,40.0,0.8333333333333334,0.1653383076585442,0.7291666666666667,4.0,3.0,0.75,1.0,0.25,0.0,0.0,0.0,0.0,1.0,0.25,0.75,0.0,0.0,0.0,10.25,6.5717197140474575,0.0,0.0,0.1320703932218656,0.0,11.0,11.0,1,2,0.1818181818181818,0,0.0,0,0.0,11.0,11.0,13.363636363636363,4.006193552096493,0.1997525644171748,0.3818181818181818,1.0,1.0,1.0,0.0,0.0,0.0,0.0,0.0,0.0,0,0,0,1,9.0,0.0,2.0,2.0,1.0,1
1163,840,117,69,2025,19,308.728,False,0,161,168.0,142.0,0.8452380952380952,26.0,0.1547619047619047,9.0,0.0535714285714285,14.0,0.0833333333333333,3.0,0.0178571428571428,0.9464285714285714,0,3,60,9.613095238095235,5.285791371166777,286.0,1.7023809523809523,0.1590889580884035,1.4389172335600906,180.0,160.0,0.8888888888888888,20.0,0.1111111111111111,6.0,0.0333333333333333,9.0,0.05,5.0,0.0277777777777777,0.9666666666666668,0,9,85,9.077777777777778,4.894958353648232,492.0,2.7333333333333334,0.1696364825683843,2.4296296296296296,18.0,16.0,0.8888888888888888,2.0,0.1111111111111111,1.0,0.0555555555555555,0.0,0.0,1.0,0.0555555555555555,0.8888888888888888,0.0,0.0,2.0,12.11111111111111,4.5447025191594586,6.0,0.3333333333333333,0.1803523266657764,0.2962962962962963,168.0,168.0,5,40,0.238095238095238,1,0.0059523809523809,1,0.0059523809523809,168.0,168.0,14.023809523809524,4.314913756452565,0.1881498074707141,0.3488095238095238,7.0,6.0,0.8571428571428571,1.0,0.1428571428571428,0.0,0.0,1.0,0.1428571428571428,0,0,0,1,10.285714285714286,4.831867007225073,0.8571428571428571,6.0,0.1714716742959166,1
1163,863,131,69,2025,19,308.728,False,0,161,7.0,5.0,0.7142857142857143,2.0,0.2857142857142857,0.0,0.0,2.0,0.2857142857142857,0.0,0.0,1.0,0,0,0,16.142857142857142,2.4159335036125453,0.0,0.0,0.2927457454726336,0.0,418.0,393.0,0.9401913875598086,25.0,0.0598086124401913,14.0,0.0334928229665071,11.0,0.0263157894736842,0.0,0.0,0.9665071770334928,100,235,376,3.425837320574163,3.0834490090995863,6009.5,14.376794258373206,0.2448910217249175,13.516938142441791,2.0,2.0,1.0,0.0,0.0,0.0,0.0,0.0,0.0,0.0,0.0,1.0,0.0,0.0,0.0,18.0,2.0,0.0,0.0,0.3333333333333333,0.0,7.0,7.0,0,0,0.0,0,0.0,0,0.0,7.0,7.0,16.142857142857142,2.9965967090575765,0.2502128868128419,0.2428571428571428,1.0,1.0,1.0,0.0,0.0,0.0,0.0,0.0,0.0,0,0,0,0,16.0,0.0,0.0,0.0,1.0,1
1163,848,3,69,2025,19,308.728,False,0,161,105.0,88.0,0.8380952380952381,17.0,0.1619047619047619,6.0,0.0571428571428571,9.0,0.0857142857142857,2.0,0.019047619047619,0.9428571428571428,0,2,39,8.895238095238096,5.215222790335468,238.0,2.2666666666666666,0.1608952782119053,1.89968253968254,417.0,348.0,0.8345323741007195,69.0,0.1654676258992805,28.0,0.0671462829736211,33.0,0.079136690647482,8.0,0.0191846522781774,0.9328537170263788,0,7,103,10.5947242206235,6.120004622434692,560.0,1.3429256594724222,0.140449347019953,1.1207149388402948,15.0,14.0,0.9333333333333332,1.0,0.0666666666666666,0.0,0.0,0.0,0.0,1.0,0.0666666666666666,0.9333333333333332,0.0,0.0,1.0,12.533333333333331,4.716872787015662,2.0,0.1333333333333333,0.1749208067514167,0.1244444444444444,104.0,104.0,9,38,0.3653846153846153,0,0.0,0,0.0,104.0,104.0,11.961538461538462,4.369745365145779,0.1862285698854272,0.4519230769230769,4.0,4.0,1.0,0.0,0.0,0.0,0.0,0.0,0.0,0,0,1,2,10.75,4.14578098794425,3.0,12.0,0.1943339606452046,1
1163,839,210,69,2025,19,308.728,False,0,161,156.0,133.0,0.8525641025641025,23.0,0.1474358974358974,14.0,0.0897435897435897,9.0,0.0576923076923076,0.0,0.0,0.9102564102564102,1,4,85,8.429487179487179,5.100417503633805,440.0,2.8205128205128207,0.1639232067976224,2.4046679815910585,380.0,311.0,0.8184210526315789,69.0,0.181578947368421,27.0,0.0710526315789473,30.0,0.0789473684210526,12.0,0.031578947368421,0.9289473684210526,0,0,73,10.839473684210526,6.092101852903443,293.0,0.7710526315789473,0.1410019230886551,0.6310457063711911,18.0,17.0,0.9444444444444444,1.0,0.0555555555555555,0.0,0.0,0.0,0.0,1.0,0.0555555555555555,0.9444444444444444,0.0,0.0,2.0,11.72222222222222,4.3051075035687525,5.0,0.2777777777777778,0.1884975939370312,0.2623456790123457,155.0,155.0,11,67,0.432258064516129,0,0.0,0,0.0,155.0,155.0,11.593548387096774,4.460141433015033,0.1831454390454883,0.4703225806451613,7.0,5.0,0.7142857142857143,2.0,0.2857142857142857,1.0,0.1428571428571428,1.0,0.1428571428571428,0,0,0,1,7.571428571428571,7.594305062858293,1.1428571428571428,8.0,0.1163561210227066,1
1163,865,215,69,2025,19,308.728,False,0,161,24.0,19.0,0.7916666666666666,5.0,0.2083333333333333,1.0,0.0416666666666666,4.0,0.1666666666666666,0.0,0.0,0.9583333333333334,0,0,5,14.25,3.9712508524812864,19.0,0.7916666666666666,0.2011566162469698,0.626736111111111,48.0,42.0,0.875,6.0,0.125,1.0,0.0208333333333333,2.0,0.0416666666666666,3.0,0.0625,0.9791666666666666,0,0,14,10.875,5.048205126577168,40.0,0.8333333333333334,0.1653383076585442,0.7291666666666667,6.0,6.0,1.0,0.0,0.0,0.0,0.0,0.0,0.0,0.0,0.0,1.0,0.0,0.0,0.0,13.666666666666666,3.5433819375782187,0.0,0.0,0.2201003599827301,0.0,23.0,23.0,0,5,0.217391304347826,0,0.0,0,0.0,23.0,23.0,13.956521739130435,3.735589830262708,0.21116693713833,0.3521739130434782,1.0,1.0,1.0,0.0,0.0,0.0,0.0,0.0,0.0,0,1,1,1,3.0,0.0,15.0,15.0,1.0,1
1163,861,214,69,2025,19,308.728,False,0,161,9.0,6.0,0.6666666666666666,3.0,0.3333333333333333,1.0,0.1111111111111111,2.0,0.2222222222222222,0.0,0.0,0.8888888888888888,0,0,2,7.444444444444445,5.479479113750201,5.0,0.5555555555555556,0.1543333935405216,0.3703703703703703,180.0,153.0,0.85,27.0,0.15,19.0,0.1055555555555555,8.0,0.0444444444444444,0.0,0.0,0.8944444444444445,1,6,96,8.622222222222222,4.939810562669559,498.0,2.7666666666666666,0.1683555375123891,2.3516666666666666,3.0,3.0,1.0,0.0,0.0,0.0,0.0,0.0,0.0,0.0,0.0,1.0,0.0,0.0,0.0,14.0,2.8284271247461903,0.0,0.0,0.2612038749637414,0.0,9.0,9.0,0,1,0.1111111111111111,0,0.0,0,0.0,9.0,9.0,15.77777777777778,3.258417399692255,0.2348290235880276,0.261111111111111,1.0,1.0,1.0,0.0,0.0,0.0,0.0,0.0,0.0,0,0,0,1,10.0,0.0,1.0,1.0,1.0,1
1163,864,15,69,2025,19,308.728,False,0,161,24.0,20.0,0.8333333333333334,4.0,0.1666666666666666,2.0,0.0833333333333333,2.0,0.0833333333333333,0.0,0.0,0.9166666666666666,0,3,14,9.833333333333334,5.763872155263526,135.0,5.625,0.1478443082667991,4.6875,210.0,172.0,0.819047619047619,38.0,0.1809523809523809,15.0,0.0714285714285714,18.0,0.0857142857142857,4.0,0.019047619047619,0.9285714285714286,0,0,31,11.057142857142855,6.005281122524093,95.0,0.4523809523809524,0.1427494460978444,0.3705215419501134,6.0,6.0,1.0,0.0,0.0,0.0,0.0,0.0,0.0,0.0,0.0,1.0,0.0,1.0,5.0,7.833333333333333,4.524623986832743,15.0,2.5,0.1810077939029653,2.5,24.0,24.0,8,16,0.6666666666666666,0,0.0,1,0.0416666666666666,24.0,24.0,8.583333333333334,4.846963539738622,0.1710289440328378,0.6208333333333333,1.0,1.0,1.0,0.0,0.0,0.0,0.0,0.0,0.0,0,0,0,0,15.0,0.0,0.0,0.0,1.0,1
1163,842,214,69,2025,19,308.728,False,0,161,154.0,133.0,0.8636363636363636,21.0,0.1363636363636363,14.0,0.0909090909090909,7.0,0.0454545454545454,0.0,0.0,0.9090909090909092,1,5,70,8.779220779220779,4.8953287477613925,426.0,2.7662337662337664,0.1696258245784385,2.389020070838253,180.0,153.0,0.85,27.0,0.15,19.0,0.1055555555555555,8.0,0.0444444444444444,0.0,0.0,0.8944444444444445,1,6,96,8.622222222222222,4.939810562669559,498.0,2.7666666666666666,0.1683555375123891,2.3516666666666666,18.0,17.0,0.9444444444444444,1.0,0.0555555555555555,0.0,0.0,1.0,0.0555555555555555,0.0,0.0,0.9444444444444444,0.0,1.0,4.0,10.444444444444445,4.323350324076381,10.0,0.5555555555555556,0.1878516233427683,0.5246913580246914,153.0,153.0,18,73,0.477124183006536,0,0.0,0,0.0,153.0,153.0,11.15032679738562,4.500938524976961,0.1817871614924451,0.492483660130719,6.0,5.0,0.8333333333333334,1.0,0.1666666666666666,1.0,0.1666666666666666,0.0,0.0,0,0,0,1,10.0,5.416025603090641,1.3333333333333333,8.0,0.1558597271679049,1
1163,832,3,69,2025,19,308.728,False,0,161,208.0,171.0,0.8221153846153846,37.0,0.1778846153846154,20.0,0.0961538461538461,15.0,0.0721153846153846,2.0,0.0096153846153846,0.903846153846154,4,27,139,5.908653846153846,4.283950607004526,1203.5,5.7860576923076925,0.1892523368167706,4.756807045118343,417.0,348.0,0.8345323741007195,69.0,0.1654676258992805,28.0,0.0671462829736211,33.0,0.079136690647482,8.0,0.0191846522781774,0.9328537170263788,0,7,103,10.5947242206235,6.120004622434692,560.0,1.3429256594724222,0.140449347019953,1.1207149388402948,18.0,18.0,1.0,0.0,0.0,0.0,0.0,0.0,0.0,0.0,0.0,1.0,0.0,5.0,17.0,4.888888888888889,2.157387537660844,69.0,3.8333333333333335,0.316717535643677,3.8333333333333335,207.0,207.0,58,142,0.6859903381642513,5,0.0241545893719806,15,0.072463768115942,207.0,207.0,8.51207729468599,4.390217389643142,0.1855212745076697,0.6243961352657005,9.0,8.0,0.8888888888888888,1.0,0.1111111111111111,0.0,0.0,1.0,0.1111111111111111,0,2,2,8,5.222222222222222,2.657391276244756,7.666666666666667,69.0,0.2734189274456724,1
1164,846,1,32,2025,20,305.584,False,0,2227,128.0,118.0,0.921875,10.0,0.078125,4.0,0.03125,5.0,0.0390625,1.0,0.0078125,0.96875,4,26,100,6.5546875,4.371085022891198,950.0,7.421875,0.1861821206959242,6.842041015625,418.0,348.0,0.8325358851674641,70.0,0.1674641148325359,41.0,0.0980861244019138,21.0,0.0502392344497607,5.0,0.0119617224880382,0.901913875598086,7,39,223,7.375598086124402,5.10371641972893,1841.0,4.404306220095694,0.1638346101348546,3.666742977495936,18.0,17.0,0.9444444444444444,1.0,0.0555555555555555,0.0,0.0,0.0,0.0,1.0,0.0555555555555555,0.9444444444444444,1.0,6.0,14.0,6.333333333333333,4.96655480858378,57.0,3.1666666666666665,0.1676009074049484,2.9907407407407405,128.0,128.0,45,104,0.8125,9,0.0703125,14,0.109375,128.0,128.0,7.21875,4.029069177552056,0.19884395395944,0.6890625,5.0,4.0,0.8,1.0,0.2,0.0,0.0,0.0,0.0,0,1,2,4,5.2,3.867815921162743,6.2,31.0,0.2054309399113713,0
1164,844,6,32,2025,20,305.584,False,0,2227,149.0,127.0,0.8523489932885906,22.0,0.1476510067114094,10.0,0.0671140939597315,11.0,0.0738255033557047,0.0,0.0,0.9328859060402684,8,43,112,4.6375838926174495,3.971737004582008,1363.0,9.14765100671141,0.2011369465195743,7.796991126525833,418.0,364.0,0.8708133971291866,54.0,0.1291866028708134,23.0,0.055023923444976,27.0,0.0645933014354067,0.0,0.0,0.944976076555024,27,149,336,4.160287081339713,3.418308699831697,4353.5,10.415071770334928,0.2263309487718891,9.06958402966965,18.0,18.0,1.0,0.0,0.0,0.0,0.0,0.0,0.0,0.0,0.0,1.0,0.0,6.0,16.0,5.055555555555555,2.933943539224644,67.0,3.7222222222222223,0.2541978526201964,3.7222222222222223,149.0,149.0,82,119,0.7986577181208053,23,0.1543624161073825,40,0.2684563758389262,149.0,149.0,6.208053691275167,4.672172608436389,0.1762992893609532,0.7395973154362416,6.0,6.0,1.0,0.0,0.0,0.0,0.0,0.0,0.0,0,2,4,6,4.666666666666667,1.4907119849998582,11.333333333333334,68.0,0.4014916240907946,0
1164,830,9,32,2025,20,305.584,False,0,2227,209.0,179.0,0.8564593301435407,30.0,0.1435406698564593,17.0,0.0813397129186602,13.0,0.062200956937799,0.0,0.0,0.9186602870813396,63,112,172,3.0382775119617227,3.2750278715380032,2912.5,13.935406698564591,0.2339166035987118,11.935109086330442,418.0,360.0,0.861244019138756,58.0,0.138755980861244,31.0,0.0741626794258373,23.0,0.055023923444976,3.0,0.0071770334928229,0.9258373205741628,72,166,334,3.985645933014354,3.775998830310016,4807.5,11.501196172248804,0.2093802857851808,9.905336416290837,18.0,18.0,1.0,0.0,0.0,0.0,0.0,0.0,0.0,0.0,0.0,1.0,11.0,15.0,18.0,2.0,1.7638342073763935,111.0,6.166666666666667,0.3618162034940813,6.166666666666667,209.0,209.0,155,188,0.8995215311004785,43,0.2057416267942583,74,0.354066985645933,209.0,209.0,4.727272727272728,4.254721298455835,0.1903050501068177,0.8136363636363637,9.0,9.0,1.0,0.0,0.0,0.0,0.0,0.0,0.0,5,5,6,9,3.333333333333333,2.867441755680875,17.22222222222222,155.0,0.2585688584788905,0
1164,860,210,32,2025,20,305.584,False,0,2227,3.0,3.0,1.0,0.0,0.0,0.0,0.0,0.0,0.0,0.0,0.0,1.0,0,0,2,9.666666666666666,2.0548046676563305,7.0,2.333333333333333,0.327353172720928,2.333333333333333,380.0,311.0,0.8184210526315789,69.0,0.181578947368421,27.0,0.0710526315789473,30.0,0.0789473684210526,12.0,0.031578947368421,0.9289473684210526,0,0,73,10.839473684210526,6.092101852903443,293.0,0.7710526315789473,0.1410019230886551,0.6310457063711911,1.0,1.0,1.0,0.0,0.0,0.0,0.0,0.0,0.0,0.0,0.0,1.0,0.0,0.0,0.0,14.0,0.0,0.0,0.0,1.0,0.0,3.0,3.0,0,0,0.0,0,0.0,0,0.0,3.0,3.0,13.0,2.8284271247461903,0.2612038749637414,0.4,1.0,1.0,1.0,0.0,0.0,0.0,0.0,0.0,0.0,0,0,0,0,12.0,0.0,0.0,0.0,1.0,0
1164,857,1,32,2025,20,305.584,False,0,2227,46.0,43.0,0.9347826086956522,3.0,0.0652173913043478,2.0,0.0434782608695652,1.0,0.0217391304347826,0.0,0.0,0.9565217391304348,2,10,34,6.652173913043479,4.564596231033249,347.0,7.543478260869565,0.1797075580116829,7.051512287334594,418.0,348.0,0.8325358851674641,70.0,0.1674641148325359,41.0,0.0980861244019138,21.0,0.0502392344497607,5.0,0.0119617224880382,0.901913875598086,7,39,223,7.375598086124402,5.10371641972893,1841.0,4.404306220095694,0.1638346101348546,3.666742977495936,12.0,12.0,1.0,0.0,0.0,0.0,0.0,0.0,0.0,0.0,0.0,1.0,2.0,5.0,7.0,6.0,3.958114029012639,42.0,3.5,0.2016895928872254,3.5,46.0,46.0,18,38,0.8260869565217391,0,0.0,7,0.1521739130434782,46.0,46.0,7.543478260869565,4.803560824779208,0.1723080071342311,0.6728260869565217,2.0,2.0,1.0,0.0,0.0,0.0,0.0,0.0,0.0,0,0,0,2,8.0,0.0,4.0,8.0,1.0,0
1164,863,131,32,2025,20,305.584,False,0,2227,7.0,5.0,0.7142857142857143,2.0,0.2857142857142857,0.0,0.0,2.0,0.2857142857142857,0.0,0.0,1.0,0,0,0,16.142857142857142,2.4159335036125453,0.0,0.0,0.2927457454726336,0.0,418.0,393.0,0.9401913875598086,25.0,0.0598086124401913,14.0,0.0334928229665071,11.0,0.0263157894736842,0.0,0.0,0.9665071770334928,100,235,376,3.425837320574163,3.0834490090995863,6009.5,14.376794258373206,0.2448910217249175,13.516938142441791,2.0,2.0,1.0,0.0,0.0,0.0,0.0,0.0,0.0,0.0,0.0,1.0,0.0,0.0,0.0,18.0,2.0,0.0,0.0,0.3333333333333333,0.0,7.0,7.0,0,0,0.0,0,0.0,0,0.0,7.0,7.0,16.142857142857142,2.9965967090575765,0.2502128868128419,0.2428571428571428,1.0,1.0,1.0,0.0,0.0,0.0,0.0,0.0,0.0,0,0,0,0,15.0,0.0,0.0,0.0,1.0,0
1164,847,131,32,2025,20,305.584,False,0,2227,128.0,113.0,0.8828125,15.0,0.1171875,8.0,0.0625,6.0,0.046875,1.0,0.0078125,0.9375,3,15,63,8.125,5.955564624785798,664.0,5.1875,0.1437697805921537,4.57958984375,418.0,393.0,0.9401913875598086,25.0,0.0598086124401913,14.0,0.0334928229665071,11.0,0.0263157894736842,0.0,0.0,0.9665071770334928,100,235,376,3.425837320574163,3.0834490090995863,6009.5,14.376794258373206,0.2448910217249175,13.516938142441791,18.0,18.0,1.0,0.0,0.0,0.0,0.0,0.0,0.0,0.0,0.0,1.0,1.0,2.0,13.0,7.277777777777778,4.174067501391519,50.0,2.7777777777777777,0.1932715411484405,2.7777777777777777,128.0,128.0,33,65,0.5078125,4,0.03125,12,0.09375,128.0,128.0,10.328125,5.89903246171565,0.1449478612471001,0.53359375,5.0,5.0,1.0,0.0,0.0,0.0,0.0,0.0,0.0,0,0,2,3,9.4,5.425863986500213,6.2,31.0,0.1556210965717375,0
1164,1,6,32,2025,20,305.584,False,0,2227,208.0,199.0,0.9567307692307692,9.0,0.0432692307692307,4.0,0.0192307692307692,5.0,0.0240384615384615,0.0,0.0,0.9807692307692308,72,132,194,3.0865384615384617,2.881007358957429,3334.5,16.03125,0.2576650615443909,15.33759014423077,418.0,364.0,0.8708133971291866,54.0,0.1291866028708134,23.0,0.055023923444976,27.0,0.0645933014354067,0.0,0.0,0.944976076555024,27,149,336,4.160287081339713,3.418308699831697,4353.5,10.415071770334928,0.2263309487718891,9.06958402966965,18.0,18.0,1.0,0.0,0.0,0.0,0.0,0.0,0.0,0.0,0.0,1.0,0.0,4.0,14.0,6.777777777777778,3.808697000222802,42.0,2.333333333333333,0.2079565420640283,2.333333333333333,208.0,208.0,159,191,0.9182692307692308,69,0.3317307692307692,107,0.5144230769230769,208.0,208.0,4.057692307692308,4.176000393910521,0.1931993670588749,0.8471153846153847,9.0,9.0,1.0,0.0,0.0,0.0,0.0,0.0,0.0,2,6,8,9,3.0,2.3570226039551585,16.555555555555557,149.0,0.297883010624303,0
1164,839,210,32,2025,20,305.584,False,0,2227,156.0,133.0,0.8525641025641025,23.0,0.1474358974358974,14.0,0.0897435897435897,9.0,0.0576923076923076,0.0,0.0,0.9102564102564102,1,4,85,8.429487179487179,5.100417503633805,440.0,2.8205128205128207,0.1639232067976224,2.4046679815910585,380.0,311.0,0.8184210526315789,69.0,0.181578947368421,27.0,0.0710526315789473,30.0,0.0789473684210526,12.0,0.031578947368421,0.9289473684210526,0,0,73,10.839473684210526,6.092101852903443,293.0,0.7710526315789473,0.1410019230886551,0.6310457063711911,18.0,17.0,0.9444444444444444,1.0,0.0555555555555555,0.0,0.0,0.0,0.0,1.0,0.0555555555555555,0.9444444444444444,0.0,0.0,2.0,11.72222222222222,4.3051075035687525,5.0,0.2777777777777778,0.1884975939370312,0.2623456790123457,155.0,155.0,11,67,0.432258064516129,0,0.0,0,0.0,155.0,155.0,11.593548387096774,4.460141433015033,0.1831454390454883,0.4703225806451613,7.0,7.0,1.0,0.0,0.0,0.0,0.0,0.0,0.0,0,0,1,3,11.571428571428571,4.655477353371523,2.142857142857143,15.0,0.1768197337761149,0
1164,864,15,32,2025,20,305.584,False,0,2227,24.0,20.0,0.8333333333333334,4.0,0.1666666666666666,2.0,0.0833333333333333,2.0,0.0833333333333333,0.0,0.0,0.9166666666666666,0,3,14,9.833333333333334,5.763872155263526,135.0,5.625,0.1478443082667991,4.6875,210.0,172.0,0.819047619047619,38.0,0.1809523809523809,15.0,0.0714285714285714,18.0,0.0857142857142857,4.0,0.019047619047619,0.9285714285714286,0,0,31,11.057142857142855,6.005281122524093,95.0,0.4523809523809524,0.1427494460978444,0.3705215419501134,6.0,6.0,1.0,0.0,0.0,0.0,0.0,0.0,0.0,0.0,0.0,1.0,0.0,1.0,5.0,7.833333333333333,4.524623986832743,15.0,2.5,0.1810077939029653,2.5,24.0,24.0,8,16,0.6666666666666666,0,0.0,1,0.0416666666666666,24.0,24.0,8.583333333333334,4.846963539738622,0.1710289440328378,0.6208333333333333,1.0,1.0,1.0,0.0,0.0,0.0,0.0,0.0,0.0,0,0,0,0,11.0,0.0,0.0,0.0,1.0,0
1164,852,9,32,2025,20,305.584,False,0,2227,90.0,74.0,0.8222222222222222,16.0,0.1777777777777777,8.0,0.0888888888888888,6.0,0.0666666666666666,2.0,0.0222222222222222,0.9111111111111112,0,0,26,10.088888888888889,5.60088176479471,87.0,0.9666666666666668,0.1514949116848937,0.7948148148148148,418.0,360.0,0.861244019138756,58.0,0.138755980861244,31.0,0.0741626794258373,23.0,0.055023923444976,3.0,0.0071770334928229,0.9258373205741628,72,166,334,3.985645933014354,3.775998830310016,4807.5,11.501196172248804,0.2093802857851808,9.905336416290837,18.0,17.0,0.9444444444444444,1.0,0.0555555555555555,0.0,0.0,1.0,0.0555555555555555,0.0,0.0,0.9444444444444444,0.0,0.0,2.0,13.11111111111111,4.45831169949753,4.0,0.2222222222222222,0.1832068330015041,0.2098765432098765,90.0,90.0,1,29,0.3222222222222222,0,0.0,0,0.0,90.0,90.0,12.744444444444444,3.8774593947615625,0.2050247719281906,0.4127777777777778,4.0,1.0,0.25,3.0,0.75,0.0,0.0,3.0,0.75,0,0,0,0,3.0,5.196152422706632,0.0,0.0,0.1613904777964089,0
1164,848,3,32,2025,20,305.584,False,0,2227,105.0,88.0,0.8380952380952381,17.0,0.1619047619047619,6.0,0.0571428571428571,9.0,0.0857142857142857,2.0,0.019047619047619,0.9428571428571428,0,2,39,8.895238095238096,5.215222790335468,238.0,2.2666666666666666,0.1608952782119053,1.89968253968254,417.0,348.0,0.8345323741007195,69.0,0.1654676258992805,28.0,0.0671462829736211,33.0,0.079136690647482,8.0,0.0191846522781774,0.9328537170263788,0,7,103,10.5947242206235,6.120004622434692,560.0,1.3429256594724222,0.140449347019953,1.1207149388402948,15.0,14.0,0.9333333333333332,1.0,0.0666666666666666,0.0,0.0,0.0,0.0,1.0,0.0666666666666666,0.9333333333333332,0.0,0.0,1.0,12.533333333333331,4.716872787015662,2.0,0.1333333333333333,0.1749208067514167,0.1244444444444444,104.0,104.0,9,38,0.3653846153846153,0,0.0,0,0.0,104.0,104.0,11.961538461538462,4.369745365145779,0.1862285698854272,0.4519230769230769,4.0,3.0,0.75,1.0,0.25,0.0,0.0,1.0,0.25,0,0,1,2,6.5,4.5,3.0,12.0,0.1818181818181818,0
1164,865,215,32,2025,20,305.584,False,0,2227,24.0,19.0,0.7916666666666666,5.0,0.2083333333333333,1.0,0.0416666666666666,4.0,0.1666666666666666,0.0,0.0,0.9583333333333334,0,0,5,14.25,3.9712508524812864,19.0,0.7916666666666666,0.2011566162469698,0.626736111111111,48.0,42.0,0.875,6.0,0.125,1.0,0.0208333333333333,2.0,0.0416666666666666,3.0,0.0625,0.9791666666666666,0,0,14,10.875,5.048205126577168,40.0,0.8333333333333334,0.1653383076585442,0.7291666666666667,6.0,6.0,1.0,0.0,0.0,0.0,0.0,0.0,0.0,0.0,0.0,1.0,0.0,0.0,0.0,13.666666666666666,3.5433819375782187,0.0,0.0,0.2201003599827301,0.0,23.0,23.0,0,5,0.217391304347826,0,0.0,0,0.0,23.0,23.0,13.956521739130435,3.735589830262708,0.21116693713833,0.3521739130434782,1.0,1.0,1.0,0.0,0.0,0.0,0.0,0.0,0.0,0,0,0,0,17.0,0.0,0.0,0.0,1.0,0
1164,840,117,32,2025,20,305.584,False,0,2227,168.0,142.0,0.8452380952380952,26.0,0.1547619047619047,9.0,0.0535714285714285,14.0,0.0833333333333333,3.0,0.0178571428571428,0.9464285714285714,0,3,60,9.613095238095235,5.285791371166777,286.0,1.7023809523809523,0.1590889580884035,1.4389172335600906,180.0,160.0,0.8888888888888888,20.0,0.1111111111111111,6.0,0.0333333333333333,9.0,0.05,5.0,0.0277777777777777,0.9666666666666668,0,9,85,9.077777777777778,4.894958353648232,492.0,2.7333333333333334,0.1696364825683843,2.4296296296296296,18.0,16.0,0.8888888888888888,2.0,0.1111111111111111,1.0,0.0555555555555555,0.0,0.0,1.0,0.0555555555555555,0.8888888888888888,0.0,0.0,2.0,12.11111111111111,4.5447025191594586,6.0,0.3333333333333333,0.1803523266657764,0.2962962962962963,168.0,168.0,5,40,0.238095238095238,1,0.0059523809523809,1,0.0059523809523809,168.0,168.0,14.023809523809524,4.314913756452565,0.1881498074707141,0.3488095238095238,7.0,7.0,1.0,0.0,0.0,0.0,0.0,0.0,0.0,0,0,0,1,12.428571428571429,3.245090483314441,1.1428571428571428,8.0,0.2355662391486246,0
1164,842,214,32,2025,20,305.584,False,0,2227,154.0,133.0,0.8636363636363636,21.0,0.1363636363636363,14.0,0.0909090909090909,7.0,0.0454545454545454,0.0,0.0,0.9090909090909092,1,5,70,8.779220779220779,4.8953287477613925,426.0,2.7662337662337664,0.1696258245784385,2.389020070838253,180.0,153.0,0.85,27.0,0.15,19.0,0.1055555555555555,8.0,0.0444444444444444,0.0,0.0,0.8944444444444445,1,6,96,8.622222222222222,4.939810562669559,498.0,2.7666666666666666,0.1683555375123891,2.3516666666666666,18.0,17.0,0.9444444444444444,1.0,0.0555555555555555,0.0,0.0,1.0,0.0555555555555555,0.0,0.0,0.9444444444444444,0.0,1.0,4.0,10.444444444444445,4.323350324076381,10.0,0.5555555555555556,0.1878516233427683,0.5246913580246914,153.0,153.0,18,73,0.477124183006536,0,0.0,0,0.0,153.0,153.0,11.15032679738562,4.500938524976961,0.1817871614924451,0.492483660130719,7.0,7.0,1.0,0.0,0.0,0.0,0.0,0.0,0.0,0,0,1,4,9.714285714285714,2.602981022612658,2.2857142857142856,16.0,0.2775479509117319,0
1164,861,214,32,2025,20,305.584,False,0,2227,9.0,6.0,0.6666666666666666,3.0,0.3333333333333333,1.0,0.1111111111111111,2.0,0.2222222222222222,0.0,0.0,0.8888888888888888,0,0,2,7.444444444444445,5.479479113750201,5.0,0.5555555555555556,0.1543333935405216,0.3703703703703703,180.0,153.0,0.85,27.0,0.15,19.0,0.1055555555555555,8.0,0.0444444444444444,0.0,0.0,0.8944444444444445,1,6,96,8.622222222222222,4.939810562669559,498.0,2.7666666666666666,0.1683555375123891,2.3516666666666666,3.0,3.0,1.0,0.0,0.0,0.0,0.0,0.0,0.0,0.0,0.0,1.0,0.0,0.0,0.0,14.0,2.8284271247461903,0.0,0.0,0.2612038749637414,0.0,9.0,9.0,0,1,0.1111111111111111,0,0.0,0,0.0,9.0,9.0,15.77777777777778,3.258417399692255,0.2348290235880276,0.261111111111111,1.0,1.0,1.0,0.0,0.0,0.0,0.0,0.0,0.0,0,0,0,0,12.0,0.0,0.0,0.0,1.0,0
1164,832,3,32,2025,20,305.584,False,0,2227,208.0,171.0,0.8221153846153846,37.0,0.1778846153846154,20.0,0.0961538461538461,15.0,0.0721153846153846,2.0,0.0096153846153846,0.903846153846154,4,27,139,5.908653846153846,4.283950607004526,1203.5,5.7860576923076925,0.1892523368167706,4.756807045118343,417.0,348.0,0.8345323741007195,69.0,0.1654676258992805,28.0,0.0671462829736211,33.0,0.079136690647482,8.0,0.0191846522781774,0.9328537170263788,0,7,103,10.5947242206235,6.120004622434692,560.0,1.3429256594724222,0.140449347019953,1.1207149388402948,18.0,18.0,1.0,0.0,0.0,0.0,0.0,0.0,0.0,0.0,0.0,1.0,0.0,5.0,17.0,4.888888888888889,2.157387537660844,69.0,3.8333333333333335,0.316717535643677,3.8333333333333335,207.0,207.0,58,142,0.6859903381642513,5,0.0241545893719806,15,0.072463768115942,207.0,207.0,8.51207729468599,4.390217389643142,0.1855212745076697,0.6243961352657005,9.0,7.0,0.7777777777777778,2.0,0.2222222222222222,2.0,0.2222222222222222,0.0,0.0,1,1,3,4,6.444444444444445,5.756370598661609,6.111111111111111,55.0,0.1480084588903535,0
1164,4,117,32,2025,20,305.584,False,0,2227,168.0,132.0,0.7857142857142857,36.0,0.2142857142857142,25.0,0.1488095238095238,7.0,0.0416666666666666,2.0,0.0119047619047619,0.8511904761904762,0,9,87,7.434523809523809,5.181974114719561,562.0,3.345238095238096,0.1617606255611706,2.628401360544218,180.0,160.0,0.8888888888888888,20.0,0.1111111111111111,6.0,0.0333333333333333,9.0,0.05,5.0,0.0277777777777777,0.9666666666666668,0,9,85,9.077777777777778,4.894958353648232,492.0,2.7333333333333334,0.1696364825683843,2.4296296296296296,18.0,15.0,0.8333333333333334,3.0,0.1666666666666666,1.0,0.0555555555555555,1.0,0.0555555555555555,1.0,0.0555555555555555,0.8333333333333334,0.0,0.0,4.0,11.055555555555555,5.854459100380213,8.0,0.4444444444444444,0.1458904321049243,0.3703703703703703,167.0,167.0,16,82,0.4910179640718562,0,0.0,3,0.0179640718562874,167.0,167.0,10.874251497005988,4.100795367161849,0.1960478568573538,0.5062874251497006,8.0,3.0,0.375,5.0,0.625,3.0,0.375,0.0,0.0,0,0,0,2,6.375,6.945097191544551,0.375,3.0,0.1258637844058389,0
1164,807,15,32,2025,20,305.584,False,0,2227,153.0,123.0,0.803921568627451,30.0,0.196078431372549,15.0,0.0980392156862745,14.0,0.0915032679738562,1.0,0.0065359477124183,0.9019607843137256,0,0,65,8.267973856209151,5.366327520580533,331.0,2.1633986928104574,0.1570764301345294,1.73920287069076,210.0,172.0,0.819047619047619,38.0,0.1809523809523809,15.0,0.0714285714285714,18.0,0.0857142857142857,4.0,0.019047619047619,0.9285714285714286,0,0,31,11.057142857142855,6.005281122524093,95.0,0.4523809523809524,0.1427494460978444,0.3705215419501134,12.0,10.0,0.8333333333333334,2.0,0.1666666666666666,1.0,0.0833333333333333,0.0,0.0,1.0,0.0833333333333333,0.8333333333333334,0.0,0.0,4.0,12.583333333333334,6.343741447722751,8.0,0.6666666666666666,0.1361703713452621,0.5555555555555556,153.0,153.0,7,80,0.5228758169934641,0,0.0,1,0.0065359477124183,153.0,153.0,10.673202614379084,3.70449305954654,0.2125627538063344,0.5163398692810458,7.0,6.0,0.8571428571428571,1.0,0.1428571428571428,1.0,0.1428571428571428,0.0,0.0,0,0,0,5,7.428571428571429,3.736199094463434,3.2857142857142856,23.0,0.2111397726436351,0
1164,859,215,32,2025,20,305.584,False,0,2227,11.0,11.0,1.0,0.0,0.0,0.0,0.0,0.0,0.0,0.0,0.0,1.0,0,0,3,12.909090909090908,3.117532399905868,6.0,0.5454545454545454,0.24286390558162,0.5454545454545454,48.0,42.0,0.875,6.0,0.125,1.0,0.0208333333333333,2.0,0.0416666666666666,3.0,0.0625,0.9791666666666666,0,0,14,10.875,5.048205126577168,40.0,0.8333333333333334,0.1653383076585442,0.7291666666666667,4.0,3.0,0.75,1.0,0.25,0.0,0.0,0.0,0.0,1.0,0.25,0.75,0.0,0.0,0.0,10.25,6.5717197140474575,0.0,0.0,0.1320703932218656,0.0,11.0,11.0,1,2,0.1818181818181818,0,0.0,0,0.0,11.0,11.0,13.363636363636363,4.006193552096493,0.1997525644171748,0.3818181818181818,1.0,1.0,1.0,0.0,0.0,0.0,0.0,0.0,0.0,0,0,0,0,16.0,0.0,0.0,0.0,1.0,0
1165,846,1,18,2025,21,305.939,False,2,785,128.0,118.0,0.921875,10.0,0.078125,4.0,0.03125,5.0,0.0390625,1.0,0.0078125,0.96875,4,26,100,6.5546875,4.371085022891198,950.0,7.421875,0.1861821206959242,6.842041015625,418.0,348.0,0.8325358851674641,70.0,0.1674641148325359,41.0,0.0980861244019138,21.0,0.0502392344497607,5.0,0.0119617224880382,0.901913875598086,7,39,223,7.375598086124402,5.10371641972893,1841.0,4.404306220095694,0.1638346101348546,3.666742977495936,18.0,17.0,0.9444444444444444,1.0,0.0555555555555555,0.0,0.0,0.0,0.0,1.0,0.0555555555555555,0.9444444444444444,1.0,6.0,14.0,6.333333333333333,4.96655480858378,57.0,3.1666666666666665,0.1676009074049484,2.9907407407407405,128.0,128.0,45,104,0.8125,9,0.0703125,14,0.109375,128.0,128.0,7.21875,4.029069177552056,0.19884395395944,0.6890625,5.0,4.0,0.8,1.0,0.2,1.0,0.2,0.0,0.0,0,1,1,4,5.2,3.709447398198281,6.4,32.0,0.212339137789834,1
1165,863,131,18,2025,21,305.939,False,2,785,7.0,5.0,0.7142857142857143,2.0,0.2857142857142857,0.0,0.0,2.0,0.2857142857142857,0.0,0.0,1.0,0,0,0,16.142857142857142,2.4159335036125453,0.0,0.0,0.2927457454726336,0.0,418.0,393.0,0.9401913875598086,25.0,0.0598086124401913,14.0,0.0334928229665071,11.0,0.0263157894736842,0.0,0.0,0.9665071770334928,100,235,376,3.425837320574163,3.0834490090995863,6009.5,14.376794258373206,0.2448910217249175,13.516938142441791,2.0,2.0,1.0,0.0,0.0,0.0,0.0,0.0,0.0,0.0,0.0,1.0,0.0,0.0,0.0,18.0,2.0,0.0,0.0,0.3333333333333333,0.0,7.0,7.0,0,0,0.0,0,0.0,0,0.0,7.0,7.0,16.142857142857142,2.9965967090575765,0.2502128868128419,0.2428571428571428,1.0,1.0,1.0,0.0,0.0,0.0,0.0,0.0,0.0,0,0,0,1,6.0,0.0,8.0,8.0,1.0,1
1165,830,9,18,2025,21,305.939,False,2,785,209.0,179.0,0.8564593301435407,30.0,0.1435406698564593,17.0,0.0813397129186602,13.0,0.062200956937799,0.0,0.0,0.9186602870813396,63,112,172,3.0382775119617227,3.2750278715380032,2912.5,13.935406698564591,0.2339166035987118,11.935109086330442,418.0,360.0,0.861244019138756,58.0,0.138755980861244,31.0,0.0741626794258373,23.0,0.055023923444976,3.0,0.0071770334928229,0.9258373205741628,72,166,334,3.985645933014354,3.775998830310016,4807.5,11.501196172248804,0.2093802857851808,9.905336416290837,18.0,18.0,1.0,0.0,0.0,0.0,0.0,0.0,0.0,0.0,0.0,1.0,11.0,15.0,18.0,2.0,1.7638342073763935,111.0,6.166666666666667,0.3618162034940813,6.166666666666667,209.0,209.0,155,188,0.8995215311004785,43,0.2057416267942583,74,0.354066985645933,209.0,209.0,4.727272727272728,4.254721298455835,0.1903050501068177,0.8136363636363637,9.0,9.0,1.0,0.0,0.0,0.0,0.0,0.0,0.0,3,6,7,9,3.333333333333333,2.6246692913372702,16.333333333333332,147.0,0.275887238151612,1
1165,847,131,18,2025,21,305.939,False,2,785,128.0,113.0,0.8828125,15.0,0.1171875,8.0,0.0625,6.0,0.046875,1.0,0.0078125,0.9375,3,15,63,8.125,5.955564624785798,664.0,5.1875,0.1437697805921537,4.57958984375,418.0,393.0,0.9401913875598086,25.0,0.0598086124401913,14.0,0.0334928229665071,11.0,0.0263157894736842,0.0,0.0,0.9665071770334928,100,235,376,3.425837320574163,3.0834490090995863,6009.5,14.376794258373206,0.2448910217249175,13.516938142441791,18.0,18.0,1.0,0.0,0.0,0.0,0.0,0.0,0.0,0.0,0.0,1.0,1.0,2.0,13.0,7.277777777777778,4.174067501391519,50.0,2.7777777777777777,0.1932715411484405,2.7777777777777777,128.0,128.0,33,65,0.5078125,4,0.03125,12,0.09375,128.0,128.0,10.328125,5.89903246171565,0.1449478612471001,0.53359375,5.0,4.0,0.8,1.0,0.2,1.0,0.2,0.0,0.0,1,1,2,2,6.0,5.477225575051661,7.6,38.0,0.1543870887948848,1
1165,857,1,18,2025,21,305.939,False,2,785,46.0,43.0,0.9347826086956522,3.0,0.0652173913043478,2.0,0.0434782608695652,1.0,0.0217391304347826,0.0,0.0,0.9565217391304348,2,10,34,6.652173913043479,4.564596231033249,347.0,7.543478260869565,0.1797075580116829,7.051512287334594,418.0,348.0,0.8325358851674641,70.0,0.1674641148325359,41.0,0.0980861244019138,21.0,0.0502392344497607,5.0,0.0119617224880382,0.901913875598086,7,39,223,7.375598086124402,5.10371641972893,1841.0,4.404306220095694,0.1638346101348546,3.666742977495936,12.0,12.0,1.0,0.0,0.0,0.0,0.0,0.0,0.0,0.0,0.0,1.0,2.0,5.0,7.0,6.0,3.958114029012639,42.0,3.5,0.2016895928872254,3.5,46.0,46.0,18,38,0.8260869565217391,0,0.0,7,0.1521739130434782,46.0,46.0,7.543478260869565,4.803560824779208,0.1723080071342311,0.6728260869565217,2.0,2.0,1.0,0.0,0.0,0.0,0.0,0.0,0.0,0,0,0,1,11.0,3.0,2.0,4.0,0.25,1
1165,860,210,18,2025,21,305.939,False,2,785,3.0,3.0,1.0,0.0,0.0,0.0,0.0,0.0,0.0,0.0,0.0,1.0,0,0,2,9.666666666666666,2.0548046676563305,7.0,2.333333333333333,0.327353172720928,2.333333333333333,380.0,311.0,0.8184210526315789,69.0,0.181578947368421,27.0,0.0710526315789473,30.0,0.0789473684210526,12.0,0.031578947368421,0.9289473684210526,0,0,73,10.839473684210526,6.092101852903443,293.0,0.7710526315789473,0.1410019230886551,0.6310457063711911,1.0,1.0,1.0,0.0,0.0,0.0,0.0,0.0,0.0,0.0,0.0,1.0,0.0,0.0,0.0,14.0,0.0,0.0,0.0,1.0,0.0,3.0,3.0,0,0,0.0,0,0.0,0,0.0,3.0,3.0,13.0,2.8284271247461903,0.2612038749637414,0.4,1.0,1.0,1.0,0.0,0.0,0.0,0.0,0.0,0.0,0,0,0,0,12.0,0.0,0.0,0.0,1.0,1
1165,859,215,18,2025,21,305.939,False,2,785,11.0,11.0,1.0,0.0,0.0,0.0,0.0,0.0,0.0,0.0,0.0,1.0,0,0,3,12.909090909090908,3.117532399905868,6.0,0.5454545454545454,0.24286390558162,0.5454545454545454,48.0,42.0,0.875,6.0,0.125,1.0,0.0208333333333333,2.0,0.0416666666666666,3.0,0.0625,0.9791666666666666,0,0,14,10.875,5.048205126577168,40.0,0.8333333333333334,0.1653383076585442,0.7291666666666667,4.0,3.0,0.75,1.0,0.25,0.0,0.0,0.0,0.0,1.0,0.25,0.75,0.0,0.0,0.0,10.25,6.5717197140474575,0.0,0.0,0.1320703932218656,0.0,11.0,11.0,1,2,0.1818181818181818,0,0.0,0,0.0,11.0,11.0,13.363636363636363,4.006193552096493,0.1997525644171748,0.3818181818181818,1.0,1.0,1.0,0.0,0.0,0.0,0.0,0.0,0.0,0,0,0,1,9.0,0.0,2.0,2.0,1.0,1
1165,865,215,18,2025,21,305.939,False,2,785,24.0,19.0,0.7916666666666666,5.0,0.2083333333333333,1.0,0.0416666666666666,4.0,0.1666666666666666,0.0,0.0,0.9583333333333334,0,0,5,14.25,3.9712508524812864,19.0,0.7916666666666666,0.2011566162469698,0.626736111111111,48.0,42.0,0.875,6.0,0.125,1.0,0.0208333333333333,2.0,0.0416666666666666,3.0,0.0625,0.9791666666666666,0,0,14,10.875,5.048205126577168,40.0,0.8333333333333334,0.1653383076585442,0.7291666666666667,6.0,6.0,1.0,0.0,0.0,0.0,0.0,0.0,0.0,0.0,0.0,1.0,0.0,0.0,0.0,13.666666666666666,3.5433819375782187,0.0,0.0,0.2201003599827301,0.0,23.0,23.0,0,5,0.217391304347826,0,0.0,0,0.0,23.0,23.0,13.956521739130435,3.735589830262708,0.21116693713833,0.3521739130434782,1.0,1.0,1.0,0.0,0.0,0.0,0.0,0.0,0.0,0,0,0,0,11.0,0.0,0.0,0.0,1.0,1
1165,807,15,18,2025,21,305.939,False,2,785,153.0,123.0,0.803921568627451,30.0,0.196078431372549,15.0,0.0980392156862745,14.0,0.0915032679738562,1.0,0.0065359477124183,0.9019607843137256,0,0,65,8.267973856209151,5.366327520580533,331.0,2.1633986928104574,0.1570764301345294,1.73920287069076,210.0,172.0,0.819047619047619,38.0,0.1809523809523809,15.0,0.0714285714285714,18.0,0.0857142857142857,4.0,0.019047619047619,0.9285714285714286,0,0,31,11.057142857142855,6.005281122524093,95.0,0.4523809523809524,0.1427494460978444,0.3705215419501134,12.0,10.0,0.8333333333333334,2.0,0.1666666666666666,1.0,0.0833333333333333,0.0,0.0,1.0,0.0833333333333333,0.8333333333333334,0.0,0.0,4.0,12.583333333333334,6.343741447722751,8.0,0.6666666666666666,0.1361703713452621,0.5555555555555556,153.0,153.0,7,80,0.5228758169934641,0,0.0,1,0.0065359477124183,153.0,153.0,10.673202614379084,3.70449305954654,0.2125627538063344,0.5163398692810458,7.0,5.0,0.7142857142857143,2.0,0.2857142857142857,1.0,0.1428571428571428,0.0,0.0,0,0,0,3,7.142857142857143,5.3030603409344526,2.142857142857143,15.0,0.1586530900720754,1
1165,842,214,18,2025,21,305.939,False,2,785,154.0,133.0,0.8636363636363636,21.0,0.1363636363636363,14.0,0.0909090909090909,7.0,0.0454545454545454,0.0,0.0,0.9090909090909092,1,5,70,8.779220779220779,4.8953287477613925,426.0,2.7662337662337664,0.1696258245784385,2.389020070838253,180.0,153.0,0.85,27.0,0.15,19.0,0.1055555555555555,8.0,0.0444444444444444,0.0,0.0,0.8944444444444445,1,6,96,8.622222222222222,4.939810562669559,498.0,2.7666666666666666,0.1683555375123891,2.3516666666666666,18.0,17.0,0.9444444444444444,1.0,0.0555555555555555,0.0,0.0,1.0,0.0555555555555555,0.0,0.0,0.9444444444444444,0.0,1.0,4.0,10.444444444444445,4.323350324076381,10.0,0.5555555555555556,0.1878516233427683,0.5246913580246914,153.0,153.0,18,73,0.477124183006536,0,0.0,0,0.0,153.0,153.0,11.15032679738562,4.500938524976961,0.1817871614924451,0.492483660130719,7.0,7.0,1.0,0.0,0.0,0.0,0.0,0.0,0.0,0,2,2,4,8.285714285714286,4.462999814803801,6.428571428571429,45.0,0.1830496126487447,1
1165,848,3,18,2025,21,305.939,False,2,785,105.0,88.0,0.8380952380952381,17.0,0.1619047619047619,6.0,0.0571428571428571,9.0,0.0857142857142857,2.0,0.019047619047619,0.9428571428571428,0,2,39,8.895238095238096,5.215222790335468,238.0,2.2666666666666666,0.1608952782119053,1.89968253968254,417.0,348.0,0.8345323741007195,69.0,0.1654676258992805,28.0,0.0671462829736211,33.0,0.079136690647482,8.0,0.0191846522781774,0.9328537170263788,0,7,103,10.5947242206235,6.120004622434692,560.0,1.3429256594724222,0.140449347019953,1.1207149388402948,15.0,14.0,0.9333333333333332,1.0,0.0666666666666666,0.0,0.0,0.0,0.0,1.0,0.0666666666666666,0.9333333333333332,0.0,0.0,1.0,12.533333333333331,4.716872787015662,2.0,0.1333333333333333,0.1749208067514167,0.1244444444444444,104.0,104.0,9,38,0.3653846153846153,0,0.0,0,0.0,104.0,104.0,11.961538461538462,4.369745365145779,0.1862285698854272,0.4519230769230769,4.0,2.0,0.5,2.0,0.5,0.0,0.0,1.0,0.25,0,0,0,0,7.25,7.258615570478987,0.0,0.0,0.1210856700455426,1
1165,839,210,18,2025,21,305.939,False,2,785,156.0,133.0,0.8525641025641025,23.0,0.1474358974358974,14.0,0.0897435897435897,9.0,0.0576923076923076,0.0,0.0,0.9102564102564102,1,4,85,8.429487179487179,5.100417503633805,440.0,2.8205128205128207,0.1639232067976224,2.4046679815910585,380.0,311.0,0.8184210526315789,69.0,0.181578947368421,27.0,0.0710526315789473,30.0,0.0789473684210526,12.0,0.031578947368421,0.9289473684210526,0,0,73,10.839473684210526,6.092101852903443,293.0,0.7710526315789473,0.1410019230886551,0.6310457063711911,18.0,17.0,0.9444444444444444,1.0,0.0555555555555555,0.0,0.0,0.0,0.0,1.0,0.0555555555555555,0.9444444444444444,0.0,0.0,2.0,11.72222222222222,4.3051075035687525,5.0,0.2777777777777778,0.1884975939370312,0.2623456790123457,155.0,155.0,11,67,0.432258064516129,0,0.0,0,0.0,155.0,155.0,11.593548387096774,4.460141433015033,0.1831454390454883,0.4703225806451613,7.0,6.0,0.8571428571428571,1.0,0.1428571428571428,0.0,0.0,1.0,0.1428571428571428,0,1,1,4,7.857142857142857,4.911460982191739,3.857142857142857,27.0,0.1691629197947,1
1165,832,3,18,2025,21,305.939,False,2,785,208.0,171.0,0.8221153846153846,37.0,0.1778846153846154,20.0,0.0961538461538461,15.0,0.0721153846153846,2.0,0.0096153846153846,0.903846153846154,4,27,139,5.908653846153846,4.283950607004526,1203.5,5.7860576923076925,0.1892523368167706,4.756807045118343,417.0,348.0,0.8345323741007195,69.0,0.1654676258992805,28.0,0.0671462829736211,33.0,0.079136690647482,8.0,0.0191846522781774,0.9328537170263788,0,7,103,10.5947242206235,6.120004622434692,560.0,1.3429256594724222,0.140449347019953,1.1207149388402948,18.0,18.0,1.0,0.0,0.0,0.0,0.0,0.0,0.0,0.0,0.0,1.0,0.0,5.0,17.0,4.888888888888889,2.157387537660844,69.0,3.8333333333333335,0.316717535643677,3.8333333333333335,207.0,207.0,58,142,0.6859903381642513,5,0.0241545893719806,15,0.072463768115942,207.0,207.0,8.51207729468599,4.390217389643142,0.1855212745076697,0.6243961352657005,9.0,7.0,0.7777777777777778,2.0,0.2222222222222222,0.0,0.0,1.0,0.1111111111111111,0,2,2,5,5.222222222222222,4.021546904634191,6.0,54.0,0.1991418220304063,1
1165,4,117,18,2025,21,305.939,False,2,785,168.0,132.0,0.7857142857142857,36.0,0.2142857142857142,25.0,0.1488095238095238,7.0,0.0416666666666666,2.0,0.0119047619047619,0.8511904761904762,0,9,87,7.434523809523809,5.181974114719561,562.0,3.345238095238096,0.1617606255611706,2.628401360544218,180.0,160.0,0.8888888888888888,20.0,0.1111111111111111,6.0,0.0333333333333333,9.0,0.05,5.0,0.0277777777777777,0.9666666666666668,0,9,85,9.077777777777778,4.894958353648232,492.0,2.7333333333333334,0.1696364825683843,2.4296296296296296,18.0,15.0,0.8333333333333334,3.0,0.1666666666666666,1.0,0.0555555555555555,1.0,0.0555555555555555,1.0,0.0555555555555555,0.8333333333333334,0.0,0.0,4.0,11.055555555555555,5.854459100380213,8.0,0.4444444444444444,0.1458904321049243,0.3703703703703703,167.0,167.0,16,82,0.4910179640718562,0,0.0,3,0.0179640718562874,167.0,167.0,10.874251497005988,4.100795367161849,0.1960478568573538,0.5062874251497006,8.0,8.0,1.0,0.0,0.0,0.0,0.0,0.0,0.0,0,1,2,5,10.125,4.594493987372276,4.0,32.0,0.1787471757512243,1
1165,861,214,18,2025,21,305.939,False,2,785,9.0,6.0,0.6666666666666666,3.0,0.3333333333333333,1.0,0.1111111111111111,2.0,0.2222222222222222,0.0,0.0,0.8888888888888888,0,0,2,7.444444444444445,5.479479113750201,5.0,0.5555555555555556,0.1543333935405216,0.3703703703703703,180.0,153.0,0.85,27.0,0.15,19.0,0.1055555555555555,8.0,0.0444444444444444,0.0,0.0,0.8944444444444445,1,6,96,8.622222222222222,4.939810562669559,498.0,2.7666666666666666,0.1683555375123891,2.3516666666666666,3.0,3.0,1.0,0.0,0.0,0.0,0.0,0.0,0.0,0.0,0.0,1.0,0.0,0.0,0.0,14.0,2.8284271247461903,0.0,0.0,0.2612038749637414,0.0,9.0,9.0,0,1,0.1111111111111111,0,0.0,0,0.0,9.0,9.0,15.77777777777778,3.258417399692255,0.2348290235880276,0.261111111111111,1.0,0.0,0.0,1.0,1.0,0.0,0.0,1.0,1.0,0,0,0,0,0.0,0.0,0.0,0.0,1.0,1
1165,840,117,18,2025,21,305.939,False,2,785,168.0,142.0,0.8452380952380952,26.0,0.1547619047619047,9.0,0.0535714285714285,14.0,0.0833333333333333,3.0,0.0178571428571428,0.9464285714285714,0,3,60,9.613095238095235,5.285791371166777,286.0,1.7023809523809523,0.1590889580884035,1.4389172335600906,180.0,160.0,0.8888888888888888,20.0,0.1111111111111111,6.0,0.0333333333333333,9.0,0.05,5.0,0.0277777777777777,0.9666666666666668,0,9,85,9.077777777777778,4.894958353648232,492.0,2.7333333333333334,0.1696364825683843,2.4296296296296296,18.0,16.0,0.8888888888888888,2.0,0.1111111111111111,1.0,0.0555555555555555,0.0,0.0,1.0,0.0555555555555555,0.8888888888888888,0.0,0.0,2.0,12.11111111111111,4.5447025191594586,6.0,0.3333333333333333,0.1803523266657764,0.2962962962962963,168.0,168.0,5,40,0.238095238095238,1,0.0059523809523809,1,0.0059523809523809,168.0,168.0,14.023809523809524,4.314913756452565,0.1881498074707141,0.3488095238095238,7.0,5.0,0.7142857142857143,2.0,0.2857142857142857,0.0,0.0,1.0,0.1428571428571428,0,0,1,2,9.714285714285714,7.610411772495545,1.5714285714285714,11.0,0.1161384642711658,1
1165,852,9,18,2025,21,305.939,False,2,785,90.0,74.0,0.8222222222222222,16.0,0.1777777777777777,8.0,0.0888888888888888,6.0,0.0666666666666666,2.0,0.0222222222222222,0.9111111111111112,0,0,26,10.088888888888889,5.60088176479471,87.0,0.9666666666666668,0.1514949116848937,0.7948148148148148,418.0,360.0,0.861244019138756,58.0,0.138755980861244,31.0,0.0741626794258373,23.0,0.055023923444976,3.0,0.0071770334928229,0.9258373205741628,72,166,334,3.985645933014354,3.775998830310016,4807.5,11.501196172248804,0.2093802857851808,9.905336416290837,18.0,17.0,0.9444444444444444,1.0,0.0555555555555555,0.0,0.0,1.0,0.0555555555555555,0.0,0.0,0.9444444444444444,0.0,0.0,2.0,13.11111111111111,4.45831169949753,4.0,0.2222222222222222,0.1832068330015041,0.2098765432098765,90.0,90.0,1,29,0.3222222222222222,0,0.0,0,0.0,90.0,90.0,12.744444444444444,3.8774593947615625,0.2050247719281906,0.4127777777777778,4.0,4.0,1.0,0.0,0.0,0.0,0.0,0.0,0.0,0,0,0,2,12.0,4.123105625617661,2.0,8.0,0.1951941016011038,1
1165,1,6,18,2025,21,305.939,False,2,785,208.0,199.0,0.9567307692307692,9.0,0.0432692307692307,4.0,0.0192307692307692,5.0,0.0240384615384615,0.0,0.0,0.9807692307692308,72,132,194,3.0865384615384617,2.881007358957429,3334.5,16.03125,0.2576650615443909,15.33759014423077,418.0,364.0,0.8708133971291866,54.0,0.1291866028708134,23.0,0.055023923444976,27.0,0.0645933014354067,0.0,0.0,0.944976076555024,27,149,336,4.160287081339713,3.418308699831697,4353.5,10.415071770334928,0.2263309487718891,9.06958402966965,18.0,18.0,1.0,0.0,0.0,0.0,0.0,0.0,0.0,0.0,0.0,1.0,0.0,4.0,14.0,6.777777777777778,3.808697000222802,42.0,2.333333333333333,0.2079565420640283,2.333333333333333,208.0,208.0,159,191,0.9182692307692308,69,0.3317307692307692,107,0.5144230769230769,208.0,208.0,4.057692307692308,4.176000393910521,0.1931993670588749,0.8471153846153847,9.0,9.0,1.0,0.0,0.0,0.0,0.0,0.0,0.0,3,5,6,9,4.0,3.265986323710904,14.88888888888889,134.0,0.2344123783149211,1
1165,844,6,18,2025,21,305.939,False,2,785,149.0,127.0,0.8523489932885906,22.0,0.1476510067114094,10.0,0.0671140939597315,11.0,0.0738255033557047,0.0,0.0,0.9328859060402684,8,43,112,4.6375838926174495,3.971737004582008,1363.0,9.14765100671141,0.2011369465195743,7.796991126525833,418.0,364.0,0.8708133971291866,54.0,0.1291866028708134,23.0,0.055023923444976,27.0,0.0645933014354067,0.0,0.0,0.944976076555024,27,149,336,4.160287081339713,3.418308699831697,4353.5,10.415071770334928,0.2263309487718891,9.06958402966965,18.0,18.0,1.0,0.0,0.0,0.0,0.0,0.0,0.0,0.0,0.0,1.0,0.0,6.0,16.0,5.055555555555555,2.933943539224644,67.0,3.7222222222222223,0.2541978526201964,3.7222222222222223,149.0,149.0,82,119,0.7986577181208053,23,0.1543624161073825,40,0.2684563758389262,149.0,149.0,6.208053691275167,4.672172608436389,0.1762992893609532,0.7395973154362416,6.0,5.0,0.8333333333333334,1.0,0.1666666666666666,1.0,0.1666666666666666,0.0,0.0,0,0,3,4,6.5,5.560275772537426,6.333333333333333,38.0,0.1524326163522259,1
1165,864,15,18,2025,21,305.939,False,2,785,24.0,20.0,0.8333333333333334,4.0,0.1666666666666666,2.0,0.0833333333333333,2.0,0.0833333333333333,0.0,0.0,0.9166666666666666,0,3,14,9.833333333333334,5.763872155263526,135.0,5.625,0.1478443082667991,4.6875,210.0,172.0,0.819047619047619,38.0,0.1809523809523809,15.0,0.0714285714285714,18.0,0.0857142857142857,4.0,0.019047619047619,0.9285714285714286,0,0,31,11.057142857142855,6.005281122524093,95.0,0.4523809523809524,0.1427494460978444,0.3705215419501134,6.0,6.0,1.0,0.0,0.0,0.0,0.0,0.0,0.0,0.0,0.0,1.0,0.0,1.0,5.0,7.833333333333333,4.524623986832743,15.0,2.5,0.1810077939029653,2.5,24.0,24.0,8,16,0.6666666666666666,0,0.0,1,0.0416666666666666,24.0,24.0,8.583333333333334,4.846963539738622,0.1710289440328378,0.6208333333333333,1.0,1.0,1.0,0.0,0.0,0.0,0.0,0.0,0.0,0,0,0,0,14.0,0.0,0.0,0.0,1.0,1
1166,830,9,80,2025,22,310.05,True,1,642,209.0,179.0,0.8564593301435407,30.0,0.1435406698564593,17.0,0.0813397129186602,13.0,0.062200956937799,0.0,0.0,0.9186602870813396,63,112,172,3.0382775119617227,3.2750278715380032,2912.5,13.935406698564591,0.2339166035987118,11.935109086330442,418.0,360.0,0.861244019138756,58.0,0.138755980861244,31.0,0.0741626794258373,23.0,0.055023923444976,3.0,0.0071770334928229,0.9258373205741628,72,166,334,3.985645933014354,3.775998830310016,4807.5,11.501196172248804,0.2093802857851808,9.905336416290837,18.0,18.0,1.0,0.0,0.0,0.0,0.0,0.0,0.0,0.0,0.0,1.0,11.0,15.0,18.0,2.0,1.7638342073763935,111.0,6.166666666666667,0.3618162034940813,6.166666666666667,209.0,209.0,155,188,0.8995215311004785,43,0.2057416267942583,74,0.354066985645933,209.0,209.0,4.727272727272728,4.254721298455835,0.1903050501068177,0.8136363636363637,2.0,2.0,1.0,0.0,0.0,0.0,0.0,0.0,0.0,1,1,2,2,3.0,2.0,17.5,35.0,0.3333333333333333,0
1166,847,131,80,2025,22,310.05,True,1,642,128.0,113.0,0.8828125,15.0,0.1171875,8.0,0.0625,6.0,0.046875,1.0,0.0078125,0.9375,3,15,63,8.125,5.955564624785798,664.0,5.1875,0.1437697805921537,4.57958984375,418.0,393.0,0.9401913875598086,25.0,0.0598086124401913,14.0,0.0334928229665071,11.0,0.0263157894736842,0.0,0.0,0.9665071770334928,100,235,376,3.425837320574163,3.0834490090995863,6009.5,14.376794258373206,0.2448910217249175,13.516938142441791,18.0,18.0,1.0,0.0,0.0,0.0,0.0,0.0,0.0,0.0,0.0,1.0,1.0,2.0,13.0,7.277777777777778,4.174067501391519,50.0,2.7777777777777777,0.1932715411484405,2.7777777777777777,128.0,128.0,33,65,0.5078125,4,0.03125,12,0.09375,128.0,128.0,10.328125,5.89903246171565,0.1449478612471001,0.53359375,2.0,2.0,1.0,0.0,0.0,0.0,0.0,0.0,0.0,1,1,1,2,4.5,3.5,14.5,29.0,0.2222222222222222,0
1166,863,131,80,2025,22,310.05,True,1,642,7.0,5.0,0.7142857142857143,2.0,0.2857142857142857,0.0,0.0,2.0,0.2857142857142857,0.0,0.0,1.0,0,0,0,16.142857142857142,2.4159335036125453,0.0,0.0,0.2927457454726336,0.0,418.0,393.0,0.9401913875598086,25.0,0.0598086124401913,14.0,0.0334928229665071,11.0,0.0263157894736842,0.0,0.0,0.9665071770334928,100,235,376,3.425837320574163,3.0834490090995863,6009.5,14.376794258373206,0.2448910217249175,13.516938142441791,2.0,2.0,1.0,0.0,0.0,0.0,0.0,0.0,0.0,0.0,0.0,1.0,0.0,0.0,0.0,18.0,2.0,0.0,0.0,0.3333333333333333,0.0,7.0,7.0,0,0,0.0,0,0.0,0,0.0,7.0,7.0,16.142857142857142,2.9965967090575765,0.2502128868128419,0.2428571428571428,1.0,1.0,1.0,0.0,0.0,0.0,0.0,0.0,0.0,0,0,0,1,6.0,0.0,8.0,8.0,1.0,0
1166,844,6,80,2025,22,310.05,True,1,642,149.0,127.0,0.8523489932885906,22.0,0.1476510067114094,10.0,0.0671140939597315,11.0,0.0738255033557047,0.0,0.0,0.9328859060402684,8,43,112,4.6375838926174495,3.971737004582008,1363.0,9.14765100671141,0.2011369465195743,7.796991126525833,418.0,364.0,0.8708133971291866,54.0,0.1291866028708134,23.0,0.055023923444976,27.0,0.0645933014354067,0.0,0.0,0.944976076555024,27,149,336,4.160287081339713,3.418308699831697,4353.5,10.415071770334928,0.2263309487718891,9.06958402966965,18.0,18.0,1.0,0.0,0.0,0.0,0.0,0.0,0.0,0.0,0.0,1.0,0.0,6.0,16.0,5.055555555555555,2.933943539224644,67.0,3.7222222222222223,0.2541978526201964,3.7222222222222223,149.0,149.0,82,119,0.7986577181208053,23,0.1543624161073825,40,0.2684563758389262,149.0,149.0,6.208053691275167,4.672172608436389,0.1762992893609532,0.7395973154362416,2.0,2.0,1.0,0.0,0.0,0.0,0.0,0.0,0.0,0,1,2,2,3.0,1.0,15.0,30.0,0.5,0
1166,832,3,80,2025,22,310.05,True,1,642,208.0,171.0,0.8221153846153846,37.0,0.1778846153846154,20.0,0.0961538461538461,15.0,0.0721153846153846,2.0,0.0096153846153846,0.903846153846154,4,27,139,5.908653846153846,4.283950607004526,1203.5,5.7860576923076925,0.1892523368167706,4.756807045118343,417.0,348.0,0.8345323741007195,69.0,0.1654676258992805,28.0,0.0671462829736211,33.0,0.079136690647482,8.0,0.0191846522781774,0.9328537170263788,0,7,103,10.5947242206235,6.120004622434692,560.0,1.3429256594724222,0.140449347019953,1.1207149388402948,18.0,18.0,1.0,0.0,0.0,0.0,0.0,0.0,0.0,0.0,0.0,1.0,0.0,5.0,17.0,4.888888888888889,2.157387537660844,69.0,3.8333333333333335,0.316717535643677,3.8333333333333335,207.0,207.0,58,142,0.6859903381642513,5,0.0241545893719806,15,0.072463768115942,207.0,207.0,8.51207729468599,4.390217389643142,0.1855212745076697,0.6243961352657005,2.0,2.0,1.0,0.0,0.0,0.0,0.0,0.0,0.0,0,1,1,2,4.5,1.5,11.5,23.0,0.4,0
1166,865,215,80,2025,22,310.05,True,1,642,24.0,19.0,0.7916666666666666,5.0,0.2083333333333333,1.0,0.0416666666666666,4.0,0.1666666666666666,0.0,0.0,0.9583333333333334,0,0,5,14.25,3.9712508524812864,19.0,0.7916666666666666,0.2011566162469698,0.626736111111111,48.0,42.0,0.875,6.0,0.125,1.0,0.0208333333333333,2.0,0.0416666666666666,3.0,0.0625,0.9791666666666666,0,0,14,10.875,5.048205126577168,40.0,0.8333333333333334,0.1653383076585442,0.7291666666666667,6.0,6.0,1.0,0.0,0.0,0.0,0.0,0.0,0.0,0.0,0.0,1.0,0.0,0.0,0.0,13.666666666666666,3.5433819375782187,0.0,0.0,0.2201003599827301,0.0,23.0,23.0,0,5,0.217391304347826,0,0.0,0,0.0,23.0,23.0,13.956521739130435,3.735589830262708,0.21116693713833,0.3521739130434782,1.0,1.0,1.0,0.0,0.0,0.0,0.0,0.0,0.0,0,0,0,0,11.0,0.0,0.0,0.0,1.0,0
1166,807,15,80,2025,22,310.05,True,1,642,153.0,123.0,0.803921568627451,30.0,0.196078431372549,15.0,0.0980392156862745,14.0,0.0915032679738562,1.0,0.0065359477124183,0.9019607843137256,0,0,65,8.267973856209151,5.366327520580533,331.0,2.1633986928104574,0.1570764301345294,1.73920287069076,210.0,172.0,0.819047619047619,38.0,0.1809523809523809,15.0,0.0714285714285714,18.0,0.0857142857142857,4.0,0.019047619047619,0.9285714285714286,0,0,31,11.057142857142855,6.005281122524093,95.0,0.4523809523809524,0.1427494460978444,0.3705215419501134,12.0,10.0,0.8333333333333334,2.0,0.1666666666666666,1.0,0.0833333333333333,0.0,0.0,1.0,0.0833333333333333,0.8333333333333334,0.0,0.0,4.0,12.583333333333334,6.343741447722751,8.0,0.6666666666666666,0.1361703713452621,0.5555555555555556,153.0,153.0,7,80,0.5228758169934641,0,0.0,1,0.0065359477124183,153.0,153.0,10.673202614379084,3.70449305954654,0.2125627538063344,0.5163398692810458,2.0,2.0,1.0,0.0,0.0,0.0,0.0,0.0,0.0,0,0,0,1,13.5,5.5,2.0,4.0,0.1538461538461538,0
1166,1,6,80,2025,22,310.05,True,1,642,208.0,199.0,0.9567307692307692,9.0,0.0432692307692307,4.0,0.0192307692307692,5.0,0.0240384615384615,0.0,0.0,0.9807692307692308,72,132,194,3.0865384615384617,2.881007358957429,3334.5,16.03125,0.2576650615443909,15.33759014423077,418.0,364.0,0.8708133971291866,54.0,0.1291866028708134,23.0,0.055023923444976,27.0,0.0645933014354067,0.0,0.0,0.944976076555024,27,149,336,4.160287081339713,3.418308699831697,4353.5,10.415071770334928,0.2263309487718891,9.06958402966965,18.0,18.0,1.0,0.0,0.0,0.0,0.0,0.0,0.0,0.0,0.0,1.0,0.0,4.0,14.0,6.777777777777778,3.808697000222802,42.0,2.333333333333333,0.2079565420640283,2.333333333333333,208.0,208.0,159,191,0.9182692307692308,69,0.3317307692307692,107,0.5144230769230769,208.0,208.0,4.057692307692308,4.176000393910521,0.1931993670588749,0.8471153846153847,2.0,2.0,1.0,0.0,0.0,0.0,0.0,0.0,0.0,0,1,1,2,4.5,2.5,12.0,24.0,0.2857142857142857,0
1166,839,210,80,2025,22,310.05,True,1,642,156.0,133.0,0.8525641025641025,23.0,0.1474358974358974,14.0,0.0897435897435897,9.0,0.0576923076923076,0.0,0.0,0.9102564102564102,1,4,85,8.429487179487179,5.100417503633805,440.0,2.8205128205128207,0.1639232067976224,2.4046679815910585,380.0,311.0,0.8184210526315789,69.0,0.181578947368421,27.0,0.0710526315789473,30.0,0.0789473684210526,12.0,0.031578947368421,0.9289473684210526,0,0,73,10.839473684210526,6.092101852903443,293.0,0.7710526315789473,0.1410019230886551,0.6310457063711911,18.0,17.0,0.9444444444444444,1.0,0.0555555555555555,0.0,0.0,0.0,0.0,1.0,0.0555555555555555,0.9444444444444444,0.0,0.0,2.0,11.72222222222222,4.3051075035687525,5.0,0.2777777777777778,0.1884975939370312,0.2623456790123457,155.0,155.0,11,67,0.432258064516129,0,0.0,0,0.0,155.0,155.0,11.593548387096774,4.460141433015033,0.1831454390454883,0.4703225806451613,2.0,2.0,1.0,0.0,0.0,0.0,0.0,0.0,0.0,0,0,1,1,10.5,6.5,6.0,12.0,0.1333333333333333,0
1166,860,210,80,2025,22,310.05,True,1,642,3.0,3.0,1.0,0.0,0.0,0.0,0.0,0.0,0.0,0.0,0.0,1.0,0,0,2,9.666666666666666,2.0548046676563305,7.0,2.333333333333333,0.327353172720928,2.333333333333333,380.0,311.0,0.8184210526315789,69.0,0.181578947368421,27.0,0.0710526315789473,30.0,0.0789473684210526,12.0,0.031578947368421,0.9289473684210526,0,0,73,10.839473684210526,6.092101852903443,293.0,0.7710526315789473,0.1410019230886551,0.6310457063711911,1.0,1.0,1.0,0.0,0.0,0.0,0.0,0.0,0.0,0.0,0.0,1.0,0.0,0.0,0.0,14.0,0.0,0.0,0.0,1.0,0.0,3.0,3.0,0,0,0.0,0,0.0,0,0.0,3.0,3.0,13.0,2.8284271247461903,0.2612038749637414,0.4,1.0,0.0,0.0,1.0,1.0,1.0,1.0,0.0,0.0,0,0,0,0,19.0,0.0,0.0,0.0,1.0,0
1166,4,117,80,2025,22,310.05,True,1,642,168.0,132.0,0.7857142857142857,36.0,0.2142857142857142,25.0,0.1488095238095238,7.0,0.0416666666666666,2.0,0.0119047619047619,0.8511904761904762,0,9,87,7.434523809523809,5.181974114719561,562.0,3.345238095238096,0.1617606255611706,2.628401360544218,180.0,160.0,0.8888888888888888,20.0,0.1111111111111111,6.0,0.0333333333333333,9.0,0.05,5.0,0.0277777777777777,0.9666666666666668,0,9,85,9.077777777777778,4.894958353648232,492.0,2.7333333333333334,0.1696364825683843,2.4296296296296296,18.0,15.0,0.8333333333333334,3.0,0.1666666666666666,1.0,0.0555555555555555,1.0,0.0555555555555555,1.0,0.0555555555555555,0.8333333333333334,0.0,0.0,4.0,11.055555555555555,5.854459100380213,8.0,0.4444444444444444,0.1458904321049243,0.3703703703703703,167.0,167.0,16,82,0.4910179640718562,0,0.0,3,0.0179640718562874,167.0,167.0,10.874251497005988,4.100795367161849,0.1960478568573538,0.5062874251497006,2.0,2.0,1.0,0.0,0.0,0.0,0.0,0.0,0.0,0,0,0,1,10.0,1.0,1.0,2.0,0.5,0
1166,852,9,80,2025,22,310.05,True,1,642,90.0,74.0,0.8222222222222222,16.0,0.1777777777777777,8.0,0.0888888888888888,6.0,0.0666666666666666,2.0,0.0222222222222222,0.9111111111111112,0,0,26,10.088888888888889,5.60088176479471,87.0,0.9666666666666668,0.1514949116848937,0.7948148148148148,418.0,360.0,0.861244019138756,58.0,0.138755980861244,31.0,0.0741626794258373,23.0,0.055023923444976,3.0,0.0071770334928229,0.9258373205741628,72,166,334,3.985645933014354,3.775998830310016,4807.5,11.501196172248804,0.2093802857851808,9.905336416290837,18.0,17.0,0.9444444444444444,1.0,0.0555555555555555,0.0,0.0,1.0,0.0555555555555555,0.0,0.0,0.9444444444444444,0.0,0.0,2.0,13.11111111111111,4.45831169949753,4.0,0.2222222222222222,0.1832068330015041,0.2098765432098765,90.0,90.0,1,29,0.3222222222222222,0,0.0,0,0.0,90.0,90.0,12.744444444444444,3.8774593947615625,0.2050247719281906,0.4127777777777778,2.0,2.0,1.0,0.0,0.0,0.0,0.0,0.0,0.0,0,0,0,1,13.5,4.5,1.0,2.0,0.1818181818181818,0
1166,842,214,80,2025,22,310.05,True,1,642,154.0,133.0,0.8636363636363636,21.0,0.1363636363636363,14.0,0.0909090909090909,7.0,0.0454545454545454,0.0,0.0,0.9090909090909092,1,5,70,8.779220779220779,4.8953287477613925,426.0,2.7662337662337664,0.1696258245784385,2.389020070838253,180.0,153.0,0.85,27.0,0.15,19.0,0.1055555555555555,8.0,0.0444444444444444,0.0,0.0,0.8944444444444445,1,6,96,8.622222222222222,4.939810562669559,498.0,2.7666666666666666,0.1683555375123891,2.3516666666666666,18.0,17.0,0.9444444444444444,1.0,0.0555555555555555,0.0,0.0,1.0,0.0555555555555555,0.0,0.0,0.9444444444444444,0.0,1.0,4.0,10.444444444444445,4.323350324076381,10.0,0.5555555555555556,0.1878516233427683,0.5246913580246914,153.0,153.0,18,73,0.477124183006536,0,0.0,0,0.0,153.0,153.0,11.15032679738562,4.500938524976961,0.1817871614924451,0.492483660130719,2.0,1.0,0.5,1.0,0.5,1.0,0.5,0.0,0.0,0,0,0,0,5.5,5.5,0.0,0.0,0.1538461538461538,0
1166,859,215,80,2025,22,310.05,True,1,642,11.0,11.0,1.0,0.0,0.0,0.0,0.0,0.0,0.0,0.0,0.0,1.0,0,0,3,12.909090909090908,3.117532399905868,6.0,0.5454545454545454,0.24286390558162,0.5454545454545454,48.0,42.0,0.875,6.0,0.125,1.0,0.0208333333333333,2.0,0.0416666666666666,3.0,0.0625,0.9791666666666666,0,0,14,10.875,5.048205126577168,40.0,0.8333333333333334,0.1653383076585442,0.7291666666666667,4.0,3.0,0.75,1.0,0.25,0.0,0.0,0.0,0.0,1.0,0.25,0.75,0.0,0.0,0.0,10.25,6.5717197140474575,0.0,0.0,0.1320703932218656,0.0,11.0,11.0,1,2,0.1818181818181818,0,0.0,0,0.0,11.0,11.0,13.363636363636363,4.006193552096493,0.1997525644171748,0.3818181818181818,1.0,1.0,1.0,0.0,0.0,0.0,0.0,0.0,0.0,0,0,0,0,16.0,0.0,0.0,0.0,1.0,0
1166,861,214,80,2025,22,310.05,True,1,642,9.0,6.0,0.6666666666666666,3.0,0.3333333333333333,1.0,0.1111111111111111,2.0,0.2222222222222222,0.0,0.0,0.8888888888888888,0,0,2,7.444444444444445,5.479479113750201,5.0,0.5555555555555556,0.1543333935405216,0.3703703703703703,180.0,153.0,0.85,27.0,0.15,19.0,0.1055555555555555,8.0,0.0444444444444444,0.0,0.0,0.8944444444444445,1,6,96,8.622222222222222,4.939810562669559,498.0,2.7666666666666666,0.1683555375123891,2.3516666666666666,3.0,3.0,1.0,0.0,0.0,0.0,0.0,0.0,0.0,0.0,0.0,1.0,0.0,0.0,0.0,14.0,2.8284271247461903,0.0,0.0,0.2612038749637414,0.0,9.0,9.0,0,1,0.1111111111111111,0,0.0,0,0.0,9.0,9.0,15.77777777777778,3.258417399692255,0.2348290235880276,0.261111111111111,1.0,1.0,1.0,0.0,0.0,0.0,0.0,0.0,0.0,0,0,0,0,14.0,0.0,0.0,0.0,1.0,0
1166,848,3,80,2025,22,310.05,True,1,642,105.0,88.0,0.8380952380952381,17.0,0.1619047619047619,6.0,0.0571428571428571,9.0,0.0857142857142857,2.0,0.019047619047619,0.9428571428571428,0,2,39,8.895238095238096,5.215222790335468,238.0,2.2666666666666666,0.1608952782119053,1.89968253968254,417.0,348.0,0.8345323741007195,69.0,0.1654676258992805,28.0,0.0671462829736211,33.0,0.079136690647482,8.0,0.0191846522781774,0.9328537170263788,0,7,103,10.5947242206235,6.120004622434692,560.0,1.3429256594724222,0.140449347019953,1.1207149388402948,15.0,14.0,0.9333333333333332,1.0,0.0666666666666666,0.0,0.0,0.0,0.0,1.0,0.0666666666666666,0.9333333333333332,0.0,0.0,1.0,12.533333333333331,4.716872787015662,2.0,0.1333333333333333,0.1749208067514167,0.1244444444444444,104.0,104.0,9,38,0.3653846153846153,0,0.0,0,0.0,104.0,104.0,11.961538461538462,4.369745365145779,0.1862285698854272,0.4519230769230769,2.0,1.0,0.5,1.0,0.5,1.0,0.5,0.0,0.0,0,0,0,0,6.0,6.0,0.0,0.0,0.1428571428571428,0
1166,864,15,80,2025,22,310.05,True,1,642,24.0,20.0,0.8333333333333334,4.0,0.1666666666666666,2.0,0.0833333333333333,2.0,0.0833333333333333,0.0,0.0,0.9166666666666666,0,3,14,9.833333333333334,5.763872155263526,135.0,5.625,0.1478443082667991,4.6875,210.0,172.0,0.819047619047619,38.0,0.1809523809523809,15.0,0.0714285714285714,18.0,0.0857142857142857,4.0,0.019047619047619,0.9285714285714286,0,0,31,11.057142857142855,6.005281122524093,95.0,0.4523809523809524,0.1427494460978444,0.3705215419501134,6.0,6.0,1.0,0.0,0.0,0.0,0.0,0.0,0.0,0.0,0.0,1.0,0.0,1.0,5.0,7.833333333333333,4.524623986832743,15.0,2.5,0.1810077939029653,2.5,24.0,24.0,8,16,0.6666666666666666,0,0.0,1,0.0416666666666666,24.0,24.0,8.583333333333334,4.846963539738622,0.1710289440328378,0.6208333333333333,1.0,0.0,0.0,1.0,1.0,1.0,1.0,0.0,0.0,0,0,0,0,18.0,0.0,0.0,0.0,1.0,0
1166,840,117,80,2025,22,310.05,True,1,642,168.0,142.0,0.8452380952380952,26.0,0.1547619047619047,9.0,0.0535714285714285,14.0,0.0833333333333333,3.0,0.0178571428571428,0.9464285714285714,0,3,60,9.613095238095235,5.285791371166777,286.0,1.7023809523809523,0.1590889580884035,1.4389172335600906,180.0,160.0,0.8888888888888888,20.0,0.1111111111111111,6.0,0.0333333333333333,9.0,0.05,5.0,0.0277777777777777,0.9666666666666668,0,9,85,9.077777777777778,4.894958353648232,492.0,2.7333333333333334,0.1696364825683843,2.4296296296296296,18.0,16.0,0.8888888888888888,2.0,0.1111111111111111,1.0,0.0555555555555555,0.0,0.0,1.0,0.0555555555555555,0.8888888888888888,0.0,0.0,2.0,12.11111111111111,4.5447025191594586,6.0,0.3333333333333333,0.1803523266657764,0.2962962962962963,168.0,168.0,5,40,0.238095238095238,1,0.0059523809523809,1,0.0059523809523809,168.0,168.0,14.023809523809524,4.314913756452565,0.1881498074707141,0.3488095238095238,2.0,2.0,1.0,0.0,0.0,0.0,0.0,0.0,0.0,0,0,1,1,10.0,5.0,5.0,10.0,0.1666666666666666,0
1166,846,1,80,2025,22,310.05,True,1,642,128.0,118.0,0.921875,10.0,0.078125,4.0,0.03125,5.0,0.0390625,1.0,0.0078125,0.96875,4,26,100,6.5546875,4.371085022891198,950.0,7.421875,0.1861821206959242,6.842041015625,418.0,348.0,0.8325358851674641,70.0,0.1674641148325359,41.0,0.0980861244019138,21.0,0.0502392344497607,5.0,0.0119617224880382,0.901913875598086,7,39,223,7.375598086124402,5.10371641972893,1841.0,4.404306220095694,0.1638346101348546,3.666742977495936,18.0,17.0,0.9444444444444444,1.0,0.0555555555555555,0.0,0.0,0.0,0.0,1.0,0.0555555555555555,0.9444444444444444,1.0,6.0,14.0,6.333333333333333,4.96655480858378,57.0,3.1666666666666665,0.1676009074049484,2.9907407407407405,128.0,128.0,45,104,0.8125,9,0.0703125,14,0.109375,128.0,128.0,7.21875,4.029069177552056,0.19884395395944,0.6890625,2.0,1.0,0.5,1.0,0.5,0.0,0.0,1.0,0.5,0,0,0,1,3.0,3.0,4.5,9.0,0.25,0
1166,857,1,80,2025,22,310.05,True,1,642,46.0,43.0,0.9347826086956522,3.0,0.0652173913043478,2.0,0.0434782608695652,1.0,0.0217391304347826,0.0,0.0,0.9565217391304348,2,10,34,6.652173913043479,4.564596231033249,347.0,7.543478260869565,0.1797075580116829,7.051512287334594,418.0,348.0,0.8325358851674641,70.0,0.1674641148325359,41.0,0.0980861244019138,21.0,0.0502392344497607,5.0,0.0119617224880382,0.901913875598086,7,39,223,7.375598086124402,5.10371641972893,1841.0,4.404306220095694,0.1638346101348546,3.666742977495936,12.0,12.0,1.0,0.0,0.0,0.0,0.0,0.0,0.0,0.0,0.0,1.0,2.0,5.0,7.0,6.0,3.958114029012639,42.0,3.5,0.2016895928872254,3.5,46.0,46.0,18,38,0.8260869565217391,0,0.0,7,0.1521739130434782,46.0,46.0,7.543478260869565,4.803560824779208,0.1723080071342311,0.6728260869565217,2.0,2.0,1.0,0.0,0.0,0.0,0.0,0.0,0.0,0,0,0,2,8.5,1.5,4.0,8.0,0.4,0
1167,830,9,78,2025,23,308.883,True,0,12,209.0,179.0,0.8564593301435407,30.0,0.1435406698564593,17.0,0.0813397129186602,13.0,0.062200956937799,0.0,0.0,0.9186602870813396,63,112,172,3.0382775119617227,3.2750278715380032,2912.5,13.935406698564591,0.2339166035987118,11.935109086330442,418.0,360.0,0.861244019138756,58.0,0.138755980861244,31.0,0.0741626794258373,23.0,0.055023923444976,3.0,0.0071770334928229,0.9258373205741628,72,166,334,3.985645933014354,3.775998830310016,4807.5,11.501196172248804,0.2093802857851808,9.905336416290837,18.0,18.0,1.0,0.0,0.0,0.0,0.0,0.0,0.0,0.0,0.0,1.0,11.0,15.0,18.0,2.0,1.7638342073763935,111.0,6.166666666666667,0.3618162034940813,6.166666666666667,209.0,209.0,155,188,0.8995215311004785,43,0.2057416267942583,74,0.354066985645933,209.0,209.0,4.727272727272728,4.254721298455835,0.1903050501068177,0.8136363636363637,3.0,3.0,1.0,0.0,0.0,0.0,0.0,0.0,0.0,2,3,3,3,1.3333333333333333,0.4714045207910318,23.33333333333333,70.0,0.6796227589829592,1
1167,857,1,78,2025,23,308.883,True,0,12,46.0,43.0,0.9347826086956522,3.0,0.0652173913043478,2.0,0.0434782608695652,1.0,0.0217391304347826,0.0,0.0,0.9565217391304348,2,10,34,6.652173913043479,4.564596231033249,347.0,7.543478260869565,0.1797075580116829,7.051512287334594,418.0,348.0,0.8325358851674641,70.0,0.1674641148325359,41.0,0.0980861244019138,21.0,0.0502392344497607,5.0,0.0119617224880382,0.901913875598086,7,39,223,7.375598086124402,5.10371641972893,1841.0,4.404306220095694,0.1638346101348546,3.666742977495936,12.0,12.0,1.0,0.0,0.0,0.0,0.0,0.0,0.0,0.0,0.0,1.0,2.0,5.0,7.0,6.0,3.958114029012639,42.0,3.5,0.2016895928872254,3.5,46.0,46.0,18,38,0.8260869565217391,0,0.0,7,0.1521739130434782,46.0,46.0,7.543478260869565,4.803560824779208,0.1723080071342311,0.6728260869565217,2.0,2.0,1.0,0.0,0.0,0.0,0.0,0.0,0.0,0,2,2,2,2.5,0.5,16.5,33.0,0.6666666666666666,1
1167,832,3,78,2025,23,308.883,True,0,12,208.0,171.0,0.8221153846153846,37.0,0.1778846153846154,20.0,0.0961538461538461,15.0,0.0721153846153846,2.0,0.0096153846153846,0.903846153846154,4,27,139,5.908653846153846,4.283950607004526,1203.5,5.7860576923076925,0.1892523368167706,4.756807045118343,417.0,348.0,0.8345323741007195,69.0,0.1654676258992805,28.0,0.0671462829736211,33.0,0.079136690647482,8.0,0.0191846522781774,0.9328537170263788,0,7,103,10.5947242206235,6.120004622434692,560.0,1.3429256594724222,0.140449347019953,1.1207149388402948,18.0,18.0,1.0,0.0,0.0,0.0,0.0,0.0,0.0,0.0,0.0,1.0,0.0,5.0,17.0,4.888888888888889,2.157387537660844,69.0,3.8333333333333335,0.316717535643677,3.8333333333333335,207.0,207.0,58,142,0.6859903381642513,5,0.0241545893719806,15,0.072463768115942,207.0,207.0,8.51207729468599,4.390217389643142,0.1855212745076697,0.6243961352657005,3.0,2.0,0.6666666666666666,1.0,0.3333333333333333,1.0,0.3333333333333333,0.0,0.0,0,0,0,2,4.333333333333333,3.091206165165235,4.666666666666667,14.0,0.2444266946297027,1
1167,846,1,78,2025,23,308.883,True,0,12,128.0,118.0,0.921875,10.0,0.078125,4.0,0.03125,5.0,0.0390625,1.0,0.0078125,0.96875,4,26,100,6.5546875,4.371085022891198,950.0,7.421875,0.1861821206959242,6.842041015625,418.0,348.0,0.8325358851674641,70.0,0.1674641148325359,41.0,0.0980861244019138,21.0,0.0502392344497607,5.0,0.0119617224880382,0.901913875598086,7,39,223,7.375598086124402,5.10371641972893,1841.0,4.404306220095694,0.1638346101348546,3.666742977495936,18.0,17.0,0.9444444444444444,1.0,0.0555555555555555,0.0,0.0,0.0,0.0,1.0,0.0555555555555555,0.9444444444444444,1.0,6.0,14.0,6.333333333333333,4.96655480858378,57.0,3.1666666666666665,0.1676009074049484,2.9907407407407405,128.0,128.0,45,104,0.8125,9,0.0703125,14,0.109375,128.0,128.0,7.21875,4.029069177552056,0.19884395395944,0.6890625,3.0,3.0,1.0,0.0,0.0,0.0,0.0,0.0,0.0,0,1,1,3,7.333333333333333,3.091206165165236,6.333333333333333,19.0,0.2444266946297026,1
1167,863,131,78,2025,23,308.883,True,0,12,7.0,5.0,0.7142857142857143,2.0,0.2857142857142857,0.0,0.0,2.0,0.2857142857142857,0.0,0.0,1.0,0,0,0,16.142857142857142,2.4159335036125453,0.0,0.0,0.2927457454726336,0.0,418.0,393.0,0.9401913875598086,25.0,0.0598086124401913,14.0,0.0334928229665071,11.0,0.0263157894736842,0.0,0.0,0.9665071770334928,100,235,376,3.425837320574163,3.0834490090995863,6009.5,14.376794258373206,0.2448910217249175,13.516938142441791,2.0,2.0,1.0,0.0,0.0,0.0,0.0,0.0,0.0,0.0,0.0,1.0,0.0,0.0,0.0,18.0,2.0,0.0,0.0,0.3333333333333333,0.0,7.0,7.0,0,0,0.0,0,0.0,0,0.0,7.0,7.0,16.142857142857142,2.9965967090575765,0.2502128868128419,0.2428571428571428,1.0,1.0,1.0,0.0,0.0,0.0,0.0,0.0,0.0,0,0,0,1,6.0,0.0,8.0,8.0,1.0,1
1167,847,131,78,2025,23,308.883,True,0,12,128.0,113.0,0.8828125,15.0,0.1171875,8.0,0.0625,6.0,0.046875,1.0,0.0078125,0.9375,3,15,63,8.125,5.955564624785798,664.0,5.1875,0.1437697805921537,4.57958984375,418.0,393.0,0.9401913875598086,25.0,0.0598086124401913,14.0,0.0334928229665071,11.0,0.0263157894736842,0.0,0.0,0.9665071770334928,100,235,376,3.425837320574163,3.0834490090995863,6009.5,14.376794258373206,0.2448910217249175,13.516938142441791,18.0,18.0,1.0,0.0,0.0,0.0,0.0,0.0,0.0,0.0,0.0,1.0,1.0,2.0,13.0,7.277777777777778,4.174067501391519,50.0,2.7777777777777777,0.1932715411484405,2.7777777777777777,128.0,128.0,33,65,0.5078125,4,0.03125,12,0.09375,128.0,128.0,10.328125,5.89903246171565,0.1449478612471001,0.53359375,3.0,3.0,1.0,0.0,0.0,0.0,0.0,0.0,0.0,0,0,2,2,8.333333333333334,6.128258770283411,8.0,24.0,0.1402867140807012,1
1167,4,117,78,2025,23,308.883,True,0,12,168.0,132.0,0.7857142857142857,36.0,0.2142857142857142,25.0,0.1488095238095238,7.0,0.0416666666666666,2.0,0.0119047619047619,0.8511904761904762,0,9,87,7.434523809523809,5.181974114719561,562.0,3.345238095238096,0.1617606255611706,2.628401360544218,180.0,160.0,0.8888888888888888,20.0,0.1111111111111111,6.0,0.0333333333333333,9.0,0.05,5.0,0.0277777777777777,0.9666666666666668,0,9,85,9.077777777777778,4.894958353648232,492.0,2.7333333333333334,0.1696364825683843,2.4296296296296296,18.0,15.0,0.8333333333333334,3.0,0.1666666666666666,1.0,0.0555555555555555,1.0,0.0555555555555555,1.0,0.0555555555555555,0.8333333333333334,0.0,0.0,4.0,11.055555555555555,5.854459100380213,8.0,0.4444444444444444,0.1458904321049243,0.3703703703703703,167.0,167.0,16,82,0.4910179640718562,0,0.0,3,0.0179640718562874,167.0,167.0,10.874251497005988,4.100795367161849,0.1960478568573538,0.5062874251497006,3.0,3.0,1.0,0.0,0.0,0.0,0.0,0.0,0.0,0,1,1,3,5.333333333333333,1.699673171197595,9.666666666666666,29.0,0.3704152082810796,1
1167,844,6,78,2025,23,308.883,True,0,12,149.0,127.0,0.8523489932885906,22.0,0.1476510067114094,10.0,0.0671140939597315,11.0,0.0738255033557047,0.0,0.0,0.9328859060402684,8,43,112,4.6375838926174495,3.971737004582008,1363.0,9.14765100671141,0.2011369465195743,7.796991126525833,418.0,364.0,0.8708133971291866,54.0,0.1291866028708134,23.0,0.055023923444976,27.0,0.0645933014354067,0.0,0.0,0.944976076555024,27,149,336,4.160287081339713,3.418308699831697,4353.5,10.415071770334928,0.2263309487718891,9.06958402966965,18.0,18.0,1.0,0.0,0.0,0.0,0.0,0.0,0.0,0.0,0.0,1.0,0.0,6.0,16.0,5.055555555555555,2.933943539224644,67.0,3.7222222222222223,0.2541978526201964,3.7222222222222223,149.0,149.0,82,119,0.7986577181208053,23,0.1543624161073825,40,0.2684563758389262,149.0,149.0,6.208053691275167,4.672172608436389,0.1762992893609532,0.7395973154362416,3.0,3.0,1.0,0.0,0.0,0.0,0.0,0.0,0.0,0,1,2,3,5.0,2.449489742783178,10.666666666666666,32.0,0.2898979485566356,1
1167,859,215,78,2025,23,308.883,True,0,12,11.0,11.0,1.0,0.0,0.0,0.0,0.0,0.0,0.0,0.0,0.0,1.0,0,0,3,12.909090909090908,3.117532399905868,6.0,0.5454545454545454,0.24286390558162,0.5454545454545454,48.0,42.0,0.875,6.0,0.125,1.0,0.0208333333333333,2.0,0.0416666666666666,3.0,0.0625,0.9791666666666666,0,0,14,10.875,5.048205126577168,40.0,0.8333333333333334,0.1653383076585442,0.7291666666666667,4.0,3.0,0.75,1.0,0.25,0.0,0.0,0.0,0.0,1.0,0.25,0.75,0.0,0.0,0.0,10.25,6.5717197140474575,0.0,0.0,0.1320703932218656,0.0,11.0,11.0,1,2,0.1818181818181818,0,0.0,0,0.0,11.0,11.0,13.363636363636363,4.006193552096493,0.1997525644171748,0.3818181818181818,2.0,2.0,1.0,0.0,0.0,0.0,0.0,0.0,0.0,0,0,0,0,15.5,1.5,0.0,0.0,0.4,1
1167,852,9,78,2025,23,308.883,True,0,12,90.0,74.0,0.8222222222222222,16.0,0.1777777777777777,8.0,0.0888888888888888,6.0,0.0666666666666666,2.0,0.0222222222222222,0.9111111111111112,0,0,26,10.088888888888889,5.60088176479471,87.0,0.9666666666666668,0.1514949116848937,0.7948148148148148,418.0,360.0,0.861244019138756,58.0,0.138755980861244,31.0,0.0741626794258373,23.0,0.055023923444976,3.0,0.0071770334928229,0.9258373205741628,72,166,334,3.985645933014354,3.775998830310016,4807.5,11.501196172248804,0.2093802857851808,9.905336416290837,18.0,17.0,0.9444444444444444,1.0,0.0555555555555555,0.0,0.0,1.0,0.0555555555555555,0.0,0.0,0.9444444444444444,0.0,0.0,2.0,13.11111111111111,4.45831169949753,4.0,0.2222222222222222,0.1832068330015041,0.2098765432098765,90.0,90.0,1,29,0.3222222222222222,0,0.0,0,0.0,90.0,90.0,12.744444444444444,3.8774593947615625,0.2050247719281906,0.4127777777777778,3.0,3.0,1.0,0.0,0.0,0.0,0.0,0.0,0.0,0,0,0,0,13.666666666666666,0.9428090415820616,0.0,0.0,0.5147186257614301,1
1167,848,3,78,2025,23,308.883,True,0,12,105.0,88.0,0.8380952380952381,17.0,0.1619047619047619,6.0,0.0571428571428571,9.0,0.0857142857142857,2.0,0.019047619047619,0.9428571428571428,0,2,39,8.895238095238096,5.215222790335468,238.0,2.2666666666666666,0.1608952782119053,1.89968253968254,417.0,348.0,0.8345323741007195,69.0,0.1654676258992805,28.0,0.0671462829736211,33.0,0.079136690647482,8.0,0.0191846522781774,0.9328537170263788,0,7,103,10.5947242206235,6.120004622434692,560.0,1.3429256594724222,0.140449347019953,1.1207149388402948,15.0,14.0,0.9333333333333332,1.0,0.0666666666666666,0.0,0.0,0.0,0.0,1.0,0.0666666666666666,0.9333333333333332,0.0,0.0,1.0,12.533333333333331,4.716872787015662,2.0,0.1333333333333333,0.1749208067514167,0.1244444444444444,104.0,104.0,9,38,0.3653846153846153,0,0.0,0,0.0,104.0,104.0,11.961538461538462,4.369745365145779,0.1862285698854272,0.4519230769230769,2.0,2.0,1.0,0.0,0.0,0.0,0.0,0.0,0.0,0,0,0,0,14.0,1.0,0.0,0.0,0.5,1
1167,1,6,78,2025,23,308.883,True,0,12,208.0,199.0,0.9567307692307692,9.0,0.0432692307692307,4.0,0.0192307692307692,5.0,0.0240384615384615,0.0,0.0,0.9807692307692308,72,132,194,3.0865384615384617,2.881007358957429,3334.5,16.03125,0.2576650615443909,15.33759014423077,418.0,364.0,0.8708133971291866,54.0,0.1291866028708134,23.0,0.055023923444976,27.0,0.0645933014354067,0.0,0.0,0.944976076555024,27,149,336,4.160287081339713,3.418308699831697,4353.5,10.415071770334928,0.2263309487718891,9.06958402966965,18.0,18.0,1.0,0.0,0.0,0.0,0.0,0.0,0.0,0.0,0.0,1.0,0.0,4.0,14.0,6.777777777777778,3.808697000222802,42.0,2.333333333333333,0.2079565420640283,2.333333333333333,208.0,208.0,159,191,0.9182692307692308,69,0.3317307692307692,107,0.5144230769230769,208.0,208.0,4.057692307692308,4.176000393910521,0.1931993670588749,0.8471153846153847,3.0,2.0,0.6666666666666666,1.0,0.3333333333333333,0.0,0.0,1.0,0.3333333333333333,1,1,1,1,4.333333333333333,5.436502143433364,8.333333333333334,25.0,0.1553638882914407,1
1167,864,15,78,2025,23,308.883,True,0,12,24.0,20.0,0.8333333333333334,4.0,0.1666666666666666,2.0,0.0833333333333333,2.0,0.0833333333333333,0.0,0.0,0.9166666666666666,0,3,14,9.833333333333334,5.763872155263526,135.0,5.625,0.1478443082667991,4.6875,210.0,172.0,0.819047619047619,38.0,0.1809523809523809,15.0,0.0714285714285714,18.0,0.0857142857142857,4.0,0.019047619047619,0.9285714285714286,0,0,31,11.057142857142855,6.005281122524093,95.0,0.4523809523809524,0.1427494460978444,0.3705215419501134,6.0,6.0,1.0,0.0,0.0,0.0,0.0,0.0,0.0,0.0,0.0,1.0,0.0,1.0,5.0,7.833333333333333,4.524623986832743,15.0,2.5,0.1810077939029653,2.5,24.0,24.0,8,16,0.6666666666666666,0,0.0,1,0.0416666666666666,24.0,24.0,8.583333333333334,4.846963539738622,0.1710289440328378,0.6208333333333333,1.0,1.0,1.0,0.0,0.0,0.0,0.0,0.0,0.0,0,0,0,0,18.0,0.0,0.0,0.0,1.0,1
1167,861,214,78,2025,23,308.883,True,0,12,9.0,6.0,0.6666666666666666,3.0,0.3333333333333333,1.0,0.1111111111111111,2.0,0.2222222222222222,0.0,0.0,0.8888888888888888,0,0,2,7.444444444444445,5.479479113750201,5.0,0.5555555555555556,0.1543333935405216,0.3703703703703703,180.0,153.0,0.85,27.0,0.15,19.0,0.1055555555555555,8.0,0.0444444444444444,0.0,0.0,0.8944444444444445,1,6,96,8.622222222222222,4.939810562669559,498.0,2.7666666666666666,0.1683555375123891,2.3516666666666666,3.0,3.0,1.0,0.0,0.0,0.0,0.0,0.0,0.0,0.0,0.0,1.0,0.0,0.0,0.0,14.0,2.8284271247461903,0.0,0.0,0.2612038749637414,0.0,9.0,9.0,0,1,0.1111111111111111,0,0.0,0,0.0,9.0,9.0,15.77777777777778,3.258417399692255,0.2348290235880276,0.261111111111111,1.0,0.0,0.0,1.0,1.0,0.0,0.0,1.0,1.0,0,0,0,0,0.0,0.0,0.0,0.0,1.0,1
1167,839,210,78,2025,23,308.883,True,0,12,156.0,133.0,0.8525641025641025,23.0,0.1474358974358974,14.0,0.0897435897435897,9.0,0.0576923076923076,0.0,0.0,0.9102564102564102,1,4,85,8.429487179487179,5.100417503633805,440.0,2.8205128205128207,0.1639232067976224,2.4046679815910585,380.0,311.0,0.8184210526315789,69.0,0.181578947368421,27.0,0.0710526315789473,30.0,0.0789473684210526,12.0,0.031578947368421,0.9289473684210526,0,0,73,10.839473684210526,6.092101852903443,293.0,0.7710526315789473,0.1410019230886551,0.6310457063711911,18.0,17.0,0.9444444444444444,1.0,0.0555555555555555,0.0,0.0,0.0,0.0,1.0,0.0555555555555555,0.9444444444444444,0.0,0.0,2.0,11.72222222222222,4.3051075035687525,5.0,0.2777777777777778,0.1884975939370312,0.2623456790123457,155.0,155.0,11,67,0.432258064516129,0,0.0,0,0.0,155.0,155.0,11.593548387096774,4.460141433015033,0.1831454390454883,0.4703225806451613,3.0,2.0,0.6666666666666666,1.0,0.3333333333333333,0.0,0.0,1.0,0.3333333333333333,0,0,1,2,4.0,2.943920288775949,5.333333333333333,16.0,0.2535548202751237,1
1167,842,214,78,2025,23,308.883,True,0,12,154.0,133.0,0.8636363636363636,21.0,0.1363636363636363,14.0,0.0909090909090909,7.0,0.0454545454545454,0.0,0.0,0.9090909090909092,1,5,70,8.779220779220779,4.8953287477613925,426.0,2.7662337662337664,0.1696258245784385,2.389020070838253,180.0,153.0,0.85,27.0,0.15,19.0,0.1055555555555555,8.0,0.0444444444444444,0.0,0.0,0.8944444444444445,1,6,96,8.622222222222222,4.939810562669559,498.0,2.7666666666666666,0.1683555375123891,2.3516666666666666,18.0,17.0,0.9444444444444444,1.0,0.0555555555555555,0.0,0.0,1.0,0.0555555555555555,0.0,0.0,0.9444444444444444,0.0,1.0,4.0,10.444444444444445,4.323350324076381,10.0,0.5555555555555556,0.1878516233427683,0.5246913580246914,153.0,153.0,18,73,0.477124183006536,0,0.0,0,0.0,153.0,153.0,11.15032679738562,4.500938524976961,0.1817871614924451,0.492483660130719,3.0,3.0,1.0,0.0,0.0,0.0,0.0,0.0,0.0,0,0,1,1,9.333333333333334,3.0912061651652327,3.333333333333333,10.0,0.2444266946297028,1
1167,840,117,78,2025,23,308.883,True,0,12,168.0,142.0,0.8452380952380952,26.0,0.1547619047619047,9.0,0.0535714285714285,14.0,0.0833333333333333,3.0,0.0178571428571428,0.9464285714285714,0,3,60,9.613095238095235,5.285791371166777,286.0,1.7023809523809523,0.1590889580884035,1.4389172335600906,180.0,160.0,0.8888888888888888,20.0,0.1111111111111111,6.0,0.0333333333333333,9.0,0.05,5.0,0.0277777777777777,0.9666666666666668,0,9,85,9.077777777777778,4.894958353648232,492.0,2.7333333333333334,0.1696364825683843,2.4296296296296296,18.0,16.0,0.8888888888888888,2.0,0.1111111111111111,1.0,0.0555555555555555,0.0,0.0,1.0,0.0555555555555555,0.8888888888888888,0.0,0.0,2.0,12.11111111111111,4.5447025191594586,6.0,0.3333333333333333,0.1803523266657764,0.2962962962962963,168.0,168.0,5,40,0.238095238095238,1,0.0059523809523809,1,0.0059523809523809,168.0,168.0,14.023809523809524,4.314913756452565,0.1881498074707141,0.3488095238095238,3.0,2.0,0.6666666666666666,1.0,0.3333333333333333,0.0,0.0,1.0,0.3333333333333333,0,0,0,1,5.666666666666667,4.496912521077347,2.6666666666666665,8.0,0.1819203045647175,1
1167,865,215,78,2025,23,308.883,True,0,12,24.0,19.0,0.7916666666666666,5.0,0.2083333333333333,1.0,0.0416666666666666,4.0,0.1666666666666666,0.0,0.0,0.9583333333333334,0,0,5,14.25,3.9712508524812864,19.0,0.7916666666666666,0.2011566162469698,0.626736111111111,48.0,42.0,0.875,6.0,0.125,1.0,0.0208333333333333,2.0,0.0416666666666666,3.0,0.0625,0.9791666666666666,0,0,14,10.875,5.048205126577168,40.0,0.8333333333333334,0.1653383076585442,0.7291666666666667,6.0,6.0,1.0,0.0,0.0,0.0,0.0,0.0,0.0,0.0,0.0,1.0,0.0,0.0,0.0,13.666666666666666,3.5433819375782187,0.0,0.0,0.2201003599827301,0.0,23.0,23.0,0,5,0.217391304347826,0,0.0,0,0.0,23.0,23.0,13.956521739130435,3.735589830262708,0.21116693713833,0.3521739130434782,1.0,1.0,1.0,0.0,0.0,0.0,0.0,0.0,0.0,0,0,0,1,10.0,0.0,1.0,1.0,1.0,1
1167,860,210,78,2025,23,308.883,True,0,12,3.0,3.0,1.0,0.0,0.0,0.0,0.0,0.0,0.0,0.0,0.0,1.0,0,0,2,9.666666666666666,2.0548046676563305,7.0,2.333333333333333,0.327353172720928,2.333333333333333,380.0,311.0,0.8184210526315789,69.0,0.181578947368421,27.0,0.0710526315789473,30.0,0.0789473684210526,12.0,0.031578947368421,0.9289473684210526,0,0,73,10.839473684210526,6.092101852903443,293.0,0.7710526315789473,0.1410019230886551,0.6310457063711911,1.0,1.0,1.0,0.0,0.0,0.0,0.0,0.0,0.0,0.0,0.0,1.0,0.0,0.0,0.0,14.0,0.0,0.0,0.0,1.0,0.0,3.0,3.0,0,0,0.0,0,0.0,0,0.0,3.0,3.0,13.0,2.8284271247461903,0.2612038749637414,0.4,2.0,2.0,1.0,0.0,0.0,0.0,0.0,0.0,0.0,0,0,0,1,10.0,3.0,3.0,6.0,0.25,1
1167,807,15,78,2025,23,308.883,True,0,12,153.0,123.0,0.803921568627451,30.0,0.196078431372549,15.0,0.0980392156862745,14.0,0.0915032679738562,1.0,0.0065359477124183,0.9019607843137256,0,0,65,8.267973856209151,5.366327520580533,331.0,2.1633986928104574,0.1570764301345294,1.73920287069076,210.0,172.0,0.819047619047619,38.0,0.1809523809523809,15.0,0.0714285714285714,18.0,0.0857142857142857,4.0,0.019047619047619,0.9285714285714286,0,0,31,11.057142857142855,6.005281122524093,95.0,0.4523809523809524,0.1427494460978444,0.3705215419501134,12.0,10.0,0.8333333333333334,2.0,0.1666666666666666,1.0,0.0833333333333333,0.0,0.0,1.0,0.0833333333333333,0.8333333333333334,0.0,0.0,4.0,12.583333333333334,6.343741447722751,8.0,0.6666666666666666,0.1361703713452621,0.5555555555555556,153.0,153.0,7,80,0.5228758169934641,0,0.0,1,0.0065359477124183,153.0,153.0,10.673202614379084,3.70449305954654,0.2125627538063344,0.5163398692810458,2.0,1.0,0.5,1.0,0.5,0.0,0.0,1.0,0.5,0,0,0,0,8.0,8.0,0.0,0.0,0.1111111111111111,1
1168,830,9,24,2025,24,306.298,True,2,3,209.0,179.0,0.8564593301435407,30.0,0.1435406698564593,17.0,0.0813397129186602,13.0,0.062200956937799,0.0,0.0,0.9186602870813396,63,112,172,3.0382775119617227,3.2750278715380032,2912.5,13.935406698564591,0.2339166035987118,11.935109086330442,418.0,360.0,0.861244019138756,58.0,0.138755980861244,31.0,0.0741626794258373,23.0,0.055023923444976,3.0,0.0071770334928229,0.9258373205741628,72,166,334,3.985645933014354,3.775998830310016,4807.5,11.501196172248804,0.2093802857851808,9.905336416290837,18.0,18.0,1.0,0.0,0.0,0.0,0.0,0.0,0.0,0.0,0.0,1.0,11.0,15.0,18.0,2.0,1.7638342073763935,111.0,6.166666666666667,0.3618162034940813,6.166666666666667,209.0,209.0,155,188,0.8995215311004785,43,0.2057416267942583,74,0.354066985645933,209.0,209.0,4.727272727272728,4.254721298455835,0.1903050501068177,0.8136363636363637,10.0,10.0,1.0,0.0,0.0,0.0,0.0,0.0,0.0,4,6,8,9,4.0,4.358898943540674,16.5,165.0,0.1866054968633707,0
1168,857,1,24,2025,24,306.298,True,2,3,46.0,43.0,0.9347826086956522,3.0,0.0652173913043478,2.0,0.0434782608695652,1.0,0.0217391304347826,0.0,0.0,0.9565217391304348,2,10,34,6.652173913043479,4.564596231033249,347.0,7.543478260869565,0.1797075580116829,7.051512287334594,418.0,348.0,0.8325358851674641,70.0,0.1674641148325359,41.0,0.0980861244019138,21.0,0.0502392344497607,5.0,0.0119617224880382,0.901913875598086,7,39,223,7.375598086124402,5.10371641972893,1841.0,4.404306220095694,0.1638346101348546,3.666742977495936,12.0,12.0,1.0,0.0,0.0,0.0,0.0,0.0,0.0,0.0,0.0,1.0,2.0,5.0,7.0,6.0,3.958114029012639,42.0,3.5,0.2016895928872254,3.5,46.0,46.0,18,38,0.8260869565217391,0,0.0,7,0.1521739130434782,46.0,46.0,7.543478260869565,4.803560824779208,0.1723080071342311,0.6728260869565217,2.0,2.0,1.0,0.0,0.0,0.0,0.0,0.0,0.0,0,0,0,2,8.0,2.0,4.5,9.0,0.3333333333333333,0
1168,846,1,24,2025,24,306.298,True,2,3,128.0,118.0,0.921875,10.0,0.078125,4.0,0.03125,5.0,0.0390625,1.0,0.0078125,0.96875,4,26,100,6.5546875,4.371085022891198,950.0,7.421875,0.1861821206959242,6.842041015625,418.0,348.0,0.8325358851674641,70.0,0.1674641148325359,41.0,0.0980861244019138,21.0,0.0502392344497607,5.0,0.0119617224880382,0.901913875598086,7,39,223,7.375598086124402,5.10371641972893,1841.0,4.404306220095694,0.1638346101348546,3.666742977495936,18.0,17.0,0.9444444444444444,1.0,0.0555555555555555,0.0,0.0,0.0,0.0,1.0,0.0555555555555555,0.9444444444444444,1.0,6.0,14.0,6.333333333333333,4.96655480858378,57.0,3.1666666666666665,0.1676009074049484,2.9907407407407405,128.0,128.0,45,104,0.8125,9,0.0703125,14,0.109375,128.0,128.0,7.21875,4.029069177552056,0.19884395395944,0.6890625,6.0,6.0,1.0,0.0,0.0,0.0,0.0,0.0,0.0,1,1,3,6,5.333333333333333,2.211083193570268,10.666666666666666,64.0,0.3114213926323542,0
1168,844,6,24,2025,24,306.298,True,2,3,149.0,127.0,0.8523489932885906,22.0,0.1476510067114094,10.0,0.0671140939597315,11.0,0.0738255033557047,0.0,0.0,0.9328859060402684,8,43,112,4.6375838926174495,3.971737004582008,1363.0,9.14765100671141,0.2011369465195743,7.796991126525833,418.0,364.0,0.8708133971291866,54.0,0.1291866028708134,23.0,0.055023923444976,27.0,0.0645933014354067,0.0,0.0,0.944976076555024,27,149,336,4.160287081339713,3.418308699831697,4353.5,10.415071770334928,0.2263309487718891,9.06958402966965,18.0,18.0,1.0,0.0,0.0,0.0,0.0,0.0,0.0,0.0,0.0,1.0,0.0,6.0,16.0,5.055555555555555,2.933943539224644,67.0,3.7222222222222223,0.2541978526201964,3.7222222222222223,149.0,149.0,82,119,0.7986577181208053,23,0.1543624161073825,40,0.2684563758389262,149.0,149.0,6.208053691275167,4.672172608436389,0.1762992893609532,0.7395973154362416,7.0,7.0,1.0,0.0,0.0,0.0,0.0,0.0,0.0,0,4,4,6,5.714285714285714,4.060762972443399,10.428571428571429,73.0,0.1975986635701271,0
1168,847,131,24,2025,24,306.298,True,2,3,128.0,113.0,0.8828125,15.0,0.1171875,8.0,0.0625,6.0,0.046875,1.0,0.0078125,0.9375,3,15,63,8.125,5.955564624785798,664.0,5.1875,0.1437697805921537,4.57958984375,418.0,393.0,0.9401913875598086,25.0,0.0598086124401913,14.0,0.0334928229665071,11.0,0.0263157894736842,0.0,0.0,0.9665071770334928,100,235,376,3.425837320574163,3.0834490090995863,6009.5,14.376794258373206,0.2448910217249175,13.516938142441791,18.0,18.0,1.0,0.0,0.0,0.0,0.0,0.0,0.0,0.0,0.0,1.0,1.0,2.0,13.0,7.277777777777778,4.174067501391519,50.0,2.7777777777777777,0.1932715411484405,2.7777777777777777,128.0,128.0,33,65,0.5078125,4,0.03125,12,0.09375,128.0,128.0,10.328125,5.89903246171565,0.1449478612471001,0.53359375,6.0,5.0,0.8333333333333334,1.0,0.1666666666666666,1.0,0.1666666666666666,0.0,0.0,0,1,3,3,7.5,6.264982043070834,5.833333333333333,35.0,0.1376465893613289,0
1168,4,117,24,2025,24,306.298,True,2,3,168.0,132.0,0.7857142857142857,36.0,0.2142857142857142,25.0,0.1488095238095238,7.0,0.0416666666666666,2.0,0.0119047619047619,0.8511904761904762,0,9,87,7.434523809523809,5.181974114719561,562.0,3.345238095238096,0.1617606255611706,2.628401360544218,180.0,160.0,0.8888888888888888,20.0,0.1111111111111111,6.0,0.0333333333333333,9.0,0.05,5.0,0.0277777777777777,0.9666666666666668,0,9,85,9.077777777777778,4.894958353648232,492.0,2.7333333333333334,0.1696364825683843,2.4296296296296296,18.0,15.0,0.8333333333333334,3.0,0.1666666666666666,1.0,0.0555555555555555,1.0,0.0555555555555555,1.0,0.0555555555555555,0.8333333333333334,0.0,0.0,4.0,11.055555555555555,5.854459100380213,8.0,0.4444444444444444,0.1458904321049243,0.3703703703703703,167.0,167.0,16,82,0.4910179640718562,0,0.0,3,0.0179640718562874,167.0,167.0,10.874251497005988,4.100795367161849,0.1960478568573538,0.5062874251497006,8.0,7.0,0.875,1.0,0.125,1.0,0.125,0.0,0.0,0,0,0,5,8.875,4.399928976699511,1.875,15.0,0.1851876208585265,0
1168,839,210,24,2025,24,306.298,True,2,3,156.0,133.0,0.8525641025641025,23.0,0.1474358974358974,14.0,0.0897435897435897,9.0,0.0576923076923076,0.0,0.0,0.9102564102564102,1,4,85,8.429487179487179,5.100417503633805,440.0,2.8205128205128207,0.1639232067976224,2.4046679815910585,380.0,311.0,0.8184210526315789,69.0,0.181578947368421,27.0,0.0710526315789473,30.0,0.0789473684210526,12.0,0.031578947368421,0.9289473684210526,0,0,73,10.839473684210526,6.092101852903443,293.0,0.7710526315789473,0.1410019230886551,0.6310457063711911,18.0,17.0,0.9444444444444444,1.0,0.0555555555555555,0.0,0.0,0.0,0.0,1.0,0.0555555555555555,0.9444444444444444,0.0,0.0,2.0,11.72222222222222,4.3051075035687525,5.0,0.2777777777777778,0.1884975939370312,0.2623456790123457,155.0,155.0,11,67,0.432258064516129,0,0.0,0,0.0,155.0,155.0,11.593548387096774,4.460141433015033,0.1831454390454883,0.4703225806451613,7.0,6.0,0.8571428571428571,1.0,0.1428571428571428,1.0,0.1428571428571428,0.0,0.0,0,0,0,4,8.285714285714286,3.917516914514881,2.0,14.0,0.2033546640273531,0
1168,1,6,24,2025,24,306.298,True,2,3,208.0,199.0,0.9567307692307692,9.0,0.0432692307692307,4.0,0.0192307692307692,5.0,0.0240384615384615,0.0,0.0,0.9807692307692308,72,132,194,3.0865384615384617,2.881007358957429,3334.5,16.03125,0.2576650615443909,15.33759014423077,418.0,364.0,0.8708133971291866,54.0,0.1291866028708134,23.0,0.055023923444976,27.0,0.0645933014354067,0.0,0.0,0.944976076555024,27,149,336,4.160287081339713,3.418308699831697,4353.5,10.415071770334928,0.2263309487718891,9.06958402966965,18.0,18.0,1.0,0.0,0.0,0.0,0.0,0.0,0.0,0.0,0.0,1.0,0.0,4.0,14.0,6.777777777777778,3.808697000222802,42.0,2.333333333333333,0.2079565420640283,2.333333333333333,208.0,208.0,159,191,0.9182692307692308,69,0.3317307692307692,107,0.5144230769230769,208.0,208.0,4.057692307692308,4.176000393910521,0.1931993670588749,0.8471153846153847,10.0,10.0,1.0,0.0,0.0,0.0,0.0,0.0,0.0,3,7,8,9,4.3,5.1000000000000005,15.9,159.0,0.1639344262295081,0
1168,807,15,24,2025,24,306.298,True,2,3,153.0,123.0,0.803921568627451,30.0,0.196078431372549,15.0,0.0980392156862745,14.0,0.0915032679738562,1.0,0.0065359477124183,0.9019607843137256,0,0,65,8.267973856209151,5.366327520580533,331.0,2.1633986928104574,0.1570764301345294,1.73920287069076,210.0,172.0,0.819047619047619,38.0,0.1809523809523809,15.0,0.0714285714285714,18.0,0.0857142857142857,4.0,0.019047619047619,0.9285714285714286,0,0,31,11.057142857142855,6.005281122524093,95.0,0.4523809523809524,0.1427494460978444,0.3705215419501134,12.0,10.0,0.8333333333333334,2.0,0.1666666666666666,1.0,0.0833333333333333,0.0,0.0,1.0,0.0833333333333333,0.8333333333333334,0.0,0.0,4.0,12.583333333333334,6.343741447722751,8.0,0.6666666666666666,0.1361703713452621,0.5555555555555556,153.0,153.0,7,80,0.5228758169934641,0,0.0,1,0.0065359477124183,153.0,153.0,10.673202614379084,3.70449305954654,0.2125627538063344,0.5163398692810458,7.0,6.0,0.8571428571428571,1.0,0.1428571428571428,0.0,0.0,1.0,0.1428571428571428,0,0,0,4,7.857142857142857,4.389226141639205,3.4285714285714284,24.0,0.1855553976986827,0
1168,840,117,24,2025,24,306.298,True,2,3,168.0,142.0,0.8452380952380952,26.0,0.1547619047619047,9.0,0.0535714285714285,14.0,0.0833333333333333,3.0,0.0178571428571428,0.9464285714285714,0,3,60,9.613095238095235,5.285791371166777,286.0,1.7023809523809523,0.1590889580884035,1.4389172335600906,180.0,160.0,0.8888888888888888,20.0,0.1111111111111111,6.0,0.0333333333333333,9.0,0.05,5.0,0.0277777777777777,0.9666666666666668,0,9,85,9.077777777777778,4.894958353648232,492.0,2.7333333333333334,0.1696364825683843,2.4296296296296296,18.0,16.0,0.8888888888888888,2.0,0.1111111111111111,1.0,0.0555555555555555,0.0,0.0,1.0,0.0555555555555555,0.8888888888888888,0.0,0.0,2.0,12.11111111111111,4.5447025191594586,6.0,0.3333333333333333,0.1803523266657764,0.2962962962962963,168.0,168.0,5,40,0.238095238095238,1,0.0059523809523809,1,0.0059523809523809,168.0,168.0,14.023809523809524,4.314913756452565,0.1881498074707141,0.3488095238095238,8.0,7.0,0.875,1.0,0.125,1.0,0.125,0.0,0.0,0,0,0,3,10.75,4.968651728587948,0.75,6.0,0.1675420254812853,0
1168,864,15,24,2025,24,306.298,True,2,3,24.0,20.0,0.8333333333333334,4.0,0.1666666666666666,2.0,0.0833333333333333,2.0,0.0833333333333333,0.0,0.0,0.9166666666666666,0,3,14,9.833333333333334,5.763872155263526,135.0,5.625,0.1478443082667991,4.6875,210.0,172.0,0.819047619047619,38.0,0.1809523809523809,15.0,0.0714285714285714,18.0,0.0857142857142857,4.0,0.019047619047619,0.9285714285714286,0,0,31,11.057142857142855,6.005281122524093,95.0,0.4523809523809524,0.1427494460978444,0.3705215419501134,6.0,6.0,1.0,0.0,0.0,0.0,0.0,0.0,0.0,0.0,0.0,1.0,0.0,1.0,5.0,7.833333333333333,4.524623986832743,15.0,2.5,0.1810077939029653,2.5,24.0,24.0,8,16,0.6666666666666666,0,0.0,1,0.0416666666666666,24.0,24.0,8.583333333333334,4.846963539738622,0.1710289440328378,0.6208333333333333,1.0,1.0,1.0,0.0,0.0,0.0,0.0,0.0,0.0,0,0,0,0,19.0,0.0,0.0,0.0,1.0,0
1168,860,210,24,2025,24,306.298,True,2,3,3.0,3.0,1.0,0.0,0.0,0.0,0.0,0.0,0.0,0.0,0.0,1.0,0,0,2,9.666666666666666,2.0548046676563305,7.0,2.333333333333333,0.327353172720928,2.333333333333333,380.0,311.0,0.8184210526315789,69.0,0.181578947368421,27.0,0.0710526315789473,30.0,0.0789473684210526,12.0,0.031578947368421,0.9289473684210526,0,0,73,10.839473684210526,6.092101852903443,293.0,0.7710526315789473,0.1410019230886551,0.6310457063711911,1.0,1.0,1.0,0.0,0.0,0.0,0.0,0.0,0.0,0.0,0.0,1.0,0.0,0.0,0.0,14.0,0.0,0.0,0.0,1.0,0.0,3.0,3.0,0,0,0.0,0,0.0,0,0.0,3.0,3.0,13.0,2.8284271247461903,0.2612038749637414,0.4,1.0,1.0,1.0,0.0,0.0,0.0,0.0,0.0,0.0,0,0,0,1,10.0,0.0,1.0,1.0,1.0,0
1168,832,3,24,2025,24,306.298,True,2,3,208.0,171.0,0.8221153846153846,37.0,0.1778846153846154,20.0,0.0961538461538461,15.0,0.0721153846153846,2.0,0.0096153846153846,0.903846153846154,4,27,139,5.908653846153846,4.283950607004526,1203.5,5.7860576923076925,0.1892523368167706,4.756807045118343,417.0,348.0,0.8345323741007195,69.0,0.1654676258992805,28.0,0.0671462829736211,33.0,0.079136690647482,8.0,0.0191846522781774,0.9328537170263788,0,7,103,10.5947242206235,6.120004622434692,560.0,1.3429256594724222,0.140449347019953,1.1207149388402948,18.0,18.0,1.0,0.0,0.0,0.0,0.0,0.0,0.0,0.0,0.0,1.0,0.0,5.0,17.0,4.888888888888889,2.157387537660844,69.0,3.8333333333333335,0.316717535643677,3.8333333333333335,207.0,207.0,58,142,0.6859903381642513,5,0.0241545893719806,15,0.072463768115942,207.0,207.0,8.51207729468599,4.390217389643142,0.1855212745076697,0.6243961352657005,10.0,8.0,0.8,2.0,0.2,1.0,0.1,1.0,0.1,0,2,3,6,6.0,5.347896782848374,6.2,62.0,0.1575324921321875,0
1168,852,9,24,2025,24,306.298,True,2,3,90.0,74.0,0.8222222222222222,16.0,0.1777777777777777,8.0,0.0888888888888888,6.0,0.0666666666666666,2.0,0.0222222222222222,0.9111111111111112,0,0,26,10.088888888888889,5.60088176479471,87.0,0.9666666666666668,0.1514949116848937,0.7948148148148148,418.0,360.0,0.861244019138756,58.0,0.138755980861244,31.0,0.0741626794258373,23.0,0.055023923444976,3.0,0.0071770334928229,0.9258373205741628,72,166,334,3.985645933014354,3.775998830310016,4807.5,11.501196172248804,0.2093802857851808,9.905336416290837,18.0,17.0,0.9444444444444444,1.0,0.0555555555555555,0.0,0.0,1.0,0.0555555555555555,0.0,0.0,0.9444444444444444,0.0,0.0,2.0,13.11111111111111,4.45831169949753,4.0,0.2222222222222222,0.1832068330015041,0.2098765432098765,90.0,90.0,1,29,0.3222222222222222,0,0.0,0,0.0,90.0,90.0,12.744444444444444,3.8774593947615625,0.2050247719281906,0.4127777777777778,4.0,4.0,1.0,0.0,0.0,0.0,0.0,0.0,0.0,0,0,1,2,8.75,3.112474899497183,4.0,16.0,0.2431625783593879,0
1168,863,131,24,2025,24,306.298,True,2,3,7.0,5.0,0.7142857142857143,2.0,0.2857142857142857,0.0,0.0,2.0,0.2857142857142857,0.0,0.0,1.0,0,0,0,16.142857142857142,2.4159335036125453,0.0,0.0,0.2927457454726336,0.0,418.0,393.0,0.9401913875598086,25.0,0.0598086124401913,14.0,0.0334928229665071,11.0,0.0263157894736842,0.0,0.0,0.9665071770334928,100,235,376,3.425837320574163,3.0834490090995863,6009.5,14.376794258373206,0.2448910217249175,13.516938142441791,2.0,2.0,1.0,0.0,0.0,0.0,0.0,0.0,0.0,0.0,0.0,1.0,0.0,0.0,0.0,18.0,2.0,0.0,0.0,0.3333333333333333,0.0,7.0,7.0,0,0,0.0,0,0.0,0,0.0,7.0,7.0,16.142857142857142,2.9965967090575765,0.2502128868128419,0.2428571428571428,1.0,1.0,1.0,0.0,0.0,0.0,0.0,0.0,0.0,0,0,0,1,6.0,0.0,8.0,8.0,1.0,0
1168,848,3,24,2025,24,306.298,True,2,3,105.0,88.0,0.8380952380952381,17.0,0.1619047619047619,6.0,0.0571428571428571,9.0,0.0857142857142857,2.0,0.019047619047619,0.9428571428571428,0,2,39,8.895238095238096,5.215222790335468,238.0,2.2666666666666666,0.1608952782119053,1.89968253968254,417.0,348.0,0.8345323741007195,69.0,0.1654676258992805,28.0,0.0671462829736211,33.0,0.079136690647482,8.0,0.0191846522781774,0.9328537170263788,0,7,103,10.5947242206235,6.120004622434692,560.0,1.3429256594724222,0.140449347019953,1.1207149388402948,15.0,14.0,0.9333333333333332,1.0,0.0666666666666666,0.0,0.0,0.0,0.0,1.0,0.0666666666666666,0.9333333333333332,0.0,0.0,1.0,12.533333333333331,4.716872787015662,2.0,0.1333333333333333,0.1749208067514167,0.1244444444444444,104.0,104.0,9,38,0.3653846153846153,0,0.0,0,0.0,104.0,104.0,11.961538461538462,4.369745365145779,0.1862285698854272,0.4519230769230769,5.0,5.0,1.0,0.0,0.0,0.0,0.0,0.0,0.0,0,0,1,2,9.6,3.9293765408777,4.0,20.0,0.2028654114181233,0
1168,865,215,24,2025,24,306.298,True,2,3,24.0,19.0,0.7916666666666666,5.0,0.2083333333333333,1.0,0.0416666666666666,4.0,0.1666666666666666,0.0,0.0,0.9583333333333334,0,0,5,14.25,3.9712508524812864,19.0,0.7916666666666666,0.2011566162469698,0.626736111111111,48.0,42.0,0.875,6.0,0.125,1.0,0.0208333333333333,2.0,0.0416666666666666,3.0,0.0625,0.9791666666666666,0,0,14,10.875,5.048205126577168,40.0,0.8333333333333334,0.1653383076585442,0.7291666666666667,6.0,6.0,1.0,0.0,0.0,0.0,0.0,0.0,0.0,0.0,0.0,1.0,0.0,0.0,0.0,13.666666666666666,3.5433819375782187,0.0,0.0,0.2201003599827301,0.0,23.0,23.0,0,5,0.217391304347826,0,0.0,0,0.0,23.0,23.0,13.956521739130435,3.735589830262708,0.21116693713833,0.3521739130434782,1.0,1.0,1.0,0.0,0.0,0.0,0.0,0.0,0.0,0,0,0,1,8.0,0.0,4.0,4.0,1.0,0
1168,859,215,24,2025,24,306.298,True,2,3,11.0,11.0,1.0,0.0,0.0,0.0,0.0,0.0,0.0,0.0,0.0,1.0,0,0,3,12.909090909090908,3.117532399905868,6.0,0.5454545454545454,0.24286390558162,0.5454545454545454,48.0,42.0,0.875,6.0,0.125,1.0,0.0208333333333333,2.0,0.0416666666666666,3.0,0.0625,0.9791666666666666,0,0,14,10.875,5.048205126577168,40.0,0.8333333333333334,0.1653383076585442,0.7291666666666667,4.0,3.0,0.75,1.0,0.25,0.0,0.0,0.0,0.0,1.0,0.25,0.75,0.0,0.0,0.0,10.25,6.5717197140474575,0.0,0.0,0.1320703932218656,0.0,11.0,11.0,1,2,0.1818181818181818,0,0.0,0,0.0,11.0,11.0,13.363636363636363,4.006193552096493,0.1997525644171748,0.3818181818181818,1.0,1.0,1.0,0.0,0.0,0.0,0.0,0.0,0.0,0,0,0,0,17.0,0.0,0.0,0.0,1.0,0
1168,842,214,24,2025,24,306.298,True,2,3,154.0,133.0,0.8636363636363636,21.0,0.1363636363636363,14.0,0.0909090909090909,7.0,0.0454545454545454,0.0,0.0,0.9090909090909092,1,5,70,8.779220779220779,4.8953287477613925,426.0,2.7662337662337664,0.1696258245784385,2.389020070838253,180.0,153.0,0.85,27.0,0.15,19.0,0.1055555555555555,8.0,0.0444444444444444,0.0,0.0,0.8944444444444445,1,6,96,8.622222222222222,4.939810562669559,498.0,2.7666666666666666,0.1683555375123891,2.3516666666666666,18.0,17.0,0.9444444444444444,1.0,0.0555555555555555,0.0,0.0,1.0,0.0555555555555555,0.0,0.0,0.9444444444444444,0.0,1.0,4.0,10.444444444444445,4.323350324076381,10.0,0.5555555555555556,0.1878516233427683,0.5246913580246914,153.0,153.0,18,73,0.477124183006536,0,0.0,0,0.0,153.0,153.0,11.15032679738562,4.500938524976961,0.1817871614924451,0.492483660130719,8.0,7.0,0.875,1.0,0.125,1.0,0.125,0.0,0.0,0,0,1,3,10.125,5.732309743899051,2.5,20.0,0.1485374318830501,0
1168,861,214,24,2025,24,306.298,True,2,3,9.0,6.0,0.6666666666666666,3.0,0.3333333333333333,1.0,0.1111111111111111,2.0,0.2222222222222222,0.0,0.0,0.8888888888888888,0,0,2,7.444444444444445,5.479479113750201,5.0,0.5555555555555556,0.1543333935405216,0.3703703703703703,180.0,153.0,0.85,27.0,0.15,19.0,0.1055555555555555,8.0,0.0444444444444444,0.0,0.0,0.8944444444444445,1,6,96,8.622222222222222,4.939810562669559,498.0,2.7666666666666666,0.1683555375123891,2.3516666666666666,3.0,3.0,1.0,0.0,0.0,0.0,0.0,0.0,0.0,0.0,0.0,1.0,0.0,0.0,0.0,14.0,2.8284271247461903,0.0,0.0,0.2612038749637414,0.0,9.0,9.0,0,1,0.1111111111111111,0,0.0,0,0.0,9.0,9.0,15.77777777777778,3.258417399692255,0.2348290235880276,0.261111111111111,1.0,0.0,0.0,1.0,1.0,1.0,1.0,0.0,0.0,0,0,0,0,0.0,0.0,0.0,0.0,1.0,0
